"GeneID","ModuleColor","GS.Time","kME_midnightblue","kME_yellow","kME_greenyellow","kME_lightgreen","kME_turquoise","kME_green","kME_purple","kME_royalblue","kME_darkred","kME_salmon","kME_tan","kME_cyan","kME_brown","kME_blue","kME_red","kME_pink","kME_magenta","kME_grey60","kME_lightcyan","kME_black","kME_lightyellow","kME_grey"
"LOC_Os02g15540","turquoise",-0.927355100169701,0.150148261590048,0.360842110941226,0.359484919032373,0.592014425810743,0.88461931342223,0.454640127621241,0.292420301840565,0.123065364880144,0.423934277143149,0.611289167426716,0.753079280584899,-0.138154971028421,-0.506061409947095,-0.801475527243917,-0.691821284588915,-0.355163428165892,-0.604567574897673,-0.414835163953474,-0.410088534067018,-0.791660183171074,-0.349964834263541,0.312507560036219
"LOC_Os03g53280","turquoise",-0.911870366303198,0.30325229608677,0.624871691211296,0.574031535496286,0.678754485304409,0.966114780195943,0.230863927562089,0.128062876269539,0.0736653958552532,0.250496135616424,0.606394549389267,0.531276961397394,-0.401228677847761,-0.77162018468105,-0.819314495329943,-0.772631610059203,-0.177163398815556,-0.508846240053138,-0.10609294544428,-0.145009624661044,-0.795913667340762,-0.356481738007123,0.193704653535157
"LOC_Os03g52630","turquoise",-0.906386792769407,0.15285024923223,0.429608009181063,0.463787392036354,0.576716785663775,0.917497683959716,0.407959557746402,0.176302997061416,0.137686251795864,0.446999149288931,0.542281089622225,0.639950973799531,-0.234565798558848,-0.572194126054486,-0.85101778405905,-0.690279000614751,-0.22096421577043,-0.480100342467142,-0.400510849509888,-0.321046088374918,-0.835288450575357,-0.377742331894488,0.242779456135888
"LOC_Os01g25820","turquoise",-0.904001215898311,0.136281829739067,0.329969195558357,0.343111153703378,0.727811287286699,0.90309887698611,0.478485247595563,0.460727272969269,0.0158481631660156,0.292498645744344,0.554616986564835,0.784637746194098,-0.155503763408698,-0.474954864730431,-0.84584803203554,-0.749589380661078,-0.472655520986623,-0.552757322141492,-0.385046230582756,-0.490415744851071,-0.80329114769072,-0.433962247367389,0.205126330431456
"LOC_Os03g37470","blue",0.901739471498368,-0.251996700404677,-0.250000077937521,-0.448480878575083,-0.769318680021886,-0.891113816455247,-0.560957217559794,-0.435324006789853,0.0309821955307582,-0.29485351166087,-0.585736513901683,-0.748253846179815,0.271253029974366,0.431705187391574,0.86870221868967,0.681701655151559,0.430270807769172,0.572947380769044,0.366146986136654,0.396162086039824,0.731297353113672,0.380369733057309,-0.0683970430014615
"LOC_Os04g34530","turquoise",-0.898374268015388,0.0537227864930108,0.617948295006783,0.375267960761358,0.538580530994924,0.898919153438579,0.14940806633563,0.167560789605027,0.0642455041974537,0.375094814314335,0.616519647365351,0.670340077712594,-0.131371181767718,-0.69320131888637,-0.739280675237953,-0.74502560241119,-0.212926570458905,-0.540092993059744,-0.262113806227679,-0.353741234558932,-0.904584542380224,-0.53978406610662,0.401078437032559
"LOC_Os02g58090","blue",0.896845208347035,-0.30843408482163,-0.490472077494447,-0.551693911887549,-0.605034788226215,-0.938436016019068,-0.351713961605346,-0.12179420611352,-0.110109286545423,-0.418275339484525,-0.622056970173035,-0.602440442890072,0.32281633514397,0.655200052247738,0.85669204061246,0.724586735044899,0.206682123176936,0.535240823982139,0.305943149158277,0.233887546005929,0.796902710090072,0.35233908837377,-0.234670098098215
"LOC_Os07g36250","blue",0.890763703495664,-0.312832856210888,-0.537182284999851,-0.540485419245847,-0.626133487390566,-0.949913713154628,-0.31742246444567,-0.146455498616185,-0.0757081500238211,-0.353118194065789,-0.549809070003716,-0.613110732742476,0.315686781382632,0.697194652559265,0.845050376589758,0.764356396765024,0.235258910486189,0.547179802843794,0.270274530483918,0.233895013269208,0.816026557213676,0.331102349116132,-0.235286387113091
"LOC_Os09g07300","turquoise",-0.885628484684454,0.319105825904925,0.590783713730958,0.570317953706196,0.652367150927296,0.908596829069413,0.179106812462504,0.0892570671555953,0.0365910873211792,0.201685106014606,0.687656077169009,0.502418257688211,-0.454542179578257,-0.743660293846547,-0.774014914041012,-0.709181296494347,-0.144813988311251,-0.526813400401835,-0.0714511124641245,-0.111092516204908,-0.751079396175962,-0.396875923560261,0.184456294851545
"LOC_Os06g48590","turquoise",-0.883290621614156,0.353041839387965,0.415479780226283,0.612945058220708,0.801195209988759,0.917885100985338,0.4252595755752,0.273080784663464,0.0772727806353701,0.143584170101968,0.424607232170744,0.510915884832936,-0.482244681933778,-0.62676625552633,-0.854670426861691,-0.773359619117065,-0.311295922815494,-0.436794705734985,-0.114165831425474,-0.117846452360816,-0.645980497093426,-0.176652480450539,-0.0427274993137598
"LOC_Os01g49770","turquoise",-0.88019345065597,0.198247907629637,0.272467140500155,0.483002625231244,0.682353019656634,0.91956224274631,0.559426575567619,0.328674053656959,0.0864238000205402,0.434430981483093,0.558022159499378,0.746329092153519,-0.251167757712108,-0.451721512062681,-0.93526600864059,-0.681428606333911,-0.357736838732923,-0.537362502390059,-0.481864900562951,-0.405161113594356,-0.793716692064241,-0.367410194395969,0.146663517014151
"LOC_Os04g51240","blue",0.877931143966152,-0.265685220061658,-0.659367580691512,-0.574691730548231,-0.560994913948176,-0.946328458984515,-0.173123428228564,-0.00876064789375751,-0.0615803206325488,-0.391974017181421,-0.612398653521511,-0.530483850748306,0.343222426605625,0.787207989543171,0.801529959172004,0.730260565065132,0.0628687592967401,0.499864958678781,0.178932372139145,0.132066733999161,0.832484555482801,0.40895882907717,-0.269125953828237
"LOC_Os05g45490","turquoise",-0.877929310056947,0.292175697462883,0.430981441338031,0.429222188705547,0.536912822852423,0.892658180538537,0.372553043629411,0.17420901646385,0.131051427402096,0.460735068399375,0.537472703111755,0.561551340767363,-0.239753337412119,-0.562846936232227,-0.825864852884955,-0.731356543821704,-0.18649707466308,-0.361018761543146,-0.40088373526627,-0.318268044549667,-0.811369750373238,-0.440181021441113,0.222259962655549
"LOC_Os06g51310","blue",0.877863278865992,-0.366946556865922,-0.247973193901843,-0.548961614453098,-0.735592027928564,-0.903010020548106,-0.598799571181392,-0.31649086840203,-0.000125206022172086,-0.313973365832406,-0.486246315784556,-0.596544837187878,0.387324606501503,0.458722555705687,0.908839498865841,0.669683586965846,0.340437419210187,0.4611260087227,0.362745462389553,0.275739148804395,0.674646604311496,0.223712163481775,0.0305699108574053
"LOC_Os07g07320","turquoise",-0.87740758876886,0.0297453653204535,0.530487878584042,0.369726497472729,0.478513248831829,0.878870967381973,0.261851869355704,0.129614806090165,0.0444366372881696,0.443544793991071,0.570404563782207,0.649420100413138,-0.132639248967856,-0.621446206727679,-0.744570054153616,-0.695059364553186,-0.196203917838195,-0.51589128238077,-0.342933741156477,-0.338713881997784,-0.831928674039533,-0.421501793312443,0.381919428858562
"LOC_Os02g46970","turquoise",-0.877073626647435,0.395693929704163,0.336715023761935,0.53759962477195,0.731500705083217,0.894286541011463,0.461545762011654,0.272013737476889,0.132975308064818,0.258298816824748,0.659351524059196,0.618204004146335,-0.423293958803325,-0.533984142392202,-0.848416201049151,-0.654047678822176,-0.292720672261827,-0.54389597801323,-0.259439445673231,-0.246862158480431,-0.710256167552661,-0.335698953423765,0.0915180508243981
"LOC_Os03g49600","turquoise",-0.877024936193759,0.285306195675407,0.443875651562393,0.608884197003127,0.635235923296236,0.897912891744076,0.397288666297839,0.10332485980582,0.13054205364007,0.393651688653819,0.539960651883795,0.527619176857251,-0.390469872614276,-0.598850261885822,-0.842452340636799,-0.599523776885197,-0.0858639734067718,-0.482106299099179,-0.250253666132433,-0.145388320069549,-0.735942110152432,-0.281061548714466,0.111266987526867
"LOC_Os03g53010","turquoise",-0.874482268447075,0.309972865293691,0.586822114583661,0.505362811930499,0.517330981888317,0.858591687222616,0.163560587297075,0.0246428273195941,0.0651824957788829,0.351018078766712,0.644758851770463,0.519957633799269,-0.323121886228366,-0.71161745594196,-0.698901381436086,-0.669001789824112,-0.106204725531538,-0.55621053113949,-0.15701171793853,-0.130293928355671,-0.760011597585006,-0.374978842252808,0.288182882467894
"LOC_Os09g34960","turquoise",-0.870576851773708,0.236204988363462,0.409225605877207,0.40420918644181,0.502507848861568,0.86761824598364,0.356834451634241,0.151176323915171,0.206933190239249,0.517213827391599,0.572994532112197,0.571957429860124,-0.226798404885311,-0.539199721318739,-0.816449851272623,-0.677025616732602,-0.137647786753954,-0.369951128812608,-0.448691345130651,-0.349798635402829,-0.842544526675053,-0.529081334676771,0.240979489075758
"LOC_Os02g46780","turquoise",-0.869669774913501,0.409729402884275,0.504843993377295,0.43961352180741,0.615866581544119,0.853294268501685,0.222887237977599,0.176539662714829,0.124012038752532,0.170948321441734,0.698844940133992,0.512884559078788,-0.361853432490967,-0.650432786947203,-0.713746120503407,-0.724056720231152,-0.227817343103447,-0.465623364535951,-0.142840755277199,-0.210107791572335,-0.738254392084994,-0.411525046420764,0.239517612871661
"LOC_Os02g34930","blue",0.868651848101605,-0.381635778682792,-0.464397761737346,-0.616192229220486,-0.684111808507877,-0.944752742634363,-0.394222848219204,-0.146363281103209,-0.109092731847855,-0.31405712251098,-0.48707621341042,-0.481484497646739,0.468295127322974,0.660310129054626,0.893619318369089,0.766842977709263,0.186967231109072,0.391594202931272,0.238736812086358,0.157813434716372,0.742021905737437,0.278532145872225,-0.0501782541650806
"LOC_Os03g02160","turquoise",-0.868205923343931,0.220719289009944,0.593152074237914,0.57628595917972,0.59537950247073,0.944615053732129,0.246036972906231,0.0751871568321328,0.135331319581372,0.392333579477754,0.565265937119666,0.492916476188616,-0.35032808638828,-0.724269724112155,-0.835782991996639,-0.732445374316145,-0.0988540260328296,-0.424624460384906,-0.202255718543097,-0.157530070064567,-0.814340083047657,-0.385047511256218,0.190600216069686
"LOC_Os03g50810","turquoise",-0.868096215099813,-0.0152988182189772,0.392997380000018,0.223073841671138,0.417522784042341,0.817156730223807,0.344999100128869,0.227386146437358,0.131050227838376,0.543327346151867,0.636833970809328,0.785463743475887,0.0583835964772689,-0.466954314838709,-0.703532114294273,-0.614427081731753,-0.306197281864046,-0.603442531351531,-0.509255755787948,-0.510161297795169,-0.847274158342241,-0.466782727322633,0.496457917457374
"LOC_Os02g22650","turquoise",-0.867029864260947,0.186832218882641,0.157534133655065,0.558182181033367,0.729427995807881,0.83052868322327,0.600663435134389,0.317636942030192,0.0921356796383142,0.323867134918417,0.531853516877254,0.681913166173707,-0.355579743961183,-0.368914145465673,-0.869936812172319,-0.550688898993494,-0.339994940543454,-0.562642729264114,-0.385612336770258,-0.262200335801425,-0.626277496870902,-0.237143735565827,0.00286376223171066
"LOC_Os01g03340","turquoise",-0.866642362942206,0.0489365309017827,0.460574766573792,0.217514748831631,0.567606643730008,0.841380800064432,0.275444574594307,0.366339590038257,0.0872847141573829,0.318584089580905,0.602552624242731,0.744393127355363,-0.0238059410415938,-0.530686769555874,-0.700565885941679,-0.730186526770173,-0.381392575945601,-0.533857591546594,-0.32835573761999,-0.495712101562329,-0.848780927398109,-0.500688849308444,0.398641894940913
"LOC_Os05g03574","turquoise",-0.866135205895488,0.248365537175419,0.482189859931418,0.388996821224137,0.670019098339135,0.917047981841067,0.338921899436568,0.299082169443034,0.0369362022358577,0.250132931000753,0.505762268585294,0.590601355654972,-0.234166115427962,-0.622813740099322,-0.810909883181173,-0.822003547611149,-0.358074875856445,-0.43121933192202,-0.218775620520715,-0.324598982205797,-0.757283421564183,-0.35014542128685,0.174387753350184
"LOC_Os03g26870","turquoise",-0.865200227038465,0.332503489413018,0.352635698813062,0.557277959985151,0.645371623082297,0.873280887240756,0.461031176585656,0.169944038516992,0.23685865053368,0.322874934938288,0.466541334561257,0.421004749473961,-0.468867317974721,-0.536791542538515,-0.845475845376515,-0.683944655163074,-0.146533179177215,-0.267976033302067,-0.291706400976446,-0.164359802148184,-0.686255980524366,-0.27781253169264,0.0180460807304071
"LOC_Os02g47880","turquoise",-0.865130482650259,0.115795920657316,0.446733436617967,0.388526285272902,0.56483870929728,0.91586413973639,0.385039602110545,0.232377515408666,0.0466946860866016,0.448829793440153,0.501623850553338,0.698808664497112,-0.119288475138326,-0.571549864339047,-0.838961146739573,-0.752891877780024,-0.3245515111401,-0.518226919700798,-0.406101219797076,-0.38911987980772,-0.819562079049718,-0.359719117796501,0.307692035222636
"LOC_Os08g31700","turquoise",-0.86473863001594,0.0549633742307302,0.40592187613852,0.301682890953726,0.593104451158374,0.846671453648762,0.318881119668237,0.357010245605196,0.0834869604459313,0.367986644428346,0.587818337876859,0.791145380454744,-0.0631024462568216,-0.508161941496199,-0.754440966608675,-0.703257162871954,-0.379603877510936,-0.583838773167421,-0.383309668652616,-0.480979884460863,-0.872207100864733,-0.544496434469296,0.328181393905092
"LOC_Os01g47350","blue",0.864174703997538,-0.411981449187645,-0.519419492117881,-0.662711749096119,-0.728976111898883,-0.957892691848033,-0.353125030718559,-0.137368536252204,-0.01257372008929,-0.21806458709435,-0.467237816545895,-0.49199639987103,0.50415232802187,0.71785927652249,0.885325110658119,0.767830305459313,0.199759676228844,0.452240752677293,0.130929484738736,0.0785248140693183,0.703136360856241,0.202191888378754,-0.0384536753260325
"LOC_Os05g25974","turquoise",-0.863668893385028,0.192708769104471,0.39177585157714,0.4363478254756,0.637397486952726,0.911979533938971,0.42640068781469,0.268634746632651,0.0290390796066874,0.340164093938759,0.497469809282038,0.644110576090671,-0.261910363704148,-0.54522434399397,-0.878470974466245,-0.754638909584026,-0.318106552733383,-0.423090144799528,-0.359962845753824,-0.346303551857689,-0.770581514109239,-0.350442192149287,0.185940500216268
"LOC_Os06g21210","blue",0.863150612956832,-0.215365743257617,-0.250529944304454,-0.408922779800648,-0.56991595998232,-0.864730793031817,-0.533963506772748,-0.283856430379158,-0.207849140705202,-0.57462537255193,-0.59783879674417,-0.726747665449324,0.161357371740319,0.399531142970403,0.868146771004983,0.570386444020439,0.26177056852489,0.53820215992464,0.5569184067128,0.44468494905036,0.827888560740066,0.469457825140933,-0.208188290680481
"LOC_Os02g42850","turquoise",-0.863067106656686,0.103017735080632,0.725889146853615,0.483861492003044,0.442228092657502,0.859093362572671,-0.0022297021496248,-0.0615746044924807,0.130653859477389,0.35751533414748,0.625285604026147,0.502597792529358,-0.276535675097219,-0.791956613003475,-0.659824779907548,-0.672577482997705,0.0102225346942444,-0.48123549193686,-0.148849090201094,-0.150408086155891,-0.87238542912439,-0.508954704061391,0.420351163135153
"LOC_Os02g05480","turquoise",-0.862877684288559,0.0926544064341201,0.362270245790609,0.446731368356802,0.641799854303277,0.909384094037821,0.468019874549669,0.291381117671981,0.0106923619720529,0.421435387745929,0.446858684633255,0.680952177574166,-0.204638448145675,-0.510235943000385,-0.886634801915384,-0.710597610830148,-0.32565119836985,-0.498416242676734,-0.405159005730393,-0.374277905599467,-0.782439427301206,-0.353432790423502,0.162947868094318
"LOC_Os05g32500","turquoise",-0.862253690883378,0.211298062681449,0.520672585931511,0.432666601827229,0.585823043847721,0.922753943796279,0.299488136850727,0.198687162055637,0.0426526724030789,0.417440515014724,0.544994462959778,0.654211899940005,-0.177765637446943,-0.630434135532271,-0.823423146131582,-0.733826764350194,-0.238546528974278,-0.524804062224722,-0.328761557191022,-0.340930720336407,-0.856059154879766,-0.423353845162095,0.297139512211508
"LOC_Os04g46570","blue",0.861734728466156,-0.204894871875847,-0.254906781743232,-0.331886216520478,-0.473832298035625,-0.841265602767366,-0.532443729056444,-0.2338706313795,-0.176311687462276,-0.639757889310806,-0.638897616124446,-0.756109075276796,0.0594346054381949,0.37510407349858,0.822636336829189,0.535095061159789,0.241121565960763,0.57959903049138,0.615019640685373,0.493094302902395,0.832831341351159,0.451529617702112,-0.33837875528276
"LOC_Os02g46260","turquoise",-0.861619257660347,0.263944268908359,0.48466588743802,0.491261288562608,0.713935406338684,0.9528526915971,0.380110974555387,0.28722032022387,-0.0240107860643591,0.295929656294325,0.458433525521536,0.58837188980281,-0.283224800926549,-0.629019934910432,-0.87595081409584,-0.804429653481999,-0.30722582567325,-0.421328944644445,-0.237805437577227,-0.292194999367031,-0.771640763490026,-0.356191229525227,0.102968237846245
"LOC_Os06g43120","turquoise",-0.859990205690953,0.257549091444689,0.54481550969487,0.487002655014649,0.602562010143214,0.859485438353727,0.173084804800583,0.119603887893876,0.0671534558145022,0.241863280952151,0.727766061880259,0.514775547007132,-0.359218498631888,-0.665887856181161,-0.727779486210096,-0.644429378858188,-0.142641120102929,-0.511137664882038,-0.117775879740088,-0.186170228658506,-0.754018387095184,-0.458373163707325,0.234010771931617
"LOC_Os06g34710","turquoise",-0.859971081159523,0.277751133115323,0.534687634743563,0.448473951646706,0.647571589425588,0.897521501008622,0.22337666852158,0.246296198860721,0.0734128610559628,0.228607597143793,0.624218620962918,0.628978560908575,-0.279311024828048,-0.665553939002496,-0.767229670776841,-0.745049119713959,-0.283019917213943,-0.540346919242311,-0.200441443136789,-0.288914418355943,-0.833599444938286,-0.449344595606372,0.244518930456455
"LOC_Os08g43090","turquoise",-0.858748698075573,0.165331559781931,0.494225612539967,0.598911525067469,0.561476842596407,0.878741135693235,0.311693933592059,0.0401890200300706,0.114665787301442,0.450239524956414,0.565194390355263,0.583158097848419,-0.317982992550716,-0.627307001843818,-0.793672826175413,-0.570578882576134,-0.0649988830950815,-0.567371781259422,-0.264511493923264,-0.120277915805472,-0.761053038967663,-0.297060288738214,0.195875961081189
"LOC_Os02g46880","turquoise",-0.858062888531628,0.425183649799358,0.492440732179068,0.514740098260066,0.660584633106844,0.882008929576102,0.263388366746874,0.183267175550024,0.128501716715756,0.20690916404406,0.693637148323129,0.519442873093624,-0.398839090046992,-0.648096880415201,-0.765508978016105,-0.711379226599914,-0.221992562579619,-0.468477039153861,-0.147645879849705,-0.190286133818674,-0.737397340532243,-0.387953966330543,0.162546276642224
"LOC_Os09g15250","turquoise",-0.856317250538494,0.0800624962840495,0.558217331960866,0.37205884993001,0.567598130559408,0.897778641005972,0.245101567845444,0.193202945642664,-0.0326650522083871,0.305011091354002,0.532569604969168,0.66912153352842,-0.144733186550603,-0.669168471944727,-0.747632869425336,-0.773958460211203,-0.319180519555652,-0.551303643460154,-0.221728753364229,-0.310361496781083,-0.773346902734886,-0.344691936795505,0.336365818796081
"LOC_Os06g49430","turquoise",-0.85532587345032,0.0341316339384717,0.425456025414169,0.385996442828964,0.547922086691634,0.880175667627476,0.346513598064808,0.248166569656513,0.0568726856049249,0.477799026963072,0.5249495151699,0.677117342503583,-0.109380282789087,-0.527088252147269,-0.810078721686987,-0.702458833968863,-0.270599124435873,-0.453939652701216,-0.422248032179591,-0.396497908096756,-0.836589904413395,-0.477699725183691,0.274901857270265
"LOC_Os04g53190","turquoise",-0.854008480679369,0.0869130038418982,0.435369219278883,0.394587616767438,0.720791878515752,0.92658095700156,0.382405028760417,0.384829741097711,-0.0798736663145495,0.223228563024719,0.439154572717742,0.689405053953969,-0.186566885743057,-0.583544811604674,-0.858679842278481,-0.855643860618787,-0.461366776152962,-0.458214877788906,-0.269662192759793,-0.384449221971416,-0.762079125939163,-0.348725322858523,0.158819138041349
"LOC_Os06g43980","turquoise",-0.854000746665553,0.263161916023207,0.431496267354339,0.554286136706714,0.636083748241956,0.888651305980037,0.357682975261109,0.144849302955317,0.0383378515444053,0.297595741014624,0.613313649854556,0.536216112266594,-0.395113978434177,-0.591248889401171,-0.82881017947651,-0.641178520014387,-0.183623399438235,-0.47860494338826,-0.237479008803634,-0.186052429922191,-0.715962200950879,-0.292625516065797,0.13903388643706
"LOC_Os05g08370","turquoise",-0.853522693306635,0.180237318352539,0.34553888247238,0.457113908022186,0.470106299886583,0.856407509972981,0.476639672153736,0.0793213671823593,0.0962452158165842,0.535636002983526,0.575839963350185,0.631160057956956,-0.193404314684454,-0.486561930796757,-0.804320877567278,-0.553545953817254,-0.185670130947949,-0.566406160185994,-0.456087007858406,-0.285903829733284,-0.725137589919807,-0.235638046413129,0.291167456993667
"LOC_Os06g47800","turquoise",-0.853036705913697,0.24723051764848,0.487516159616414,0.398369349903969,0.697520640319962,0.841642169586352,0.217539595457704,0.317246325068352,0.0374191621290137,0.0384342326543593,0.538057964221604,0.561057807143822,-0.348092125461408,-0.639729209148954,-0.721931972727626,-0.819669961392762,-0.367016657855046,-0.427971952958076,-0.0790742974757723,-0.254463108290231,-0.71392546584147,-0.390900135400201,0.163178028734919
"LOC_Os01g71114","turquoise",-0.852727473485922,0.399189555693538,0.478729705760162,0.547863835725798,0.631021922569916,0.835789478591931,0.250206180682902,0.086709155056221,0.0416674161642104,0.169911275038512,0.720398042781733,0.511944248860551,-0.460208703545351,-0.65341685948286,-0.722743619242491,-0.602464736880219,-0.151312340689472,-0.602274000842949,-0.0648703617643509,-0.0668281115374079,-0.650437665712233,-0.290967644286784,0.158086154567866
"LOC_Os03g53990","turquoise",-0.852703881361334,0.157403965826838,0.501905318537446,0.441195145982194,0.656715340358163,0.907036334089099,0.269577959133639,0.265150475705814,-0.0666733278431443,0.24286610402727,0.586573005948461,0.632048165459416,-0.260868950703298,-0.630554242982187,-0.813258295176912,-0.779567444816594,-0.311761206092873,-0.466492060066816,-0.230698730495968,-0.309209761190071,-0.794632889935268,-0.451503882446201,0.205421633593587
"LOC_Os08g01390","turquoise",-0.851848427438846,0.212823066444175,0.593601231592642,0.557798014930421,0.636976504371777,0.917738263896936,0.195659250689428,0.110944440163303,-0.0909402473631757,0.228426909334198,0.538358795916784,0.469509464195243,-0.410663076050878,-0.731245582920796,-0.80355164844217,-0.763950398848097,-0.168596753753654,-0.421879497129664,-0.109506328018444,-0.150352818001661,-0.757700386935313,-0.394749321013822,0.130556515452077
"LOC_Os09g07900","turquoise",-0.8512885414031,0.312910621090876,0.53793406725915,0.597725808809234,0.712747502549276,0.911835869240647,0.244470136295376,0.155812254322409,-0.0219978152343671,0.162876411814501,0.630975606637401,0.520824424656989,-0.473352564448124,-0.710391960160071,-0.812781391487751,-0.712295489398218,-0.198302447415482,-0.522412754878619,-0.0612744306623907,-0.102057822142293,-0.699812845653964,-0.343951594767773,0.106559175358955
"LOC_Os08g33900","blue",0.850826743745934,-0.327919505270235,-0.557800935007807,-0.56597705803187,-0.609032421812435,-0.928948800008437,-0.286343979740596,-0.105928645757838,-0.12355582139937,-0.338047682691157,-0.444000674115136,-0.442839990624595,0.414661424597543,0.71686853984892,0.824960971058,0.782433585434077,0.110775672190672,0.334912657987868,0.203167798478927,0.121065858772008,0.768444743921012,0.317734796262964,-0.112060950301763
"LOC_Os02g08090","blue",0.850681063201276,-0.163076447796789,-0.470950806825375,-0.672321245915704,-0.746742061571718,-0.938564052733693,-0.375085573982187,-0.175452757222369,0.0573344023230848,-0.23884148295779,-0.455555194141071,-0.546589612567569,0.467527489818755,0.654165585341004,0.899980665961278,0.694246317682918,0.211601720715338,0.48280082416934,0.14373583976686,0.0952155025646225,0.692902589179677,0.213804043824685,0.00113563411365333
"LOC_Os01g50010","turquoise",-0.850514783597181,0.370264982236716,0.503586710605603,0.618044128314156,0.552127785327462,0.875133889425446,0.301157086322293,-0.0213171547911174,0.124128637593158,0.377331619710152,0.521327964592234,0.384346937335801,-0.435546522066736,-0.654058761509593,-0.797054208907356,-0.611874934306117,-0.00657324693543761,-0.393672465112492,-0.203040791756466,-0.0698835326176843,-0.707795034372253,-0.296589732426368,0.119561290866847
"LOC_Os03g11330","turquoise",-0.849792532345715,0.352957612437193,0.445200131404425,0.513520473697387,0.573201448375666,0.888772916968616,0.372838560560172,0.112577047004467,0.0911367892842576,0.410421847682744,0.638945516808445,0.607128815224837,-0.305449651096345,-0.595164035259871,-0.800439696621324,-0.602320946785959,-0.167309402052568,-0.580913823793068,-0.295549112578569,-0.230175667257435,-0.750803876321674,-0.322332039054948,0.239293761387951
"LOC_Os06g46410","turquoise",-0.849620475332334,0.330234501748595,0.470869900631282,0.599856061215236,0.719837983887482,0.931199551522142,0.390239827531746,0.195081454818627,-0.025564920061339,0.210185093240139,0.464490795424637,0.494512900480629,-0.451696025199775,-0.653115306566246,-0.859782121192673,-0.755050470440153,-0.229168225445869,-0.418440902695547,-0.139408250668607,-0.129375062363822,-0.675966810322781,-0.206894371851688,0.0213987245832445
"LOC_Os05g04220","turquoise",-0.848882872251528,0.287890595379183,0.6261225909781,0.61346911666847,0.70459656680197,0.903713903905514,0.196020145013355,0.122666276622481,-0.0936418160030548,0.121176116859784,0.515618813403864,0.522771820692433,-0.417715608075901,-0.768158481405542,-0.737085462791384,-0.744140325670151,-0.209787121051446,-0.567446469133022,0.0337292277642025,-0.0375000581197933,-0.661290627201287,-0.184491268303871,0.157044484126097
"LOC_Os09g10340","turquoise",-0.848692756141389,0.0828962687669697,0.517560269411804,0.248402122387592,0.476252813002601,0.825718489585802,0.229397998237432,0.214268336890361,0.128009806941632,0.343285098060485,0.478378934951434,0.567520945405252,-0.102729714070428,-0.596476777046745,-0.67320654318346,-0.752304048183775,-0.240468438028913,-0.387601697483763,-0.289503199310554,-0.373833007399602,-0.803728464920754,-0.41083023318398,0.368986430127499
"LOC_Os08g10244","turquoise",-0.848689633679801,0.459361073146361,0.300329152013132,0.564962285385824,0.681620280936323,0.846556598025733,0.489897530321767,0.192689783097699,0.105949242287531,0.229481239032908,0.604367494301333,0.532759793903138,-0.44905498283444,-0.522563808407818,-0.801744871757014,-0.62006429562675,-0.29918594833785,-0.567510439707856,-0.220414385031185,-0.126008435124889,-0.572999853519394,-0.115845349019989,0.0619804051034354
"LOC_Os08g40850","turquoise",-0.848530563629524,0.0996979305592167,0.487276648450672,0.624473281637748,0.585085403105809,0.903113931873929,0.333805721478126,0.0369685725981477,0.0592778573468223,0.387322682434945,0.505124467594587,0.512093569624635,-0.409657488554591,-0.64296483965856,-0.852324750080476,-0.637939508560046,-0.0755964450447052,-0.450604650315393,-0.259793709941592,-0.115254199911642,-0.72096761246172,-0.271184146907979,0.155477364015836
"LOC_Os06g22040","turquoise",-0.848396765996678,0.262908747552977,0.52531207008549,0.486102364607225,0.597636426264416,0.844543127859052,0.201195663821575,0.140289160113582,0.125554280071718,0.282411224485811,0.662453569778171,0.568905503005485,-0.295878810792312,-0.638116549245347,-0.715381714373326,-0.618404112508003,-0.15835022931584,-0.566057754832234,-0.159122820735798,-0.205181673205676,-0.773608380925841,-0.408804445069018,0.269049320058544
"LOC_Os02g46690","turquoise",-0.848305067451436,0.436447061694697,0.533156954295329,0.511281035341599,0.643979099809669,0.869173627136066,0.215963748094694,0.152113723562638,0.173752879153485,0.219225813251918,0.673240618785667,0.485550968213949,-0.383902666070911,-0.673414877046778,-0.735622867761074,-0.695482753650739,-0.16003536002388,-0.451375623533108,-0.117487908913796,-0.150350678435609,-0.744683356392619,-0.387028262656787,0.178888564227557
"LOC_Os02g05840","turquoise",-0.848226545946793,0.36228519355003,0.309670718459151,0.433856792137676,0.773865184381842,0.899651284646989,0.476613385391966,0.430602881511422,0.0634074132191559,0.206095500040352,0.625565895308149,0.693998889415393,-0.306711095503067,-0.500126765259636,-0.865702484696646,-0.748785622131862,-0.471673014383854,-0.552266443059993,-0.282549557148187,-0.372690166344936,-0.719417854547794,-0.345119702537563,0.100412568703152
"LOC_Os01g67500","turquoise",-0.847348878480416,0.362879556329024,0.405239905954316,0.362900937621034,0.59559649408833,0.828648559951097,0.291974178619809,0.251660629578787,0.0591879835029378,0.255239808025836,0.65099650212567,0.53227447877154,-0.316475228101495,-0.535902113595213,-0.752280111142153,-0.684592263882388,-0.226435212601252,-0.389213299676311,-0.266487510001953,-0.332042430612408,-0.78038221952345,-0.544841807534714,0.180246543406929
"LOC_Os08g31460","blue",0.845198652470177,-0.343035602516878,-0.567729527063769,-0.596604426517647,-0.561158270854551,-0.942143348142678,-0.285539461305204,-0.0284650301554866,-0.179652728280338,-0.435968046199065,-0.485298639140114,-0.464206655564016,0.378202472580713,0.715547584666102,0.86116192783788,0.733749744652363,0.0587058295614117,0.371931102862956,0.275746159960469,0.14391136539057,0.817859708663637,0.342243272229866,-0.172855682768415
"LOC_Os01g62040","blue",0.844478015153338,-9.31918205705155e-05,-0.439078394817748,-0.473065067252071,-0.495084684467573,-0.871883950689206,-0.346610545821694,-0.103605932093948,-0.1245345954805,-0.509609234464633,-0.52770046203726,-0.625810119855569,0.204385347724281,0.570224141517086,0.81030991143585,0.654133852989736,0.166516410295245,0.481969860384897,0.428110535495607,0.298361860575005,0.820849675728856,0.379222464509763,-0.279843961275784
"LOC_Os05g49290","turquoise",-0.844257988029831,0.142026952338886,0.720415210754726,0.500670491639212,0.451233574344797,0.89124485902356,0.0730344148368202,-0.0568998637799902,0.0601982031157459,0.357203425727524,0.535799314614958,0.469191238546624,-0.268688754921333,-0.807813437391291,-0.691416833235733,-0.727724458937886,-0.0492613309429682,-0.460771478921457,-0.129151412680741,-0.10635213140132,-0.814018067526198,-0.351095860590281,0.351372447779293
"LOC_Os05g36320","blue",0.844116080176582,-0.135002220214336,-0.315406869006083,-0.489248595693922,-0.691384707493639,-0.849065205305371,-0.473964501384192,-0.258198318360478,0.150326466338069,-0.243978106338943,-0.525153601734415,-0.63611963212032,0.327976006343287,0.49515533529384,0.807158186877276,0.629665848872266,0.325558896806673,0.555101804858052,0.244591140504305,0.245944354658159,0.596273436283256,0.225619390254753,-0.0774660110612024
"LOC_Os02g46630","turquoise",-0.844071189611994,0.404704741245855,0.538556850372264,0.508043123076503,0.629225618623579,0.876466847372047,0.211068728558535,0.139373910141358,0.114096324615563,0.2076783026706,0.643442386346615,0.475568877535237,-0.410905905851452,-0.684304410339601,-0.752481260966457,-0.726362529294037,-0.153289887201646,-0.389078765541111,-0.139215204056156,-0.176650670122211,-0.754150083525802,-0.437313189966048,0.170831124832832
"LOC_Os04g16820","turquoise",-0.843798689489131,0.452177895942974,0.497437353254763,0.491986664171768,0.603604174418418,0.844849249826666,0.220144049064382,0.130331408388276,0.222011646187344,0.225020269108411,0.690972173374478,0.464114794781333,-0.412191291189142,-0.642334308745819,-0.728696469744229,-0.673615223329442,-0.135882904080671,-0.403411917946754,-0.151525114797202,-0.165294039486398,-0.74247139153664,-0.423997862325205,0.174174594424576
"LOC_Os08g08205","turquoise",-0.843196104691893,0.379214287956281,0.557462127810477,0.626052159517846,0.625957311143485,0.862011524142603,0.176693234923016,0.0126075318271411,0.0577240640525464,0.173495585778853,0.654252802307005,0.405959179124718,-0.539037111045464,-0.725415032752529,-0.744819181637724,-0.643179498188612,-0.0685911014424965,-0.477374205823324,-0.0317844645149283,-0.00892519364438187,-0.663846878754573,-0.316422207256791,0.1154307502313
"LOC_Os08g40260","turquoise",-0.842264399349501,0.329440300925377,0.574953335431748,0.542151123883377,0.70411808527223,0.897469705488468,0.191813311158897,0.183231111679637,-0.0543646663114999,0.111447319602585,0.574646362270328,0.516955368446513,-0.430245949476814,-0.742027147318556,-0.763647637788799,-0.789275306074155,-0.249061644631146,-0.506359322229338,-0.014928759646077,-0.110285237040723,-0.689721105616584,-0.352663921835663,0.124886430128147
"LOC_Os08g11150","turquoise",-0.842060595757375,0.290754169153611,0.592715668725917,0.502546976195629,0.5987703782773,0.870937929327265,0.163560158788828,0.094170406724986,0.14963270734578,0.192688054143319,0.62863787846924,0.474511012587699,-0.383090522465273,-0.723860031508758,-0.712524207530238,-0.736967783716236,-0.16374495013468,-0.443844687733282,-0.0775976810798838,-0.129506072255021,-0.721178231902857,-0.322296898656128,0.233062939255116
"LOC_Os01g59150","turquoise",-0.84121699771369,0.0918854788369527,0.51632608294023,0.420765875910479,0.565963157554063,0.928266293499737,0.339662396824413,0.189598758404717,0.0105202845489422,0.426137526960097,0.447065158257653,0.649043860098541,-0.139151153886855,-0.625796701933148,-0.83405577954468,-0.7556959340135,-0.266381774537476,-0.479364128021334,-0.34143320298554,-0.337483577456111,-0.817464737313548,-0.32840096233023,0.283575177882746
"LOC_Os01g18670","turquoise",-0.841179796254614,0.310758153966293,0.509667871444522,0.428609787495825,0.606481399953837,0.895581768145325,0.302793674025294,0.237416782983136,0.143955872754493,0.372753121891747,0.606330450560375,0.649423647401591,-0.163840376458282,-0.622319281743257,-0.770869423212725,-0.699875283889281,-0.259746510452219,-0.563356952728892,-0.263817000419937,-0.313585631666696,-0.809617514136769,-0.368309454157064,0.298034611066629
"LOC_Os02g55120","blue",0.839464253344081,-0.259760139144492,-0.559922081778336,-0.660591091737214,-0.651461300104034,-0.96369796717561,-0.312424255834313,-0.0724226429484317,-0.0564514961970666,-0.355567656461189,-0.495542141131096,-0.537905725707449,0.396527969921924,0.730598425565989,0.89296874597903,0.746624664088592,0.161786559680841,0.506715981612742,0.194776299051249,0.10974166405819,0.752501363979358,0.230305419712355,-0.143849953444254
"LOC_Os06g06290","turquoise",-0.839402727007284,0.0848383902967574,0.290011590069806,0.239948153668139,0.480296658831167,0.844055306702753,0.47990324632621,0.30738385016826,0.0923396208202975,0.555878350987531,0.596876095182128,0.821345013302954,0.0520466322432968,-0.403510868096881,-0.796812418942819,-0.64879769368298,-0.403229319741308,-0.59179716832675,-0.583136982091022,-0.56194480076136,-0.820380155322933,-0.425072916668972,0.40062837910668
"LOC_Os01g57960","turquoise",-0.839261759216741,0.447801020012306,0.560860443580028,0.55213054560583,0.631472057534628,0.850052278998722,0.162657746224091,0.0868609561047105,0.14471121888745,0.12843047293117,0.673488634567011,0.416581440113228,-0.485325752061899,-0.714123696082728,-0.704418089673591,-0.690626191334857,-0.125393263255936,-0.426006360546238,-0.0210350406383547,-0.0618573960577485,-0.691481143282937,-0.353334505283533,0.1425584468864
"LOC_Os06g49810","turquoise",-0.838686009764861,0.230573382151435,0.464841277273536,0.342924959773963,0.47915400339858,0.839370547547456,0.308601626378852,0.129882153772319,0.198749118222011,0.425244857174961,0.512209884659501,0.579566622940429,-0.156253223897656,-0.581857334420756,-0.718008781638868,-0.707778971846045,-0.214058142201087,-0.443862142568417,-0.356349614194333,-0.321097430184796,-0.770289633705597,-0.34170625924584,0.358899253219289
"LOC_Os03g53020","turquoise",-0.838606229835059,0.213424374391264,0.608358001558689,0.598419958971013,0.508913989148514,0.878031644023233,0.185705895931526,-0.0366617929755874,0.118896743415068,0.397988940924691,0.569491592771427,0.488624451569066,-0.331826512925095,-0.731796585919739,-0.735301812152409,-0.652729148473253,-0.0514770690602885,-0.543547048982247,-0.154265928168922,-0.0611145272037031,-0.752907820369311,-0.260099587674633,0.265367028511695
"LOC_Os07g04980","turquoise",-0.838056129340659,0.14888440285364,0.301813785158792,0.29433767802607,0.624321187887051,0.835269470706921,0.428166817988164,0.396255393389762,0.0361523919031354,0.287317598508299,0.526051530255442,0.684547958848369,-0.149965765073221,-0.456248141672989,-0.795159940606984,-0.729625158894581,-0.428732615231841,-0.457478152959536,-0.379891394310077,-0.457588926190853,-0.739182340923047,-0.430884756608762,0.189096184455555
"LOC_Os05g02564","turquoise",-0.837996892574897,0.176058390317448,0.586540320266963,0.445195029854159,0.54693925759904,0.852745178345007,0.153466930061406,0.132261795478141,0.144779181272874,0.304783403166438,0.564405162812703,0.512891129126954,-0.285923452887742,-0.670911241184476,-0.701506410373083,-0.704664193549335,-0.119501062123212,-0.409311400218199,-0.18664900651372,-0.221737577342579,-0.814825669469066,-0.454125581346814,0.305655909892737
"LOC_Os03g62090","turquoise",-0.837727641746328,0.101122950654658,0.316857885699986,0.308421950853116,0.452055531000862,0.827419488029517,0.44130723263996,0.226211888637878,0.160477751048537,0.588374698306726,0.621877578023438,0.759843491222116,0.0117855885546865,-0.42176777863704,-0.76415649975788,-0.579687753832231,-0.31785589228224,-0.609684786895802,-0.543673215452539,-0.46801899656464,-0.79705028942893,-0.392145510661524,0.406990945931977
"LOC_Os07g48596","blue",0.837660147776846,-0.0938799671915378,-0.475248384523619,-0.454075303229604,-0.625332445083223,-0.897265151971076,-0.293496613503217,-0.252462865399732,-0.10436733429845,-0.389309076151307,-0.511788285143418,-0.625731525498379,0.225171922509702,0.590525316421197,0.824075056827612,0.724170100418907,0.242168004056793,0.435872992357926,0.3255414106338,0.351306422301561,0.845896039247501,0.499399081130156,-0.202327660991388
"LOC_Os06g04390","blue",0.83696652733074,-0.325810344564316,-0.504522955782734,-0.557033142557764,-0.639670808114215,-0.935686520790247,-0.338718305574182,-0.150898890441422,0.00676206397297284,-0.368296441247838,-0.59551364873652,-0.643880170128629,0.299117221743074,0.656561021565315,0.850792793260982,0.68995443324933,0.219377063094957,0.590486234366422,0.249694440368755,0.223599753207867,0.757993667422711,0.312742615735051,-0.211590059720282
"LOC_Os03g28940","turquoise",-0.836863206825601,0.109915639437206,0.666430950083819,0.454098139159842,0.595396409967409,0.877874117616486,0.120116281977967,0.140244044157386,-0.023321807801051,0.187589828994303,0.493475819477583,0.543877096648176,-0.250346483946245,-0.762855923123763,-0.677618407645149,-0.758584772666998,-0.201365297769021,-0.519478408278243,-0.0468687254348792,-0.159968663514514,-0.756716849632613,-0.312719828994449,0.280348500781331
"LOC_Os03g60240","turquoise",-0.836487297163156,0.247545530420685,0.324086797173878,0.409566160914273,0.758508502806091,0.86266411172692,0.404951794878882,0.407452668695552,0.00326711399714796,0.116715079272277,0.55067910036988,0.611928874436242,-0.36504607937763,-0.509985809578111,-0.832728881616294,-0.772818237333947,-0.438216092206326,-0.445882089369526,-0.219954111253112,-0.335897152309824,-0.694611644787091,-0.377644776139519,0.0475790780106642
"LOC_Os07g40520","turquoise",-0.836310053685452,0.2785970286774,0.208485235941294,0.34606707753109,0.633581390830307,0.818708966579732,0.506196614910399,0.377815288789494,0.113055723455927,0.387164239677389,0.753996641795792,0.804739568580771,-0.144930009006497,-0.36257248660003,-0.804704265398528,-0.539045335777836,-0.397347497842757,-0.677049553733822,-0.460349200380918,-0.483483927942706,-0.751765757426759,-0.458743644268507,0.257017607451324
"LOC_Os01g70250","turquoise",-0.836199374181827,0.208255894681748,0.360160846312578,0.48472220619661,0.621182183321439,0.853767044056605,0.427467282674122,0.223787035129692,0.225934303099491,0.370783091977211,0.578515706484098,0.62287672875854,-0.237991399514264,-0.504886710896988,-0.798910456669576,-0.59709128129025,-0.247394853681966,-0.549963489848318,-0.291795026537005,-0.22806537791579,-0.678012516193935,-0.209875286627417,0.223306988032475
"LOC_Os05g34220","turquoise",-0.836118990343518,0.206070781328244,0.622352396708572,0.517662473893859,0.625331353694142,0.850007486552943,0.121963786537864,0.125256859880698,0.0332488852305471,0.121537177201943,0.57485625862366,0.454715100210609,-0.356092339933869,-0.739647820465914,-0.666561867511468,-0.714094872654241,-0.181326878087642,-0.49042508018743,0.0346800859233358,-0.0560406148562242,-0.673331049320009,-0.256891048381396,0.192574080270752
"LOC_Os01g57968","turquoise",-0.836088188113414,0.397616833936312,0.482052838756001,0.50931979675011,0.596411155445564,0.869962018242568,0.264124534727469,0.130436041542461,0.247610712563006,0.31352568503422,0.671168135447962,0.518492824155424,-0.380040611743371,-0.62654855649581,-0.778985559374932,-0.670306598990108,-0.141660728701393,-0.430320661288635,-0.238762026442947,-0.208178990958463,-0.779045416303366,-0.412423826994701,0.205895261583142
"LOC_Os08g45080","turquoise",-0.83453401764211,0.24890741016038,0.652445786824689,0.598797503558802,0.668281067347945,0.939135752198386,0.153213871231303,0.106595634241706,0.0342185484655871,0.226578119065448,0.537045940094025,0.530080924194656,-0.411738797888196,-0.791283609965849,-0.807968696316352,-0.770146422609858,-0.150846481560736,-0.500284987451488,-0.0698395167443711,-0.111024913220033,-0.807732365440896,-0.37179773620091,0.173335467739972
"LOC_Os02g26390","turquoise",-0.834139981453201,0.201030930656466,0.47070303994637,0.532401468389423,0.542540208447927,0.876628859659046,0.349142092930517,0.0707376597104899,0.0562468248264235,0.427312554787287,0.648537403563815,0.668153341479421,-0.22488868689969,-0.600005737269848,-0.778689266249204,-0.568162824906769,-0.192079510915844,-0.711305454892647,-0.278836617515602,-0.212756891962376,-0.71801329095715,-0.227890839110662,0.324474689181315
"LOC_Os07g46690","turquoise",-0.833973481137906,0.262042421291744,0.619695271861636,0.603483691014714,0.666902912719898,0.905154733854261,0.149320203755569,0.0913234444410981,-0.00314454534734105,0.13022087387964,0.568151836618631,0.459101474396389,-0.48429954282203,-0.773157741661057,-0.772991942574162,-0.740316123232147,-0.168172386555838,-0.486445566008265,-0.00162572827311007,-0.0477563175994979,-0.72259609000133,-0.300138041396694,0.118271080207
"LOC_Os09g33520","turquoise",-0.833756126826309,0.239352476595197,0.234950307075822,0.496079904210126,0.702484312379326,0.856078038634826,0.547449284431339,0.29766309913184,0.0453235146852641,0.30847184952399,0.564418790358288,0.674764150173986,-0.32625191129066,-0.434978561592041,-0.874519284866048,-0.610183372968645,-0.362883692105423,-0.594520991985685,-0.353515576921121,-0.306841097021163,-0.655131251397989,-0.248425105778417,0.084179885916249
"LOC_Os01g09890","blue",0.833404234066434,-0.411013849405582,-0.49295881511243,-0.610358474821851,-0.728053649831277,-0.932963944085778,-0.347789579514058,-0.19603183828791,-0.0020839675009538,-0.240672348483331,-0.595337412308088,-0.611188027230722,0.407857220744006,0.678350374053867,0.850308205631933,0.701071769498888,0.267244809878071,0.617864918192692,0.130061042156371,0.147204207086879,0.705863003680753,0.246212087454635,-0.104659132453826
"LOC_Os03g50325","turquoise",-0.833357434008414,0.36301154471335,0.452775321587997,0.55140111288231,0.729698110065786,0.849437659010516,0.281630178174378,0.196992589607868,-0.0628298324602779,0.0817600672129028,0.598752670218434,0.472952861748465,-0.493778426238629,-0.629313203076652,-0.760462540287287,-0.676208916375856,-0.232237344337959,-0.493900303844945,-0.0328267814076814,-0.108918430985493,-0.632427620788018,-0.303946674727048,0.0417019128721087
"LOC_Os02g46220","turquoise",-0.833214031864725,0.13288268161329,0.454473286053287,0.592470747591127,0.606960208820379,0.920324099400305,0.392396115572547,0.11535452224601,0.04333018985617,0.461622500153853,0.525437516713819,0.680281042836943,-0.271382038815443,-0.604559636867337,-0.87348129213974,-0.617388567181815,-0.197371197383443,-0.632029494049197,-0.319064553984342,-0.210759008388569,-0.769780945351208,-0.261180123473151,0.199768355401498
"LOC_Os02g51500","turquoise",-0.832946718182959,0.243313019622326,0.438787613742002,0.549549531574502,0.633337841077283,0.920904211234836,0.403061116024102,0.189678298231958,0.122841499152535,0.395720595315159,0.469172165886714,0.636982666309981,-0.276924827047207,-0.606267656513185,-0.869116118379762,-0.720643049712514,-0.277299639852825,-0.538244954007109,-0.314334137208666,-0.232997284930437,-0.755625892235311,-0.24992116239184,0.186439298858969
"LOC_Os01g07490","turquoise",-0.832725309696809,0.257924162557058,0.582870604997383,0.717310102287926,0.738827224979239,0.911896107589672,0.216802656035793,0.0690031957510731,-0.00167065346339769,0.100870077846097,0.464567952839035,0.412330773104326,-0.594951516092895,-0.765506076234223,-0.815869148247692,-0.725536373289265,-0.136831705928933,-0.455423189194229,0.032912104318729,0.0374363343101553,-0.654491633145481,-0.202310801594096,0.0112969010097643
"LOC_Os07g37570","blue",0.832693597930221,-0.135440700860885,-0.421214898675087,-0.456424949262876,-0.594898952679788,-0.906449725546246,-0.371287583924917,-0.233558750074608,-0.0875712177503629,-0.478953344882479,-0.619120803613221,-0.718393939166382,0.175386889888201,0.548582638874916,0.865800771362811,0.642218406457124,0.242855318953785,0.564972293226999,0.40180099855294,0.379499991593945,0.857006069156983,0.499432398414325,-0.236967201465159
"LOC_Os03g58540","blue",0.832421058017617,-0.356418431192419,-0.49297745202179,-0.629484977147775,-0.736840705383157,-0.957999048106054,-0.374253335970927,-0.197272330130854,-0.0361544579605507,-0.23036457590151,-0.455310838111949,-0.547810897219604,0.450564596228383,0.69580966482512,0.899561311131763,0.811206839642652,0.28018786546837,0.467925863935057,0.163032563838366,0.128335564620111,0.702980405686328,0.198527014688866,-0.0569339338774928
"LOC_Os01g37870","blue",0.831565899494384,-0.313174082831148,-0.440698026916986,-0.650790427314112,-0.674818838770172,-0.937664183812294,-0.444100639887794,-0.119986569794852,-0.07038048873595,-0.354311823846115,-0.445748147507835,-0.55593005712568,0.413730621080951,0.639622992336546,0.899967740648418,0.707278434983852,0.20102203745065,0.499321210989408,0.241218558125746,0.110170582119341,0.686074422317231,0.140952076477592,-0.0662939462592149
"LOC_Os02g03850","turquoise",-0.831026440537896,0.358709799424331,0.535262974532142,0.484671979126733,0.677940727526285,0.871703488110244,0.248325378068146,0.215170126433379,0.058132675007769,0.171126086025626,0.567048508265363,0.562053101441588,-0.354733664634326,-0.669699559525904,-0.742030062300601,-0.702347886903201,-0.226503021872,-0.534760055847408,-0.0764291254678464,-0.162354224039309,-0.687465239846447,-0.277180782693084,0.200934275844899
"LOC_Os08g01940","turquoise",-0.830743217811715,0.104933986020974,0.502054777205404,0.288449382775938,0.593346621011486,0.873082908596491,0.241700331058358,0.328047464741494,0.038867991412478,0.281825847127389,0.405678351036706,0.607438197030156,-0.126027436717996,-0.599879909321853,-0.770288542928973,-0.854657671408845,-0.350545758317388,-0.324685188852974,-0.32064522963711,-0.442074762859681,-0.856734266196493,-0.515048528918992,0.273835565690536
"LOC_Os02g19200","turquoise",-0.830577927918948,0.1833316035817,0.130717304955856,0.233239944144733,0.608721569983245,0.800900331080823,0.589607111787409,0.472122470607285,0.0909312985319287,0.406840166813217,0.614517620575264,0.795272877504966,-0.0631924365290365,-0.27957529071265,-0.813691558383734,-0.622268230683969,-0.478143081795668,-0.50125796453252,-0.534034427322725,-0.567500187694751,-0.719338672194607,-0.459513778794285,0.220772243455217
"LOC_Os06g39708","turquoise",-0.830475252895827,0.451290557366708,0.505556094946278,0.456629400547157,0.596538762041134,0.822943357620999,0.188582629881483,0.14652314429314,0.172074003643137,0.185217999210255,0.750111958382824,0.486407809180596,-0.382954547166767,-0.639127495092963,-0.682383723012663,-0.64415583594372,-0.158506792253245,-0.467020555682518,-0.107573588676267,-0.178489460350339,-0.729322800214177,-0.428561506589712,0.210582305436566
"LOC_Os06g43840","turquoise",-0.83028695116276,0.198018399107729,0.447924635813901,0.583235197365187,0.707567095230332,0.920831735918298,0.365876452810827,0.206191805064077,0.0425964296185776,0.250779741413512,0.518516550712237,0.609532962008047,-0.407822240087042,-0.628388829021778,-0.873072373610172,-0.706427282968873,-0.288081642574259,-0.560410908185443,-0.192980607785375,-0.181668775433619,-0.721989174172569,-0.252266266929146,0.0965187754543408
"LOC_Os09g09320","brown",0.829562272857443,-0.30532780923571,-0.694113847092472,-0.590518709544963,-0.611200320075188,-0.903834369557753,-0.0900283527972086,-0.0136975439138698,-0.0514965815616719,-0.148614277864937,-0.481647972931622,-0.365363883359285,0.466711444197618,0.842833188139134,0.74119051482575,0.831527675459864,0.112058370985528,0.377321585009158,-0.0105175079867472,0.0167980813169898,0.712448950661746,0.283652435766522,-0.176412617336949
"LOC_Os04g23760","turquoise",-0.82955979840086,0.0732795284445612,0.408769969538347,0.331015757729247,0.522296009851289,0.861079365261944,0.321544680715798,0.261802669536067,0.0873619676712643,0.50387301850101,0.584218044210018,0.734789550903313,-0.063216905379689,-0.498304719284332,-0.813327240333795,-0.661413627322735,-0.253690373061979,-0.471067364119387,-0.496999626857251,-0.502016229186603,-0.915648722554407,-0.622552945603425,0.342342249187904
"LOC_Os06g19980","blue",0.82940064576881,-0.369844273758541,-0.359429540209925,-0.581770596682584,-0.699810602724292,-0.855514247160263,-0.386209865796137,-0.216122100597789,-0.017584134256712,-0.263339052249338,-0.614259733671232,-0.524160934639034,0.446654153044896,0.535409759038606,0.828136264506792,0.61674578125189,0.193493544254895,0.440603228118327,0.210921311468473,0.177064070944698,0.662384518404577,0.397200289711048,-0.017388063309126
"LOC_Os03g04680","turquoise",-0.828839726798281,0.0597730049153679,0.322654675971042,0.378964661582217,0.556341928858118,0.874043805218762,0.494697657427416,0.268419072879562,0.0150667639763697,0.505365335442879,0.523119346618032,0.780824076840094,-0.0712026263494634,-0.44984726706571,-0.849632923321843,-0.617808470290554,-0.334820956725318,-0.600466743965211,-0.490487941943166,-0.448759836974022,-0.782454216324156,-0.3299439276925,0.287115632134592
"LOC_Os08g39120","turquoise",-0.828522283058813,-0.0239490386212927,0.27185985574921,0.25152785985036,0.544105152827941,0.806594869861583,0.462645126948504,0.327557386854452,0.00649777954710512,0.428323001297936,0.501250232512406,0.754969552342028,-0.0453720408263606,-0.386446032386571,-0.776169794197056,-0.643340243488214,-0.39507408578949,-0.534720724889943,-0.46794379670423,-0.50397185461237,-0.735215053224076,-0.385507160707167,0.293977783189309
"LOC_Os02g32814","turquoise",-0.828343397760216,0.171184981196702,0.631344110692331,0.467696861615196,0.549725275591195,0.879304150940659,0.102314269197113,0.1049722569735,0.0933365657506118,0.296990190490455,0.436256290031444,0.410949527562616,-0.306620733241868,-0.731165200679908,-0.750871030972624,-0.784038594029337,-0.100709712498346,-0.255118051198062,-0.162328548082725,-0.192732574157368,-0.84728738296687,-0.535816725016399,0.160762047406869
"LOC_Os05g50890","turquoise",-0.827875610599689,0.0283334887583122,0.540341893366221,0.51574301018649,0.475905798584201,0.886073423226865,0.277980322350182,0.0135563057240057,0.0235291644358099,0.489163186369214,0.443092631544292,0.542678960769987,-0.215125148874253,-0.64847523842538,-0.787812825128597,-0.660150934410413,-0.101947048845052,-0.476018977841565,-0.330711706077886,-0.207404370982087,-0.789752667314888,-0.294934626194693,0.273235048105485
"LOC_Os01g07370","turquoise",-0.827170703893107,0.142195464568297,0.555367196048536,0.579956756057718,0.611703455007314,0.920226778496757,0.282614081470549,0.09223465092283,0.0209745964296618,0.33993118912032,0.367299265543865,0.432731516502084,-0.372775895406431,-0.681049740901181,-0.839688906182355,-0.737848885838455,-0.0946284439575734,-0.300011899387716,-0.198454868728988,-0.123208247840468,-0.77066226727454,-0.305089880473771,0.0779251326735533
"LOC_Os06g16410","turquoise",-0.826356037679229,0.206647818238278,0.188843853833717,0.468743795520743,0.826282089344175,0.847515997727457,0.582612771542251,0.482068551181205,0.0157578210964079,0.113818744910826,0.478625946613931,0.701431904644416,-0.335685755588941,-0.415039962352632,-0.853290287234734,-0.722395064125378,-0.561043907533377,-0.54912247148656,-0.256622493874989,-0.30703888125616,-0.581183770558104,-0.16135271587957,-0.0247820198580351
"LOC_Os01g42720","blue",0.826051109002686,-0.221680119097065,-0.481892107320333,-0.641561282950921,-0.643912189329685,-0.932729784097107,-0.362804745398428,-0.0951751110096437,-0.0779198185446598,-0.402150634310788,-0.481576825488806,-0.539447180805038,0.366959950991029,0.649426909458919,0.906410141040158,0.686854563639054,0.134624432562536,0.471720504670808,0.277258016579967,0.150379338008931,0.751133649196294,0.265742150510973,-0.121800410274303
"LOC_Os07g42370","turquoise",-0.825976030503342,0.147077112949475,0.420659732631973,0.451474249208538,0.465302217560672,0.821432557608162,0.373969815137713,0.0727016737815832,0.0651665531400617,0.458129296743602,0.573930171447312,0.585527469653747,-0.200861563814797,-0.536857301348478,-0.71411325393078,-0.543182123879454,-0.13429011779861,-0.572844140281389,-0.32575469364512,-0.225183828615072,-0.695790342156103,-0.235696116843637,0.288505502241052
"LOC_Os07g42410","turquoise",-0.825790882414982,0.197185007671738,0.482758888344676,0.464304157767931,0.683470633284949,0.899127045389896,0.337113969646,0.229132646072516,-0.135339931153623,0.155005822607604,0.555918326564815,0.597195990010352,-0.309338795446721,-0.637455184875109,-0.799172418330515,-0.746807573939401,-0.342555426190909,-0.554980447665825,-0.119018071082915,-0.214332715104523,-0.649309924911692,-0.194998107411417,0.160161378886163
"LOC_Os02g04460","blue",0.825613852998257,-0.373051447960106,-0.435790457623695,-0.659507921935823,-0.714804783855457,-0.954607456898745,-0.442763797122186,-0.166228064355144,-0.0378808757446509,-0.312489878830183,-0.389348826686925,-0.463620158528898,0.472289229651833,0.638164997537948,0.939796743522699,0.7693597163567,0.197858263347508,0.342593778569061,0.244234178947352,0.130199258393837,0.709237937002416,0.220112685980805,0.0400280282158661
"LOC_Os01g14070","turquoise",-0.825597688751859,0.172531888994238,0.163942394944765,0.405746930650594,0.595229405204304,0.833424146514809,0.617940668337675,0.315161712823062,0.187720358265175,0.472734292171982,0.470602896408512,0.694821279838229,-0.191981478110337,-0.353321253162169,-0.878751045840953,-0.604684915192389,-0.343025775443981,-0.484319582612602,-0.544229960456752,-0.396894943975742,-0.709313870523342,-0.281708024232491,0.143309536368346
"LOC_Os02g46910","turquoise",-0.825580752886901,0.361012096483781,0.356251674147672,0.410927432066721,0.630236917453185,0.812088891121393,0.331726310843508,0.270522985701156,0.123503512792377,0.219974244681751,0.724066665216481,0.606182820889771,-0.315089682988572,-0.510534161532456,-0.72202788154666,-0.643245523800103,-0.309846893507166,-0.503611932234046,-0.238408618683305,-0.289378627309835,-0.714105400775135,-0.433571760552552,0.180975567707721
"LOC_Os05g22724","blue",0.82557039803967,-0.352421961270732,-0.378504184138229,-0.614654692023683,-0.764351720133714,-0.916150285164425,-0.482698783969249,-0.232876115062068,0.0826369537224441,-0.189648620252035,-0.395638712623794,-0.485853884041999,0.48665146930476,0.589301958621908,0.895107840770602,0.754209564746632,0.272997086159496,0.376755124256412,0.174687484384107,0.119195838312566,0.594725199223788,0.142037840680065,0.0630730562188606
"LOC_Os02g46860","turquoise",-0.82556983224314,0.439988475082029,0.32841190988564,0.408761165036223,0.692906592229842,0.84019990956587,0.420575227311478,0.345317657888296,0.126069220911533,0.197453029470525,0.616717331211138,0.571629183987646,-0.315165023666483,-0.489964917962282,-0.77386834037151,-0.687974374802738,-0.330109814039874,-0.419380145444959,-0.254280060387971,-0.31000193266116,-0.693092761589385,-0.358579147644292,0.0957682325726771
"LOC_Os08g36140","blue",0.824480813763805,-0.374130705260191,-0.52950563811657,-0.685043527675538,-0.784881734472791,-0.939506419957066,-0.326977537353728,-0.166448493794443,0.065198241755771,-0.0929487806394188,-0.466959471715472,-0.477646240896898,0.5135360060847,0.735735838241055,0.848543349300894,0.788594417795424,0.28126649067072,0.506133768314349,-0.0113862747946437,0.00768284532635857,0.597433964126458,0.0849105352340345,-0.00602029119632832
"LOC_Os01g13800","turquoise",-0.824353257605984,0.415788596838031,0.440340556621405,0.537131013569286,0.807288121679435,0.89715985136151,0.398406421742221,0.33028494216266,0.0537373432209505,0.0307291799719294,0.439429261839425,0.498638088036631,-0.451526533946179,-0.638374704740987,-0.795712579278159,-0.809600137331204,-0.390278917019036,-0.452730483931562,-0.0279136573042815,-0.127985797676624,-0.582218640638938,-0.0783995837942246,0.00799476315778148
"LOC_Os05g49940","turquoise",-0.824321936361614,0.15395237596119,0.706233406488548,0.522028133045129,0.538573150502916,0.910642003835553,0.0605192606140352,0.033588165834088,0.0199278632281233,0.337300508064631,0.481094465743922,0.482735946241089,-0.283561938692862,-0.795792263435021,-0.758682588512134,-0.768415738529242,-0.0735414465675288,-0.396357021115017,-0.147905787947962,-0.17080313164245,-0.881812962545278,-0.500557610320124,0.247549418354669
"LOC_Os07g24190","turquoise",-0.824230393642917,0.280707352712729,0.234685505702841,0.575030952607916,0.549895767972032,0.836603165426178,0.585542869361463,0.0874725680939079,0.184137572290516,0.486859346703775,0.468559045472977,0.546217286755398,-0.358959173440073,-0.432331907373453,-0.863940933113803,-0.515207145517919,-0.148878531597447,-0.483387319147019,-0.446950850161,-0.1818960018246,-0.631637499242102,-0.116914089286374,0.105487357115884
"LOC_Os07g10770","turquoise",-0.824222601960557,0.118673408447372,0.0769144559489143,0.40903788265527,0.610452999838948,0.809751935217864,0.694410653579281,0.338430735126948,0.0421349131744197,0.449788584684972,0.406738333821877,0.662844373302396,-0.226583312380757,-0.264243886476579,-0.888121168096603,-0.571236286608061,-0.361705627213003,-0.416619953992799,-0.57287952985178,-0.40790781202514,-0.658044606322673,-0.260064089621143,0.0372324381462846
"LOC_Os04g22870","blue",0.822609909275012,-0.207402174443286,-0.570529632579544,-0.632877085637977,-0.656383406804759,-0.910115268396644,-0.215950903899343,-0.0827994965001974,-0.0240899591722124,-0.259860740714965,-0.448868642695026,-0.484645525078485,0.433380903376506,0.724855027014525,0.83324399032192,0.745831419450914,0.115340861006759,0.401244994834835,0.121064138587825,0.0742947451482589,0.751286154096038,0.323542095522171,-0.0787474182065896
"LOC_Os01g26174","turquoise",-0.822577046652222,0.25058386269855,0.608637235595097,0.503480151107771,0.478438019634379,0.829767664185109,0.0851833239082671,-0.0452024523406145,-0.00880437734351004,0.336053939013458,0.716665633806398,0.484494403772664,-0.359437371626624,-0.701615378368888,-0.683107537229357,-0.56229981507411,0.02213851990097,-0.504579087334145,-0.129459682634934,-0.11904462817616,-0.773896609415153,-0.49189657455489,0.298297518412846
"LOC_Os08g15650","turquoise",-0.822510162890563,0.317812781909197,0.276749071372253,0.569414398596954,0.595285451777291,0.852950673949596,0.517285607606248,0.176665501393249,0.198093311143502,0.440402181175443,0.480534440286257,0.510394567200103,-0.395981835256988,-0.462582437510528,-0.867298110355633,-0.618108295822836,-0.186675033460007,-0.369983401998481,-0.40627355134115,-0.225119136042223,-0.701966866918135,-0.287636305770273,0.0438791725087096
"LOC_Os02g06725","turquoise",-0.82242310360195,0.39677482555535,0.591639815124609,0.615746850194408,0.583122954227254,0.828084138634941,0.130175329286176,-0.0455073048645548,0.0494440504653243,0.137116715204879,0.655122802970858,0.358951487899966,-0.52973368736506,-0.741923977373919,-0.675913086724808,-0.606061878908665,-0.0427030320960869,-0.511356083380583,0.0487083097257165,0.0593555411466794,-0.604247302909335,-0.22385212832409,0.166066809033586
"LOC_Os09g22450","turquoise",-0.822325611023847,0.0713670031308974,0.377164569678516,0.361807931786006,0.474855598377107,0.846874101877467,0.380484159480834,0.197327095574167,0.156990865185114,0.55704221463,0.503200495365594,0.701527200046003,-0.0588184984977015,-0.480889386401199,-0.792908776270246,-0.64019321416419,-0.271919990143185,-0.504664732155137,-0.485991805301521,-0.414158704688056,-0.830379989677016,-0.416816415995963,0.328991791630184
"LOC_Os05g28280","blue",0.822177002165881,-0.269782064387917,-0.422532007886171,-0.689461840250714,-0.761627810221638,-0.93902204537799,-0.41430106830713,-0.198612395187577,0.0168433364268897,-0.247611840335586,-0.493349936212571,-0.54595992144833,0.46686094112693,0.623102954758805,0.932879900341469,0.71263120229619,0.24310153145809,0.460856025024466,0.175314132781097,0.104920836615084,0.674541344191064,0.227659623299453,0.033053800578602
"LOC_Os01g59500","blue",0.822172217714603,-0.257949309700567,-0.305354514603551,-0.610519331958708,-0.687651657207883,-0.912063972761134,-0.532240737747441,-0.215467701455875,-0.117965310127929,-0.374209871989982,-0.449629458633981,-0.575912297858772,0.401160104666544,0.519779726708702,0.949486952233639,0.683677610201285,0.260132884929373,0.421760162873827,0.352116296143346,0.190239008874057,0.676693923539602,0.209472962677856,-0.0149121447312402
"LOC_Os08g06230","blue",0.821964975515821,-0.318785813004102,-0.435954197601311,-0.589442091157144,-0.658850497253973,-0.940002217672873,-0.44493316643605,-0.174739489156091,-0.116629202278435,-0.362538084562205,-0.398412495555566,-0.51381070821193,0.389759889535585,0.622446900330866,0.912717901232128,0.749709503848615,0.210823085427135,0.385723477495014,0.28243035310084,0.17404648187637,0.728883535663785,0.191719746246233,-0.0497568474263993
"LOC_Os08g33740","turquoise",-0.82134467470731,0.210222925598028,0.389790788993509,0.557019344007366,0.712866578652218,0.892185570092675,0.439918757270648,0.24535547901381,-0.0139576918948075,0.17161130887924,0.374697797386552,0.445293349236118,-0.429496557129313,-0.577403830316233,-0.852966320552593,-0.752156499354435,-0.287581786769792,-0.322048319632683,-0.174110528005149,-0.145066400624639,-0.631709314526549,-0.159911011631593,-0.0557883053405275
"LOC_Os01g21120","turquoise",-0.821272561993972,0.170872021245377,0.622997606022403,0.458595654224499,0.463870886362483,0.885601676141727,0.134060427603769,0.049723181645445,0.199370677433846,0.460180224566354,0.573234657342309,0.600432011748682,-0.199064294809514,-0.711260094637045,-0.750621241464958,-0.696335964848832,-0.105082999784127,-0.500160439112319,-0.294578879860129,-0.260241141243833,-0.901637514649905,-0.473349085151247,0.389621228244975
"LOC_Os07g42940","turquoise",-0.820983290083585,0.179127391580388,0.469044713028856,0.422174833644501,0.44841576502474,0.873411699819564,0.3285303599919,0.098405281415032,0.187377469071481,0.534408884857299,0.48674500240529,0.561671978798037,-0.160658321822733,-0.585893216378839,-0.788740357755562,-0.702253515503802,-0.160208864430439,-0.387595740749755,-0.428003658000819,-0.302498794120659,-0.806695861597647,-0.355057736568924,0.324892036648695
"LOC_Os09g08910","turquoise",-0.820926619652248,0.497941661996323,0.512085064612818,0.548076327257013,0.663833869575327,0.844984666099306,0.218048658538999,0.138409604287463,0.129808970695843,0.101741047376709,0.655112602311193,0.425588612897835,-0.481412484285327,-0.673715592550074,-0.719335869330748,-0.681762255750181,-0.172406707272208,-0.424215256936328,-0.028051853550492,-0.0808585201707001,-0.666520736484406,-0.316002583735881,0.093565556094112
"LOC_Os01g18320","brown",0.820866670692179,-0.331985489298934,-0.704492363062019,-0.711381481165311,-0.605315015197439,-0.920800903374006,-0.108473789688076,0.0790931858404149,-0.0288004482500477,-0.236350528120243,-0.504218617983594,-0.377518011352401,0.546962734661676,0.856439351514056,0.778558375263005,0.715372391260892,-0.0283570901133164,0.429822372115984,-8.96242336054127e-05,-0.0729289966710424,0.729944394626022,0.273242503992637,-0.125380053987058
"LOC_Os03g43684","turquoise",-0.820662875693268,0.106097138182085,0.182386017196202,0.293424232042431,0.561900423533493,0.819723623960557,0.562838585155246,0.372687606709777,0.224486493892996,0.462591888664229,0.510799479488551,0.684874875078402,-0.117553407823955,-0.342743576895274,-0.835700575537547,-0.663392343563636,-0.405086052243564,-0.429716085151504,-0.564297423543406,-0.503566994904635,-0.75671461443085,-0.389736906636806,0.198347047331017
"LOC_Os02g07060","turquoise",-0.82058038466036,0.282981905917948,0.470326915615879,0.626879662546089,0.57456722471735,0.884470893714066,0.363402526569894,0.0406579998488709,0.165930491053681,0.395832636927831,0.488939120651906,0.519074640225545,-0.409378052065542,-0.625579192397522,-0.825348777517669,-0.616359355236633,-0.0852435743949239,-0.480271222212297,-0.252481532351056,-0.0842090779099555,-0.710959991839852,-0.173735127849895,0.174172238274934
"LOC_Os08g39600","blue",0.819788676252304,-0.206424944295648,-0.521238724941486,-0.601829253421263,-0.601229733342512,-0.948685305864207,-0.343719695194727,-0.0808726700772628,-0.0624319602456094,-0.412467090872445,-0.430659672293987,-0.526614110747385,0.358604561304585,0.683283584913129,0.898439285382634,0.740631820099274,0.145823435219951,0.418143021069719,0.292887681232037,0.175416648714436,0.774777621747411,0.267566459457714,-0.146478347491767
"LOC_Os07g32340","turquoise",-0.819667207692801,0.0589137397587108,0.286391821353297,0.397674423865694,0.609260434863978,0.80681430432212,0.424868292866376,0.291143786631926,-0.0865831331499758,0.377499500803809,0.566190323768254,0.708371895072441,-0.152585353974545,-0.412685679432229,-0.77991000002573,-0.558011894176281,-0.313969171027243,-0.563113136657418,-0.372995150381364,-0.379716001935115,-0.740553171897384,-0.461009015247036,0.144813788600954
"LOC_Os02g49326","blue",0.819431792400588,-0.265479190407238,-0.493611975542611,-0.446833864697463,-0.55582077325759,-0.927493212846916,-0.358031086987462,-0.174563082086817,-0.126261747357146,-0.416946472739894,-0.439094231315427,-0.575299843349778,0.216174576566537,0.637645034489786,0.849004399593922,0.808767397064751,0.266517211641079,0.40426381001739,0.343257571100746,0.290020133535936,0.788666125045949,0.28213488810416,-0.242762486565194
"LOC_Os03g21550","blue",0.819382691168759,-0.179768212215998,-0.559714298912965,-0.661788236329317,-0.643343085057116,-0.894742440034213,-0.213124670752818,-0.0325325574612799,0.0586810734791769,-0.287574606681076,-0.621879470467023,-0.575678327009221,0.404300449769227,0.707806914315764,0.80876815385128,0.613340662156318,0.11648784093063,0.620089499061462,0.0942601245804308,0.058350827285122,0.707526982669799,0.320806682571968,-0.150004914512013
"LOC_Os01g74470","turquoise",-0.818778985749553,0.252174532982068,0.66443686800034,0.407909826114634,0.521411353764539,0.8587701710425,0.0697104822417814,0.0768792618503972,0.0648001730932478,0.198510868738846,0.673543230586053,0.533497784894243,-0.281549647286558,-0.762432192294644,-0.660673318479416,-0.718148529210807,-0.171187685126738,-0.536289298627504,-0.0662468196911148,-0.181489921256364,-0.763963184980326,-0.383030293803301,0.374289197678899
"LOC_Os02g05980","turquoise",-0.818117065009383,0.284351718619126,0.649656330867954,0.657334284966662,0.679182370527793,0.919591897679871,0.16086665584179,0.0637201637926936,-0.0375491701217782,0.133449998422923,0.494719450798151,0.470068772322041,-0.462915686209502,-0.809496167778565,-0.774708627659941,-0.756163653783969,-0.182599463227747,-0.515900442602498,0.0331327891838438,0.00365173237274351,-0.681426410444966,-0.187844296564761,0.110200940664396
"LOC_Os05g32170","turquoise",-0.817953145797395,0.130696594850966,0.292224785231352,0.424445782724269,0.614987791318903,0.87807959889315,0.505063134156472,0.308226910506318,0.0511990828611879,0.484012740836107,0.471641879802785,0.694270594519324,-0.153917110714867,-0.435175081137178,-0.871761319720958,-0.672044404242255,-0.335424584172571,-0.464740043557606,-0.487876416614517,-0.422669257006543,-0.79244982942035,-0.408643190518238,0.13411377953885
"LOC_Os04g59400","turquoise",-0.81793569913149,0.277942564329032,0.454277679899802,0.523623343785038,0.555268466768302,0.828426830986283,0.267411373210324,0.072198959350107,0.103211825228407,0.263147417575074,0.573857200091275,0.507401935184492,-0.388783867957168,-0.614134949563186,-0.745865523448184,-0.649176477248959,-0.175118772970094,-0.469717173200016,-0.208970360559455,-0.125939139334574,-0.679485420367838,-0.240511255956599,0.217458806013153
"LOC_Os09g26780","turquoise",-0.817804768776238,0.0858533407840697,0.505420715213213,0.296901800103535,0.493523828357989,0.818755105060845,0.26692183654292,0.183070458523908,-0.0431787685007087,0.281409102371331,0.494446311886016,0.590831159990019,-0.121975084520997,-0.601334665630243,-0.657699281716758,-0.71507616976882,-0.273091952817824,-0.489207358723491,-0.226339230778915,-0.304074351028887,-0.6957361575291,-0.260378537140572,0.348424484671281
"LOC_Os08g35420","turquoise",-0.817569198178768,0.439480263551055,0.479513323385526,0.491349596235751,0.594899228250817,0.813179321102216,0.214011645136235,0.111746365517286,0.163082600829147,0.184437026404819,0.708229558247618,0.44249960410549,-0.427448245430804,-0.626635099816386,-0.693089463548265,-0.643887626925531,-0.13391253020208,-0.412945764355572,-0.112428979091578,-0.13400692488048,-0.681105854389342,-0.389737856419476,0.163273119870813
"LOC_Os07g17250","turquoise",-0.8175584600312,0.381860518147687,0.609563272007998,0.77349303122167,0.650041547699731,0.888558704177452,0.179652783224952,-0.0679611927690102,0.0231417010349315,0.133432973518908,0.462982551401761,0.269780363301079,-0.674701203666146,-0.794189195807812,-0.779145994237321,-0.694146501501214,-0.00100817064502711,-0.350725229297398,0.0527118984902866,0.164337254225005,-0.628811154452291,-0.160550001444547,-0.0351132446634136
"LOC_Os01g12230","blue",0.817511091865266,-0.335554751161981,-0.330124481122898,-0.52586795651821,-0.60010534845838,-0.8919603589628,-0.507656896408808,-0.166421283405996,-0.103429020284417,-0.402249473526571,-0.385229747539387,-0.482177832528985,0.360304475664827,0.516372160548492,0.90067640024048,0.704438825725755,0.221877529013081,0.331794858624729,0.378544413959637,0.2250694402711,0.69812393993649,0.215829244786411,-0.042720062851093
"LOC_Os09g27580","turquoise",-0.817325284465557,0.207413150662307,0.438938330627845,0.41418766450804,0.569892347434108,0.839217487350638,0.326177208482993,0.219394720786712,0.352570525445875,0.368761167724689,0.469767183236613,0.500441789884199,-0.255967865457868,-0.561619030961469,-0.751919491173855,-0.705762280637627,-0.17521899633238,-0.328279841150686,-0.295438233625834,-0.255034003549806,-0.744684747746986,-0.33408730719435,0.208988987925042
"LOC_Os03g03610","turquoise",-0.817305854863201,0.323692540138131,0.512115221567113,0.730439825257558,0.768123582733768,0.891841319483551,0.286521636058285,0.0992574328680856,-0.105234849726295,0.0939202058463011,0.549814664016463,0.463132009234452,-0.572994667931052,-0.69911951708092,-0.806455148373441,-0.6256071056401,-0.163414740592939,-0.568637180957171,0.0466135781953317,0.0429409146708875,-0.592904961342051,-0.170818689430049,-0.0317454087531239
"LOC_Os08g03870","blue",0.816980683549884,-0.336430693436427,-0.434218831116201,-0.518909892590755,-0.655561570739374,-0.934178019549218,-0.445047385561566,-0.219657106367966,-0.0303098320032035,-0.349735686013509,-0.426808911163793,-0.544060215923231,0.319352440474952,0.605359767927982,0.888428594755464,0.752512497329299,0.253207877297122,0.411135915008052,0.296063238549999,0.241968638289904,0.728766855063725,0.236528343980608,-0.0979630926302741
"LOC_Os06g48040","turquoise",-0.816914676389249,0.100593357497119,0.479746813675513,0.561814215799715,0.731658907362221,0.907668301367435,0.329904402929579,0.24350616502861,0.02146878583947,0.170412096966954,0.411095112882551,0.583589884951116,-0.358741335461112,-0.655242460576474,-0.839524152156786,-0.776969225311162,-0.338331727903376,-0.489627757695998,-0.117998573044367,-0.144155139968144,-0.655028723301724,-0.162243210998095,0.100022203391646
"LOC_Os01g49370","turquoise",-0.816693912651137,0.470669945341905,0.542477318024516,0.510633616547507,0.613419559787783,0.840691044831868,0.170965656489306,0.115480198328248,0.153066783581406,0.15551832755382,0.669757947514565,0.433907624333103,-0.437716437461429,-0.685598088298192,-0.701006895775677,-0.695543004476967,-0.140164460746856,-0.403689944101861,-0.0633098201934103,-0.110775762197967,-0.705721996046955,-0.385667876228122,0.160403235505906
"LOC_Os01g24950","turquoise",-0.816349178438465,0.174166622121953,0.656977869801482,0.561444289885421,0.520889375079158,0.904136823510035,0.135607296766419,0.00284973361805542,0.138853224103549,0.414294424655166,0.570769729703083,0.574115535279213,-0.27942771422503,-0.758760611907393,-0.766226798426817,-0.642588701088969,-0.0463457257642758,-0.562782390601851,-0.195152300714616,-0.145646922022698,-0.849789753377517,-0.385400098286592,0.32892060829292
"LOC_Os02g01930","turquoise",-0.816235102471222,0.276807920473746,0.278160504597019,0.559215108375726,0.750378765802092,0.874113779696832,0.533262505439866,0.307184291002485,0.0113033419101822,0.229043236319771,0.393861856427268,0.575603279464015,-0.41844490703816,-0.503444147947096,-0.872294227487468,-0.724126849169919,-0.368592879983142,-0.458081868121293,-0.23304699614111,-0.177994362436173,-0.582058470049448,-0.15223971572823,-0.0561459661397146
"LOC_Os03g20100","blue",0.815926606439138,-0.347474525723995,-0.594919927533448,-0.681801476327714,-0.666841017992027,-0.94795557811902,-0.269713956166519,-0.0460471612206016,-0.0306187472188216,-0.23121738731087,-0.419652353935934,-0.431730196200104,0.488865017613185,0.784117376007829,0.850756873921029,0.790782462900391,0.149686809646583,0.421249149320495,0.0711406970407573,-0.00309581218794159,0.678029094881716,0.148239184680954,-0.0557149962447426
"LOC_Os04g47690","brown",0.815671268874362,-0.332118455735281,-0.673985709863026,-0.62361925465337,-0.742297016206389,-0.900839465562402,-0.107513009777686,-0.124448838691796,0.105701369716295,0.0052756735908019,-0.50069643700575,-0.39386084680533,0.512772255430679,0.82533185911208,0.732611237922273,0.792862176507318,0.192612490605612,0.44797319298327,-0.16956409360489,-0.0309314909601722,0.646001823253066,0.239788722072974,-0.0312444193677561
"LOC_Os04g52180","blue",0.815562778558241,-0.327292976912971,-0.287879659608137,-0.649976996429118,-0.701869144963255,-0.863720542492278,-0.501671720630547,-0.184954281140583,-0.0484675284735479,-0.355598433842118,-0.612155874259607,-0.580768598622087,0.436739769771913,0.484251208135636,0.87995997893124,0.502664635191617,0.165278507649638,0.566337173016327,0.279698818673232,0.154633321584259,0.650960932568189,0.258958114133938,-0.00793234352706754
"LOC_Os05g06510","blue",0.815305700011321,-0.189476066759643,-0.538582236588623,-0.538731782758389,-0.513723238847445,-0.903944614580934,-0.287030166624271,-0.0317916487315044,-0.0544628229744026,-0.50811615021182,-0.477294128936224,-0.554445405377665,0.253335728275357,0.656203895624386,0.821145947092682,0.635003544250506,0.0531715680325922,0.473576783294027,0.332445868991985,0.200219999523156,0.827917929861495,0.363014924269481,-0.220356650019765
"LOC_Os07g47580","blue",0.81525149201616,-0.113343191494114,-0.367476376107588,-0.509572730284239,-0.593316760767929,-0.887339859299597,-0.416507642191097,-0.198196097511374,-0.0736528515297536,-0.443209834153617,-0.573655129117811,-0.682594434809543,0.212070585752866,0.514234844990814,0.878399842056147,0.608997810147508,0.258696898735469,0.549839688330639,0.396439259592675,0.310756907271063,0.772157464103688,0.352800526922574,-0.21574303262514
"LOC_Os06g18850","turquoise",-0.814944553077524,0.32622140330496,0.401760614952155,0.496601177340768,0.575114734593997,0.827246453939644,0.35447585889661,0.136371788872798,0.178695685738975,0.363562670611697,0.532592889824448,0.504318341956826,-0.281807506772095,-0.534609766747419,-0.761406475767356,-0.583750844668528,-0.149612635627875,-0.469382254892915,-0.280580706713738,-0.208858843877062,-0.694485586668112,-0.276235941621274,0.194127340573927
"LOC_Os05g50490","blue",0.814942616417631,-0.29363512174509,-0.209115914057346,-0.397527160633947,-0.722713065846149,-0.826593465869975,-0.527077443398178,-0.44234825604857,-0.11371989335586,-0.276448560919572,-0.625201416869142,-0.713389721059105,0.239811152183211,0.369391631680501,0.812572829834596,0.607505176907064,0.416063169366735,0.533985912168047,0.374518464907444,0.416381240863677,0.71112747735986,0.419679104008124,-0.115617695953124
"LOC_Os04g51310","blue",0.814501766431581,-0.296840319817614,-0.271786100134919,-0.466030270484022,-0.64099356970391,-0.882362919547912,-0.553036897807037,-0.279671758271395,-0.176004779901471,-0.386389960847242,-0.450177042236962,-0.599013968201735,0.272342475962668,0.471646066498117,0.885643493735285,0.720432548832985,0.362801527261562,0.424975910998427,0.414107079353186,0.307258491507939,0.68364422110523,0.197198413475535,-0.0878111858694935
"LOC_Os08g33320","turquoise",-0.814495228938807,0.251777400275777,0.706053587519947,0.611795179621507,0.609092694630159,0.921977871707471,0.0698389249373595,0.0125454378976984,0.0321600632888464,0.218105687866308,0.551761264234535,0.410325674447964,-0.458178824964399,-0.830393242402714,-0.776778431181765,-0.764946308160536,-0.0533803365048486,-0.387285306948913,-0.0247299742736868,-0.0460282756064674,-0.776519605703371,-0.387801245389452,0.172528005384941
"LOC_Os06g46140","turquoise",-0.814453314582167,0.41357708254294,0.432155242887521,0.555946942873851,0.750692208721487,0.900474037404333,0.395035432849668,0.288956450501789,-0.00168856261611935,0.175160202661462,0.5185972722276,0.509588822614144,-0.411822651971727,-0.609128409648541,-0.816775812079887,-0.735533568220608,-0.291291625341056,-0.424731033521747,-0.131965703132017,-0.161046196129861,-0.649961677661398,-0.246993438451118,0.0186026138033513
"LOC_Os01g62010","turquoise",-0.814080808466767,0.283548969904406,0.538365283369273,0.722613964339162,0.622998592701004,0.851914943881562,0.221000087430146,-0.0217559746432701,0.155083872137974,0.252656246011651,0.457917523177136,0.360967575761382,-0.573609105836783,-0.701200973803615,-0.778726339810246,-0.599143154411435,0.036520184305162,-0.368644600158157,-0.0725570103693331,0.0508190990371199,-0.680311034610624,-0.279615602374375,0.0362041870977117
"LOC_Os01g37770","blue",0.814063312806114,-0.180904739831341,-0.375558057589662,-0.605900140266197,-0.645958782547389,-0.895493047023673,-0.426601473883972,-0.149010002666893,0.0190846744062539,-0.395203773090137,-0.596354054357189,-0.70041807629376,0.334276876294328,0.561646855192963,0.885541126533203,0.593410612881264,0.242094494075897,0.670475141998306,0.319929881362545,0.216730797429835,0.714436715347328,0.280093113215366,-0.160194812670089
"LOC_Os06g06090","turquoise",-0.813943692581548,0.259831959934713,0.241901660809144,0.531308846375453,0.769502655388969,0.879483553878143,0.576352924890728,0.359729030857834,0.0381779099679017,0.254164316824028,0.417371324666657,0.536135524204866,-0.398545584529145,-0.440680880690368,-0.901902884644695,-0.704335757058756,-0.338591634226063,-0.335094913168496,-0.308152787415628,-0.25040462052395,-0.652238223964043,-0.256807307669879,-0.10570217187277
"LOC_Os03g55784","blue",0.813871548963949,-0.219928619907797,-0.376287209183219,-0.464399854057358,-0.528426349871688,-0.863009449367436,-0.417485491148589,-0.146855478886508,-0.158240131335304,-0.500948962790072,-0.587885388902002,-0.637567078098947,0.253630251679842,0.516959029202193,0.831264452036465,0.588837413470727,0.16432972689509,0.522691749648225,0.42232187736393,0.312724020381707,0.788934069994887,0.361465296720019,-0.237918065500116
"LOC_Os07g46990","black",0.813797668300577,-0.246676843122327,-0.614371719861154,-0.339338071087638,-0.491170297699442,-0.855572811196406,-0.0869116871397488,-0.150081279763406,-0.18052556147055,-0.341574757448816,-0.553202443275462,-0.478631630759746,0.193903439570791,0.685479275911144,0.710616506596598,0.765400796990157,0.137991729736494,0.30338811070692,0.216237257449883,0.312952848084504,0.886890064808927,0.609163904216232,-0.296432843883503
"LOC_Os07g07690","turquoise",-0.813229740120113,0.187019175755194,0.731455458017433,0.582325848768331,0.617575376770463,0.892748096917816,0.0235574526429257,0.0226652624308909,-0.0756413995015917,0.121139407690393,0.536063807205611,0.417063998581593,-0.452117622878575,-0.842374728551975,-0.711722018566259,-0.747141122032829,-0.0826892740783237,-0.443205263814739,0.070276511858768,-0.0127095283250934,-0.722680423755359,-0.332776422933376,0.190691602596686
"LOC_Os03g38990","blue",0.813056433097843,-0.225402579715775,-0.339191916003618,-0.478866482776987,-0.667301733023143,-0.916129282304363,-0.519569514177885,-0.30467973532002,-0.0500642345126999,-0.367965209417417,-0.341546617976089,-0.603857052603989,0.256033229962386,0.517153448222517,0.912108189190683,0.784604765454723,0.358861289134849,0.374375030444947,0.385510257014368,0.324292793112116,0.732135772433455,0.24209691941871,-0.0609468895589953
"LOC_Os02g11000","turquoise",-0.812510241182803,0.345339007273162,0.340805802973633,0.535516804529936,0.770140629985971,0.887560552469077,0.44479324239959,0.308661715173,-0.000559179078844899,0.155516344806067,0.439693655722182,0.476240459753426,-0.452239620924266,-0.546500233562636,-0.889062813690531,-0.785987977817645,-0.326703135138628,-0.300672176725578,-0.193095993878438,-0.199327654445827,-0.635077394522846,-0.290544041498451,-0.0730503065362122
"LOC_Os09g24590","turquoise",-0.812499841717833,0.196773187950237,0.319121453541151,0.332398273837546,0.559422218564013,0.832043087688128,0.464813837480642,0.309131328604326,0.168241979348999,0.412984178758103,0.499059988433723,0.650826489624353,-0.120801529778337,-0.445507616955437,-0.772780253856374,-0.630760452684549,-0.306595560387162,-0.46553369337088,-0.420169624835402,-0.388362798447476,-0.717374068481661,-0.322901558130652,0.258480708828193
"LOC_Os07g14850","turquoise",-0.812314940193022,0.0503503421210478,0.357846173260738,0.469840152713371,0.435138896895577,0.818543374915888,0.428896895832121,0.0365203261018691,0.104372709516572,0.566389722637998,0.541724567868713,0.657575317421158,-0.144819804949071,-0.478392023049849,-0.762812975903625,-0.495762856176637,-0.139282828008615,-0.587227334713621,-0.457250386306446,-0.268059055851411,-0.71243220895955,-0.233561434356096,0.323464988543726
"LOC_Os01g47750","blue",0.811700390875836,-0.307276346098314,-0.537520465314735,-0.626074250748494,-0.676135347570061,-0.94413094251325,-0.304564241006093,-0.137085360988303,0.0309218582334434,-0.272560437202289,-0.47865459866347,-0.535242005165618,0.408941411116341,0.69635543864133,0.878874922976769,0.742385924056913,0.196058065802908,0.455043768076411,0.187347522400345,0.151948706569429,0.745785464162141,0.271335436271492,-0.110386899911237
"LOC_Os02g46740","turquoise",-0.811279824075216,0.440223877576848,0.49609782008893,0.499881943023918,0.654979375172117,0.849855480843402,0.229167197540118,0.189719868234811,0.178364105077342,0.173921595283157,0.665921215262261,0.489667771609475,-0.390577780817976,-0.638209054472051,-0.736703209544115,-0.67610656983031,-0.197828254727789,-0.442505235621612,-0.111789830031254,-0.179955388459344,-0.709152225514844,-0.369923270849634,0.170755932852832
"LOC_Os05g32220","blue",0.811239581540133,-0.399452795602446,-0.454631640785287,-0.69600004573699,-0.750441599249639,-0.935036404074085,-0.408124908560586,-0.143943367537737,0.0279092910077757,-0.171852638587691,-0.42353416297678,-0.460067140072179,0.558676814079829,0.683150855140681,0.896823817235633,0.775017672564591,0.244238201832761,0.435544263046659,0.0953880725934618,0.0222993391048622,0.597693671765515,0.0810335595721207,0.046357406769816
"LOC_Os02g06300","brown",0.811191057125697,-0.168739411907394,-0.699759950463202,-0.587749205628886,-0.525203369623689,-0.902360306653685,-0.124680017428246,0.0408163746218322,-0.101055037701196,-0.306772187115062,-0.458736317556306,-0.474458372278995,0.328136502024797,0.818222927648269,0.731301355781364,0.74103148774137,0.0874601325604702,0.488709406967316,0.0779617580930492,0.0335811188047004,0.74363878982311,0.189618576495234,-0.278463851466414
"LOC_Os06g09870","turquoise",-0.811164508021398,0.318435241377372,0.479422031986057,0.420059455112264,0.640684710913306,0.849701955452477,0.246343433576348,0.260534896990594,0.0481671091124347,0.211242371699782,0.676179722505611,0.622071558799255,-0.246145369151432,-0.60491526825335,-0.722784987172212,-0.708353947343833,-0.312887473294725,-0.539037261404794,-0.170149412582419,-0.299358565120918,-0.746256240792716,-0.417653212217232,0.235233242695708
"LOC_Os05g15190","turquoise",-0.811029584422453,0.351164894804842,0.647605820351298,0.526178916010901,0.493244957170574,0.847966490438412,0.0828668946732894,-0.0390850985578465,0.0570306493167451,0.347229044907072,0.708661507269325,0.514702996239276,-0.32702614013981,-0.750497379363282,-0.671770249431613,-0.592635955390132,-0.0129626526167251,-0.591255227330064,-0.115010696798302,-0.113332830964239,-0.799305172212163,-0.436267978108003,0.318843778445835
"LOC_Os07g33110","turquoise",-0.810754162961179,0.356100338741968,0.524064063105584,0.36938203890955,0.68871744861949,0.863709512505116,0.227359123753491,0.337959187262773,-0.0386003968894194,0.0899023306451699,0.570442512342353,0.649057394539998,-0.236426183213049,-0.650790634754759,-0.698823234388475,-0.787068221822054,-0.433974529225585,-0.582212491522501,-0.0855734894815374,-0.297498386089733,-0.728748001254526,-0.311193819566363,0.245146190320635
"LOC_Os06g23800","blue",0.810727796240919,-0.044684635726142,-0.395537156566583,-0.359978306945677,-0.483724321058696,-0.853767267722277,-0.347583189514197,-0.188570502507033,-0.0169085597776178,-0.525091502228895,-0.540963013276899,-0.707621779680426,0.0824141316428805,0.502948520302077,0.80809113947458,0.635836956344015,0.254428207944531,0.522181180854492,0.49408766821018,0.447717158699261,0.846749498392638,0.480587201411878,-0.32953888052423
"LOC_Os03g15800","turquoise",-0.810638841502131,0.136267447759773,0.417697555658952,0.448191071757572,0.538126308845832,0.884825769468333,0.389476473759976,0.184360015864367,0.0710054249285616,0.468233294402048,0.507264406557824,0.658730517600817,-0.153793863484475,-0.540234110744812,-0.829150392464495,-0.672461479331916,-0.262003371336511,-0.523541078166803,-0.394800924203947,-0.325521115530451,-0.793370048383611,-0.290106117936357,0.25680001140986
"LOC_Os04g51280","blue",0.810359646226857,-0.412854842187695,-0.56066014549736,-0.670493789030797,-0.778531969304786,-0.931449729554368,-0.275301952562833,-0.152458848837773,0.0566545745969075,-0.0631909389698064,-0.437009547413434,-0.406152848976488,0.558647633342182,0.763964085031083,0.840093116218712,0.815219472196352,0.223233362085179,0.40780278356068,-0.0483249530278734,-0.0203759912424641,0.613913721337689,0.151541899306493,0.0403834620787079
"LOC_Os02g46680","turquoise",-0.809670092053189,0.480602258927243,0.461340669456498,0.532088857886762,0.642060573566559,0.833438035320565,0.265088241420173,0.155870899093022,0.103015975383814,0.185006314135755,0.677241097492273,0.48195467888644,-0.424466968582302,-0.614497509958531,-0.72186856162565,-0.641408434790134,-0.177621751764368,-0.456721582488285,-0.120336125268491,-0.146300422518475,-0.683345904365619,-0.363578636549023,0.13124194281448
"LOC_Os03g22890","blue",0.809396025503485,-0.344083639708472,-0.342932302063926,-0.634419112453843,-0.663291421648446,-0.896725311585819,-0.473475661079758,-0.166805412499615,-0.0606040999066637,-0.446983692685355,-0.580634590680487,-0.60634274436856,0.354838315864458,0.517711694902383,0.910496760459916,0.56604907031704,0.159150731504885,0.543963214431547,0.341062281517759,0.198933009705372,0.72455040225651,0.317211756024266,-0.0657024818259069
"LOC_Os01g40640","brown",0.809317679300893,-0.222112263852693,-0.731178156471224,-0.540955070318997,-0.456807228359578,-0.89791691925411,-0.0660767585974655,0.0734633278847589,-0.0547650547268915,-0.416926711988883,-0.509376306674373,-0.486363668038527,0.25006742068657,0.817239557348785,0.719362672051729,0.698570317150289,-0.00480854901294091,0.482527734285405,0.15950338237149,0.107606081703027,0.835453685619238,0.38290903461171,-0.350808725022345
"LOC_Os08g02060","blue",0.80908851053718,-0.260444588704018,-0.615999671966237,-0.641179508441075,-0.660663008593785,-0.959190081308773,-0.231974544764851,-0.0749111461090485,0.0282849577271028,-0.272370028157603,-0.434980009616411,-0.458140236862856,0.432540249725601,0.773863506570833,0.874634517658224,0.795703834750884,0.147967933123659,0.403488079996278,0.118005501089143,0.0911904827002226,0.752923451643056,0.28743011363251,-0.0924551069226724
"LOC_Os02g46900","turquoise",-0.8089355926363,0.387687694243586,0.508976477508571,0.544746203102285,0.61684803254891,0.855266213198573,0.225437504223966,0.100158721467728,0.152581006050885,0.233219663254926,0.660259817793383,0.463098150325469,-0.416507814056495,-0.651944122069147,-0.756967778619934,-0.653017619917302,-0.121723271675257,-0.422610736993427,-0.12836283741349,-0.13371043097479,-0.710872777823716,-0.369091450569101,0.151233695858172
"LOC_Os02g55560","turquoise",-0.808499299785748,0.207136105687365,0.52852736368955,0.694701546263022,0.63632833079516,0.913101113522965,0.290199392765401,0.0304819926119951,0.064210887184877,0.317123846734646,0.460864098595663,0.438555081853447,-0.502446958712358,-0.686669640826749,-0.866665663722586,-0.640038263561311,-0.0249687804291131,-0.389776094633318,-0.182637916671734,-0.0474768723250815,-0.747636771115269,-0.28408021213346,0.0401574560153578
"LOC_Os01g72610","turquoise",-0.808134447558878,0.142484010507228,0.470546064541445,0.474466150522463,0.519075101211181,0.904710419878017,0.333424434625332,0.127890334743161,0.118807021018697,0.524748783311724,0.511382333968857,0.632299782118967,-0.185754812117235,-0.598269488029126,-0.852964463378909,-0.653635994006713,-0.17500292202637,-0.495724807795595,-0.398596817053875,-0.303982824800819,-0.84347276259014,-0.430673605647727,0.243052264342436
"LOC_Os07g49510","turquoise",-0.807779925827636,0.404664364350366,0.619969874264769,0.665219289195915,0.585034824416561,0.876619711736109,0.161834529833899,-0.0474704793522952,0.0861673796034274,0.268217769127243,0.598266166486259,0.38913857417256,-0.490218739194999,-0.754872554869796,-0.735582646250555,-0.59232173926438,0.0101140629387714,-0.496255270553948,-0.0212365668191598,0.0312113147536386,-0.685362933497144,-0.272803623309117,0.153294291427076
"LOC_Os03g11120","blue",0.807589202465811,-0.34685435852062,-0.541573997866728,-0.724231537472311,-0.654855307717593,-0.954109100597,-0.340012097611936,-0.0282652644303482,-0.0928776756331598,-0.345546077615916,-0.422591797118515,-0.438044226078156,0.495803365434211,0.726146426072835,0.899485834299194,0.709543942728068,0.0734602952722939,0.398197255374384,0.174055550717164,0.0150428941011486,0.715825763466759,0.176291507164444,-0.0288653651759608
"LOC_Os02g02900","blue",0.807467647256069,-0.208415163416669,-0.49331127884612,-0.580697665295273,-0.545919718542154,-0.903020033555275,-0.334984767665177,-0.0289260404863187,-0.0857738253309904,-0.454528903412829,-0.531636048575768,-0.531674090924841,0.336363003793235,0.638176251527598,0.849959925231934,0.645414977431063,0.0948905597692586,0.481192612512622,0.304351136361512,0.178903422249772,0.749068637915448,0.293516253165529,-0.204371594050948
"LOC_Os06g44620","turquoise",-0.807188563024231,0.204154033778851,0.185350887867557,0.389918214864357,0.779986885991798,0.880236984623406,0.612608023318554,0.528908730009701,0.00822564067129844,0.289287451787954,0.469108924608868,0.804897425785742,-0.166552146627726,-0.377843655807878,-0.910587477996674,-0.737036777086548,-0.572920764266347,-0.542970645710185,-0.424754915762152,-0.479696832565799,-0.69241412355597,-0.306467624556015,0.0766934623419604
"LOC_Os02g52560","turquoise",-0.807113496099313,0.342509426242722,0.522922016249498,0.759932973530718,0.675148450193663,0.855963495545455,0.277250719929022,-0.0151299074516463,0.0544606974190491,0.151168795383838,0.431901228268276,0.372684471194449,-0.627906266172588,-0.724841362324417,-0.763441534569178,-0.617476770001373,-0.0523755983074392,-0.495666332718981,0.0307463237216238,0.161282700439542,-0.549380566633603,-0.0160669203937468,0.00527530073069942
"LOC_Os03g29850","turquoise",-0.806658251557439,0.201870261217218,0.623197086293223,0.399165722297953,0.507923407133027,0.886590815768034,0.128598495205814,0.13024524850126,0.116485236137144,0.365678790287673,0.463117769880358,0.492794419501202,-0.196577442875373,-0.71120859347797,-0.751451416881296,-0.818010535973907,-0.168559385706859,-0.323203503371743,-0.247322521359585,-0.286303206369774,-0.874795735623773,-0.496987107603869,0.273441026559087
"LOC_Os06g04280","blue",0.806434053715144,-0.133328666912476,-0.324199216849965,-0.413600716155174,-0.545367860230426,-0.850261804950138,-0.401950745226818,-0.255592476154335,-0.153439299544584,-0.549976866954033,-0.606342484546173,-0.740593865973781,0.136258497405585,0.44795157431243,0.851208516468351,0.593483634771564,0.245279275857363,0.535261936706976,0.510646016649561,0.431623045717846,0.858080925856131,0.537357740012268,-0.262828067893529
"LOC_Os07g49080","turquoise",-0.806415338072493,0.532584433261859,0.399573107488984,0.569170662623717,0.628209449301156,0.851196685032284,0.371596619638661,0.140112551895955,0.0820418976498726,0.305514620976193,0.633489963546485,0.485068834511266,-0.409775629627268,-0.562155032027172,-0.778939747822507,-0.597978166438899,-0.162236487033037,-0.478197173673958,-0.216298691218113,-0.135252197405584,-0.66335986919996,-0.263658811592321,0.0942298524422181
"LOC_Os01g72800","blue",0.806286078409731,-0.231116818098856,-0.584024205219077,-0.633502095556222,-0.580608454607474,-0.945675235159522,-0.268173247645661,-0.0289698580288958,-0.0595597784595682,-0.411095629612763,-0.420264432161034,-0.498353381295971,0.363531256347869,0.732248201866368,0.872239757977906,0.74946328072866,0.101660497496088,0.415146705819963,0.240352866476318,0.118996846656435,0.794822501886577,0.287592554475363,-0.152084389784127
"LOC_Os03g42530","turquoise",-0.805727956743755,0.473934859399489,0.555545649462754,0.600547896930626,0.646497718258887,0.848312511903126,0.180785836070213,0.0660546006323532,0.133255075084809,0.122278305644711,0.621725501744608,0.367875298080512,-0.533720354449899,-0.715825155469491,-0.720718617115342,-0.681452947448527,-0.0880831635107612,-0.38633396192508,0.00274564074550699,-0.00931487739755619,-0.650455543687795,-0.296549982438036,0.0825822625096475
"LOC_Os06g16420","turquoise",-0.805722901056032,0.015952922712637,0.454003435671383,0.484745323196674,0.707209105882476,0.85651713438957,0.293584491259526,0.280678878629867,-0.0948546039365255,0.0928747981452907,0.326033228751984,0.502991193812798,-0.395642583083552,-0.617230804220591,-0.790375889820071,-0.810134365984361,-0.324105206990607,-0.313749547824065,-0.102589097238919,-0.180831249008117,-0.6712448582417,-0.30532969271565,-0.0122709788203657
"LOC_Os06g01260","turquoise",-0.805613886421245,0.202952059415821,0.325423592747672,0.464645273146037,0.708669009816075,0.846100281714188,0.454959335864679,0.316980962036804,0.0610863565875676,0.218410404773908,0.450672615793907,0.595058437129387,-0.312231585951785,-0.495784841490529,-0.8094748732937,-0.683643867673842,-0.34414916764014,-0.468138604594722,-0.236727016096652,-0.247385537866067,-0.658147273561204,-0.22390924440072,0.0610055764748671
"LOC_Os01g07760","turquoise",-0.805409051228092,0.149439597604672,0.477735946725659,0.445070224781966,0.662247117388527,0.901150995466981,0.306012497710168,0.285655097582833,0.0554696105238471,0.243680972475267,0.31577268452661,0.49552067754162,-0.30879841690488,-0.613546058415811,-0.847801304505416,-0.832963089970156,-0.283674951545069,-0.237030086718631,-0.252769489079019,-0.286971762344477,-0.780098782910451,-0.383633782143214,0.0808688852924613
"LOC_Os03g05360","turquoise",-0.805341483587354,0.180864579986607,0.720432029205688,0.428013089903625,0.413536471325101,0.845140328727022,-0.0225384030630984,-0.0538899393581398,-0.018076878215356,0.337291003702877,0.597818169146995,0.418687280703935,-0.250703246242811,-0.779711717773499,-0.662634989175305,-0.693559844996851,0.0240836469811435,-0.358082938502149,-0.124664525623032,-0.161720749584997,-0.837795023070615,-0.556684134761335,0.341431567626557
"LOC_Os08g23654","turquoise",-0.805151490917252,0.349204822443439,0.467189909537529,0.518036127011555,0.609735279947762,0.800564355677967,0.220298570160945,0.0988222514035063,0.0423154265289544,0.155034572690394,0.704899614067929,0.449359108012666,-0.441688184490693,-0.62451084580595,-0.68721676944535,-0.611802444577578,-0.141662347655709,-0.474519890405982,-0.0630257521972782,-0.0949938190646674,-0.609711529793033,-0.328772804203373,0.142232803401342
"LOC_Os06g50130","blue",0.804552256053643,-0.19512344940198,-0.355017946509892,-0.631101228221969,-0.701940629756057,-0.866579383197417,-0.415704907864998,-0.164635053307026,0.0756318491397391,-0.26651396250134,-0.578607031614661,-0.619482499542733,0.396236746492566,0.555256923253422,0.861433518862423,0.610126344600935,0.257824173266233,0.619118293065214,0.206930462169767,0.144307371152833,0.609713191799717,0.222632046573466,-0.0718014633665132
"LOC_Os02g50570","turquoise",-0.804058506952357,0.0285230080748225,0.475415205041519,0.228327092788893,0.430142551888446,0.833337107387116,0.240032829222834,0.227987054937395,0.128269646025911,0.462271943680686,0.572873305759074,0.741017095439262,0.0441146918368217,-0.550345355288023,-0.710479963894082,-0.714814325121712,-0.340346490818428,-0.521010869889508,-0.425353822535631,-0.490209213607242,-0.857074477994441,-0.501703704170398,0.472448706840675
"LOC_Os03g14250","turquoise",-0.803927519413599,0.279923045151413,0.0959892740616764,0.417857638577728,0.598255592993332,0.801367712303326,0.669714895503824,0.337509631165586,0.13760578077879,0.50324235328497,0.574864389738823,0.73811576298238,-0.180647645621075,-0.27343136918674,-0.836700904361888,-0.504431299336251,-0.37076640113399,-0.574937275584283,-0.557139588926458,-0.409923897178718,-0.6727113080611,-0.274247170050894,0.135729582783391
"LOC_Os01g03600","turquoise",-0.803383813607624,0.248097164580897,0.393008590259244,0.550121711426403,0.683427755948114,0.869987633179376,0.403277395669869,0.195028635774045,0.0559348813276545,0.200624388957566,0.360108039586283,0.432584567551072,-0.412270524878323,-0.580036509230206,-0.840411765749416,-0.74456874121213,-0.280164099180353,-0.342914163290255,-0.167564563315569,-0.120921311690782,-0.578944596151478,-0.126497835994223,0.00362299486535404
"LOC_Os05g04500","turquoise",-0.803221291426333,0.146363818134196,0.546714731921911,0.493860963124612,0.474956965360846,0.81581713468716,0.169487948944297,0.00857998976922362,0.216443721971065,0.350208727598229,0.465361272807688,0.47159261042274,-0.303867329205116,-0.650892171038789,-0.704565542312128,-0.614468127795776,-0.0537627293629134,-0.410577698582009,-0.228885463535711,-0.137866292967387,-0.795361674557265,-0.34300876623503,0.264310566027359
"LOC_Os03g20420","turquoise",-0.803097913042063,0.476273889883618,0.327866304182878,0.616002425939801,0.810008774868728,0.856893615794591,0.474072568229739,0.310536508034922,0.0711205310504606,0.124143900116204,0.463067823043414,0.494349929921027,-0.461367538497737,-0.53640119728826,-0.81090572030916,-0.685447022163862,-0.333623361146894,-0.468234194152954,-0.110499799043359,-0.122565802668414,-0.579201108862381,-0.126669983094713,-0.0846248573771095
"LOC_Os04g10380","turquoise",-0.803053067853476,0.222745154831449,0.724762840712803,0.531835728107075,0.600403024397222,0.878489833417359,0.0316781321394337,0.0375221558586017,0.0106019941428787,0.11099434091033,0.540233371256981,0.438294630630261,-0.380917608068468,-0.833120359581275,-0.683690173596758,-0.75673523837473,-0.138912434146543,-0.479118424173022,0.0865711990745437,-0.0370063201906625,-0.699235639708838,-0.250463139525127,0.261301966122907
"LOC_Os04g02860","turquoise",-0.803033147017733,0.0968523448575833,0.72694483209898,0.430661118353525,0.533926880232537,0.82429347704747,-0.0409343443887733,0.0722746634131216,0.00182993052975415,0.11677633503899,0.450038669580462,0.397553697319247,-0.24687276212358,-0.788561801643629,-0.609540663205827,-0.784545140389157,-0.14988849617674,-0.349330515378386,0.0346221031674863,-0.125658111855588,-0.754661052123819,-0.381570154050678,0.263853514199441
"LOC_Os04g15650","turquoise",-0.802912842444931,0.0641121900339076,0.622898486690964,0.407099457389947,0.568683852451461,0.848154568476661,0.0908555093755121,0.166633437683408,-0.0138330973081153,0.230071558336129,0.452845559947218,0.477260383181645,-0.228542336875315,-0.695954421073123,-0.700464994257859,-0.775999545373184,-0.181613134763544,-0.331165319119098,-0.11994364674496,-0.236441253398661,-0.808312225235036,-0.476207934418759,0.212573103304436
"LOC_Os01g13620","turquoise",-0.802674889183173,0.500449491673288,0.416117452048633,0.594411082702148,0.598066364194734,0.833847781717769,0.327372374867735,0.0779948105067985,0.156106779834032,0.30064658652094,0.573062367423268,0.433532084872791,-0.443442786426326,-0.591564977034292,-0.756059693525057,-0.615146458680168,-0.124748629176088,-0.419549103675478,-0.185330713763317,-0.0684649107070875,-0.658773409077636,-0.263448731107447,0.0630025779535999
"LOC_Os02g41650","turquoise",-0.802608275300947,0.130419885985215,0.465214461092936,0.687609717608317,0.513646493270864,0.835821283083095,0.329502110761573,-0.0921299739125812,0.0817897282137992,0.412743040161957,0.375202561310676,0.394620692397944,-0.472557246055367,-0.631144720763109,-0.778991261938417,-0.549689863539693,0.0327673395186638,-0.408285439326804,-0.213032145951131,0.0451229491597538,-0.646836093420359,-0.151775558135827,0.0566121825297797
"LOC_Os07g30020","turquoise",-0.802452521467659,0.172014642204233,0.391155254436851,0.449464145331894,0.828631597327,0.918415305260696,0.415788690932079,0.471480246193262,-0.0507130070886227,0.0791446143759294,0.380735434542347,0.645702011712456,-0.306288915284438,-0.574505135057464,-0.877638394942377,-0.878204190302345,-0.526659243971266,-0.414786157348414,-0.16426095213856,-0.318865237143737,-0.685733739366371,-0.26650413058541,0.0107003429326114
"LOC_Os03g02380","turquoise",-0.802333357835173,0.183174320801218,0.303607748105721,0.423035165649541,0.678685336392788,0.833007129528324,0.453945386692508,0.363122214845248,-0.0385101772684689,0.354322175378714,0.502752644757351,0.708527697631078,-0.160418855221919,-0.436439467360057,-0.796143706379034,-0.580031446902042,-0.352469605323204,-0.5780281062743,-0.350148048405502,-0.393950411883326,-0.737846855022892,-0.414816468404965,0.118869897324451
"LOC_Os03g22160","blue",0.802295102249136,-0.31059098945093,-0.605480398489233,-0.675534764097109,-0.632569557723019,-0.914978448319124,-0.238325694282626,-0.0234614733849857,-0.0238084583476801,-0.253669830141448,-0.416606464266729,-0.474933414730316,0.446283680119201,0.773800009837388,0.803707718674281,0.724731109544391,0.105176697139635,0.485026862012334,0.0819149955931938,0.00382638266940293,0.697023965727646,0.174752710414757,-0.115847664543072
"LOC_Os03g62790","turquoise",-0.801780562509743,0.241903902544367,0.296893763918336,0.427611335629394,0.631089377045092,0.884913714615064,0.524089343793351,0.333720639151373,0.0605651067631236,0.462315940145107,0.381766449828873,0.643850289991323,-0.167681861886107,-0.447211144913091,-0.892287818812277,-0.689647444035265,-0.317703346375345,-0.391671315681009,-0.481014596779583,-0.404604962854847,-0.783937471323912,-0.363147693058648,0.0938287975765481
"LOC_Os02g02050","turquoise",-0.801736982764399,0.20696231091709,0.542583148021105,0.539628512924165,0.691180214866888,0.869510520642971,0.203341367348109,0.16908026448978,-0.0821742662872165,0.0954762961484682,0.595799999069847,0.54130027558567,-0.419845087972073,-0.69898089486109,-0.749962049206165,-0.716538555427919,-0.259675848067668,-0.556808687749215,0.0112160139859378,-0.0937898609615009,-0.642218368396045,-0.26908025030323,0.131220644015204
"LOC_Os07g37630","turquoise",-0.801655100021386,0.174714974158222,0.733935036424232,0.556769353219772,0.470992582610104,0.881775423527207,0.047402123994045,-0.110437710487416,-0.0767160934334033,0.344459275801431,0.548618226583923,0.434877272788098,-0.33119478691627,-0.81711678050129,-0.701963824620883,-0.653179947970022,0.0476452466367138,-0.463148460817461,-0.0757685797536552,-0.0414494818213562,-0.771547188939476,-0.358401653767785,0.2754917158146
"LOC_Os02g10080","blue",0.801599355388832,-0.318830253829942,-0.339327056964687,-0.544402088566169,-0.682705784668153,-0.895770755331709,-0.46607819299223,-0.251617674888312,-0.0650184958072188,-0.308975483617944,-0.432233236498728,-0.587644661536448,0.369680440954211,0.53533556651153,0.909618458478352,0.744543168009908,0.312954288113255,0.433873830748945,0.335362204356974,0.254555794987157,0.723854591800739,0.267132112542639,-0.0537154974954579
"LOC_Os02g35970","turquoise",-0.801466903549699,0.251003830047384,0.346063587630836,0.510111947648997,0.637968569263405,0.84718794561782,0.434013449628959,0.206615888480491,0.0835450078232523,0.288575414699548,0.3319828603031,0.450435371979231,-0.375413905021798,-0.530808788020412,-0.84339314766469,-0.731574719957949,-0.223927478455476,-0.248542823314953,-0.297077746620617,-0.201071689234896,-0.667564659261012,-0.277931892652116,-0.00928315541518079
"LOC_Os07g36180","blue",0.801124130868122,-0.299615780573667,-0.482467506774556,-0.629474058187414,-0.561309677103414,-0.914537108321273,-0.366255652435932,-0.0213734648804816,-0.114113452729648,-0.460811748997696,-0.499429388514802,-0.557221193197668,0.359419583874502,0.646714303825629,0.868642193908352,0.621789271779211,0.100217162565629,0.528834184990171,0.304751606034266,0.139262252354903,0.749217319555337,0.22477951327363,-0.179929053979987
"LOC_Os08g42960","turquoise",-0.800993782113141,0.136755228657571,0.7058611778148,0.568923504374539,0.631952700889403,0.837507773445703,0.0174565556737745,0.0473851787983703,0.019909719325771,0.0784447064545113,0.42053555705671,0.322823446805953,-0.462818549102845,-0.807769401393132,-0.653883382832518,-0.722365903285435,-0.0209272231277651,-0.315949955214792,0.124264618943512,0.0348269640965229,-0.690652713194506,-0.3428348844299,0.0864836002355265
"LOC_Os05g44290","turquoise",-0.800692770895707,0.386513626230497,0.240639710015502,0.473293833922765,0.741537796840452,0.876175421178946,0.595578720918698,0.414065262725292,0.0657301656026691,0.264607649103785,0.397562914574362,0.584129516542636,-0.301861085819726,-0.436494801229871,-0.869992353131809,-0.728517695623141,-0.434898382255523,-0.412187852079025,-0.319932480071492,-0.298674055819103,-0.642320154767533,-0.171312995867852,-0.0414316990307975
"LOC_Os06g36990","turquoise",-0.80053604552773,0.2640974907516,0.439134416647679,0.301022050352185,0.39858539860091,0.816862741691512,0.309952039511645,0.105308936027658,0.0902984221343291,0.510997486634073,0.649463920831002,0.632955680703561,-0.0802580401498853,-0.532421180617906,-0.718670201522237,-0.577340163597569,-0.177662557029347,-0.569234226402278,-0.392519393396643,-0.365399945246713,-0.777978337215705,-0.403535286472934,0.402210328783726
"LOC_Os03g04130","turquoise",-0.800222062848717,0.169330376502717,0.43166090559227,0.428762635633629,0.741665714355562,0.893166128102625,0.332745834207462,0.407362360670663,-0.105269639269606,0.207621089644689,0.439525691280207,0.659504968463974,-0.224518994511487,-0.558105275575696,-0.831155586656297,-0.793386886010672,-0.398317748294402,-0.411769066242874,-0.239597870581247,-0.364189512980821,-0.786166665919158,-0.47043189900534,0.0798048565271949
"LOC_Os02g45820","blue",0.800122640437262,-0.263248369319087,-0.487400901206884,-0.663154412008995,-0.747643395644878,-0.947407614531861,-0.346664892021889,-0.196161367094604,0.0217075088396246,-0.267575415313229,-0.455574769193748,-0.58238336016928,0.406158937115694,0.664953583939394,0.91578830230739,0.73824765822999,0.250449565781525,0.50738860211264,0.18201589962018,0.149269512311058,0.733593531211843,0.267904195073265,-0.0414758601121514
"LOC_Os01g16550","blue",0.79994483933142,-0.153099742922108,-0.598996792800748,-0.639600367606095,-0.627657629997278,-0.932423789643783,-0.213045522864782,-0.063473246192447,0.00469345696640205,-0.343125458078968,-0.530610088531772,-0.550251114954354,0.349170286017043,0.73075237092012,0.846898157366799,0.679310049857505,0.120316467792791,0.534096994367324,0.16274157763793,0.112267677454229,0.783442958341838,0.318434796918848,-0.166392985739938
"LOC_Os01g54600","turquoise",-0.799921098015286,0.215197655785712,0.635861052746741,0.517991053966234,0.68955691062778,0.913302529948532,0.163529225992496,0.210456901890121,0.00404542821489723,0.130082033949816,0.456261613679971,0.551361809339323,-0.337835380002211,-0.773811523029057,-0.764390984219147,-0.840418342468965,-0.278291777516762,-0.478152866648887,-0.0399228483354716,-0.153450053382517,-0.743898039843718,-0.279099948109979,0.189592720620121
"LOC_Os07g25410","blue",0.799906180317941,-0.317941480392705,-0.49272167386501,-0.567750517542482,-0.530436817645704,-0.909311428570742,-0.335679142185033,-0.0393410986699342,-0.186543219900859,-0.479802686639176,-0.435257901922876,-0.459923734131443,0.339038487726039,0.633031946321039,0.864091728948261,0.6830832267932,0.0626413121283168,0.332940330286941,0.351060309483536,0.185069342693832,0.793314140167982,0.305395769515336,-0.172054047778753
"LOC_Os01g20890","blue",0.799294250157957,-0.185135607501538,-0.486860069797292,-0.546635112953281,-0.611616841992415,-0.920305084281019,-0.347095797418533,-0.184296575236391,0.0329240279300588,-0.419945024831845,-0.424491107449334,-0.605778483647522,0.243197835325926,0.608468968711674,0.862569132835536,0.703864776090708,0.222533468651186,0.461303562139736,0.314446643289783,0.260930696368839,0.794110795388675,0.324771252320834,-0.166350590295682
"LOC_Os08g38086","blue",0.799194131545502,-0.264674929697495,-0.361824566335596,-0.615735743221985,-0.676296385204117,-0.938262040319552,-0.505483899845286,-0.203194397342981,-0.0748459194578059,-0.434620201777708,-0.419944984036601,-0.579489296110407,0.358486882891732,0.551852471527961,0.96185188566204,0.696658734413015,0.223490257561615,0.416637328230264,0.362945107028355,0.212151263506107,0.730029170121312,0.24289742806243,-0.0173338920925927
"LOC_Os05g02880","blue",0.799105067431931,-0.135862428580257,-0.257891265790821,-0.565515213408011,-0.653509376686603,-0.837925206948375,-0.468731796736108,-0.226180619994563,-0.0346541773772997,-0.385514352268566,-0.539450301745719,-0.646969513250208,0.34830708391066,0.428464496546264,0.891235848058432,0.574285571290736,0.246997990257846,0.490280207398401,0.401020326412419,0.273925743290271,0.711800646104937,0.370250104856228,-0.0728628282198022
"LOC_Os05g25780","blue",0.799095241626276,-0.175622544852605,-0.67339615049142,-0.692972410842663,-0.649811900459188,-0.918666012348822,-0.125735212722787,0.0159483473658691,0.040520389176542,-0.174766499897417,-0.463332560225265,-0.415129988822879,0.500583926448296,0.828408326559781,0.801809698049816,0.744698889036372,0.0747530371256201,0.437530517952339,-0.0330560074151234,-0.0468914994669934,0.677285001090851,0.211778035626566,-0.090942389601711
"LOC_Os01g13190","blue",0.798290963198381,-0.224146871601546,-0.598033949336844,-0.614532704122383,-0.549807335609077,-0.936245009582918,-0.24687559508591,-0.00474707708235483,-0.0968320902824087,-0.416492284746939,-0.460154958132781,-0.50887889944251,0.338811060486285,0.738768480117998,0.852539286114364,0.709160746370073,0.0732615636460102,0.448854562971834,0.231309713419017,0.106742653975237,0.785057147472163,0.263550543250941,-0.209525538113042
"LOC_Os03g02410","turquoise",-0.798209438063678,0.30733414117292,0.519018462455928,0.576478578711805,0.617242407979585,0.90587627011983,0.270561394082236,0.119384815949472,0.0508076225490191,0.328457840484394,0.475757305541371,0.473291931049892,-0.397770903976,-0.659953130290759,-0.84663385766486,-0.711942268250414,-0.124070233488745,-0.352643001605496,-0.228544300547944,-0.168917891145366,-0.790302968469813,-0.400753524015056,0.0942487362993287
"LOC_Os02g51900","turquoise",-0.798164199953548,0.110932510648976,0.633590539172599,0.481620350341403,0.576996047525063,0.873604496514521,0.129377283724792,0.126919786955959,-0.00762739723749694,0.24895623668295,0.538447283364646,0.604081922122457,-0.220380162274385,-0.72991029327287,-0.705718332718694,-0.702933621534721,-0.224915572762256,-0.583653552281608,-0.100261832370623,-0.191821095663569,-0.77692403539721,-0.314068063740656,0.293598647614803
"LOC_Os02g48990","turquoise",-0.797882393442983,0.0917278526444836,0.423442006432207,0.36631912809559,0.444100385777158,0.842875935070171,0.317196667163852,0.14565106684203,0.026762935585791,0.555689121485432,0.626144908783404,0.70535256445731,-0.0232493978494214,-0.512348853023292,-0.772032762994662,-0.61464716653258,-0.23799271603516,-0.558692217100597,-0.465381505504112,-0.411822432212172,-0.822434929268504,-0.459605295333663,0.398236850295382
"LOC_Os01g74190","blue",0.797425893208445,-0.377829899675009,-0.501615135729697,-0.71132011762744,-0.701732353887799,-0.943621995994903,-0.367562118522188,-0.0820917118092876,-0.0111882039473992,-0.242463541704662,-0.353195496432052,-0.388328595552238,0.54390818471208,0.708337580072793,0.909304272032682,0.770132893245423,0.144771117445828,0.33215490069357,0.131293448677377,0.00489186776163284,0.655069465043362,0.123360763361766,0.0644559675263562
"LOC_Os06g44540","brown",0.797366422073975,-0.225459471610292,-0.77244816164089,-0.620492237428923,-0.468169077675088,-0.803594782155578,0.0846560402045051,0.186882448010765,-0.047220344201086,-0.177051236019486,-0.522907651886651,-0.254189698695056,0.502531458340068,0.851439187228666,0.597961606362337,0.599761334735821,-0.164272692474055,0.365079712316703,-0.0961383760859791,-0.113965148681431,0.721956672786197,0.355991892510024,-0.209725956742512
"LOC_Os02g49760","turquoise",-0.79701741050049,0.17581292819953,0.248321062743581,0.468473643884138,0.810401368817518,0.860973696147951,0.526849611632773,0.460779991242583,-0.117630953614857,0.142311927307992,0.465898633235941,0.749531736649731,-0.258465483624263,-0.441692704750727,-0.853570814565042,-0.711319878480024,-0.549917869370373,-0.589100696958636,-0.246448053132903,-0.335455711371327,-0.605232435039308,-0.2197136663917,0.0381863729545359
"LOC_Os06g04530","blue",0.796132196338242,-0.285662044686391,-0.592594117680341,-0.668225239257311,-0.491603766679222,-0.904646147699368,-0.232498310325521,0.115220657098553,-0.0928296621971383,-0.484581042134878,-0.485830888946,-0.406012833572446,0.415047797973628,0.731533396336868,0.827229592934595,0.626433564937193,-0.0837841229439039,0.391995859151269,0.227664294788858,0.0223338307546406,0.760758993105177,0.299496931356074,-0.154206431649727
"LOC_Os05g34760","turquoise",-0.796080147843159,0.167533700283621,0.165904674490479,0.418211839637578,0.616288605262808,0.83737807508942,0.625615980613169,0.320992481860572,0.0297136898519636,0.437607714670393,0.502303236031481,0.714429860981218,-0.204534600869308,-0.341879530230811,-0.890505295289336,-0.590921401193847,-0.367417174942684,-0.52828322582575,-0.509275031178129,-0.406082343066456,-0.666131713957542,-0.219460712444142,0.138395179946534
"LOC_Os02g30230","turquoise",-0.79589421516904,0.305334093981042,0.684990037598288,0.684068853385187,0.655703838491972,0.921717426251415,0.110916150761829,0.0209983615695944,-0.0117640410084312,0.185700884265186,0.461055424500148,0.440068106403398,-0.494220823062642,-0.833020788128435,-0.790994328074039,-0.752012988896454,-0.0854138928862515,-0.469618769572716,0.0149979081535833,0.0153271868547896,-0.754938142425097,-0.274355892923953,0.0937122685729675
"LOC_Os03g18140","turquoise",-0.79556913163749,0.240167694398051,0.499627179386097,0.800056133916981,0.546637829329195,0.815340084791308,0.256592054240116,-0.154191909954504,0.0488571501800069,0.347505375685613,0.512276463261952,0.387319235307582,-0.569183257435471,-0.659628847122375,-0.741809448587904,-0.433563261361015,0.105554250236475,-0.556135123750179,-0.0713294062617362,0.157847026909632,-0.613337612665215,-0.137654533302997,0.0324264430248565
"LOC_Os04g48020","blue",0.795298704041455,-0.343124896075975,-0.453739508086728,-0.68721779644357,-0.646516679918971,-0.861601011296187,-0.342576379142664,-0.0328551280076116,-0.0401917081674783,-0.247142110817415,-0.358327564372124,-0.290604106259169,0.577030862882164,0.651463460400723,0.821994385374873,0.687626580574248,0.0441217134044388,0.257107792123208,0.111017580173767,-0.0332107848237814,0.59413185921267,0.211451474165696,0.0910794091894382
"LOC_Os01g06020","blue",0.79513595034185,-0.313089205741124,-0.407648984491062,-0.706052951333404,-0.633188792880454,-0.911806383017203,-0.453437817453529,-0.0550091860949789,-0.0966395181376384,-0.402864343705723,-0.41881834920999,-0.501298306332439,0.447912586486568,0.610667802966565,0.910560355537729,0.628485488089961,0.127332971792118,0.472483098432366,0.271769510749122,0.0567342118953114,0.658792128932787,0.10707520659754,-0.0336112098287351
"LOC_Os02g03830","turquoise",-0.794986731764952,0.251173108443426,0.482544916800809,0.51626388613613,0.491350249697793,0.839146913334295,0.261599485394854,0.0431749764949141,0.175850091256673,0.470539077627134,0.501362643351831,0.562649854582548,-0.254748046150931,-0.611071810786744,-0.762313225719548,-0.609953680600888,-0.110263472099469,-0.510501012247766,-0.301248990476905,-0.182972697640609,-0.751970939952311,-0.327504556791914,0.27859455628594
"LOC_Os02g35130","blue",0.79479135301022,-0.323370560251045,-0.507738197728283,-0.509475088735586,-0.580648948178153,-0.915589602355886,-0.299379877075758,-0.135295259759855,-0.114891173822726,-0.393034872776179,-0.515229210627744,-0.558752990206779,0.312797726687558,0.65660724903209,0.856304149921434,0.736670641468669,0.188556724202997,0.445040787479193,0.28311066764608,0.236401381845944,0.798031082860808,0.365335404555711,-0.189409721968602
"LOC_Os07g39280","turquoise",-0.794771023283069,0.278377238004008,0.543260998399463,0.623105604607808,0.677035793353588,0.890629186916672,0.272522810249194,0.122661663020774,0.0574726468190871,0.147606711042206,0.333440977506163,0.426420804711177,-0.439280932780436,-0.719670649134153,-0.785378222325342,-0.798113684296634,-0.219258848622543,-0.359145786974207,-0.0631447028784146,-0.0236563221373305,-0.640809491291549,-0.105197114345984,0.0593176832674113
"LOC_Os03g21370","blue",0.794119772762639,-0.311578698050788,-0.570532750488098,-0.736925298281502,-0.688419716335657,-0.940697957932377,-0.287976585904464,-0.0238883840445378,-0.0158432228567499,-0.218135945510074,-0.365864162627121,-0.39406437824883,0.547204485308964,0.767016381848161,0.877758681167642,0.765379751382462,0.116935344142242,0.38743776603269,0.0650274436980205,-0.0428429260243006,0.648447222159954,0.107210385415731,-0.00245243510986671
"LOC_Os01g18860","blue",0.793922147300147,-0.173313581345643,-0.112659646770543,-0.444050981586499,-0.578824601748991,-0.749585714020814,-0.556910796642868,-0.275644787672119,-0.112449616212795,-0.437810989349863,-0.563378113104602,-0.633917344611665,0.272981793209719,0.28156489804871,0.805778646203356,0.455538194785986,0.257607594272361,0.493552055255906,0.479956647238432,0.367868544769145,0.662740810357447,0.414272135261572,-0.0597995052262978
"LOC_Os03g46330","turquoise",-0.793804893100855,0.354406885319827,0.59007263004295,0.594907154949681,0.586988482210079,0.864809021145461,0.185497835923962,0.0255874629731202,0.165321230957346,0.254324829355101,0.579926489792038,0.439235684227119,-0.399717167264362,-0.728417302933686,-0.722443600326076,-0.618076461546116,-0.0646077884070917,-0.505143000309964,-0.0612499778397698,-0.0447010001670095,-0.707017963089592,-0.251781982144569,0.195035784852303
"LOC_Os09g04960","turquoise",-0.793614430292668,0.253283916503367,0.709825419689674,0.564244916698415,0.472931210719536,0.836130883710299,0.0118406242163321,-0.108350001653242,0.023785535910838,0.281472053867106,0.638745001936077,0.492509829474276,-0.365533023524303,-0.81139914007278,-0.645120386369987,-0.594476020635439,0.00562614788842113,-0.623264477301735,-0.0159301750717056,-0.010387361036742,-0.741566164527371,-0.321650158375285,0.355649703289869
"LOC_Os02g54624","brown",0.793296145619702,-0.292751622269501,-0.710399809708687,-0.65669208394256,-0.609540007748357,-0.844146231981837,-0.0060546848047535,0.0275410056442141,-0.0371699818708108,-0.157824801046852,-0.51113445315745,-0.414895428055332,0.4571414361339,0.822576890114805,0.673636127778843,0.640702132608161,-0.00944762440796084,0.502277496774919,-0.0776900725882307,-0.052499195153761,0.729986644452268,0.331238913875629,-0.157239544276212
"LOC_Os03g17740","turquoise",-0.793284025535159,0.212083354763228,0.660280660964876,0.478442531098002,0.407098407426303,0.86653419864351,0.108168706050187,-0.0468564040123999,0.179927863152564,0.436942770432319,0.429525773327314,0.37987616845779,-0.263301189485935,-0.746692919402313,-0.707654968319325,-0.739247208251099,-0.0122560722262147,-0.284456882539181,-0.22465908907169,-0.135743610211206,-0.817790929096423,-0.387512662047631,0.296502069336191
"LOC_Os02g50840","turquoise",-0.793215973516724,0.162932119953471,0.721954217567841,0.647273922471212,0.573232417094473,0.8805972384272,0.0176883698054325,-0.0638925329737429,-0.0383018151073848,0.199906465462654,0.583079424964428,0.450862054818259,-0.449317315670712,-0.841267201800946,-0.718497067763533,-0.674525812930935,-0.0376220664797481,-0.552294800865375,0.0422980547500026,0.0236409375096928,-0.722135448963202,-0.308818577542227,0.227242277253064
"LOC_Os06g21110","turquoise",-0.793087641959929,0.238307295091473,0.225234920140377,0.637361241984422,0.716912720225805,0.848679171749525,0.570436478696842,0.230313426472397,0.0565478524996331,0.285523676219093,0.480324108612711,0.636501417096173,-0.410477603756158,-0.44777628533316,-0.887636207892347,-0.563384214875711,-0.318268376110012,-0.592642259609361,-0.308833308825239,-0.170093175516506,-0.570393660172303,-0.0671244357372273,0.00615333897405817
"LOC_Os02g04230","blue",0.792759779586404,-0.113040367106089,-0.152601885888303,-0.48122583954959,-0.684387147604403,-0.809457775608809,-0.585660918814783,-0.334704494132181,-0.127030050272263,-0.316259407746674,-0.497295431978029,-0.689413742798113,0.297447988298149,0.349564584192015,0.850303109401887,0.556418750009374,0.403755928790439,0.568103453154685,0.37176049136905,0.303763324769679,0.609106522615263,0.193394802329364,-0.0338069974950461
"LOC_Os02g42960","blue",0.79268185878695,-0.251762043131708,-0.527374640308061,-0.635330294141251,-0.755880453931089,-0.921949273526478,-0.292899524829075,-0.195521381410907,0.0209304203195136,-0.107499921444258,-0.4474323560629,-0.545220794529811,0.439680634647121,0.727960976741247,0.838334262200268,0.810012950986901,0.329406641433705,0.526870597206907,0.0349814149880404,0.0709989374741601,0.633956536230184,0.138152726727915,-0.0568172316060613
"LOC_Os01g55290","blue",0.792637137218092,-0.361312172272573,-0.531497697281015,-0.600984015177966,-0.598667210634829,-0.918794860570588,-0.328568994012197,-0.0587658687029075,-0.00256292624766474,-0.350811014122002,-0.496858819896644,-0.517009784809279,0.358541053244363,0.697091243748181,0.831652020064999,0.708426379958985,0.158371007796832,0.513237734108116,0.191123591910429,0.115830092906108,0.700636493737897,0.181514823003485,-0.154866140059022
"LOC_Os02g46650","turquoise",-0.792490403158107,0.386582223083859,0.570307580777913,0.520799032026452,0.683488143283608,0.892288119418695,0.208880542446192,0.223283081268572,0.0644043953443188,0.189905954501739,0.482325717518554,0.476852059664004,-0.357464196429071,-0.703115511268329,-0.760672261559428,-0.789922324411283,-0.239961546516338,-0.3941619840981,-0.0856635840223186,-0.166169013791759,-0.736997570767513,-0.364452447102958,0.118179058323377
"LOC_Os02g57830","blue",0.792454812636981,-0.13637432216726,-0.305901494425267,-0.500606296148783,-0.684989877898644,-0.883936961131678,-0.469915100311748,-0.327519215430035,-0.0187694248046503,-0.412041138347953,-0.558062553466133,-0.70679113631473,0.231503259408067,0.450726187484055,0.895468633736921,0.594416745426431,0.288751210209628,0.507408646577984,0.391292890387417,0.360954224483727,0.778345102760229,0.440507885711414,-0.0831808846771195
"LOC_Os02g05470","blue",0.792385511783655,-0.229748243956914,-0.590998286953108,-0.647376102705918,-0.647120937264158,-0.932185859967021,-0.233135393522894,-0.0787630548805391,0.072574679825966,-0.316444059102408,-0.475624815594185,-0.580236550437808,0.351370107157411,0.732357520335988,0.845602169092911,0.712340772409629,0.175719399213008,0.569841656182337,0.145893041574133,0.116305529052442,0.765607610122746,0.286251288470915,-0.158612816300228
"LOC_Os06g34810","blue",0.792016988051751,-0.13460792461194,-0.321416495643888,-0.580411872064953,-0.696808833827149,-0.909204591658974,-0.519821803202801,-0.263759415022188,-0.0880648540110724,-0.396215922048382,-0.352342349923672,-0.586065950457703,0.325886946279757,0.500297576011688,0.948796921407945,0.671020870819554,0.253982153790615,0.388952833010645,0.376178328377465,0.25645977690444,0.718596312968287,0.25299840912083,-0.00447829511288757
"LOC_Os09g16510","turquoise",-0.791985132458846,0.274238583852609,0.173644682880312,0.46573940606027,0.596320589963354,0.800827539694849,0.594220879105897,0.265922666354872,0.247365024602252,0.418632157917908,0.481109930360732,0.571611220638547,-0.302335296274537,-0.370536134421445,-0.819396382024069,-0.605355013564075,-0.296619429893019,-0.41560207893666,-0.433914058853853,-0.258271341926101,-0.602476538018855,-0.176933562637353,0.0646290303333189
"LOC_Os05g30980","turquoise",-0.79195880065884,0.362999994788422,0.294492165046358,0.700096557753556,0.735417997185807,0.856182657555153,0.496110365447033,0.17346392389278,0.06425764107622,0.289335620485741,0.571152360897763,0.555741026390766,-0.483242560636704,-0.493778377855741,-0.863830118635619,-0.493862603732999,-0.169433824050891,-0.557912083532044,-0.21560167405906,-0.0912480018472886,-0.604692543542921,-0.180114451195873,-0.0321186680115017
"LOC_Os03g12560","blue",0.791671083121145,-0.398341758430048,-0.503935483644312,-0.652674960445144,-0.756034959670473,-0.935529044763065,-0.344206711252806,-0.164631574780448,0.0637784250381117,-0.131630267038984,-0.391944714600105,-0.403797942102602,0.525045469451825,0.699204717955778,0.883573605846697,0.795560628994498,0.227170946664736,0.339943772055653,0.0531573081457095,0.0391725552435565,0.6230868421512,0.135756263617895,0.0589525050342505
"LOC_Os05g36310","blue",0.79138311637097,-0.161962517969862,-0.0302299701576902,-0.388232496790519,-0.658472227050046,-0.77464930912829,-0.712324347951428,-0.409486819718446,-0.016310497930795,-0.409212653717563,-0.535304798182636,-0.774327706649658,0.179386377304416,0.215906099037804,0.841224019208785,0.472622403562193,0.427372485403985,0.610709325241645,0.507379105469754,0.435765013292987,0.593605836194623,0.258035869088877,-0.0745925444960687
"LOC_Os03g12160","turquoise",-0.791153534294884,0.119376235753322,0.579038343648577,0.555528925446232,0.658900586416818,0.87887378782893,0.178400740285667,0.13552485255473,-0.0536208726533014,0.174037062236135,0.532757465964043,0.59148459289891,-0.335855415549792,-0.725067493979087,-0.755820581899278,-0.706649804833659,-0.261255894952373,-0.610054958722099,-0.0393654000401137,-0.113898919289988,-0.667805256638804,-0.245322786889057,0.203587994524774
"LOC_Os07g39510","turquoise",-0.79048340692281,0.283654515436654,0.434073989130519,0.772824354949001,0.816161483484787,0.882224797341415,0.359356145686144,0.157571905992386,-0.00981559374383761,0.0916659429649756,0.334716935514391,0.417860899828721,-0.605014771910716,-0.651164494485213,-0.861235697628617,-0.69170936924865,-0.202501329233615,-0.420167240859288,-0.00279319587275006,0.0657137022529224,-0.568732339536247,-0.109316910706569,-0.171025327077522
"LOC_Os03g01830","blue",0.79027958361633,-0.418975179803675,-0.387008407360346,-0.65834180219006,-0.75324040369049,-0.91573150721276,-0.482448655032301,-0.207162527232024,-0.0275274773085099,-0.198345232777907,-0.309594812763569,-0.387646772989752,0.517344543239856,0.609312795952504,0.899745082036149,0.77818817511023,0.241379070611361,0.282617386249908,0.151749405862126,0.0482167143291581,0.592261671232223,0.0880992670806937,0.145599307739958
"LOC_Os01g12480","blue",0.79027948683815,-0.187100764852404,-0.362157505768269,-0.467593858409107,-0.646759718466449,-0.895768662867059,-0.425124112972094,-0.3008442724421,-0.103482399281522,-0.462405069184997,-0.538488115665543,-0.683255145239587,0.192086938396795,0.495555483810566,0.896064145263658,0.658152659946944,0.267618833348062,0.462741419518049,0.424182238356055,0.395261925799197,0.820677430677213,0.469336301679398,-0.170766404220384
"LOC_Os03g09900","turquoise",-0.79017323517178,0.24918027168224,0.712537308174429,0.389840878329925,0.44368221655703,0.85116864153739,0.0183791065181281,0.0291299141327455,0.185218525080548,0.352090994531203,0.490520936746432,0.450857674675786,-0.192379803984981,-0.778639800366165,-0.665421986091311,-0.769952755909168,-0.0620463709230052,-0.366961402127256,-0.14343401747328,-0.194914712561281,-0.852221983400319,-0.465712903682688,0.352818411367328
"LOC_Os02g27110","turquoise",-0.79008429577233,0.320317249629451,0.463755065181039,0.549118957926411,0.748217490737171,0.837208312340043,0.246841370594192,0.232225900431369,0.00976523228609567,0.0162916973680233,0.534893761057707,0.448372694489687,-0.497382611214809,-0.645697673618761,-0.751570791142358,-0.713429920146025,-0.284058522826075,-0.44534437842551,0.0379836063607912,-0.072416970514242,-0.594605086617185,-0.258593969116163,-0.00210770230306913
"LOC_Os05g09360","turquoise",-0.789877688233026,0.308803916311107,0.233755116014242,0.443136571674257,0.732967990643191,0.858078230313785,0.548078062838503,0.375498283262604,0.101404512865788,0.238079255819227,0.543034751190476,0.658719640127668,-0.288265675703576,-0.430034819407757,-0.868336218704323,-0.654035030852333,-0.426576823769871,-0.518294240595159,-0.315795999387023,-0.349028277975543,-0.641409426445436,-0.214853136285105,0.0666075378525921
"LOC_Os01g73800","blue",0.78973142256318,-0.373800259591496,-0.306195758881532,-0.332043182064061,-0.563033733329011,-0.851156649481833,-0.483467983367085,-0.302873239461621,-0.145785944908119,-0.431164112226951,-0.559403719371409,-0.679025569939009,0.100750440109394,0.452289633480233,0.811405340228175,0.6442409544181,0.344451875027978,0.519739192673699,0.446218213779024,0.431857602607414,0.742473724212609,0.315972601485812,-0.247112383038082
"LOC_Os04g55360","turquoise",-0.789564849582989,0.13363661671931,0.475792910865543,0.395530961297129,0.418309529039965,0.818672751642696,0.218014512717614,0.0920470522830523,0.0606371887558249,0.555673347416095,0.602635806023496,0.618557834348597,-0.0839239396973179,-0.54757813170703,-0.73042054829771,-0.580340242393516,-0.105735655528982,-0.466308541055193,-0.405140944231036,-0.351049339759882,-0.860621214326578,-0.554659334365346,0.328979605886382
"LOC_Os04g42380","blue",0.789402174983451,-0.304942702413293,-0.43124173560353,-0.726274874021918,-0.769886466841742,-0.930220271307709,-0.404217292550555,-0.176863128496738,-0.0499973135137294,-0.237376424916337,-0.447159762666981,-0.478948675605803,0.52637380265514,0.630114111487577,0.929345511947244,0.685765585367644,0.178142195685186,0.402418802791606,0.143439504121191,0.0527023995555885,0.661751857582456,0.189067033199103,0.0731582780301228
"LOC_Os06g36560","turquoise",-0.789393102779966,0.361992078221241,0.209509886712533,0.477681337485424,0.714312539957532,0.829208245475922,0.572016120090702,0.382129057414925,0.177356109593528,0.28478734054648,0.409260926770191,0.555935178630806,-0.331740719141202,-0.391009168314396,-0.838868953530726,-0.644997146360775,-0.337241627329418,-0.352634400875279,-0.316515862959285,-0.267247214682692,-0.631267393092381,-0.244773551528455,-0.0522629552184114
"LOC_Os02g47170","turquoise",-0.789265286520817,0.275891723354826,0.619778521923519,0.654397990897094,0.654144663869291,0.914047840443377,0.166249650103926,0.0382920903738828,-0.0665681808728284,0.199298861429746,0.551347857712702,0.47850928512171,-0.460543227540391,-0.768125419677171,-0.808960624915418,-0.684715842878913,-0.103508214485456,-0.507695108977769,-0.0328236238614345,-0.0365275696963953,-0.712775419936311,-0.285525879105753,0.121535413932345
"LOC_Os08g35020","turquoise",-0.788851304373687,0.274297598034363,0.684776729231118,0.647498524421176,0.60204041585129,0.840036790733182,0.0261216029162025,-0.0455973868012759,0.00499490146756466,0.103531549283608,0.639042914194723,0.426009408486181,-0.485380832853578,-0.813648949288176,-0.661672142800122,-0.633231943958898,-0.0345335794293983,-0.547889343884758,0.101614139627531,0.0691573378780652,-0.674079012298318,-0.265258775909392,0.180795845699634
"LOC_Os03g43440","turquoise",-0.78883870325728,0.173528084536932,0.583541197035378,0.629638782271554,0.487843289653073,0.88962437586982,0.196645640795104,-0.0672569802452399,0.0835372451282033,0.430588925228014,0.39747370982307,0.401869633667785,-0.394457024121753,-0.716883991983017,-0.824444872789337,-0.689931015382244,0.0209224802823035,-0.300982697129923,-0.260498591004731,-0.0781869698498175,-0.803032694565986,-0.356145945204872,0.137818704662762
"LOC_Os03g55490","blue",0.787876681367015,-0.236508652728609,-0.635789052454243,-0.624445756208557,-0.631275848007345,-0.927210972868673,-0.208126464290099,-0.0654652218989362,0.00984432328361031,-0.275836383678485,-0.45453046559127,-0.515605407409276,0.351596252831532,0.769604958993575,0.804657962182937,0.722711340562501,0.145673307076421,0.520050268521411,0.0857251624445623,0.0793484486357169,0.711545868785518,0.198823675499888,-0.194406962742363
"LOC_Os01g72009","blue",0.78780836004621,-0.286595654545199,-0.128767955162885,-0.313887182936879,-0.740888206332149,-0.803618829678833,-0.573607810678216,-0.552278629167122,-0.0674584123792294,-0.203042544730655,-0.410939615412262,-0.665496178402902,0.244132294828902,0.312879067271621,0.839689612866396,0.720047780017126,0.54284752584306,0.371101464386341,0.397120949420537,0.467531802913866,0.681086018758368,0.396946341732266,0.029040706038261
"LOC_Os06g51450","turquoise",-0.787800182218528,0.236559510233323,0.502015464299443,0.57439129229741,0.698636106890003,0.908814185528477,0.294799785948685,0.20703938347226,-0.0414181077946155,0.195705421794783,0.424129199130691,0.513877323661667,-0.366979682154549,-0.660596419424114,-0.835376215156172,-0.76210663266772,-0.284067907064347,-0.42610188993801,-0.111399978458037,-0.146639697025068,-0.681231995160316,-0.252026598261513,0.0416615628661193
"LOC_Os06g38970","turquoise",-0.787775141100902,0.381799906644061,0.349942147976904,0.460822955187015,0.612814380238413,0.850740414118978,0.42934105817218,0.24806765490978,0.274999401402667,0.388577970122487,0.529559971041667,0.548287371796918,-0.292990362724918,-0.502194346791505,-0.812690976345394,-0.619932451346123,-0.214077773674304,-0.409973622950374,-0.310266354790963,-0.260970835764896,-0.723628110904927,-0.350084559271977,0.116571675706378
"LOC_Os03g08570","red",0.787626916201671,-0.291468839443269,-0.602586742855993,-0.437075483228439,-0.596377867465612,-0.879063585059994,-0.187311709908507,-0.17470558936761,-0.00202251524451469,-0.147269597138651,-0.409683874003474,-0.493023911195738,0.277810714274696,0.742526498989305,0.724736982502376,0.875152617698814,0.301660701313263,0.399916632771169,0.0772300668501281,0.159364874436315,0.705803628157932,0.207493126638234,-0.211023577245362
"LOC_Os01g52390","blue",0.787452409280709,-0.32981281059558,-0.43098903046391,-0.676196431066265,-0.800772492472119,-0.926554163293708,-0.400064021286663,-0.231712955068302,0.0539060322110203,-0.140397649560722,-0.357076459943054,-0.43997884585172,0.531955033677692,0.638683889391864,0.921506356911774,0.800179423944944,0.27318626354491,0.31543139554154,0.107892095943231,0.0786784623841901,0.618664514567883,0.188829574590421,0.117734689105511
"LOC_Os03g30830","turquoise",-0.787416439993534,0.0931454719951491,0.276491875020039,0.657460631198134,0.685132443998148,0.857261615562059,0.524007956489513,0.184060014546729,0.00424729811177017,0.371131837510442,0.408314966714163,0.62457483278233,-0.36430649947961,-0.466195654834337,-0.88940389916727,-0.550724485947575,-0.239169420952096,-0.536046828429251,-0.335841344639186,-0.173032023185,-0.640467673219461,-0.162009945139904,0.0135566876247066
"LOC_Os02g34570","blue",0.787415292607162,-0.286107010236439,-0.197137619166495,-0.548830857718786,-0.709345140449952,-0.870250706375167,-0.615920645176895,-0.317699004478224,-0.0463659609915731,-0.390720339790431,-0.45499290834927,-0.587299083895159,0.34195437763337,0.397685739065395,0.932301231187448,0.604184050253295,0.287656335485218,0.426394263077784,0.400412936833824,0.265642923897627,0.649409725376325,0.25354978630751,0.0556670234565836
"LOC_Os09g19954","blue",0.787396603264573,-0.435289052276687,-0.325280661250383,-0.649369172455186,-0.81243917551191,-0.876829044359696,-0.480334793525897,-0.262249716481927,0.0144640775327663,-0.113130193772283,-0.388867758713989,-0.447386393427366,0.550076879061291,0.554304853327313,0.880556388614592,0.724773487382695,0.280258025170731,0.341380162551807,0.122049516791375,0.0701256776383448,0.543731466560098,0.139675146576056,0.151755076629469
"LOC_Os02g10040","turquoise",-0.787361462517421,0.311530250141614,0.637374593050265,0.654970659102072,0.607779783811458,0.905452734309119,0.178714997417608,-0.0186227096660734,-0.103030673478687,0.198682021833348,0.5102557455819,0.40104811487328,-0.452948599117749,-0.78898484574529,-0.770866713608999,-0.71797067835163,-0.103481446008811,-0.471339625645242,-0.00847497215338458,0.015584336042851,-0.635290563110019,-0.172597109192565,0.136477741352684
"LOC_Os09g36920","turquoise",-0.787057578797057,0.100383612951788,0.105268662524572,0.330209948778441,0.616685296876338,0.800862630059998,0.649544319209863,0.421885732402372,-0.00491018899072259,0.431338038727102,0.533788981567185,0.76492474833485,-0.0880480816860974,-0.266596370646746,-0.846270856819817,-0.579677628894984,-0.451561454183477,-0.534438490225937,-0.520817561228348,-0.469344040904306,-0.636653464507697,-0.27407400888263,0.136006056704051
"LOC_Os02g49090","turquoise",-0.787006018881897,0.231424033411579,0.676778186973434,0.524905828665846,0.526783792582458,0.869107238618814,0.0785406243863201,-0.0060848400604409,0.0974382630855575,0.229724744406967,0.517913539981011,0.407492490236384,-0.355979531884492,-0.783414824598502,-0.710822706096533,-0.713461920373663,-0.0802127704217352,-0.425327496691691,-0.0566269821696635,-0.0857194720458248,-0.739266239561488,-0.283292002414798,0.272556464440544
"LOC_Os05g05220","blue",0.786830522243704,-0.178495354876768,-0.592575806465496,-0.616135268278688,-0.585093548799034,-0.936314943081992,-0.240445253611432,-0.0535357222435695,-0.038269106162175,-0.416822724861912,-0.491775135838541,-0.53942302567747,0.3045083619757,0.709000205307989,0.85987785936339,0.677070131314388,0.0888986464985072,0.46741191781723,0.220941940499342,0.142345308064324,0.809370394376263,0.327798709907676,-0.18171284645912
"LOC_Os04g46894","turquoise",-0.786705547801845,0.329907666814819,0.682123689157326,0.548700018699532,0.623926734022314,0.832770060027585,0.0157728542437081,0.0372634408316171,-0.0412029792958471,0.0708299073059973,0.634438890943051,0.405150955748143,-0.44642476684406,-0.796224019361297,-0.642243528791636,-0.658191712897235,-0.0744133853865419,-0.506349073874856,0.129999899991685,-0.00190845956162758,-0.665337744237544,-0.365280470322997,0.182431814046867
"LOC_Os08g23140","blue",0.786542052451068,-0.399118464025176,-0.195038534793393,-0.544959536480446,-0.671556041731448,-0.826201480861843,-0.598111973507005,-0.289950734308589,-0.194451150565772,-0.379567550205048,-0.466713382104421,-0.569735546636511,0.363341672209444,0.382085714375294,0.856561252519852,0.524557478498428,0.235917567585212,0.444939287176722,0.38696143741198,0.226909346266368,0.644703844871167,0.18463636921183,0.0161545241900657
"LOC_Os05g01110","blue",0.786181327317203,-0.369549983702819,-0.582707345162897,-0.721390475845061,-0.68232060647153,-0.893748653263221,-0.228904448963909,0.00355006322150109,-0.0591500045604392,-0.121430648261637,-0.345465080390737,-0.282245384575577,0.629708981838719,0.785993100757366,0.809786880596489,0.761920845468741,0.0685058487169239,0.308574752859051,-0.0383744562039618,-0.120812671283778,0.579945029273487,0.0944108677967788,0.042149132536397
"LOC_Os06g24990","turquoise",-0.786060860571968,0.0777196621198156,0.552030992622076,0.16351187244561,0.411257419875579,0.809695405249371,0.166088552518005,0.218404647715618,0.0515193860677878,0.387881914144367,0.582889657972431,0.713439758525448,0.0775156132483477,-0.603199443178833,-0.625530300110668,-0.726993496820026,-0.322121999911605,-0.564439557064692,-0.304317354116958,-0.452850134790142,-0.826565630981111,-0.454223993290455,0.502404774179344
"LOC_Os05g40270","turquoise",-0.78601391142678,0.407735960782932,0.490504277013965,0.500005896826905,0.75209005690921,0.909451405208272,0.344953127414985,0.290010797844666,-0.0806628611605555,0.0766371132599461,0.363948783776697,0.431446771810422,-0.409314914433049,-0.664331246835691,-0.815773233879678,-0.871235047031705,-0.350995195453814,-0.312912074673513,-0.0572820155337354,-0.160052156958966,-0.613232905943063,-0.156858369574024,-0.00804133075220788
"LOC_Os05g40040","turquoise",-0.785738849271709,0.0156894936074619,0.572383085736785,0.369235445948739,0.411595733471696,0.835413519534705,0.144645599703594,0.0644690203542048,0.0356237962078388,0.445378870636065,0.527846065016438,0.596770056802622,-0.107829102737331,-0.641928808440222,-0.713401109262778,-0.679021351142445,-0.123651775655606,-0.437178163185376,-0.339592465151616,-0.312739527226234,-0.856197748884221,-0.514122798870471,0.384804356636642
"LOC_Os03g54040","blue",0.785635897092165,-0.32825130342889,-0.523168673143082,-0.734420439676998,-0.602491266580884,-0.915700659313664,-0.316612896302672,0.0354898512280303,-0.121163958338021,-0.376579701536192,-0.379794549968401,-0.370377796885575,0.5110354906795,0.704675405930411,0.87963534214269,0.670629286104642,0.000456368421825604,0.330952145447112,0.201506428133577,-0.007316916634476,0.697656978947711,0.200615156235108,-0.0116553728198452
"LOC_Os08g02050","turquoise",-0.78537531285623,0.176174295666401,0.631898164765769,0.493081510432845,0.598813106865542,0.921141293443262,0.18198748440858,0.142892463559238,0.0673573293847579,0.289946708184831,0.438684667771326,0.515552176703246,-0.255306742663907,-0.732534150581848,-0.795517584216154,-0.765695224745635,-0.173456507702601,-0.400168106580183,-0.160080632913702,-0.201933192670091,-0.797712560410966,-0.331406647291958,0.230253011824004
"LOC_Os07g47490","turquoise",-0.784738350633453,0.223601138888592,0.455870045688601,0.569670167259231,0.670860388770314,0.88828173017015,0.342486360456751,0.163890164188108,-0.00652541252356215,0.284192410691239,0.544226615770878,0.592719760936305,-0.314437369970557,-0.602606300141105,-0.836351886886627,-0.609381481182068,-0.221891416599862,-0.581943675332352,-0.179074486943624,-0.16651202401804,-0.684908332135059,-0.225354467408298,0.121847228426557
"LOC_Os01g09750","blue",0.784663440438777,-0.277131462346913,-0.442693375304324,-0.697756392101786,-0.769087444734853,-0.94663936773243,-0.424552487010525,-0.203046231473525,0.0519288876271005,-0.223734072487768,-0.321508468438732,-0.485560644078384,0.477482294969729,0.647409450141337,0.939399164187303,0.784044155949754,0.264255964292486,0.376494883057375,0.160278629460463,0.0844799199716316,0.650995143343902,0.120036468854689,0.0785400996367607
"LOC_Os03g47754","turquoise",-0.784479139721871,0.420037421465904,0.566683504141103,0.674775981571158,0.690512388524941,0.864816733582729,0.190894482980662,0.0406698749992804,-0.0103147867613139,0.0946020236671777,0.59017882913504,0.381404873624696,-0.578168222244553,-0.738504853032912,-0.751924744229903,-0.63367350735016,-0.0930439943686378,-0.498954921737367,0.0657924917401738,0.0564606331785937,-0.600104974824473,-0.189671406851981,0.0454820875188011
"LOC_Os08g03650","turquoise",-0.784404829974038,-0.0699616781450746,0.638821904638318,0.246134803241864,0.345084517626094,0.801728440692801,0.0202246977623046,0.0785067114661893,0.0213553734537743,0.461785224062594,0.645292344264326,0.69376387445203,0.0638237714759362,-0.651236290797221,-0.611886652526706,-0.630177916275173,-0.167943512956522,-0.584261493342984,-0.30524604241642,-0.410638616290747,-0.905300985382664,-0.612325414171555,0.572548834190921
"LOC_Os04g16770","turquoise",-0.783923681140179,0.460271312876603,0.515274198561263,0.504338356292055,0.561587868897753,0.801398501535302,0.162652835915694,0.0622788021080003,0.169766571752497,0.180540866133037,0.690378366778052,0.398814791131623,-0.438451134967626,-0.653719712997044,-0.673424384956095,-0.63247520497223,-0.0876291336564479,-0.384587081756045,-0.0802467968661044,-0.0918802735926004,-0.680435897038079,-0.386213070412354,0.161232671897654
"LOC_Os06g02180","turquoise",-0.783833499594296,0.388158142615785,0.52093920358351,0.732576699671145,0.648694543646774,0.911305518235218,0.312690801754873,0.0200482799317608,0.0617570368174506,0.321326165271181,0.44910963210508,0.455319865179902,-0.482798247993539,-0.697910238039357,-0.846002731333397,-0.642444722278263,-0.0975427738301594,-0.488187261277184,-0.141319118267406,0.00274953384463931,-0.675763568525723,-0.155227100831098,0.0555799871815924
"LOC_Os05g41550","turquoise",-0.783769346342495,0.382122076485252,0.727540243222289,0.596280393667251,0.574180743967041,0.863224909185658,-0.0137860708012955,-0.0394710085357031,0.0161149049141167,0.143009808130717,0.609153071625761,0.336660113610778,-0.488167371992972,-0.844543865645447,-0.683854122980031,-0.717316248871361,0.00335371747404384,-0.38416645426566,0.0705853470373035,0.0217517516932887,-0.725853147379111,-0.392971596364623,0.175992189559317
"LOC_Os07g47360","turquoise",-0.78372653353593,0.381743371487975,0.60176174601417,0.652469689405639,0.793528482768314,0.9293945403123,0.210372272019013,0.192852422472537,-0.028717261554809,0.0185150238605852,0.375421074212539,0.363676372067214,-0.561236426755045,-0.784460307298115,-0.827941967218361,-0.856345470975018,-0.224923754213602,-0.320133719396014,0.0812128231733177,0.00579347311354792,-0.647738015431411,-0.20147156190596,-0.066291086751297
"LOC_Os05g40770","turquoise",-0.783692352994809,0.294806296408948,0.633497803705337,0.52321143424065,0.565759040515702,0.906278104297309,0.170946024913378,0.0740628809068132,0.12273403725369,0.28045177649303,0.463689738225567,0.438605843742115,-0.330785032294458,-0.761341289699479,-0.775923364133975,-0.809370441098062,-0.165912377747281,-0.380050094236053,-0.120823854802964,-0.121302161614605,-0.757173368853958,-0.257301689515602,0.218071747693996
"LOC_Os01g69120","blue",0.783692176337652,-0.33607886810313,-0.522537911999525,-0.757563515518535,-0.671803556436131,-0.927054727309775,-0.333929964834825,-0.0147227854223362,-0.0306248188681043,-0.276546513065086,-0.412797469138262,-0.433104641389508,0.542562442451767,0.727806827334542,0.87826142842914,0.704234066573605,0.109456927646424,0.455419551755546,0.113014416992219,-0.0373010163405087,0.642399637014295,0.106495866549746,-0.00393531104877182
"LOC_Os03g60110","turquoise",-0.783494210884189,0.16681021170077,0.400123932272353,0.552477221643086,0.796372005474115,0.902470726602735,0.40403562799985,0.340215399560424,-0.104999476101422,0.109302025270955,0.327501367242889,0.519378271582826,-0.389549235595536,-0.577283219620986,-0.882450248068795,-0.812672123539034,-0.37181951260837,-0.319533149196307,-0.163451223793889,-0.217485667285708,-0.667692299988709,-0.248180969057324,-0.0822921758989952
"LOC_Os03g11580","turquoise",-0.783430265324315,0.16221708308785,0.356998324516182,0.447596046611907,0.620417893587719,0.837776124893967,0.349336097173599,0.253695901470726,0.0719662878091168,0.310461750972653,0.620491424918841,0.66534306397982,-0.288133235247794,-0.520322154329689,-0.815412265339289,-0.648266888626828,-0.300275319946174,-0.54765944450066,-0.306472738200312,-0.30977483713604,-0.730892079591619,-0.420551856417163,0.183611805649989
"LOC_Os01g36920","blue",0.78334331917825,-0.206608290146592,-0.521602521640268,-0.756118437400695,-0.621989062898817,-0.897176008841953,-0.279298356424272,0.0400017648589155,-0.0775737309945632,-0.342034991335201,-0.4468554153439,-0.410342071930769,0.53257711797192,0.704722135288163,0.86004425752768,0.639640577899403,0.014122236306441,0.408837148597574,0.133000213532394,-0.0313556242924892,0.673211196642767,0.242574227335002,-0.0118298310688559
"LOC_Os02g38480","turquoise",-0.783299040567071,0.257482583755338,0.631094057077199,0.632526919493835,0.638265743197024,0.858011995722364,0.0873441380312412,0.0255834929872061,-0.000691569770893442,0.0955684999087069,0.493917375451087,0.364122366901354,-0.52942584718691,-0.78189144188191,-0.734967487014349,-0.716626871728833,-0.119058469195502,-0.442170394328207,0.0781106119209555,0.0349396135157023,-0.653907266795153,-0.248268608230551,0.0875352744515324
"LOC_Os01g45370","blue",0.783204739178719,-0.307443558693751,-0.380617684393164,-0.64484937512765,-0.747697988064571,-0.923422111724855,-0.483970650598144,-0.221502633778654,-0.0518625525264493,-0.251386070733624,-0.379153008895302,-0.51092058785658,0.431297168459058,0.596804758338302,0.913514552452246,0.734923923687051,0.294873260594949,0.430273311494343,0.199997563322394,0.104803241591498,0.616405760745356,0.0770085942847341,0.0505620856577258
"LOC_Os08g43130","turquoise",-0.783052360353792,0.0568686633807056,0.687919452264748,0.529335841386448,0.508623557888334,0.831306554031561,0.0452354893085709,-0.0279877326113231,0.015402431047356,0.299807666143165,0.589784254867157,0.525777343855351,-0.24676330784882,-0.752085424491265,-0.650121467329423,-0.569677037356714,-0.0348796193563963,-0.62080771039051,-0.0427123950371953,-0.0988451681398492,-0.735319828296842,-0.337611447759353,0.366456617314299
"LOC_Os01g60720","blue",0.782822400425319,-0.263361503981101,-0.493631415983267,-0.68422624954742,-0.553608655334986,-0.861021349215807,-0.279803703760439,0.0546148770243625,-0.0943254970975809,-0.389492382679227,-0.425412275524443,-0.447537123994297,0.496435256170078,0.656576519999512,0.821004926373044,0.60214266864536,0.000466113847350264,0.435520860111854,0.201884206854145,0.00588894840247489,0.695563414973387,0.2373408105055,-0.0888531262628435
"LOC_Os09g38970","turquoise",-0.78269536950345,0.159411903890491,0.461796582981305,0.496894331432064,0.601196697295225,0.844322902870969,0.343059544845414,0.138049480263611,-0.00193694521719678,0.264391377168895,0.490758594069387,0.525410656975457,-0.339532092984096,-0.593937150289025,-0.754420660282612,-0.607943590359942,-0.15862182212428,-0.506084638141743,-0.146282955257669,-0.13401234369542,-0.648414149103276,-0.17983570131973,0.134236309134743
"LOC_Os04g17700","blue",0.782663397591374,-0.361827948946889,-0.324902399552908,-0.723692418368137,-0.705889197546866,-0.902741125479581,-0.539562112863726,-0.14329347842953,-0.155062920691508,-0.371693109945641,-0.353022606761351,-0.451675244450075,0.514794418169155,0.549244777619108,0.93489905877353,0.64212438443323,0.148338277166985,0.370560857102789,0.271048735850466,0.0551640511122362,0.623424848397641,0.106005393162449,0.107893076980376
"LOC_Os02g58520","turquoise",-0.782661126101982,0.40405903026113,0.333294005404842,0.520136065883936,0.632213407893785,0.811044838997608,0.404936886575415,0.206910189598968,0.109441743785803,0.254781917255417,0.620731058634406,0.574723582750412,-0.407121881701772,-0.526751234793249,-0.759326979916951,-0.608119636421644,-0.235455293463836,-0.540070961405673,-0.229935735192899,-0.161372038917411,-0.62941773801478,-0.261497335271045,0.105130272594105
"LOC_Os07g31599","blue",0.782142492378577,-0.0611854374806763,-0.549744243098935,-0.486256858220951,-0.571059862857418,-0.90117693319563,-0.221047056044447,-0.14446529785608,-0.0531984250978994,-0.378400274908614,-0.486660224423872,-0.618159402393396,0.211164672944869,0.656792619088845,0.831329224032186,0.735967494362345,0.202722411423845,0.450430208572113,0.28585050480984,0.280571524177416,0.836635279917425,0.422221981148892,-0.259992272303115
"LOC_Os05g40280","turquoise",-0.781968261981329,0.206163586447774,0.543992460696813,0.628941236264216,0.761724223571471,0.896299910236181,0.253567355074028,0.186517236515372,-0.0287888950071659,0.092802123360536,0.344635089471816,0.462099297379293,-0.450339075040859,-0.70966125426276,-0.808646146935924,-0.77878151823515,-0.231114988687242,-0.381760661079052,-0.0101006684533407,-0.0508212796139713,-0.636347115461897,-0.171571540929977,0.00311810430840707
"LOC_Os04g42480","turquoise",-0.781959888494706,0.502318600357738,0.285501676669204,0.585678200812568,0.772876297810668,0.831872844929774,0.47540255730329,0.325592960765934,0.0722234950727553,0.197973920084882,0.574056658777326,0.59794416305044,-0.397379979285224,-0.473761874140524,-0.804071703154249,-0.594378629677381,-0.342734647802003,-0.587443458108832,-0.180436849674413,-0.181878490583337,-0.610334465053928,-0.187709404912781,-0.00471244535791283
"LOC_Os08g03640","blue",0.781951760135314,-0.188746500061703,-0.325201053060421,-0.638038555208406,-0.739713702467965,-0.902969767580881,-0.463722328731098,-0.255438770566899,-0.025883700823556,-0.337812907559556,-0.440906756016533,-0.574998899535242,0.407685039764646,0.509924235851194,0.957269145140596,0.660147306664295,0.242103712868868,0.398975395656977,0.313106473367336,0.216567224567732,0.718367021546069,0.335057608464861,0.0471700571723741
"LOC_Os04g42930","blue",0.781760406762137,-0.451643316169025,-0.38261205817104,-0.683839140467206,-0.812694008849696,-0.911361238007768,-0.466306454278704,-0.248359995997786,0.0392050666938642,-0.138441767961982,-0.449848670661593,-0.499016256509635,0.546011939354172,0.601877854128131,0.885772711587523,0.668854889415976,0.271182110797572,0.487569854394252,0.0782283135792402,0.0558657076225342,0.588515595603945,0.114486700044728,0.143583587325549
"LOC_Os02g49050","turquoise",-0.781710666709278,0.205065839622666,0.730408442362985,0.448728894077922,0.447748133037422,0.873494256882005,0.048633882633663,-0.0194428286485447,0.00611790449285918,0.337952266366686,0.537658498226683,0.499266769486862,-0.210250778197826,-0.793982682731973,-0.67004126758242,-0.700447568877152,-0.0634743641955362,-0.492780559725127,-0.132790701038856,-0.17281493443797,-0.806698196251478,-0.356953925656587,0.408365587388632
"LOC_Os08g44380","blue",0.781624302947997,-0.308925903417316,-0.310553088652305,-0.758670798709539,-0.803949771846703,-0.901514180161956,-0.50493321509497,-0.201854638836523,-0.0257256352459975,-0.234234012600131,-0.383612342725461,-0.475015787971788,0.581544493697027,0.545879112376872,0.955702640697158,0.656596086805754,0.216847567629196,0.398623072614203,0.182609063024108,0.0409604951529818,0.594773024131392,0.150740152367521,0.190568160348804
"LOC_Os06g43960","turquoise",-0.781554976805473,0.431992018332348,0.620497490121177,0.589943999699131,0.617223827441944,0.833606034704777,0.0785583250731973,0.0228741218489901,-0.00774877692634666,0.104802112566119,0.671455176262738,0.402007986483226,-0.477162691566852,-0.75678461394988,-0.674451629541174,-0.635361923764591,-0.0722038780639484,-0.491670924894529,0.0707271251672107,0.013338420189777,-0.651084671433368,-0.312642655447957,0.14265118178559
"LOC_Os06g38960","turquoise",-0.781485479431958,0.159392731851453,0.525168273606288,0.668326184402913,0.650989686262689,0.858602284556401,0.231078056884518,0.058053221654231,0.0201014740746195,0.186179069816507,0.455296612056249,0.478065144166867,-0.476554663869346,-0.696860395599066,-0.779440313025542,-0.684472701394042,-0.164143403315412,-0.5019844212161,-0.0505052765187963,0.00498698293579372,-0.647348868282206,-0.166340123091424,0.0703663318591173
"LOC_Os06g08720","turquoise",-0.781224904787092,0.0936137504752377,0.632233547616738,0.405193410531529,0.591820182916609,0.891012284659522,0.150099718238198,0.197852580868354,-0.022975005599603,0.247523593441053,0.367328771752822,0.490465723010372,-0.233095752522652,-0.712484459934668,-0.753733377754896,-0.823333159429671,-0.186540395213686,-0.293308706594929,-0.151203536133393,-0.257335895435318,-0.80515098155286,-0.427117964577347,0.205045588729456
"LOC_Os01g43630","turquoise",-0.781171314019618,0.214071229377124,0.709886459047895,0.573234866092005,0.591958610847101,0.900183803968786,0.0920811817915602,0.0366977535426066,-0.047453985452902,0.17343593436021,0.463812112367273,0.468698733223449,-0.367833636028409,-0.824251158883594,-0.727461398986479,-0.753359124875469,-0.14658930406142,-0.500199140559067,-0.00349900736906178,-0.0597889205546055,-0.73006943439039,-0.214526709431207,0.238176810698074
"LOC_Os02g10900","turquoise",-0.781145836114846,0.191006041008287,0.524526371925016,0.578779656772002,0.484655946340233,0.877815012258534,0.250343623117884,-0.0144723592700563,0.142817390427628,0.530209544130845,0.591081548610912,0.545458033164965,-0.28402748846003,-0.623388149250886,-0.813661419697408,-0.554828788057155,-0.0121782238517289,-0.500269644266249,-0.319351207379763,-0.175246328161686,-0.811078362096799,-0.381557764005117,0.273430087756926
"LOC_Os02g54360","blue",0.78102252245204,-0.46096022964062,-0.375331654497134,-0.69378235300821,-0.771474160502665,-0.917109450258955,-0.474566264370936,-0.188690507549251,-0.00544445316868691,-0.190897028327047,-0.345774862761286,-0.386075445620951,0.585014777611351,0.604965174062402,0.925712788885097,0.751300529893435,0.213190250342824,0.285722270147738,0.15226910116623,0.0459057148405246,0.595288653360038,0.13423166479242,0.169939762866914
"LOC_Os03g29730","brown",0.780926859447049,-0.408486960641598,-0.749617185277948,-0.705657847034488,-0.616929816780026,-0.902472296915422,-0.0571968642277166,0.0713072250644817,-0.0417895673942268,-0.154683027950616,-0.442329473780982,-0.3079021809103,0.538819304122754,0.890872568725554,0.722673091437031,0.728041761657648,-0.0156971583615842,0.403785605471253,-0.11036804279191,-0.133102979741974,0.688084635095491,0.203988384723625,-0.0972596997498696
"LOC_Os03g10370","turquoise",-0.780769099371139,0.163742114157757,0.434017450635914,0.666360974170923,0.762350286728094,0.849916663718325,0.319442845789986,0.195676716072191,-0.0960367860159338,0.0522942817704008,0.356832201130361,0.446514573911918,-0.511517877299916,-0.624520380343767,-0.809021033090731,-0.720527248300744,-0.264722679483529,-0.396019819882421,-0.0266661635165942,-0.00298842616034978,-0.578408395161128,-0.112429250228203,-0.104978281271189
"LOC_Os06g45660","brown",0.780248132860293,-0.270903948338126,-0.749581818325803,-0.715445871304803,-0.602875495659172,-0.905099282709545,-0.0499781707872665,0.10624334795878,-0.00983406840659401,-0.164814662497411,-0.448425330595806,-0.330541244012865,0.531323003467454,0.893883179622818,0.747443411672727,0.718994384479167,-0.0179818228565393,0.431526031789909,-0.0919045730693931,-0.117783182036979,0.691428390619743,0.190946807651445,-0.115013648946206
"LOC_Os03g51600","turquoise",-0.780199005611752,0.213659048587446,0.56677511333548,0.255600836533059,0.390354339350661,0.818735799949597,0.195959781901929,0.12418696825439,0.178417909988076,0.425530727823496,0.455652755198282,0.527063822862972,-0.0611164719934011,-0.624849948116345,-0.644595708016433,-0.704726494219112,-0.159918863630474,-0.383043652710677,-0.310999706062186,-0.350983024591465,-0.833103510303315,-0.377688255168223,0.391021680403641
"LOC_Os02g01825","turquoise",-0.780189155407172,0.245632103252279,0.437273286905552,0.655147273062512,0.574900309007453,0.816374820455857,0.326111461871025,0.0261344796129168,0.0981806208637415,0.366439977114406,0.384206776537474,0.395971495110607,-0.438163658589467,-0.589374836051475,-0.772963077707903,-0.53851635504594,0.0187947691969929,-0.357721195032671,-0.18836932575297,-0.00387885894250708,-0.648330816693382,-0.255983650810174,0.0111317325896912
"LOC_Os02g09380","blue",0.779802449925798,-0.215849072540761,-0.32199440960694,-0.629337678125299,-0.677966875006588,-0.88379615377053,-0.491897882893573,-0.176707187623164,-0.0763519522395553,-0.374022840156856,-0.506390014488822,-0.648441982552874,0.354791935418227,0.522068352942941,0.904476499514944,0.584622305170025,0.261609271907359,0.624423416233594,0.313993914099866,0.185693403230059,0.654039079988356,0.151920741452658,-0.0953390827925683
"LOC_Os04g55640","turquoise",-0.77958251703348,0.104439412381015,0.590253047961747,0.525818822948078,0.343619944158901,0.831951378961223,0.150663852043309,-0.136865149597555,0.175199487698603,0.616969640533464,0.632470268675426,0.574201348970439,-0.188069754762089,-0.65988186323719,-0.707395765154963,-0.477350903074478,0.078023042983228,-0.578780740877166,-0.339476247224756,-0.178788093212194,-0.851503219321786,-0.430871454957421,0.415549821258797
"LOC_Os06g20320","brown",0.779344143002659,-0.193502408883647,-0.7417233118766,-0.647341650731266,-0.557808776583794,-0.911463735087912,-0.0551444611189749,0.0760183086716574,0.0345395386178262,-0.250350528943089,-0.427726737647037,-0.400956765045284,0.425206871264818,0.870383392798576,0.763627969557927,0.77177311422246,0.0321530017338948,0.429141369965986,0.00597841339429814,-0.0256954457729365,0.73115606818536,0.252295314858367,-0.19264465880095
"LOC_Os06g05650","blue",0.779332836996208,-0.160809026383993,-0.634107504418921,-0.611596023176069,-0.707189520186237,-0.938671523518501,-0.183831483612643,-0.1496007886689,0.0988678330163558,-0.146285684787298,-0.35604533572088,-0.489087747728291,0.40148523880188,0.785711458487711,0.837419994555659,0.839810815119238,0.233528380813916,0.403286252913086,0.0185670259081605,0.0805152742076903,0.711176687712391,0.234155575196891,-0.0709737262289545
"LOC_Os08g30740","turquoise",-0.77928820695949,0.162117250761608,0.467933032790481,0.48905285630528,0.714967476114124,0.878871039941651,0.306064420304837,0.287290637027664,0.0062982502517445,0.199080898489203,0.497639503896257,0.61562307370651,-0.280253826326194,-0.605621302688781,-0.809616774430525,-0.697072928515682,-0.323358332670818,-0.541994572695724,-0.164860883139399,-0.264329221567705,-0.717805898301453,-0.266388870523357,0.150125211121089
"LOC_Os03g13590","turquoise",-0.779046567527004,0.162658114710984,0.408899564321508,0.484571732011089,0.520429694290716,0.841046866366787,0.359680484403215,0.147693277833169,0.142624519221762,0.429210025888441,0.476055896092878,0.628765047626364,-0.207545752211233,-0.550109045690059,-0.770923528166674,-0.644670290918116,-0.242486007523088,-0.528095305271179,-0.33733627747612,-0.237617045346314,-0.74186680720749,-0.251214341341465,0.24490495219838
"LOC_Os03g32314","turquoise",-0.778876761537641,0.0855128403476747,0.268668882602522,0.277239626460399,0.517223092031656,0.828780196998217,0.5080719770134,0.342769883722261,0.140684499024526,0.507764655468415,0.419682389571508,0.695319159107209,-0.031798466491934,-0.376124721146453,-0.80834528337689,-0.674228527587655,-0.360968691429607,-0.393856974342335,-0.555835030020961,-0.510726550870237,-0.790912898602611,-0.361209186094307,0.250443456608094
"LOC_Os05g05060","blue",0.778576092207626,-0.365453413579613,-0.275955718059695,-0.519670932040562,-0.591686174915756,-0.835212023429564,-0.489447091066099,-0.190064652065247,-0.288421801131004,-0.448297588176227,-0.450636859222833,-0.51850941859292,0.326938170446277,0.445229754354729,0.85157882918005,0.579027912510972,0.199284954913134,0.400716971505909,0.391448712691813,0.245988813879656,0.719191415537958,0.283422527531369,-0.0482348874215998
"LOC_Os03g44010","blue",0.778506666410955,-0.465976116688284,-0.246399690295126,-0.690451436117422,-0.656559850769527,-0.853012679045808,-0.588930516181271,-0.0987862719638187,-0.0888109332314,-0.377705683016651,-0.481881430153377,-0.477051882476357,0.517186000901391,0.478066030441208,0.886443137201197,0.518064717755445,0.129015692799239,0.482380391072212,0.302046574165371,0.0682932559454345,0.560577961427151,0.0733081193617684,0.0580729637531253
"LOC_Os07g08190","blue",0.778468411058748,-0.145102353609718,-0.321742901897233,-0.59121605013691,-0.638198382852962,-0.882966178700856,-0.471565047406878,-0.180592788260941,-0.107707545707423,-0.413678245025133,-0.464008454482877,-0.582297866894653,0.340841587158923,0.500073083591792,0.919989658405322,0.652015702993207,0.219641383586086,0.409088902320944,0.37924111008431,0.218911176185851,0.692526447313985,0.276731107808961,-0.0616428707992748
"LOC_Os03g61200","turquoise",-0.778380549606178,0.207038637632059,0.364817401147196,0.481309513244162,0.661894564285592,0.808184383337833,0.344436245636977,0.25670145574316,0.134465147704994,0.176840681172758,0.592609308216422,0.63419735980565,-0.276522341586702,-0.532529311837738,-0.732225475562009,-0.641354074397279,-0.37864069312186,-0.601138858606879,-0.196221240269595,-0.242455230482111,-0.646932666023825,-0.220921202904988,0.173587302641464
"LOC_Os01g59160","turquoise",-0.778071650366072,0.173754367147401,0.618904324083485,0.626073881120574,0.500227638414883,0.865680660702247,0.180924675993588,-0.0807060444396324,0.0689693093022049,0.360527030433143,0.38858175434932,0.354779474701931,-0.393693056984142,-0.743155062549885,-0.758835030008032,-0.662278271349007,0.0320509499812023,-0.334105697635609,-0.139010108228175,0.00519665092064073,-0.703580073525228,-0.242889097847071,0.147345440085583
"LOC_Os03g60100","blue",0.777996586640328,-0.340929699457031,-0.617660113142856,-0.76837931261466,-0.627468912768462,-0.927393147502078,-0.223400734131159,0.0718566657334495,-0.0472593650769282,-0.272317797413462,-0.382798207946717,-0.331876339044711,0.573176025772731,0.797894304815621,0.850812418418324,0.717893530195979,-0.00310289819282713,0.351324950932124,0.0609720625056873,-0.0943145945152769,0.677205454906675,0.165196361609971,-0.00863187659087617
"LOC_Os04g37600","blue",0.777814439837162,-0.142777791931988,-0.324077475905777,-0.546508174486742,-0.630144711302237,-0.879371256430394,-0.468168410309622,-0.221557717674009,-0.0846614571111172,-0.411923614045469,-0.403909657945549,-0.589673039949202,0.310833135497926,0.480189744004588,0.919159380597285,0.655151158891561,0.2363058136397,0.38402561660007,0.404032175186173,0.275203342549162,0.747903960270711,0.287296778264237,-0.0610762539616738
"LOC_Os03g27310","blue",0.777725792979221,-0.3942210870096,-0.333436267232175,-0.621827927303538,-0.647469664572365,-0.817158951269759,-0.390735917517242,-0.137070041483201,0.0107572589648077,-0.304077685316777,-0.572460963462579,-0.46741415412968,0.483477778463713,0.496650077262833,0.813956950767677,0.521273621839825,0.0696153694234155,0.382672051853702,0.2462553289748,0.126229358284143,0.6624219894738,0.393118452430749,0.0217714738805928
"LOC_Os06g02380","blue",0.777475307070468,-0.270367414878713,-0.49264004577755,-0.728720183789112,-0.672972204884489,-0.937130750858053,-0.358303489410951,-0.0570951033431523,-0.0319927389409938,-0.329379954784241,-0.368298962354844,-0.442151043182046,0.499033993863959,0.686607703285428,0.926311094819921,0.721575031044589,0.110757008714781,0.364647084533826,0.191628795112497,0.0327429828023925,0.681550321745302,0.187680740509889,0.0204756685338749
"LOC_Os03g24844","blue",0.777409741244535,-0.360466668396528,-0.416796968233811,-0.706473508741241,-0.796940372966153,-0.932193658103713,-0.433941133535561,-0.212943721604668,0.0698926852281567,-0.206198485599195,-0.366747277615237,-0.47179689031233,0.531171103394093,0.626478484058466,0.934532126454506,0.734361690874486,0.237548616687862,0.396895957376136,0.139106377519754,0.0865122072699113,0.631116574549112,0.18271929058048,0.12048571652183
"LOC_Os03g50740","turquoise",-0.777059563589158,0.192891421145404,0.568772067801629,0.443848840565327,0.711927941261687,0.866414370463124,0.180279327340568,0.295796101433144,-0.128209281432342,0.0349288511103113,0.375551367099377,0.460102311938974,-0.353615028200238,-0.691029363242429,-0.746120699194533,-0.845619657466141,-0.294003647422649,-0.305710295266526,-0.0230055839212455,-0.198829862687165,-0.71317470532451,-0.35317133155299,0.0681427444175706
"LOC_Os03g44660","blue",0.776947133845252,-0.179214899767833,-0.395497603611283,-0.488799339648802,-0.800607960661615,-0.897291917751947,-0.3715936553572,-0.415065605515596,0.0475888427372015,-0.109139702813183,-0.424445855995282,-0.654002422377399,0.305796327841305,0.57734067977442,0.872179769526429,0.829845595322193,0.479985414940115,0.478551559254198,0.167989734613482,0.287901103676651,0.687708135832807,0.279734075805861,-0.0372826945437461
"LOC_Os08g15278","blue",0.776577035586964,-0.422469444485595,-0.402046975231247,-0.685388815029679,-0.788409171620149,-0.896455463742371,-0.4364304045034,-0.178017570895816,-0.00669992056115636,-0.104169219519982,-0.351999199736888,-0.381220780042877,0.586970739312675,0.626294607760855,0.880292786362842,0.741968911887134,0.232767783110398,0.333652727014637,0.0553417963681951,-0.00137675314192121,0.531095924968621,0.0265733712268315,0.134621047892488
"LOC_Os02g08544","brown",0.77639228393897,-0.335559266186732,-0.708869197530068,-0.554287280246944,-0.560914349794976,-0.845281609472751,-0.0399350531761406,0.0170966586686265,-0.0324228161683208,-0.123239325234524,-0.423925588614151,-0.252722286278071,0.435882855238365,0.823209030670444,0.660468914857713,0.781982973819338,0.0348378829300345,0.25548935503859,-0.0821577496630067,-0.0317542321656735,0.672150261082663,0.291191731553092,-0.116725575250401
"LOC_Os07g30800","blue",0.776186709292892,-0.36069939831443,-0.557211762775656,-0.706756202724801,-0.626889024241906,-0.927645421304307,-0.292141973046657,0.000888707890309183,-0.0574733006200275,-0.319193051546564,-0.35521936396345,-0.363320351177306,0.517173732408235,0.736265186895498,0.87253682318932,0.735756516398191,0.0491052359968785,0.310626328151576,0.151114294501211,0.00539623478295458,0.703390907812958,0.21056406121659,0.000460532178470025
"LOC_Os01g16530","blue",0.775919944226834,-0.385371838234913,-0.494891517137797,-0.721098436134391,-0.712749980022351,-0.92304392124054,-0.355009414127371,-0.082165731436872,0.0270235680330768,-0.18734835150221,-0.372920077269912,-0.387907357816942,0.555432216319525,0.705506198546418,0.881983907936163,0.763412817881549,0.175903869185826,0.364545850546616,0.087841261159569,-0.0150814001887676,0.592142783425658,0.0817443029848862,0.0397268980943089
"LOC_Os06g25010","turquoise",-0.775835348320028,0.14523031780718,0.535990015781804,0.215779059712724,0.474416994205858,0.826076608677303,0.204784932404537,0.26119195172067,0.0940713479019865,0.353280671877455,0.626708055340045,0.72438368006797,0.0237820874003662,-0.596739438994202,-0.648832507531172,-0.704643660038743,-0.330427877896843,-0.590686408723661,-0.277271509081332,-0.430371242301254,-0.799204646017691,-0.415021913544797,0.484799112729689
"LOC_Os09g19790","turquoise",-0.77570837943179,0.299312508313525,0.419943468772364,0.639788316491046,0.792749867396731,0.896139166903857,0.36488720297409,0.281073797284652,-0.0738926753215954,0.189839338434659,0.384939706609339,0.527140418135154,-0.471241704864179,-0.591773839964188,-0.884623300822099,-0.691891567449028,-0.235297806670237,-0.410363250936051,-0.14696365828677,-0.138382305572798,-0.70114550727435,-0.309141547750225,-0.0904014817378918
"LOC_Os04g01590","turquoise",-0.775440145948903,0.196015269121605,0.660560583019227,0.78823279652201,0.60919865224993,0.894098972683212,0.144887419737505,-0.110062012090313,-0.0524271756483242,0.216405051736052,0.36499448768893,0.354530804681662,-0.552781989825582,-0.815029387977392,-0.792802212708019,-0.663526711522668,0.0208885276796414,-0.425863344963737,0.0135957732042217,0.140257198518764,-0.657253644048184,-0.130546713954281,0.0511894555192365
"LOC_Os01g11040","turquoise",-0.775397812320029,0.353465157639606,0.616794792061915,0.560374826097446,0.610600009714808,0.885873490526905,0.143991251221296,0.0564178076712257,-0.00675350228265009,0.156807537178064,0.552333584143721,0.449233942634015,-0.40589565456669,-0.767431465261833,-0.758136975899321,-0.757708659809081,-0.172677877934604,-0.462663968929313,-0.00962587260029577,-0.0569980177145077,-0.675477111373007,-0.273751221271769,0.176565015205768
"LOC_Os04g49570","turquoise",-0.775171936586413,0.173825308029022,0.31108560920634,0.280920840929563,0.543297160096895,0.809313961959563,0.417775076879203,0.31565391413991,0.100769680462124,0.298764992192613,0.401551302456217,0.502610705636839,-0.212755761794072,-0.455588364224521,-0.777029050299345,-0.768154670699095,-0.336132914842118,-0.230359067430212,-0.37941156896196,-0.386862342859596,-0.706741141195227,-0.351793631286932,0.131933787836467
"LOC_Os02g54710","blue",0.774926166130076,-0.256874745051296,-0.583552376637567,-0.762681295175195,-0.694183052452958,-0.938893552020938,-0.259556295008605,-0.0197345651690467,-0.00147512640693873,-0.258771358366663,-0.396441265133447,-0.415290380479987,0.52398187224293,0.761567309026901,0.886924321975765,0.704457671399368,0.0659744699210117,0.419537990342205,0.0624132632908813,-0.0401078523386347,0.679251864392931,0.174456153477709,0.0137330306821093
"LOC_Os01g57954","blue",0.774683614957556,-0.490119003099748,-0.405571220556104,-0.721045061387465,-0.77605636044098,-0.871485401382776,-0.411997413488134,-0.141635724667743,-0.0335179006077809,-0.111585420800453,-0.374113690556672,-0.339428521619548,0.630670291776572,0.626519665420752,0.841386105886444,0.690755301007518,0.15808992048915,0.317174030576835,0.019328973131137,-0.0611871899024556,0.516418138844498,0.0776882100675385,0.170334323404916
"LOC_Os03g22340","blue",0.774675818647023,-0.191864522692054,-0.349518881774694,-0.651370396669467,-0.730804370698988,-0.917815588877447,-0.467962303328838,-0.219049175747231,0.0253131716228709,-0.326895806060608,-0.433656671234487,-0.584469165952649,0.41665826283491,0.542644329290195,0.961684705402044,0.676653231144992,0.252932032816876,0.441622252953229,0.289506680173946,0.181242131817699,0.688994279885773,0.245862004711532,0.0295365916582642
"LOC_Os02g02390","blue",0.774571307269911,-0.288723436712245,-0.550253152672648,-0.704293047527691,-0.582981397087579,-0.922296393528886,-0.289897647181393,0.0316013627375994,-0.0530044164687367,-0.393548835263521,-0.392064894417883,-0.413449153009092,0.459716044721714,0.720730121770662,0.873697813080813,0.6949226459245,0.024355744767336,0.361772247416446,0.204424645137872,0.0199017890966381,0.721904596170242,0.23842688044008,-0.0502736248563726
"LOC_Os01g68060","turquoise",-0.774375068269701,0.184617218218199,0.667154180207678,0.669893605341691,0.595901049574794,0.856971484471363,0.0852239873006451,-0.0320975117058036,0.0115928575439201,0.182621829425237,0.501832113146431,0.464834868739462,-0.439911882526885,-0.803261205660958,-0.696773021120526,-0.652155803939111,-0.076782083819022,-0.56062380030768,0.0548811124195372,0.0849976779191423,-0.647993354909057,-0.158802707796117,0.179078892494803
"LOC_Os04g52100","blue",0.774172086882677,-0.297607217108637,-0.588175783205326,-0.685829333414973,-0.673974042182542,-0.932772902750134,-0.268139425431215,-0.0617090824749591,0.0297591516087847,-0.22182690105773,-0.352142078456887,-0.409564445618465,0.480493387240855,0.766107402313279,0.848226145150683,0.794859696238547,0.148531821740145,0.383210450307795,0.0625794947743479,-0.00259497963308694,0.654318334992961,0.148077528378719,-0.0323115735119517
"LOC_Os05g34470","blue",0.774097901248591,-0.393562473341316,-0.00174940999366471,-0.445718724174083,-0.716695722575303,-0.785708619693667,-0.768706129292884,-0.419978116125571,-0.0533698040625496,-0.322703967723243,-0.447848415250582,-0.581684952252952,0.336029102452096,0.231560154936029,0.876905210783471,0.570509212834835,0.414665561949343,0.38680308162149,0.448259160134451,0.32909013749015,0.511377318633298,0.165521235085891,0.118065898236612
"LOC_Os07g46180","turquoise",-0.774037030239304,0.323349030213468,0.647681907423932,0.497886048066389,0.645713546173602,0.833301134092567,0.0366528298006662,0.114911605902642,-0.085520892456788,-0.00519078326758408,0.491487778174999,0.344378597575002,-0.48036031124808,-0.779589333672233,-0.672542883337828,-0.801244849220099,-0.156413172797283,-0.30592877560339,0.113347552009448,-0.031423528476866,-0.674163507838665,-0.38130753173901,0.0660290013545186
"LOC_Os08g44450","blue",0.773959092365319,-0.18912018711895,-0.394559377693581,-0.646921640328575,-0.735892556046221,-0.907684293434914,-0.388116360302097,-0.224538987614668,0.0350443670166447,-0.296198155347566,-0.484393184749987,-0.602728474394619,0.403524604047823,0.573538122315655,0.929074029690371,0.667926904526797,0.24249997961486,0.478908994233381,0.234417061061556,0.179573186041957,0.723856847495718,0.322579433292837,0.0115853454136632
"LOC_Os02g30410","brown",0.773953102044636,-0.307583879794422,-0.72628469636528,-0.620693547595567,-0.502711248896716,-0.88710810325132,-0.0797646077400621,0.115196555500718,-0.0919037490258604,-0.310347407919966,-0.482828953707498,-0.39153425510156,0.398997087096134,0.846354213467192,0.715056697821157,0.686997490883846,-0.0432016591053794,0.450268807416912,0.0356742833234239,-0.0449591443666435,0.721486320041273,0.21686399479462,-0.258454786786028
"LOC_Os03g29810","blue",0.773933461502851,-0.332678975620888,-0.591982829482345,-0.743145771373739,-0.646409091587001,-0.926432121043404,-0.258454839819109,0.021232392789523,-0.00790187904712004,-0.261656284756039,-0.332346411562489,-0.346522355769132,0.547422373814412,0.775961318183715,0.8572785581305,0.741209758251918,0.0418353482173163,0.334204176544048,0.069681146206719,-0.0676102206854118,0.656245335829503,0.140503038450471,0.0154968108956157
"LOC_Os06g43670","turquoise",-0.773863744763282,0.277912225957427,0.628883964037525,0.658826634009639,0.705552417669666,0.888842404850179,0.13105171592703,0.0771569194239187,-0.0387905033365604,0.0221717320163943,0.461499914129824,0.352830112369497,-0.563833198054023,-0.800843854058629,-0.770298388962059,-0.796969341271802,-0.177354562214095,-0.374797225352001,0.116535121617565,0.0613086715751561,-0.616012980273064,-0.184129670443349,0.0125124413528323
"LOC_Os01g44040","turquoise",-0.77380714762704,0.214288658333165,0.605824193928124,0.369085612240065,0.530316606420343,0.873438447804229,0.178452186161715,0.151583340826326,0.0165774172685399,0.275447960392336,0.507635678538062,0.555644254242711,-0.182205954179622,-0.68806973794246,-0.716197539951553,-0.742322465533272,-0.229406462748285,-0.463880249797008,-0.160908884892206,-0.271840633710804,-0.78560170488902,-0.334166473897474,0.324532956665789
"LOC_Os08g44290","blue",0.773711941315677,-0.305761319053485,-0.566253742235956,-0.686183968565285,-0.643404647401462,-0.917724123206951,-0.271096131780194,-0.0176384389056668,0.00230798807268003,-0.22026117135379,-0.350576118875172,-0.361051652831485,0.507438138866544,0.755354496055458,0.850133841007275,0.787480167523299,0.127475879658205,0.328886969813257,0.0693008987036379,-0.0286045262561057,0.635328073618555,0.121275001949948,-0.00178575032310274
"LOC_Os04g58830","blue",0.773607401623696,-0.207409722891599,-0.258105537402964,-0.55483352714987,-0.692318345036495,-0.873944979355385,-0.528822265969427,-0.299402178864766,-0.0565400937073832,-0.374889046158743,-0.4894684958274,-0.663304271638274,0.301917926082227,0.449504443447475,0.920486406641764,0.648250216724274,0.328574390615508,0.477526038922086,0.392900946067182,0.280498974794121,0.675506486745346,0.264354003500768,-0.0515541284355084
"LOC_Os01g73450","blue",0.773480769806704,-0.441435669933507,-0.137105758019783,-0.664321829134781,-0.798751407784405,-0.831119845008776,-0.656139422288121,-0.293702672271933,-0.0568004010145449,-0.235329298879796,-0.538199403638172,-0.568824279497346,0.503939767460751,0.39093091552957,0.890634189629767,0.535507049883351,0.319833266544054,0.546731198118596,0.245265792540031,0.117232675782555,0.487500373747729,0.0740690885367064,0.141293174660831
"LOC_Os05g22716","blue",0.773437387547536,-0.472942460175171,-0.363824154829427,-0.646391033625585,-0.798662056684922,-0.876772633579888,-0.454182578668192,-0.234871172085658,0.0058834081791363,-0.0839719276809938,-0.361107434193917,-0.406209508083674,0.556297354798994,0.590473605619227,0.861688826954515,0.740276871502578,0.270622741214614,0.335798892448858,0.0676574120834602,0.0393545652781553,0.531328134545876,0.0866411995944403,0.148694414985258
"LOC_Os03g63720","blue",0.773295518958256,-0.207525315440563,-0.387180967194045,-0.64905110785442,-0.679946097424869,-0.890660787864772,-0.407268697238892,-0.170512356233308,-0.0963803649035616,-0.347524254136381,-0.429203892424105,-0.578536749675531,0.391862701590701,0.567698447820371,0.893651080385891,0.647086111223171,0.225699884016681,0.491699831809862,0.28367264145333,0.151843095216327,0.702657285577789,0.23411152326831,-0.0413834813432527
"LOC_Os03g12350","turquoise",-0.773282155603137,0.297092675865521,0.491751203026092,0.526765532690851,0.736264609654599,0.849703544441833,0.252094374607096,0.27499638183467,0.00618236751997305,0.105653002774893,0.557901250351329,0.592296261769606,-0.328905701345681,-0.644988855021288,-0.730050958039802,-0.676176263311622,-0.325107945586598,-0.59559123128491,-0.0037943733239363,-0.128530275261637,-0.623787685964514,-0.237089366042211,0.120905600961407
"LOC_Os02g09140","blue",0.773169487082001,-0.355771432732299,-0.17031163520995,-0.547841980916163,-0.70617755765357,-0.832761157076863,-0.616641029586301,-0.296387088760148,-0.0945317513767613,-0.311416712557082,-0.418828253893832,-0.470050450716806,0.430940830624175,0.3876683032839,0.893093538383921,0.618691200372153,0.270842545150607,0.291441439602063,0.341148075939625,0.204906879144491,0.556564159344343,0.209549348719072,0.120121516515567
"LOC_Os02g38190","blue",0.773116174702726,-0.281010617439621,-0.280844755320402,-0.650936326607513,-0.843284833758084,-0.895484230251518,-0.523049406798417,-0.32580904239383,0.0479824838764233,-0.166371572437992,-0.407882944081066,-0.526847105487033,0.482372094817258,0.503532703055176,0.947037694481991,0.691033309742664,0.337464141759758,0.404383192681878,0.17298572246706,0.137796404363865,0.575756930778831,0.161132654409282,0.169597269345256
"LOC_Os04g37690","blue",0.773085664439103,-0.427965646939909,-0.345386843409718,-0.736631242194021,-0.813607231983686,-0.903062338894917,-0.490971127012477,-0.213097885280079,-0.0680714546088358,-0.192180107515725,-0.403643141291787,-0.449774912671091,0.578097409231174,0.570017253795969,0.924767896817304,0.63839784143237,0.194958022809814,0.404525547263049,0.137183794644903,0.0260438986978341,0.590414484117372,0.104578323325223,0.160912037883566
"LOC_Os08g31970","turquoise",-0.772682777244979,0.164839267389416,0.455706501330065,0.387440708926111,0.643769873476124,0.839913488807282,0.294716867762756,0.310659231330502,-0.0155930578860809,0.263351348957702,0.509619764686567,0.706399500923817,-0.113473630586951,-0.569562303318099,-0.731752011816323,-0.67031883273264,-0.357379089354267,-0.602088589755842,-0.207147225453296,-0.319542278275542,-0.746601964624038,-0.327926845183844,0.228031245224863
"LOC_Os03g16870","blue",0.772615666490591,-0.244992517288673,-0.408763324219996,-0.537764889084434,-0.673106566126079,-0.890037200547607,-0.388386619852962,-0.21619241542549,-0.117722403513892,-0.263171776207539,-0.388562107617907,-0.474783185040172,0.393350360385366,0.588251062621362,0.877073149879074,0.764497443095586,0.241841295263047,0.30463740097323,0.265269518803739,0.190907082492447,0.706722660531432,0.269758455688948,-0.0204425394036841
"LOC_Os02g07800","turquoise",-0.772612632651207,0.0707608608440733,0.279601766713187,0.491868954000407,0.64267986716066,0.820510994008006,0.441730137934291,0.256706293432314,0.0837289981818047,0.337210864603896,0.467047886049147,0.710689994431958,-0.249630674966289,-0.43599307179538,-0.842025514664452,-0.591944390330868,-0.325951011213929,-0.553386371047163,-0.372084318391419,-0.308560739151658,-0.696144412763841,-0.271300975595402,0.153596849320313
"LOC_Os01g10610","turquoise",-0.772493244941466,0.145292046996637,0.611486252571318,0.55655756299717,0.54974043497621,0.880283590375666,0.189889528158974,0.01880740095384,-0.10908485293522,0.295595215199903,0.522330438092723,0.56610024473952,-0.27503586066391,-0.727668496414461,-0.732818615597771,-0.6403284943106,-0.155039236339652,-0.61007700145713,-0.101306101728495,-0.099438556434094,-0.695391286186101,-0.198657628742311,0.267798699502919
"LOC_Os01g48770","blue",0.772479298693019,-0.124099608819964,-0.324320284076537,-0.615201410386179,-0.701043457334172,-0.894166916685939,-0.457319659486544,-0.229510730630886,-0.0319278323014667,-0.360644502691241,-0.455036191831613,-0.612804721426022,0.365360017113727,0.510479359776658,0.947589634140801,0.646375636852128,0.255087851853954,0.455191456457369,0.329024404827286,0.225325059631814,0.702070186697388,0.304382865879674,-0.0171415164064809
"LOC_Os05g06310","blue",0.772398053993459,-0.192055547866302,-0.280426576334409,-0.624130731959915,-0.753071384586775,-0.901320644893308,-0.51470208340496,-0.282646352451312,-0.00861882276356627,-0.319677279985169,-0.43367368177422,-0.6073608230905,0.393412752730036,0.481474542485651,0.970047875814713,0.663506881414559,0.309685015159716,0.438700392943762,0.330665820682063,0.234260903868932,0.682336208239484,0.271198220204118,0.0535372795831062
"LOC_Os06g13170","blue",0.772354513538874,-0.323756615263035,-0.585363638937644,-0.618822569029374,-0.666306445040802,-0.912621248839453,-0.236709814527567,-0.106889242814831,0.00649603337648065,-0.195498822054869,-0.370633967301579,-0.383859746600986,0.449766107791564,0.746179044466184,0.81027305687527,0.79294138820126,0.16724762263556,0.335892121265295,0.0549856745335716,0.0274489342148129,0.66402069912672,0.169593139589226,-0.0413127017993661
"LOC_Os08g45140","blue",0.772295886328702,-0.322563027350607,-0.601362334996654,-0.760082366339732,-0.739587860208844,-0.932040735187717,-0.2368077542581,-0.0490891967134833,-0.0244763085185845,-0.116723483871256,-0.381448638856443,-0.358349456780004,0.586406648271672,0.797236696993346,0.850538083176429,0.775992844765566,0.141275256093914,0.394864583220795,-0.0470369171957748,-0.0920464729057368,0.609096401820728,0.0742837289229196,0.0301397354983616
"LOC_Os07g38090","turquoise",-0.77227875724874,0.233659291819923,0.315318296483649,0.372862573019709,0.464318655535595,0.839400742905281,0.452956243053036,0.199719449338605,0.083192939992823,0.606682897571775,0.49841796410898,0.612270961653368,-0.0934669392510558,-0.423858031373467,-0.829938158571311,-0.591929472673588,-0.183069825097826,-0.376155589656767,-0.552657375436005,-0.415793426770599,-0.816121549561036,-0.477061749477449,0.198975222607046
"LOC_Os07g32350","blue",0.772254469744981,-0.283824419631553,-0.219582572164758,-0.53416601173797,-0.713776885952568,-0.888751783940731,-0.580049484332555,-0.351844235451106,-0.0785450285992313,-0.408217983297102,-0.445663573755006,-0.644560753874559,0.303007071693763,0.409370180288144,0.961877936281886,0.646083276015131,0.331612973423739,0.413293475310137,0.431582031924683,0.323353485107604,0.715616246153884,0.327505137964353,0.0356075739355703
"LOC_Os06g44840","turquoise",-0.771946236248729,0.115462764242917,0.153749480836963,0.359385915253419,0.64599894031359,0.809812635301544,0.562652782763409,0.430774632721089,0.128506407735015,0.373807469408688,0.32194879535318,0.599295445551521,-0.216211426078724,-0.324514677574786,-0.872866745290039,-0.712063985556341,-0.380397199679717,-0.212881140405113,-0.520717440733512,-0.444387890034979,-0.715297720303684,-0.431120904583214,-0.00831441670231558
"LOC_Os03g22430","blue",0.771929454696334,-0.391082891282844,-0.163143136950824,-0.610131362200682,-0.751719508710396,-0.883015791705592,-0.69097155514142,-0.31526892479176,-0.0793848517898173,-0.361505718441235,-0.388774724382586,-0.566190172328366,0.412146818163001,0.398149539591638,0.958604480363822,0.630622589945902,0.319246750889977,0.408190381119018,0.392338054288811,0.218254661519012,0.590404490307108,0.111686695215079,0.121391749677488
"LOC_Os02g02290","turquoise",-0.771705845471373,0.271420097575544,0.595786345910363,0.533663907450767,0.688400042668056,0.906031778127922,0.181091203508516,0.185229462429158,-0.0154485815509176,0.0944400887223774,0.411777217356903,0.446821078058102,-0.42945424831888,-0.751413722395052,-0.798004306636001,-0.831270616274201,-0.262865678546167,-0.381849623645611,-0.0213068943145001,-0.119624186391109,-0.69742878362456,-0.251844271127108,0.0847966498594651
"LOC_Os02g17320","turquoise",-0.77158314539462,0.163488761025208,0.573265758069692,0.386207696784322,0.601028425084225,0.859520627487738,0.181018571682767,0.212326699356215,-0.0766618652265135,0.170874210829235,0.42124609696222,0.474450731825641,-0.249834008209206,-0.686819882254463,-0.736613272910815,-0.835389556862771,-0.270556412502378,-0.33587760055404,-0.11755851358555,-0.254731523359524,-0.704422332071925,-0.337267025355209,0.192871110555755
"LOC_Os03g56234","turquoise",-0.771417600655859,0.281907379615648,0.429054301396079,0.572532265047923,0.536791308929082,0.837775278709144,0.345806711370398,0.0314494902381003,0.119271494405899,0.391112941554047,0.496251672667008,0.440301940110012,-0.400041623755299,-0.588841059157683,-0.796081473558441,-0.607010049396625,-0.103589186287105,-0.44825075809164,-0.236358339864773,-0.116189499370559,-0.65755717108341,-0.221878927988201,0.116715755174027
"LOC_Os04g16822","blue",0.771282241741982,-0.418936636004847,-0.432076993050423,-0.65243881062835,-0.751613841012874,-0.888899626787512,-0.39983954223348,-0.168538620923003,-0.027924367816811,-0.134177863134383,-0.330801292970193,-0.363682243751894,0.559424455806019,0.641238735304047,0.85592204685109,0.752081583606983,0.198102410164119,0.292649132181996,0.0600001327902094,0.00545442579637404,0.54525472647066,0.0927579679338871,0.113560276056685
"LOC_Os07g39590","turquoise",-0.771050808706606,0.0547334876782131,0.330562366485522,0.228892009689727,0.550690539633004,0.812620786467675,0.370097351770026,0.385192316503675,0.0809288717600476,0.316387713578115,0.332620381498785,0.634575658338476,-0.0828218153886036,-0.453219519896063,-0.785318010804677,-0.81447097400775,-0.429111790883849,-0.261745469022849,-0.417102150931121,-0.471470056903488,-0.765960611123114,-0.434687909898571,0.190702100773733
"LOC_Os03g64350","blue",0.771025540011421,-0.343409596633212,-0.509519424797757,-0.610030494590062,-0.637400186512877,-0.910019881646165,-0.330697612965123,-0.0863822940403254,-0.0592929554527286,-0.23713291714482,-0.294906352055224,-0.379731418936006,0.481263606199575,0.700497251473707,0.859208720438232,0.812772646911733,0.171203830795965,0.275315652417223,0.152869346536639,0.059447992443524,0.65186601795548,0.135725797089019,-0.0148691211478658
"LOC_Os08g28180","blue",0.770819015082386,-0.271599802020706,-0.371780443634615,-0.52354133841734,-0.512197707867155,-0.836669774303378,-0.406302463237535,-0.0950742631063414,-0.135743828276656,-0.521114672412367,-0.407968209310154,-0.462266666753564,0.284616609622463,0.501276738455114,0.835149898651104,0.582737407980581,0.0499660224451616,0.331212153137887,0.418537541946926,0.23705850373226,0.773447244603127,0.360478054153167,-0.0990330921256901
"LOC_Os03g49710","blue",0.770702107617597,-0.383638186642103,-0.561394187981067,-0.720431773689455,-0.593685200571508,-0.915935790185228,-0.283502040498865,0.0462603633624504,-0.125300466311927,-0.343376631938695,-0.366741740629321,-0.344813609059517,0.519609436466235,0.740422357773401,0.854934480568348,0.700217445037222,0.00463181647956475,0.318673839921591,0.156233585633381,-0.0308276566284032,0.693689788455691,0.174502064480161,-0.0272803289566235
"LOC_Os07g08210","turquoise",-0.770690015158399,0.184905548757648,0.421500466104805,0.58779405647173,0.795190886656616,0.88814566955194,0.37636077228696,0.305903315730267,-0.117368866210167,0.153060611119837,0.497136726863638,0.673624202822883,-0.347277034036396,-0.586849098696244,-0.835819824279936,-0.665092106799792,-0.365265296913744,-0.638217655510119,-0.119121555166696,-0.188309955887429,-0.657521140517314,-0.190202136772808,0.0409534572518333
"LOC_Os07g48430","turquoise",-0.770540130320794,0.305385431161023,0.651172015022025,0.441899943861961,0.495157358365011,0.881404267849437,0.142321537052743,0.0741216734980928,0.175690511423711,0.350950503317424,0.44955823017541,0.432008700288917,-0.251049266261258,-0.741785069445722,-0.718233701918825,-0.746723992074868,-0.0811637087351339,-0.331664301437934,-0.179710561349842,-0.175910254834673,-0.80203712265035,-0.35059078521872,0.2915495061128
"LOC_Os08g09100","blue",0.770267733346978,-0.133915355700071,-0.327284825603673,-0.5093208771429,-0.671342446407268,-0.867050477285243,-0.453473628405277,-0.275969157123756,0.0446111895369727,-0.366730148805553,-0.506497236026314,-0.677098439317318,0.227038887306733,0.49089341901892,0.87167457816636,0.64428805162074,0.314054407985922,0.53622188108165,0.336100019974151,0.295875330889374,0.675914087095775,0.307263901030939,-0.105690536751802
"LOC_Os06g45870","blue",0.77026467665671,-0.325526993419826,-0.179238367297012,-0.529675563400676,-0.658674284816001,-0.847852083604844,-0.635444207431913,-0.276917576050069,-0.207046274810283,-0.385083402179519,-0.378049458442367,-0.506346799770421,0.400535213934077,0.402317470027047,0.909930804972093,0.646614123024925,0.262557431643416,0.309385816318956,0.423035457192922,0.232464636009435,0.613406282910684,0.159875553575814,0.0601392948835169
"LOC_Os05g25210","turquoise",-0.770243328604623,0.178402847495262,0.318645694727751,0.533763728094921,0.674363304923296,0.813147431655809,0.463085065373625,0.257006555755342,0.0101538264468817,0.232077317864387,0.361033396575113,0.526508081449713,-0.349869524669387,-0.495551993747773,-0.769007386735253,-0.658958370186227,-0.29552507637566,-0.423823401820721,-0.201140034642432,-0.143958128157281,-0.548832400114445,-0.103007497908068,0.012644583232036
"LOC_Os06g12590","turquoise",-0.77017410823585,0.284020475768191,0.733943731548898,0.744730782229313,0.57654208698018,0.839846633617347,-0.00561814842613091,-0.158751516553748,-0.0735276981588917,0.162883372504289,0.583647205023985,0.353505133836091,-0.536267007621925,-0.849115150810663,-0.660559109496894,-0.560545784979565,0.0807423316426123,-0.573543799791332,0.146944603019995,0.168026933297154,-0.643953712738816,-0.226220683482433,0.153212862620568
"LOC_Os04g37520","blue",0.770116813129352,-0.179901183731389,-0.100755330076962,-0.452367126208894,-0.731889425103238,-0.777082302127955,-0.630334315655675,-0.39820063011554,0.0990179935111992,-0.260185619032446,-0.440412138527207,-0.632340793877327,0.261978949202033,0.292631947937498,0.834499775914346,0.564683310317074,0.410430439084234,0.471067727986608,0.371839669634993,0.351163307581823,0.575670111098028,0.212851685511422,0.0769892872107125
"LOC_Os02g10810","blue",0.770078148153528,-0.326398447426523,-0.179535953369666,-0.588035011295825,-0.758385997673752,-0.880448945890571,-0.647867162937054,-0.353652625769968,-0.0818007680002909,-0.369274127049605,-0.428521479542001,-0.595026440066262,0.37426826011737,0.386052902170038,0.954535994096468,0.591950020244279,0.310700429686413,0.420828996141537,0.386521449293031,0.260872140019452,0.643496929349696,0.213244106904758,0.104426018113339
"LOC_Os07g05010","turquoise",-0.769830386758046,0.378787049592914,0.207841528222867,0.504032971001645,0.855502847711498,0.882106330779692,0.618141788150971,0.495331895101322,-0.0560173407943201,0.123471464454844,0.372194391277312,0.632639093740525,-0.3380789617259,-0.426979971615085,-0.907527384278672,-0.741942536125149,-0.540263056936335,-0.467280270933034,-0.258022935019789,-0.307564036124133,-0.581824951239261,-0.10654339231683,-0.0982857409844105
"LOC_Os06g35730","blue",0.769787279348907,-0.232067778738931,-0.338937514130124,-0.601107472799222,-0.734313587447988,-0.900386325231883,-0.444620291095806,-0.271314060361707,0.0314387521970807,-0.307493912003854,-0.446933053588285,-0.556979037450732,0.398307865668637,0.518001177063617,0.943008237524754,0.679696786838456,0.246412027232963,0.362470936205587,0.290895731220094,0.226714125111566,0.710376750136878,0.36640696650473,0.0547437542491297
"LOC_Os09g12500","blue",0.769632396555606,-0.289238824034169,-0.27879316053099,-0.632267741344752,-0.749446756926121,-0.870597484449203,-0.531865530885599,-0.26093925334343,-0.089225247715352,-0.297734990150338,-0.402408737853294,-0.473669209818348,0.451307616956453,0.466891729290547,0.901045134726991,0.591451589322815,0.198186660611308,0.326973980502417,0.259011284508225,0.147214361727869,0.630189047140059,0.23146726544606,0.132943129897814
"LOC_Os03g11650","turquoise",-0.769547394343251,0.431392534938179,0.258423367630683,0.663116477534775,0.750410175370571,0.807775745213175,0.508418834210994,0.23102814846757,0.0935684902288049,0.193513486022098,0.467262375605058,0.478195234929641,-0.516648418788287,-0.470186010935236,-0.805840267213802,-0.501079754673491,-0.203458038007345,-0.482533718225409,-0.138207078535371,-0.0375790018972238,-0.530912466545491,-0.106374519458712,-0.132635058642046
"LOC_Os04g39560","turquoise",-0.769517818896857,0.308039012126376,0.620564540858115,0.552802350817158,0.534404930090771,0.889018926424236,0.180935762420856,0.0160057756073353,0.0495435244143574,0.357907541549332,0.511567589834084,0.410049249675414,-0.336722714481695,-0.727535924171353,-0.758864243779286,-0.701655745168175,-0.0551214747586891,-0.398202618832454,-0.132003421903803,-0.106696822898069,-0.754748959184278,-0.325139401985324,0.179080938261456
"LOC_Os05g49410","blue",0.769359930495346,-0.451362225794059,-0.464104406296587,-0.632380465543914,-0.733545156830081,-0.908006928193343,-0.357216783768688,-0.201561793164855,-0.104258042138092,-0.199699405874778,-0.350609057367008,-0.374836692247605,0.501501965795553,0.649283436830267,0.863011027879976,0.791305386260504,0.202464634475583,0.255329751575306,0.127624154653547,0.078998929791516,0.677525207551958,0.224377848715915,0.0783393258291821
"LOC_Os09g01930","blue",0.768460432708441,-0.202787972879167,-0.469284098670876,-0.512976823628513,-0.721133770839172,-0.922554436940989,-0.356634923164093,-0.292297912426484,0.0403993505882536,-0.231348068184339,-0.342087945087437,-0.531450625582421,0.314942597865263,0.620268762046627,0.897492276662933,0.811802562734502,0.300639018050603,0.337123171950854,0.215053512218902,0.254871001078763,0.73082443438813,0.284134844685461,-0.0418577800254191
"LOC_Os02g30900","turquoise",-0.768431379414528,0.211590611627271,0.63948223156714,0.525214311358424,0.40136851426887,0.849169132920535,0.0963468151362771,-0.0734197787930686,0.235397463708603,0.515743431839199,0.554626861733669,0.474896525885626,-0.227462699417784,-0.714696730093404,-0.717978099166091,-0.585380349954937,0.0699904985237506,-0.438445574063757,-0.26032148615811,-0.148974367440717,-0.862362406151809,-0.44839319515564,0.356908924311994
"LOC_Os06g19970","blue",0.768288937736755,-0.187058987096353,-0.578498441510672,-0.567082032420317,-0.609468657641472,-0.903156430924102,-0.236658981609594,-0.101578695205715,-0.0319712384351112,-0.232164429717011,-0.298879207645128,-0.482706609094935,0.355663766710452,0.734879856834774,0.80816860215705,0.801834590079709,0.224847452470391,0.392712229227295,0.1330582748061,0.0939943153506836,0.69787785553637,0.149869749846739,-0.128551982730387
"LOC_Os04g32050","turquoise",-0.768246502519095,0.11112094918057,0.504196399783129,0.610310543051421,0.817741695762216,0.898494016063332,0.26450105502449,0.290589653941805,-0.114564400907428,0.0528227239014547,0.348761764009311,0.526723462300327,-0.4502039545238,-0.669603309687161,-0.851809843489677,-0.792415433688267,-0.305734658706611,-0.396840220720632,-0.0243313521802194,-0.122232763391459,-0.672583740789317,-0.273761746006873,-0.0563685228010887
"LOC_Os07g23120","turquoise",-0.76822896761403,-0.000498901758452144,0.625349483308854,0.526842939870436,0.450578400738106,0.826811449264562,0.127927451542448,-0.0494422674193709,-0.0272494517987764,0.318607245795581,0.293598369691028,0.364981511406479,-0.332762316579673,-0.707211242300759,-0.701906137818763,-0.675482509585122,0.00172427923572679,-0.291933413755421,-0.144308115719665,-0.0750876824054892,-0.733811966459413,-0.250917906218215,0.18497539134782
"LOC_Os08g07060","brown",0.767798469860636,-0.274814757263012,-0.644804841143915,-0.629524657210561,-0.663928840585714,-0.873744586800543,-0.147064634410027,-0.0541809197200498,0.0149229504086514,-0.0643366750036438,-0.330032338056877,-0.329518615795563,0.469529568660484,0.804933064928048,0.726332923565182,0.80968192165924,0.146764938349775,0.315533516977644,-0.0914930714354563,-0.0696849620540891,0.592325999900918,0.112048429675862,-0.0436151746892539
"LOC_Os07g07310","blue",0.767719280786964,-0.22718443866794,-0.618621792513487,-0.637417186029497,-0.547739623051204,-0.922465742847917,-0.216474961167862,0.0226672178457109,-0.0740028215214486,-0.393187591519914,-0.335930782063836,-0.404650419722303,0.381496730421234,0.753916068156259,0.843499066653192,0.747193690304548,0.0352548139628349,0.318477116654467,0.195990525033117,0.0628936580185707,0.768094128565517,0.2595468561128,-0.122475748187658
"LOC_Os03g50980","blue",0.767400370614286,-0.193480335586098,-0.337450903997443,-0.54521510943117,-0.548228334501035,-0.834313205052302,-0.395945379560462,-0.112234344957797,-0.0818220397351337,-0.500342835661144,-0.5508566432424,-0.58647059529958,0.305308799742603,0.482626557149334,0.858856921123215,0.551296132177172,0.102509832292222,0.446948832044246,0.429367978018595,0.261980104491072,0.761313138356111,0.419546217427605,-0.135442266731478
"LOC_Os08g01850","turquoise",-0.767247992811042,0.21429505230774,0.293143785588917,0.462821745569196,0.58106545764239,0.813183223677414,0.509962983039769,0.224503513028292,0.0726073634906392,0.428803300653048,0.5330169970844,0.689423210544749,-0.154196687357819,-0.441223027594977,-0.761132617390709,-0.528194981790828,-0.301016362122403,-0.665925526394094,-0.337392551635634,-0.265008230624533,-0.605997754847992,-0.130667689068606,0.216334102715381
"LOC_Os02g40880","blue",0.76705423087128,-0.0886952123661477,-0.293335017932237,-0.571087344217946,-0.666743623622992,-0.871935453354481,-0.46703678220053,-0.244667673086558,-0.0329291966575777,-0.413453441292367,-0.442464006432407,-0.635120023471349,0.307640982164108,0.462987658290598,0.937158217112565,0.626903490181867,0.258808027738711,0.441689076869571,0.39451508867333,0.278894255585007,0.72271068546063,0.343364516780509,-0.0434561213517295
"LOC_Os01g69970","blue",0.76693562383471,-0.188026908862157,-0.411209200058877,-0.524038676135251,-0.503333083590052,-0.87503683313846,-0.369211997419727,-0.0915420351113583,-0.0907363244811538,-0.527213414998178,-0.509108840550825,-0.603406166675652,0.210670626714503,0.53845055703586,0.868624086225089,0.602378127862,0.148567374908157,0.459057199365139,0.424541296191818,0.272450638307684,0.798498905547229,0.35958588737315,-0.209631287011416
"LOC_Os02g16550","turquoise",-0.766491647206019,0.217038209937931,0.584966017646114,0.516382462645203,0.566411885140156,0.912087873036825,0.231524385523163,0.112235336607219,0.0237351844870776,0.41613626246723,0.483648058754897,0.58844422496703,-0.226807848091541,-0.683992127748146,-0.815021159321742,-0.678977976676427,-0.117982977881027,-0.477246271817727,-0.259705354881134,-0.231890260388862,-0.831175700949006,-0.382516310807412,0.234569564249898
"LOC_Os04g14130","turquoise",-0.76644798708673,0.10550485020606,0.703382683599227,0.455957692746734,0.406095078598464,0.820158345966067,-0.0234325669647712,-0.0777456447425595,0.0179485430555934,0.315393831652135,0.607382409803824,0.477724999205691,-0.220452566982865,-0.773217304652229,-0.631632954737655,-0.654524779577886,-0.0397705323530923,-0.505116176714519,-0.0860671054178412,-0.125296709355993,-0.769471551236579,-0.416866582511378,0.395213497465553
"LOC_Os01g01302","brown",0.766405814728496,-0.240995944542091,-0.769775400160147,-0.527853019281468,-0.507849226024826,-0.897924405195015,-0.0272104396155823,0.0323925664701616,-0.0370212244735413,-0.254555989527098,-0.455404941254012,-0.439313144279639,0.297105726140501,0.872477709909447,0.694597261587355,0.790859222042823,0.0836908862381835,0.444066418903327,0.0178919086759299,0.0450257169461353,0.756313562459915,0.263593677823161,-0.300486688473451
"LOC_Os06g30320","blue",0.766334920809725,-0.172037851200542,-0.13960260965907,-0.415023452719364,-0.599796296929029,-0.816142231886032,-0.599266839184211,-0.348583064613062,-0.148436692534557,-0.51676887242531,-0.492901449804985,-0.744981807717682,0.135802796786857,0.302120903327217,0.897877754237879,0.553703586691829,0.351677714477395,0.497664655016845,0.574358410534592,0.451791753910317,0.733915624734936,0.377147382701139,-0.132973428053893
"LOC_Os04g44820","brown",0.766192161266563,-0.215072989692685,-0.705053564561152,-0.569214462819423,-0.563760599232594,-0.885972023963477,-0.048387960859786,-0.0248377301050453,-0.104071380506453,-0.234204402206175,-0.419943838776163,-0.416072343721939,0.361149600627384,0.81963984764605,0.734206806434892,0.786172892148195,0.0880558915592673,0.369212379887101,0.0428308267624121,0.0616027691568512,0.766498633730268,0.356574636294884,-0.201263344324051
"LOC_Os01g04730","blue",0.765900013098044,-0.196024627148078,-0.198530932081558,-0.608545675305024,-0.780141763896135,-0.85244364203041,-0.56832963966514,-0.316404819043833,0.0651379184074942,-0.233519050101426,-0.396531502607722,-0.545597702352176,0.461587009479839,0.415363933329861,0.942722587978572,0.639869759915865,0.329250250122293,0.396552296600702,0.290292047789977,0.199580095633398,0.577006430019395,0.194689278899063,0.134293555311204
"LOC_Os07g47300","blue",0.765896944028154,-0.352365492303825,-0.442884549056187,-0.658218689325851,-0.562668412002464,-0.86305993020904,-0.382835278767984,0.0290328596207859,-0.0279457275413815,-0.352201546246382,-0.378184434003052,-0.336351437400104,0.484085910108341,0.635442574005391,0.826741604561521,0.658699201587135,0.0464582832273816,0.320535449521733,0.189937423746154,-0.00833758337097987,0.583079921504592,0.119161218446272,0.0111880765133734
"LOC_Os09g19952","blue",0.765671522595834,-0.394434669806783,-0.361817052131201,-0.664369838046922,-0.775325251603819,-0.876819445755509,-0.448349809047229,-0.200190016037846,0.0602922408058603,-0.132189417355771,-0.356278198309013,-0.408453547983985,0.563253742610498,0.586013296423264,0.882388233966483,0.71926817073845,0.231554389209919,0.335643996782407,0.102960334786266,0.0347324265724151,0.525940863048479,0.10537820071329,0.143543636043907
"LOC_Os02g21660","blue",0.76560035751314,-0.15308700971082,-0.314133697765892,-0.606924748776369,-0.630893867673915,-0.873922369904693,-0.452045864934577,-0.181625313014409,-0.0722343640345757,-0.454999472447939,-0.487924151590004,-0.624575508245998,0.321740276303148,0.480647286556886,0.928693372970257,0.579920196932056,0.197570231864928,0.48101147706218,0.402132487412781,0.245867002515953,0.742434025678881,0.33424583480756,-0.0791003585953039
"LOC_Os07g42700","turquoise",-0.765417159541439,0.188067985560252,0.290159561587689,0.4841866088987,0.78729141960955,0.816042244583131,0.462868634745053,0.391169030937543,-0.099956980724929,0.111995049741571,0.479618816755959,0.663182459025195,-0.31832868197425,-0.463196227171633,-0.783513115028382,-0.587288499555239,-0.374999870126768,-0.59553099714389,-0.14835912306221,-0.236144829294441,-0.593817662145611,-0.21460955277358,-0.00413415701219215
"LOC_Os08g21541","turquoise",-0.765241478371962,0.202416198820548,0.655728076198888,0.517245508130414,0.506184394876448,0.81227273297834,0.0157625877432611,-0.0384759750091979,9.57721132350733e-05,0.233597217333173,0.681736108514482,0.447513523157154,-0.366926218923322,-0.747642471205279,-0.644746302945239,-0.582370442369446,-0.00303599404581532,-0.511819032418963,0.00319136179099031,-0.0393534128776215,-0.71249204524233,-0.43880883865642,0.250363313891814
"LOC_Os02g28980","turquoise",-0.76515191129095,0.332872494916778,0.528039423121144,0.540554112880319,0.718806741013506,0.865575746483326,0.25681387998135,0.230468831201839,-0.0786361643334738,0.060609756860286,0.375541581624681,0.489024721795119,-0.412712676199009,-0.680515052573902,-0.746367066089213,-0.776196485257862,-0.312637794987483,-0.450972323598267,0.0059938518152985,-0.0954146785223403,-0.632336076971967,-0.143520105714293,0.0530573753795907
"LOC_Os09g32500","blue",0.765072249175913,-0.229149110043571,-0.35838202128255,-0.690077063306141,-0.791522919949811,-0.927284131680937,-0.473403017498823,-0.253269344762687,0.023471814934169,-0.257708991687675,-0.368188495078422,-0.543828253180613,0.474635587827129,0.563366563563773,0.96841697544825,0.708053538918532,0.26992531550991,0.409248269293113,0.222170998178537,0.137293737180485,0.657169620932088,0.195662113427971,0.109107114475549
"LOC_Os06g01320","turquoise",-0.764851630945595,0.0823410926492151,0.735585325657174,0.431450357583674,0.465871105997007,0.872842795169372,0.00435303887835789,0.0054861190584979,-0.0295471495283989,0.305914454020097,0.524219003434214,0.485770597506647,-0.229007050024503,-0.801413090189045,-0.696620890478022,-0.727817586656775,-0.0555012126906245,-0.424597830215457,-0.101849447854738,-0.182583545839712,-0.835248774829052,-0.464297912165101,0.324860333262887
"LOC_Os02g08380","blue",0.764825292538505,-0.312368365870368,-0.57513572943689,-0.732314087290415,-0.683024738492891,-0.938318240477059,-0.259009784868141,-0.0369065152161913,0.0262679025278859,-0.261466225377456,-0.443444562586125,-0.453911100588542,0.501190872972658,0.756577726736757,0.882212791074405,0.72001702936078,0.0960694581885817,0.438430462130537,0.0798341294588358,-0.014057506451458,0.686596029614778,0.211858126896633,-0.0133783316388007
"LOC_Os03g29350","turquoise",-0.764633427596448,0.284307089357084,0.312140805641712,0.413966255504005,0.800938571487445,0.815569297976872,0.42487026137658,0.465642601260832,-0.0330389715363241,-0.0024813233082604,0.376987127158746,0.597811276448309,-0.348107612921805,-0.504599194880277,-0.75831219949594,-0.794232634677776,-0.538624713464861,-0.474043477695155,-0.0822153405100894,-0.252076290185746,-0.553709763078174,-0.156889731908361,0.00806309358781136
"LOC_Os03g06740","blue",0.764619703138194,-0.324612606347339,-0.606330835871601,-0.73902824873251,-0.731297461044489,-0.948059073650175,-0.248075299909038,-0.0708913817828521,0.0538919619729498,-0.159400555113714,-0.36502836413983,-0.390306302943167,0.534713061104956,0.789139698122737,0.873369119440198,0.785334895159754,0.140287312991639,0.375392372679343,-0.00878768152921437,-0.0465286250670324,0.648376765804568,0.121644002925548,0.0399168213350487
"LOC_Os05g49220","blue",0.764101748746704,-0.251162849773859,-0.64544713226466,-0.659095825567449,-0.545863975852047,-0.926244458734755,-0.184215297404352,0.0527846991309782,-0.0358254110577059,-0.391640716670667,-0.386634745529772,-0.410060089039319,0.404109863164659,0.779123145650242,0.842275026263525,0.72355837738495,0.00264250265663807,0.362073740863597,0.169206826809211,0.0442751651538289,0.767458063241273,0.271414916178288,-0.141727636405937
"LOC_Os02g56020","blue",0.763989694205413,-0.111342978957366,-0.143544132709013,-0.29117961839192,-0.590614276240754,-0.809117793502502,-0.56250180254147,-0.436988834533682,-0.0183920828063508,-0.46166132005925,-0.526078730337931,-0.792372127940511,0.0616369853118358,0.284064108470381,0.872655813443717,0.616463647626069,0.452446907309989,0.480841298305869,0.592481205749014,0.569657366509201,0.767864619826329,0.467851033643194,-0.185742221596694
"LOC_Os09g11510","blue",0.763954246509445,-0.312313398196791,-0.563944634308839,-0.702272710476152,-0.772811723491409,-0.938891839649935,-0.279921641260232,-0.15507475442284,0.0518267163179785,-0.124066502393664,-0.384771246036441,-0.437800061327886,0.509520268375058,0.751154386224804,0.871358796107789,0.784511781201255,0.210111445293214,0.42096350735873,0.000597632124706791,-6.53843387230825e-05,0.637700939839658,0.135621567643751,0.0354588142664036
"LOC_Os02g46580","turquoise",-0.763359951579053,0.497964965249663,0.547567497278723,0.507269892526341,0.637154224613337,0.824139817179979,0.148396090622184,0.154274858844086,0.147293638011669,0.123156458899598,0.588675506710026,0.393776804585853,-0.431297449963402,-0.679001893932885,-0.688621727124095,-0.689998243928159,-0.143073520057861,-0.359137889915478,-0.0325708902202783,-0.121414235053657,-0.711213852980556,-0.394658628976283,0.0968323581315423
"LOC_Os03g56380","turquoise",-0.763340765265143,0.0903854251224808,0.374894663541415,0.357872931827677,0.421301287855298,0.802199944156098,0.404911983443112,0.107308193761098,0.205056000398361,0.480405502610518,0.473047758497769,0.570005502983463,-0.107317921554968,-0.484868348357962,-0.731869877905293,-0.574187521330187,-0.206664977962504,-0.474467472263754,-0.394073739172846,-0.297288383507839,-0.677601462593087,-0.150891682266461,0.32332270653252
"LOC_Os04g30780","blue",0.763226640914164,-0.109268540920807,-0.373581893399841,-0.62929416108019,-0.686583591317428,-0.903267555936575,-0.42598541274268,-0.203955808783644,-0.00470032933479781,-0.373597415015716,-0.431803395231408,-0.624718571213826,0.324782964789474,0.547445386892097,0.931621326566881,0.659809184990382,0.256656348810386,0.486007722666027,0.301378983834386,0.194361175596223,0.713411806047994,0.257333472140059,-0.0322463300322487
"LOC_Os03g62950","brown",0.763226194707811,-0.227491787491278,-0.746360041415947,-0.665395895464425,-0.538150994859299,-0.87320709268262,0.00140174865633745,0.122129074097797,-0.063767806435998,-0.240622968433809,-0.451839737114022,-0.344189048050899,0.462269561314399,0.86600140247155,0.714593080318064,0.71616270869767,-0.0495513213277956,0.382587752959331,-0.0264153200742782,-0.0761945371030524,0.728958558974641,0.311027866290848,-0.174466324051766
"LOC_Os04g48410","black",0.763203043957393,-0.187534019052605,-0.647322223860038,-0.316893431627567,-0.416526328059752,-0.818490861370172,-0.0262260731176243,-0.0737336538153137,-0.18104821671256,-0.360027008938883,-0.490548379371519,-0.424783772706239,0.162658330218373,0.697784754324273,0.667851688129903,0.73988008165711,0.0789082208382451,0.258067144118126,0.19189272680651,0.278874722949256,0.860435755303854,0.574374494295844,-0.32591889372433
"LOC_Os05g22718","blue",0.763061445478622,-0.4890302028908,-0.426196521516605,-0.661597997314656,-0.794655600148541,-0.855715961613981,-0.365024999959376,-0.184623001203091,0.0631921713569588,-0.00605456838026466,-0.378711457141927,-0.351459134745859,0.598048680757145,0.640959307031599,0.801366144862611,0.726084939430136,0.228242912424668,0.343109177622789,-0.0455565483303658,-0.0430731250156097,0.498578259317022,0.069750459601054,0.16146862710165
"LOC_Os08g31000","turquoise",-0.763023364766517,0.196567724400232,0.39887762543814,0.730108638512882,0.752903747006076,0.896151400294625,0.407946826126229,0.15165609492978,-0.00109224088362543,0.222817405257277,0.37097384050867,0.446560922071252,-0.521009449975234,-0.602034796199695,-0.906881875592031,-0.677680894433803,-0.167233360908961,-0.357567573705165,-0.162777461508179,-0.0323486012717033,-0.616953091444813,-0.170968768255869,-0.105153054468079
"LOC_Os06g45070","blue",0.762886167388013,-0.0965100309170322,-0.503692314565714,-0.631799807867802,-0.655102406608638,-0.859321495641686,-0.254462520223369,-0.0832049080204431,-0.0362315333898349,-0.248209250667731,-0.496015628816823,-0.498178564490105,0.396442422909942,0.660040496674126,0.804659678568518,0.629865112840513,0.141220429155959,0.508519751111378,0.0933450120781798,0.0725184662248604,0.64469543291941,0.204189185451823,-0.0954696619305382
"LOC_Os01g41880","blue",0.762704052058987,-0.417905256914052,-0.516750077599856,-0.782787927161034,-0.658506659885045,-0.876961659797171,-0.279006288729109,0.0334112249262414,-0.0749406099652937,-0.238717287374544,-0.445660717862144,-0.26434475289669,0.647617151551393,0.696466098682081,0.828885245200036,0.614405730754991,-0.0288971705785065,0.30456026082832,0.0317699743583703,-0.118488132859269,0.61009554241944,0.187589782760929,0.106094626738759
"LOC_Os08g05890","turquoise",-0.762672715560125,0.258477246090304,0.663959350382901,0.705465321107014,0.612942472989304,0.850611682617159,0.106043149269416,-0.0852534907394131,-0.154202764503101,0.125154373872175,0.363607542973752,0.254810064010553,-0.555165349456291,-0.807876282179157,-0.713633769829288,-0.676297950579586,0.0146642626936231,-0.361541257904439,0.124761234996106,0.144499263354775,-0.577777215528363,-0.156398859827218,-0.0108526386600135
"LOC_Os02g49610","blue",0.762523933190995,-0.336206197455504,-0.251622847877718,-0.427699933167256,-0.710312800375021,-0.842492887525357,-0.517900576477653,-0.397188862549797,-0.122698007537641,-0.186345691553799,-0.483245771986578,-0.57284631465949,0.309678772287962,0.448372850429261,0.847114022411455,0.708041928833575,0.435117903703026,0.419406699142682,0.274154202868029,0.296135972131208,0.60550423752059,0.182367403480405,-0.0455306690173143
"LOC_Os05g38520","blue",0.762512398985661,-0.129935294354377,-0.333936157378141,-0.570760347391386,-0.692429908017648,-0.896834262758799,-0.447947781176765,-0.26343277061957,-0.0408113831816007,-0.38579826422507,-0.422504616601798,-0.607521007039448,0.33055799869078,0.501275419215107,0.947580118478801,0.667727692590901,0.252720594568826,0.395831300683333,0.359309692414159,0.273397348021814,0.743061634946105,0.359667379510766,-0.0173191284972166
"LOC_Os05g33520","brown",0.761917071163391,-0.252997784554252,-0.652628542644947,-0.606242144816876,-0.586191957163724,-0.90705698604976,-0.148833221816991,-0.0173555455408171,-0.0135367022076962,-0.237295501536854,-0.39992283567458,-0.421659070541298,0.396838409207974,0.802378632440728,0.79143715096234,0.812533413345083,0.133878838230158,0.38328868180743,0.0736248005545079,0.0501459746355133,0.715862078159898,0.245033721026952,-0.158763277889944
"LOC_Os01g56910","turquoise",-0.761912721775012,0.124394796175044,0.751635195892577,0.434481467254383,0.532808381697069,0.86663793697735,-0.0188353724879564,0.0576103688435399,-0.11224101433792,0.166521657773842,0.491535814155141,0.451635227557887,-0.254937936757095,-0.821024240275492,-0.667374370428752,-0.764089806821844,-0.131477697269608,-0.421846036605241,0.012791024244523,-0.131955061838785,-0.759589817267328,-0.379770963684277,0.281466915596169
"LOC_Os02g54700","blue",0.761435258403047,-0.119671364430847,-0.325582478268889,-0.510275819403411,-0.683806565242198,-0.858345209388572,-0.405280029232114,-0.289753250415277,0.022704118057186,-0.315867285975924,-0.493287486645698,-0.62501668247884,0.302933520280059,0.487804535294721,0.886490705768953,0.67974854030868,0.300399171677313,0.417505714714101,0.301707028973703,0.282963488680792,0.7107549157355,0.410624180255133,-0.0429659065029187
"LOC_Os04g55190","turquoise",-0.76141939845309,0.201406972913442,0.400352470195547,0.488527066797823,0.708742942028115,0.843930574880829,0.372214253111333,0.308929565599695,-0.0373794873260057,0.202567126679017,0.355147506356746,0.555334679514361,-0.311288538936825,-0.547004849194985,-0.792817335840191,-0.694432296284099,-0.280509680287927,-0.42009416017111,-0.16786953399934,-0.206070488039078,-0.678611592453881,-0.284687454982567,0.0157895065533874
"LOC_Os04g24165","brown",0.761208350067038,-0.368575501265134,-0.672817762075239,-0.717943390003611,-0.698175804208431,-0.848257246443433,-0.0808527517832321,0.0289187822362674,0.119235243869432,0.077837389397499,-0.400647649568995,-0.219958247534757,0.671595584548954,0.853202629802464,0.688616442759238,0.758967810684131,0.0740157984483039,0.3522268718535,-0.26367507421363,-0.22386065723594,0.519543162966143,0.0853788556192912,0.0635536275223497
"LOC_Os05g50970","turquoise",-0.760659915049098,0.153716954285138,0.427582358532762,0.595471164597122,0.557323940323464,0.839090875283433,0.293179348608132,0.0827908817986639,-0.0495142423267136,0.413091495843564,0.590135007823346,0.632392156656909,-0.260969249197407,-0.551392037568701,-0.812869456037142,-0.511164184107638,-0.127538446661674,-0.591066112924648,-0.315167429421321,-0.208267267566116,-0.749233836695777,-0.368535178690293,0.215225987208707
"LOC_Os01g61320","blue",0.76047219003838,-0.404140877866478,-0.406495937799992,-0.772940297345895,-0.69668045923202,-0.906801058132578,-0.447288424702762,-0.060161070041691,-0.0738249286210103,-0.317123494752711,-0.327755834554415,-0.346954867012713,0.597463159701452,0.618988186801086,0.924536989702561,0.643603469539264,0.0554906435537136,0.29990482056666,0.18212216553748,-0.0276441106063833,0.618269937607115,0.124447587629229,0.149524670841047
"LOC_Os02g31150","turquoise",-0.760419588139527,0.245158842762301,0.268621067023601,0.584475020319986,0.637256279468034,0.822166740681123,0.469413994584627,0.201506285366016,0.190834901047385,0.41149541001715,0.550541518730393,0.618675408794394,-0.357276721116162,-0.431550103907181,-0.856114897052063,-0.487850325819445,-0.157641192376609,-0.511701515910177,-0.367593418290694,-0.239426996783424,-0.705990987082969,-0.335448563190468,0.0736594258916643
"LOC_Os08g10250","turquoise",-0.760327657504496,0.282191673826054,0.369679433563792,0.460034604886416,0.62973749490013,0.834004726065175,0.407061639041902,0.240876876176344,-0.00147884988588652,0.269410272744713,0.388121702736314,0.499799563582904,-0.292845442920919,-0.535268997721738,-0.78288854233469,-0.737745949347102,-0.293435768020675,-0.355394087035741,-0.261276665386466,-0.224500625970233,-0.642374960787357,-0.225538033739835,0.0665230843733603
"LOC_Os02g04010","turquoise",-0.760308233521874,0.274758405554216,0.543555738697324,0.668303935276068,0.726148208481131,0.876353312795312,0.276464288107059,0.100860758280578,-0.12959196451856,0.0601007931399253,0.371289234530318,0.376123713420606,-0.52247277770407,-0.724853331533925,-0.774819753450156,-0.712934500980777,-0.183020850618539,-0.421378203715734,0.0905048805832647,0.0761954237847698,-0.521997254282974,-0.0273186044189068,-0.0599585953794054
"LOC_Os07g47710","blue",0.760238812169065,-0.0983953137810951,-0.223166551843223,-0.546827871971095,-0.695569475993152,-0.874831341639021,-0.559853994729556,-0.314793754074887,-0.0336536398242591,-0.411888901355906,-0.414361732122976,-0.654594032784377,0.292716354770675,0.407732703489942,0.960908906172815,0.632287991773997,0.313576277911215,0.424842172878117,0.43796321402507,0.317317512243125,0.698101300408982,0.311384014355252,0.00314214735146153
"LOC_Os01g57956","blue",0.760201227111443,-0.472852138871131,-0.263939860017712,-0.62758428814112,-0.78071136685672,-0.858252008769078,-0.553435731191969,-0.262114314935747,-0.0318189178640177,-0.158115840719113,-0.348654351224241,-0.421250696954449,0.530105182299134,0.502231870136462,0.881214442333644,0.70185829692914,0.287838490656222,0.311409625662661,0.174424711966258,0.085483734521418,0.500826436955921,0.0731712179528842,0.169771739971388
"LOC_Os02g51480","blue",0.760125625884347,-0.345069764098108,-0.595334249938256,-0.755614051785512,-0.671076080940639,-0.929606497530938,-0.249191063642772,0.00966227945767755,-0.00138860843312971,-0.24169762386249,-0.336060035356886,-0.344829807129192,0.555102787769599,0.777071635539231,0.870925253178514,0.736591657414417,0.0381642078978823,0.334374502842697,0.05191239815706,-0.0665179097287474,0.661428062110372,0.158583689529716,0.0327605804881344
"LOC_Os05g32680","blue",0.76011274570247,-0.303932054784569,-0.564413675622759,-0.779947999159231,-0.667627526903244,-0.931048383624001,-0.27516256118785,0.0148866859917448,-0.0323842336516934,-0.277562555257635,-0.376581660710989,-0.375136492786606,0.555716202292122,0.752368161162067,0.890416479172797,0.71077671723071,0.0506640619192281,0.375964581804457,0.0856225823781609,-0.0622032614544329,0.662775281592074,0.152000375937251,0.0302071390402921
"LOC_Os08g41810","blue",0.760052253678376,-0.103876725807045,-0.297092992042916,-0.617934936695721,-0.742788120692396,-0.87277227692504,-0.459843367004815,-0.271289047471302,0.0220747430891827,-0.275574948412246,-0.374207693571342,-0.541287750526412,0.411309048984957,0.490564388275384,0.936281495876662,0.668458145064707,0.266430681227991,0.338502161800303,0.283456613181814,0.196416183657678,0.656664549880904,0.307612397040269,0.0987300789353484
"LOC_Os04g51786","blue",0.759858244866261,-0.267721686394696,-0.485783702289552,-0.437677700505138,-0.572019119740856,-0.877107210852797,-0.317443714415047,-0.184441985963453,-0.116000910443186,-0.346868059891227,-0.341640726364977,-0.488898315063151,0.267770293177369,0.624481979492788,0.803568416832522,0.758497030653823,0.202966443885495,0.310905792123286,0.27602912411636,0.248765998930756,0.735485796365136,0.304158431089806,-0.168411028970563
"LOC_Os01g71106","turquoise",-0.759835886451638,0.135175709346722,0.46953053295746,0.47058143391651,0.6904148266683,0.833335170670006,0.258987334868766,0.238114001977832,-0.120088093939962,0.0723522755905752,0.472386844512475,0.555508054531416,-0.363218705931049,-0.644292279391111,-0.744687712388111,-0.743683037707029,-0.347926082778432,-0.505633487126628,-0.0168803927692519,-0.137868346739913,-0.585902338693414,-0.195829529727035,0.0750730871210228
"LOC_Os05g28200","blue",0.759665495271801,-0.381835682495918,-0.623197883420462,-0.72374434538797,-0.594181874213968,-0.894497099395798,-0.185216142114072,0.0755632651893518,-0.0861009992252228,-0.248711998315774,-0.31636010144652,-0.256704808740556,0.582598312153949,0.792678754259241,0.809396775555082,0.742233510945944,-0.0401625721197199,0.228779779714752,0.0523287538480273,-0.0948756619165207,0.675212963122354,0.198457564509069,0.00726776157501445
"LOC_Os04g05010","turquoise",-0.759526950547017,0.320458204882253,0.274872190934652,0.518787603377033,0.64982326330266,0.857981082619527,0.577148669235839,0.234325507727312,0.0588095968211603,0.341411254590834,0.33904441687296,0.523205200719615,-0.326020090115363,-0.45518524605245,-0.865068493334771,-0.629765506350451,-0.271075671353341,-0.398689444931707,-0.33342128925409,-0.217414065582772,-0.594302775436876,-0.0561348205047365,0.00919240156261103
"LOC_Os03g44820","brown",0.759490916771311,-0.314747925017466,-0.693997796475278,-0.662209654086237,-0.496519958123909,-0.896257054343406,-0.119791491686612,0.142635893614168,-0.0582041969608639,-0.326814043322329,-0.395420123584112,-0.301739148198188,0.467852971869412,0.826161917936292,0.770173183040577,0.709526365600628,-0.0736689391988493,0.315155608166288,0.0765255095331214,-0.0619282861106998,0.717597118672843,0.207658934363049,-0.156471932571032
"LOC_Os09g24530","brown",0.759442757691249,-0.33066998157492,-0.679576791803531,-0.720229034913604,-0.637329577158433,-0.897412876302827,-0.123086087987935,0.0456642072746369,-0.0199555687326058,-0.120025861602239,-0.317101219520836,-0.265241669797604,0.588276087229678,0.853509847207786,0.773683347616466,0.81008385292623,0.0425313677509988,0.278408244707569,-0.0785956474881015,-0.140231254710856,0.628143839011656,0.132568856533556,0.0036644097358107
"LOC_Os03g05310","turquoise",-0.75898712871123,0.283199662163388,0.722569540674368,0.668695948217723,0.711062656841776,0.902595632625855,0.0691403421822443,0.0683249794259534,-0.054457739422976,0.0327630586091213,0.305713608787996,0.312507098752901,-0.53721082565354,-0.858104350569852,-0.752206606136817,-0.808964297973713,-0.0860439852433122,-0.297322671224821,0.15291856477327,0.0794679514697641,-0.684202058083138,-0.219702117513187,-0.0225620373137545
"LOC_Os03g10030","turquoise",-0.758835830104506,0.000984845385262773,0.552155564013646,0.478139450670332,0.422796980444288,0.809552696120288,0.193759581234827,0.00566274643964728,0.0743227063936568,0.51298034097321,0.565196933789055,0.634224920091257,-0.103015339172336,-0.606843177082123,-0.678451778609301,-0.491921663338468,-0.056406899967979,-0.644841828953025,-0.289432509604627,-0.213172490275637,-0.783136566631155,-0.308243853247486,0.41238568785747
"LOC_Os04g44560","blue",0.758771989609446,-0.303675151718739,-0.481862343146364,-0.697112187516497,-0.736981004835505,-0.934014716452033,-0.351367206405136,-0.165096019793126,-0.05565963863056,-0.260909159354163,-0.420533371000605,-0.48507694409071,0.456909084794116,0.667323729938391,0.918184795518454,0.724938499850978,0.19504499680403,0.418850263116368,0.149619707457139,0.0708934143897259,0.680992012298024,0.195528290876906,0.0137933705829812
"LOC_Os02g56030","blue",0.758732276321039,-0.343628971421198,-0.454466302383384,-0.581845952839155,-0.601578760376418,-0.884087171230815,-0.369830848273545,-0.0824632532159708,0.0111600338694288,-0.288575528792234,-0.332366934209768,-0.384827846040366,0.424270213535082,0.636675329070559,0.850286101949921,0.721893537955614,0.143652438531844,0.302598634289177,0.186067102591545,0.0833802559449807,0.629837523143184,0.133551462372124,-0.00314314926145258
"LOC_Os02g57120","turquoise",-0.758689328655404,0.52761704057086,0.324215516141858,0.580158734020149,0.731423398615214,0.845658735443719,0.446984003973918,0.237618362069175,-0.0476427982887746,0.135098230236899,0.443904796601052,0.417103762320817,-0.507970681246265,-0.530514725015561,-0.826976922327127,-0.687812910574911,-0.270110890258675,-0.347446130031803,-0.118386077225623,-0.113727638924406,-0.56655506071977,-0.197845981697027,-0.124285008542522
"LOC_Os06g15700","turquoise",-0.758669055761509,0.317006531600211,0.453307591446847,0.60592884083487,0.835215800827657,0.826270172432367,0.244957169804704,0.30540681261675,-0.0984618677930566,-0.0722337745324099,0.568870505369452,0.538703756363661,-0.487258211393552,-0.631391716639795,-0.726221219305963,-0.661932476376355,-0.359075469402164,-0.582029397847969,0.102593678382011,-0.0634912569389493,-0.570656236249298,-0.22697494796313,-0.0348292612649295
"LOC_Os04g16818","blue",0.758631842930634,-0.408277918723007,-0.352370400872165,-0.642216623235165,-0.743444240493453,-0.861213003711205,-0.464878620949616,-0.185632710517799,-0.0680525907669596,-0.16768946772746,-0.29570226627883,-0.362200479504819,0.558040490884934,0.57056698285279,0.863839506969975,0.712711244480084,0.197112905126398,0.26546289738573,0.117631933548718,0.0223970858964826,0.520564167417357,0.0744722161990652,0.150396025618535
"LOC_Os06g28194","turquoise",-0.75861104235255,0.191881077743579,0.437336256589856,0.625382207033592,0.697344920954527,0.886789528009163,0.329704030096049,0.192616084527315,0.0508841162338727,0.280792015157574,0.349533915287363,0.498420684935612,-0.415857666923551,-0.599460836613881,-0.886092295627847,-0.688589702302847,-0.191406663644699,-0.359074627283523,-0.215834942278703,-0.162760047995068,-0.745871749358166,-0.319020886769831,-0.0390836125579158
"LOC_Os02g35140","turquoise",-0.758483742616095,0.31294372396902,0.635691889546752,0.63268435238523,0.601234759075215,0.888527352008237,0.169056851246292,0.0114847089715174,0.00264468478645314,0.256254624330916,0.479433535525021,0.403722586887537,-0.427989654852321,-0.766466399567536,-0.752553203579342,-0.674728892919658,-0.0534673539573345,-0.446670621709092,-0.00491349390044369,0.014276788221377,-0.665536222144618,-0.240162060309125,0.113106072723421
"LOC_Os05g27940","blue",0.758433498541245,-0.162238073493739,-0.243934537838358,-0.557817321606016,-0.695744365370679,-0.864449649648558,-0.509632347811165,-0.293181048945415,0.00364642627992571,-0.376306635725221,-0.473402816131299,-0.63496795867774,0.31947971863195,0.423557241640424,0.941903672806103,0.623656305834819,0.296078675194578,0.432464465997077,0.402415132337882,0.30309992671865,0.710705824678587,0.344006862840085,0.00451146489133157
"LOC_Os06g01650","turquoise",-0.758423585972521,0.334701127785704,0.406653024733481,0.445956464659652,0.670849066083318,0.880902576720034,0.383303934266107,0.30872552817891,-0.0103746638972832,0.221572336448649,0.369471053286901,0.453545221953982,-0.364344936481575,-0.56372266207987,-0.843303124866631,-0.797475506115983,-0.287071676746663,-0.224442063224922,-0.239539593762451,-0.257883137153211,-0.69819472694304,-0.314659724429289,0.00736823840874493
"LOC_Os01g11240","brown",0.758256678996326,-0.0226716915692908,-0.78567156279401,-0.445850239740941,-0.312081215705467,-0.771942815692439,0.161377272892403,0.183089550198385,-0.153030540521042,-0.377020798861933,-0.583194310294059,-0.419351202919446,0.233782348552427,0.811900356951019,0.559036605146668,0.588793376496395,-0.129181312822475,0.445073728289771,0.0927645707867456,0.0981941680350312,0.854399058782875,0.543193485954268,-0.474040963234384
"LOC_Os07g32761","turquoise",-0.758198205568652,0.175834170066141,0.610649037243126,0.552716086446494,0.566360070643546,0.89070560912212,0.1946815170652,0.0587491019054204,0.00364215432935235,0.271380804910267,0.424286156146422,0.496125154722192,-0.320662033626263,-0.750363752043983,-0.780226297524691,-0.744204340102487,-0.161369305514496,-0.472415355218854,-0.116697856363875,-0.0976768772038698,-0.709464846996069,-0.194407022228739,0.203926787301181
"LOC_Os07g38490","turquoise",-0.758106687669739,0.181964743824826,0.618813693374629,0.523511670242641,0.500528800707818,0.871190376695688,0.195560862662087,0.0186893931476341,0.0992975246444599,0.345343901279621,0.38381886042352,0.447128903619426,-0.268906896048287,-0.725845308781631,-0.728593995852222,-0.704957891302489,-0.0696282457358601,-0.37670780837426,-0.161580476354267,-0.0963787719373119,-0.735018117347348,-0.203697555475131,0.234476828054311
"LOC_Os09g20590","blue",0.7580974127871,-0.306471211445046,-0.251333546005117,-0.526965757727489,-0.75629784494089,-0.859341530817047,-0.523644225683196,-0.383398838758757,-0.0707297959540157,-0.211219560413582,-0.37548615081421,-0.572735814235905,0.344252376514127,0.458336888877084,0.875288727949865,0.739899708231163,0.430312017118558,0.374475398962389,0.279925037386862,0.249037836701245,0.616590121403104,0.205253278575879,0.0678851659718907
"LOC_Os02g17470","turquoise",-0.758023685074357,0.345896697924862,0.389248765465018,0.722529891352291,0.59641501967883,0.849894335580917,0.421626175385787,0.012275472829018,0.105062013448897,0.370350445145679,0.427351874754168,0.350870663929348,-0.488799164152651,-0.568880318453116,-0.829411036469215,-0.566565000022918,-0.0424249668609352,-0.340251582318561,-0.203392096431077,0.0209491438549079,-0.577327442154456,-0.0859528117169856,-0.041015231051403
"LOC_Os01g61760","turquoise",-0.757999350991195,0.179514111870256,0.318632146384029,0.388360355317185,0.469664145108194,0.828191613689916,0.462559078160662,0.163868860793956,0.182685171080745,0.491741556025257,0.362010058375003,0.509047754278566,-0.192107655195112,-0.45679399158457,-0.821181861234661,-0.651808095225488,-0.22096570380419,-0.317958021643135,-0.451898575652648,-0.300599300759365,-0.715527141557264,-0.235203224250625,0.145708346918708
"LOC_Os02g06380","blue",0.757980973452424,-0.26653205344216,-0.139667294923569,-0.433913657699131,-0.621442553133288,-0.813048031250489,-0.649677127720366,-0.311467519121272,-0.158509093470949,-0.366711038037586,-0.374033382556903,-0.521929776963794,0.29497912023117,0.343056731395061,0.875614563063425,0.649813477930965,0.353533351289019,0.315761868262177,0.441782594441344,0.311254620587133,0.570843971812047,0.127276538346052,-0.0125748861497337
"LOC_Os06g09679","blue",0.757889796118677,-0.200706118521875,-0.389571077846544,-0.642425059268035,-0.613458574084809,-0.900468770686384,-0.441648138144974,-0.0872903751614591,-0.0129757231306047,-0.40812769088639,-0.37445886053886,-0.489145333137529,0.393941949752436,0.578109545116191,0.926828292031989,0.660235621620739,0.151629455646814,0.383201243310415,0.308693015028532,0.11950602822494,0.650077075608727,0.162259560863589,-0.029182498873075
"LOC_Os09g22540","turquoise",-0.757850116721858,0.171540057826773,0.426613533524885,0.309500375166728,0.625324587004698,0.844325586058889,0.296324094925123,0.340486658229626,0.0110352737586308,0.225772265740668,0.463887531251028,0.517080009564142,-0.214094250355182,-0.541746231236042,-0.780774759915498,-0.785845305982135,-0.308476441701975,-0.237884020573958,-0.229669319351268,-0.355378247469331,-0.72423489223241,-0.486969535154371,0.104544564519569
"LOC_Os03g62730","turquoise",-0.757673870011585,0.315941926561737,0.517422571334858,0.675819902427188,0.612595987933416,0.860597693230871,0.222493302881334,0.00775898000681101,0.045164607373639,0.270424082997174,0.437111300942672,0.398303700505115,-0.505638273747247,-0.686567630014013,-0.808988780610738,-0.650184257449039,-0.0596587244304911,-0.387549123297911,-0.123666689372221,0.000745524963437102,-0.684173052112907,-0.27258295622042,0.0372745617001208
"LOC_Os05g31040","turquoise",-0.757396521038723,0.265795854032725,0.622088196828673,0.672302227668775,0.639393967957277,0.870426636826253,0.144625887903844,0.0194698274075851,0.0513829851098444,0.0872534754862522,0.266096438662581,0.19871178344799,-0.586877108702014,-0.781590397346979,-0.773832782320668,-0.806529556902232,-0.0507492581307979,-0.130303612365769,0.0362382720593479,0.0814596827926372,-0.645235820978228,-0.185150856407557,-0.0606501010549508
"LOC_Os07g11280","blue",0.757294305559999,-0.412479093275644,-0.324234747284568,-0.612613937498751,-0.530251112292979,-0.840461444449718,-0.502032326925075,-0.046881664255207,-0.26303669193034,-0.503770731723228,-0.412211822022282,-0.457399792751932,0.363202035436461,0.502310511234103,0.83611457337397,0.545279225091228,0.069690586068591,0.400043766387824,0.370576834393318,0.100586262343176,0.652625800982448,0.118250840692993,-0.0689363741312016
"LOC_Os01g18050","turquoise",-0.757044815406577,0.150493159137141,0.633670707895463,0.508046498488386,0.383107059731764,0.819127538746118,0.10442700178532,-0.107618785987925,0.232878777536794,0.413764696487079,0.400792160981626,0.384121950135343,-0.273037155666261,-0.717663497621244,-0.677681109800181,-0.646970656492161,0.0248570884954843,-0.347361729468552,-0.207518743164356,-0.0906308636724658,-0.785747333316384,-0.265893262522034,0.323262264030359
"LOC_Os03g63480","brown",0.757019455688583,-0.293488858871764,-0.808962781016079,-0.707037926595695,-0.531308956442306,-0.849828701609136,0.073821247530106,0.208514341586897,0.00930341566632993,-0.124189270812085,-0.495272875931301,-0.27395865891632,0.552908699543757,0.930122407624641,0.64751173489572,0.675074556891081,-0.0949901540263726,0.447436034894071,-0.181012629738349,-0.195885171869571,0.655919966969902,0.20113749877284,-0.184013372601203
"LOC_Os08g44015","blue",0.756890025080752,-0.377787328019292,-0.167919729636373,-0.510010901428037,-0.591653193840531,-0.803242786708639,-0.607571353511753,-0.236823178146603,-0.151437845885216,-0.487004928284343,-0.472573413456567,-0.542748670316925,0.333418176780038,0.339170480695931,0.85830000046157,0.508178218071376,0.173696636296574,0.379077605816537,0.466731999593564,0.274003164643137,0.646666146457484,0.242064495015586,-0.0117587474905935
"LOC_Os06g51380","blue",0.756541480039962,-0.317769842109817,-0.242433752798905,-0.565726431748284,-0.705986149651005,-0.86284457571416,-0.578707582326493,-0.290413903066982,0.0373239982490697,-0.333269905554189,-0.335439926751998,-0.548228718044487,0.356593177110715,0.438144079892915,0.896108085464418,0.625069341122166,0.307724331345462,0.409604456456912,0.330666034907798,0.223289145057894,0.610113983426251,0.146096777113059,0.0968041494681663
"LOC_Os07g06450","blue",0.756518047444709,-0.246105439364008,-0.553852873427477,-0.744331725555375,-0.688732591561171,-0.929572769424573,-0.279366905089966,-0.0422977955387075,0.0481117124176464,-0.248609494630515,-0.357813046491447,-0.400090674296037,0.526413761275176,0.741514447934135,0.888942642251537,0.742581190925897,0.103972901642297,0.364085173034007,0.0826863997421603,-0.0252031085917245,0.657554442242157,0.190871016508638,0.0504169364035322
"LOC_Os05g51830","blue",0.75598799883511,-0.252603470835558,-0.269654291963568,-0.63958694202723,-0.766943936860516,-0.889307787978919,-0.51763133485994,-0.29257369196263,-0.0182334912713508,-0.296880842125647,-0.426750281246705,-0.566806021539003,0.434111423756815,0.47104227811941,0.964458678447184,0.651835384472004,0.285465189490645,0.390264763867928,0.302144484425223,0.206879233548394,0.661460465379029,0.268752204729263,0.101433044548753
"LOC_Os06g02500","blue",0.755981290116425,-0.342851694523203,-0.297761038826455,-0.68487827935411,-0.705954365116579,-0.909290551946421,-0.55376651550786,-0.189268460880353,-0.0606744646425247,-0.394463736750515,-0.362914253137922,-0.517664419171335,0.434709092638004,0.512489850208459,0.966120301303376,0.642211817999534,0.208394025027558,0.396988549888408,0.339175883433023,0.144163838090068,0.654334811220634,0.160836572249473,0.0925134312015941
"LOC_Os02g58550","blue",0.755904739398041,-0.260601251867549,-0.334768754204385,-0.659913991359415,-0.649162237861173,-0.852764083133712,-0.478697965264259,-0.105710331833094,-0.0598073514673197,-0.309174125424724,-0.381416735620698,-0.420828151817754,0.4906049441014,0.529694860882003,0.871355603605656,0.573230340226713,0.132184172118732,0.400246808630147,0.229145167360343,0.0395366791210545,0.56111184335984,0.0346059259822003,0.0354832484803429
"LOC_Os09g10720","turquoise",-0.755772356035619,0.252395259609941,0.740464249777055,0.707091739157438,0.679163086882811,0.878993780084076,0.0253282688807301,-0.01515539394199,-0.107921384590277,0.00078897418528015,0.400869699681792,0.354511757245632,-0.547434156370041,-0.889691823729919,-0.706340963289125,-0.759231686928598,-0.107480693141545,-0.466671150024722,0.212320574914057,0.145378774545613,-0.615306599029106,-0.11186235762253,0.0736211148557553
"LOC_Os06g46149","turquoise",-0.755629049622297,0.44034597999294,0.387660275264955,0.528502771281089,0.776719019203938,0.877482430618375,0.430964308807686,0.355647433838317,-0.0538622087659275,0.121143414975996,0.392365507052662,0.481779463789336,-0.384768531454196,-0.566701866532893,-0.815549285335867,-0.757903917406965,-0.365121112596454,-0.390954708978253,-0.114258294549468,-0.162168300997225,-0.601457792540367,-0.167823071687835,-0.0612318913058825
"LOC_Os03g17900","turquoise",-0.755477225081806,0.139856132747712,0.507804577568407,0.394549887369421,0.464082465170031,0.847218346074722,0.241943666296448,0.129350829545205,0.0886706969948321,0.485731814778596,0.386558001691278,0.482497089941959,-0.158381078149689,-0.598475372361416,-0.772804186847816,-0.704913891054107,-0.0952960886917139,-0.242433433625033,-0.367729446197473,-0.316199667419735,-0.83821955336091,-0.505042285282291,0.188962899394707
"LOC_Os01g09246","turquoise",-0.755370651451907,0.278845592675174,0.549342015662894,0.691048546792017,0.751869349074077,0.877727354574873,0.19771778369307,0.137756377897071,0.0398639623466488,0.110403849295609,0.450234896361123,0.360671444389356,-0.535706565850269,-0.707001124318221,-0.806603375862344,-0.68831305345239,-0.101734263848396,-0.329489859076997,0.0194021059207616,0.00708960513066146,-0.653110894906476,-0.294121276129373,-0.0620284488652576
"LOC_Os02g55160","turquoise",-0.755339779770653,0.363870764592646,0.608035112275764,0.624035764711749,0.701748757506193,0.846090609534189,0.110537347616287,0.113023873031734,-0.12122447033331,0.00918817423325147,0.560291433979421,0.448448581427506,-0.499423259367476,-0.768360169955588,-0.688809661199109,-0.702066734803391,-0.204602189397187,-0.544657436935738,0.142715753108392,0.0262494372317528,-0.616714930778602,-0.241849401811626,0.0360465533980228
"LOC_Os03g01222","blue",0.755223002679043,-0.0173693772901317,-0.319048602774733,-0.505854385553042,-0.416160903937306,-0.807910845500293,-0.429114166727607,-0.0458120077179609,-0.141984826147722,-0.644211862171284,-0.499945400636441,-0.663274194154894,0.141008983118862,0.444824620252874,0.813691412456626,0.467627904439119,0.116313241422976,0.574797819446336,0.54298178012196,0.291938470672724,0.757317582733735,0.282743493253795,-0.292285584408952
"LOC_Os07g42760","turquoise",-0.755202534185409,0.207115174021149,0.426920377495519,0.700788175436554,0.796360687331062,0.914801678098272,0.407520374873719,0.211335332505712,-0.147831567550064,0.16212765850926,0.355244130480042,0.492917404906922,-0.503876214330606,-0.622047471141884,-0.908470254714238,-0.697042813493623,-0.242682382203006,-0.424624860140479,-0.092216515320008,-0.0548970482807068,-0.599296599666049,-0.12495287158293,-0.111253005072767
"LOC_Os03g15930","brown",0.754961819647901,-0.219890924170168,-0.795167681847169,-0.571202414853583,-0.569112587266196,-0.882337153323066,0.0150576980559563,0.025906921993284,0.0691040345537799,-0.107493331112365,-0.427195808921018,-0.378048899631637,0.40793931650242,0.899853545755367,0.666510908859934,0.795073255981747,0.0716806295509248,0.407643388353644,-0.108364188297853,-0.0262559633557584,0.70214589622603,0.23466480184214,-0.220591485770914
"LOC_Os05g44100","turquoise",-0.75484652875499,0.318727964575099,0.277753895549022,0.576444540364074,0.903958150724695,0.86466574674825,0.497980540957973,0.475827642829607,0.00320935074928014,0.0448102250641957,0.394986910207444,0.594141428942892,-0.437026678159236,-0.491746702685587,-0.868453529966954,-0.707076547196282,-0.454488749084403,-0.464124399038757,-0.124604672344769,-0.215012126930117,-0.606583164744959,-0.205518002643582,-0.157255985200417
"LOC_Os05g30420","blue",0.754841239632294,-0.288521828092025,-0.106390448092445,-0.583533870690887,-0.722869102503508,-0.806205207074287,-0.636615998510255,-0.304745852046707,0.0327260529401882,-0.329342725632888,-0.460777038102568,-0.61242702605383,0.409910318253548,0.33877534193072,0.913953913001729,0.536532898850094,0.302070112561384,0.496375202356445,0.371566938139588,0.217964724980163,0.572539907039299,0.218820773724564,0.129992764413957
"LOC_Os07g48290","turquoise",-0.754649365698925,0.372860265729514,0.438771880330172,0.609541298119384,0.694331614390713,0.8374204925219,0.321158513709205,0.179696809970853,0.127187910126216,0.165707180403381,0.499991055376176,0.501609474419343,-0.414940982583618,-0.625378368761397,-0.747845425529813,-0.637838611969266,-0.259749142308048,-0.543712578541105,-0.0639665023442715,-0.0429674737147151,-0.57666207738673,-0.096744089217778,0.0584185596079013
"LOC_Os03g21720","turquoise",-0.754584933460605,0.145600418255718,0.282772914031272,0.236488156136732,0.712150486601306,0.826766071257957,0.462162103431628,0.552665031468713,-0.0221928325543521,0.168677176789771,0.281809112890063,0.588503184613255,-0.146074739127657,-0.413704466938015,-0.802244424688744,-0.828017926479429,-0.492455370075736,-0.225406101553465,-0.321384380458099,-0.475521922169027,-0.707421755303312,-0.37029308175216,0.0301911502139221
"LOC_Os09g25470","blue",0.754457932068537,-0.249055176450271,-0.410894374180408,-0.643209462117151,-0.658847495126244,-0.873032491403364,-0.374091998380461,-0.114084089944191,0.0226021112433113,-0.296200314655157,-0.475660650794907,-0.536570488620957,0.427345838813759,0.598780243693782,0.856844992660713,0.633448378713664,0.214663225570147,0.522081227341668,0.186491705182982,0.109984225531543,0.620198117677629,0.200459383913302,-0.0585418329544616
"LOC_Os03g21940","blue",0.754078933277636,-0.0550619130224819,-0.235639515200896,-0.465423084946065,-0.656006302871147,-0.852642268047218,-0.503063086086801,-0.337775418150426,-0.0125616939308666,-0.423529457138526,-0.481905487420494,-0.708349210937339,0.207122490875604,0.393378863725367,0.921935107097685,0.627537447187989,0.340630360312068,0.454085165600061,0.455656789279713,0.394289895813071,0.736379512344442,0.413456921182846,-0.0812864670678833
"LOC_Os03g04750","blue",0.753772708642454,-0.180436393560935,-0.234900769556758,-0.540739153182686,-0.724226377637667,-0.861925296462703,-0.517476272490899,-0.332628075928047,-0.0154804828321122,-0.30445285203626,-0.453608532916518,-0.615892544587649,0.344668080041375,0.423205685850763,0.939638871118224,0.66120986167013,0.337418334998931,0.401454182931291,0.359334738640524,0.285555276164364,0.663251787326618,0.299237358686372,0.0145843763818708
"LOC_Os07g31460","turquoise",-0.753762299481893,0.420081779228919,0.365324821046246,0.751429849539764,0.858300331162481,0.875209465402259,0.430261607033352,0.234232119014663,-0.0604819936742861,0.0208342491875266,0.375746185874156,0.409348286986857,-0.640609415343228,-0.601829678140508,-0.867173377157758,-0.707135139246547,-0.288099738874517,-0.400968074280779,0.0081373038440207,0.0423556558732524,-0.489495071075831,-0.0246423910570424,-0.208301456370957
"LOC_Os03g57530","turquoise",-0.753634959027848,0.156773871787863,0.470070141991758,0.488487151866063,0.556177802049641,0.838744639139884,0.295721764220557,0.136050720332939,0.160287167422993,0.297085898186442,0.277772604991046,0.329388683488731,-0.340177374317033,-0.593298198224954,-0.783468577624337,-0.736974963504091,-0.107924918823338,-0.135044808938295,-0.239124562224605,-0.15164910726966,-0.693996234890458,-0.233574780639182,0.0613087987373589
"LOC_Os07g08070","turquoise",-0.753622205547256,0.366789790829222,0.31892399564108,0.661476072314337,0.723615461017568,0.848132295451493,0.4873428899207,0.209044888155558,0.0837663352869627,0.243312850228389,0.434028044194894,0.486538152650738,-0.456628393440482,-0.516404521043197,-0.83075961332292,-0.610037726012049,-0.254443820493572,-0.455906298718896,-0.175091175973856,-0.0660825158134359,-0.563681799696973,-0.0708605911847914,-0.0784251617173182
"LOC_Os01g50840","turquoise",-0.753588479204532,0.42120539717684,0.137094489934282,0.466758810642926,0.777389419077262,0.803191350411276,0.603040624059963,0.481863946603822,0.0777711718959988,0.220412393662261,0.414529241424328,0.681443124858977,-0.316597406766562,-0.338043701728595,-0.841000142508114,-0.632340219823071,-0.470605835313534,-0.499408713486634,-0.340532471500826,-0.337141002921804,-0.628770422104472,-0.215417010394853,-0.0381761644721793
"LOC_Os05g29860","blue",0.753484410096218,-0.356360830480908,-0.558429097293698,-0.715609206571214,-0.634418946674056,-0.926505396010448,-0.282041344731122,-0.0139945176434427,-0.0391714550423883,-0.327398344783588,-0.327169081254264,-0.3580388425676,0.493439315757744,0.726147506995044,0.882843738850546,0.720409747305936,0.0401048107729763,0.298275245099124,0.156002311204015,0.00884138374076423,0.711667675024147,0.213808483815774,0.0208538078272074
"LOC_Os06g01460","brown",0.753451154035924,-0.225163025102213,-0.735584585953067,-0.573615880437794,-0.393669093599419,-0.848831255534791,-0.0121583320724663,0.180273839238459,-0.0298326385606676,-0.378574410852855,-0.438628432605106,-0.360413465159899,0.323709291452946,0.82679106717359,0.684145438051999,0.692895242343771,-0.069863483948846,0.391135952399586,0.123443595985769,0.0224945587180146,0.773363632677066,0.316837409630151,-0.313620813261626
"LOC_Os01g74610","turquoise",-0.753291486065047,0.284244149241545,0.544349833055802,0.641856920352026,0.6646592213933,0.845354890827979,0.164621114809975,0.0546247492852146,-0.0898427869747111,0.0824427833950185,0.490448231718858,0.401352307341404,-0.560489724798399,-0.722089826656266,-0.769049355251685,-0.691568230246816,-0.148406132063424,-0.443758394495754,0.0378212042461064,0.0311970993856203,-0.590336126712921,-0.214244932989832,0.0320893500967805
"LOC_Os02g18480","turquoise",-0.753234864508143,0.149920999372967,0.350713778592634,0.473857825920639,0.676976014721573,0.836234087827295,0.376705856609394,0.311971307140094,0.0608238953603166,0.26726943305138,0.500669399963141,0.633329933198116,-0.243811885855749,-0.495631146221396,-0.814433246813089,-0.633056726907826,-0.327624144968024,-0.492951114407195,-0.29386542740859,-0.312657563717615,-0.736709961600039,-0.36553806395263,0.103481852455353
"LOC_Os05g33610","turquoise",-0.753218015399581,0.223333826727677,0.298848200944231,0.575242823509617,0.814612663365524,0.876947490604888,0.454999059989276,0.383203969264417,-0.0561593051867068,0.151239760338585,0.474508417885108,0.643983403425993,-0.39701456601498,-0.4949996381224,-0.90597450128738,-0.681241197803239,-0.405216416651067,-0.500790884365656,-0.208247289594412,-0.248266155506577,-0.648425392960706,-0.267610741813033,-0.0481168466033118
"LOC_Os01g41010","brown",0.753153497204914,-0.234071897379196,-0.815099148351813,-0.548635872547642,-0.539459298921133,-0.826195260363302,0.107390682393609,0.0581127928721444,-0.0241084258591552,-0.0301988580508846,-0.373144904299944,-0.254179156846497,0.444793199347019,0.910880741130193,0.598670639577092,0.795453185435294,0.0112305518323079,0.296018646013914,-0.176542168484687,-0.0815723506779099,0.69636091243974,0.238397529155361,-0.182688868966968
"LOC_Os07g42170","blue",0.752927618424145,-0.209099923340624,-0.262695219361284,-0.616168307387059,-0.770696230159677,-0.879790378892738,-0.517764697672775,-0.300259669691205,0.0491138575860993,-0.272106804020449,-0.423810637970321,-0.564920863566553,0.421034215110103,0.461312881964634,0.952470962196932,0.651142365032231,0.301081230951113,0.408210654775748,0.279156790062846,0.210867939918415,0.642753942886376,0.260621914418229,0.112614385523527
"LOC_Os02g38820","brown",0.752748139727687,-0.245993365782803,-0.677353105447266,-0.700323029936542,-0.623297082755341,-0.889542043753304,-0.100158401971999,0.0413328831586724,0.00518041555407987,-0.135749500048113,-0.327960014156423,-0.293203421785845,0.546334179778201,0.847249461504564,0.774860104666215,0.802188643491493,0.0701679979764534,0.3113016535027,-0.0548141674732447,-0.104026760856831,0.640661516745166,0.17298402336795,-0.0279136855885645
"LOC_Os03g42020","turquoise",-0.752686412354026,0.112035598374912,0.479824446198539,0.412222931352595,0.76311627444649,0.835605636596286,0.218567829861837,0.407831383846077,-0.0578963157334608,0.0369393306870323,0.387434323174582,0.548076513181195,-0.286146635960559,-0.604215495302529,-0.750540242265034,-0.784293442868168,-0.372716925433094,-0.363029325370216,-0.0542421658188379,-0.265274547569447,-0.714143044500306,-0.393523429986904,0.0130985890682164
"LOC_Os01g48390","turquoise",-0.752551777390098,0.175109273715844,0.199876569734949,0.343815470777701,0.663960533730264,0.835477057490674,0.59217357003362,0.424336761023702,-0.0464247620570674,0.290193918022983,0.317425357294183,0.640661512832501,-0.19134489963374,-0.38802492416685,-0.856659706933999,-0.76839806701152,-0.486536191019588,-0.348226585399755,-0.395681150138803,-0.389277459826237,-0.616654943941716,-0.22559445316515,0.0135331640963076
"LOC_Os08g38300","blue",0.752249912683779,-0.384798076829863,-0.417215142461786,-0.699068340829283,-0.632362587079809,-0.845591459104548,-0.366839944575072,-0.0319237430657938,0.00227961088416025,-0.227004562949487,-0.257874028940358,-0.2780139116034,0.619371808984813,0.619610903094576,0.838656548202921,0.694682609474088,0.0532164388303252,0.197925469025774,0.148301440575055,-0.0484578487335939,0.591684900507383,0.13477219463408,0.138021848782715
"LOC_Os05g19370","blue",0.752200584687855,-0.250177667103903,-0.338685707188056,-0.685358848456206,-0.771819177611798,-0.908546461727934,-0.462827883078596,-0.242288319944685,0.0249619160208434,-0.264068076975015,-0.37239438476879,-0.508421766244424,0.499402312437508,0.546477118083299,0.961791644186512,0.698271700470724,0.244035800653976,0.349937358988922,0.241726263089784,0.133812176970085,0.66146517347737,0.258614324517291,0.134095171259543
"LOC_Os05g08610","turquoise",-0.751933230288715,0.175697472241144,0.404905829294672,0.601287312901321,0.601844700474755,0.891336374141063,0.395886288432979,0.126793586383074,0.048586066627165,0.435991262729669,0.379061012298857,0.517166719858666,-0.330782167918298,-0.565737886060744,-0.899549535419226,-0.669250936977132,-0.16105464395684,-0.371364519750091,-0.345214340033038,-0.191233933005179,-0.739062103404629,-0.298506349528809,0.0379115045688322
"LOC_Os09g29840","blue",0.751685356316185,-0.210470676775395,-0.279858171186074,-0.56751869169264,-0.609577821127334,-0.869391328705517,-0.525425927675884,-0.179350330235513,0.123278359582319,-0.444050102467163,-0.427802410302851,-0.600177512155432,0.310604757560298,0.457913053865751,0.922405718881163,0.606700861192625,0.226743177976224,0.44323317142535,0.412720033322536,0.251010373314623,0.66349793906523,0.249951099141239,-0.0255747157760243
"LOC_Os01g15520","blue",0.751659817320925,-0.23804975378632,-0.405463140064793,-0.543337521277897,-0.668923676643183,-0.923248635855502,-0.441755847780642,-0.251949535942348,-0.0642860174484659,-0.392158350778516,-0.338668764405458,-0.55916061531063,0.287128894270751,0.560543382768204,0.930214525107173,0.737219345640845,0.253462239145547,0.347966344866571,0.341558089458564,0.27136364660475,0.75472921385835,0.272301557915952,-0.0432909925730009
"LOC_Os03g13170","blue",0.751630186159916,-0.14811197427086,-0.265760814731555,-0.547473020472006,-0.655360147897271,-0.869249923576049,-0.498644703967256,-0.25197239897041,-0.0445027746355621,-0.403701261033528,-0.429201011362271,-0.590184906599009,0.331962695979862,0.443741163459782,0.94498862127434,0.637555653198915,0.263134035627366,0.375440635292691,0.411280572283761,0.285207719458114,0.699547701248047,0.326350316917791,-0.017784224501169
"LOC_Os02g53150","blue",0.751561894670385,-0.272549817354453,-0.199126297784859,-0.605216280297044,-0.759441440505583,-0.846319469429166,-0.551418432322881,-0.328887631762413,0.0114037967489927,-0.286442502482459,-0.496668515797146,-0.599787704284853,0.409599925908857,0.400144922383199,0.91957939011299,0.59244355028652,0.318557927383116,0.471650105335143,0.324113721318033,0.245992996005758,0.634154272836581,0.290275599264921,0.0939955989621986
"LOC_Os03g03180","turquoise",-0.751522759063433,0.384110894347319,0.54715636715026,0.595468105208072,0.484765713184782,0.838485459935033,0.273092330594502,-0.067680291647437,0.169867999362803,0.387895782829609,0.406276557742597,0.340060650113789,-0.359525460777062,-0.683638538337804,-0.717631855064004,-0.603227662388378,-0.000410636132432012,-0.38540764297629,-0.15396310515769,-0.00274443015008672,-0.628597523973008,-0.0870114687180927,0.166446819987807
"LOC_Os04g33220","blue",0.751491016601032,-0.293647384826484,-0.333480898610666,-0.675584632366516,-0.701668875463873,-0.913832556161172,-0.525002063137054,-0.17116245754114,-0.0464617469130207,-0.357101161133037,-0.331399564553596,-0.490398456589761,0.45095211212593,0.540919280932812,0.9644230882341,0.665765423246969,0.198142629613442,0.364806940647344,0.295953194428309,0.12089160253856,0.631392146363085,0.120222772234111,0.0721813734569141
"LOC_Os03g07370","brown",0.751445977228137,-0.185092090752655,-0.844082832615536,-0.563736420960612,-0.443003881632303,-0.824694369562066,0.141459886080515,0.162151420923406,-0.0169526196817713,-0.235799005199205,-0.581748716109887,-0.377601568686624,0.340126047897157,0.903681912376153,0.579383278182608,0.631716683265538,-0.0983960143007929,0.513491194637382,-0.108634995826055,-0.0517764218821454,0.754758677039258,0.376592385639649,-0.346894088105672
"LOC_Os01g32350","blue",0.750955388171502,-0.448013660559539,-0.42299316109152,-0.742185926264985,-0.666920662339965,-0.891462133264429,-0.423604637227349,-0.0342468637331002,-0.0621499372950668,-0.302673528115563,-0.394611700776961,-0.337193532670087,0.577107374539428,0.635273590193496,0.876656801496398,0.639501581345153,0.0531632395059918,0.322738323849818,0.141451408041067,-0.0460493198076697,0.577822996032832,0.108652743292115,0.112349868849143
"LOC_Os07g46600","blue",0.750933451406558,-0.412569900568995,-0.294323242871937,-0.717694571168706,-0.766798129773433,-0.89711795779856,-0.559258043964676,-0.195114173450419,-0.0730627418707917,-0.237864945940547,-0.296978535731115,-0.415512049157721,0.568871365486134,0.538346906160654,0.951117857334615,0.691154785402587,0.231184102971521,0.322080812401242,0.204403756744987,0.02864778508144,0.548963979138732,0.0052190817685834,0.191288966580797
"LOC_Os02g09940","brown",0.750925476658597,-0.199203710232802,-0.837614329954654,-0.635073976643924,-0.561057662082886,-0.876740912963798,0.0955869007652479,0.0973034937683808,0.0356623681412567,-0.102785384657052,-0.430712073122144,-0.320081231966184,0.44954458336156,0.943399173265688,0.67135988009788,0.779571432436273,0.0113463662050692,0.40026115254114,-0.165828466129193,-0.0992803997640165,0.70757817918403,0.252657668619868,-0.193375389135018
"LOC_Os05g33900","blue",0.750763310185132,-0.186341282523595,-0.310393386572825,-0.42402057682412,-0.73277814938235,-0.856727361646642,-0.413891835006451,-0.44264766555227,-0.0380389959133756,-0.273930762019776,-0.392804103968019,-0.65654506245268,0.218764045495051,0.453176842477893,0.8709079047277,0.739403988281352,0.403838905021606,0.351732488646703,0.355879609498151,0.420486423713138,0.775891470116643,0.46676331067495,-0.0493669769367816
"LOC_Os02g02860","blue",0.750474525610433,-0.301690228369536,-0.356648307617052,-0.655745037273352,-0.579216653321087,-0.887256701994844,-0.477648217847648,-0.0614152176981126,-0.0974330616587208,-0.490569444902633,-0.368110709331925,-0.485411704660652,0.39314489727306,0.544834108627352,0.920012936392175,0.604991852538159,0.0916989531679713,0.378466504108632,0.381625827713587,0.136495456264212,0.696586111672394,0.19298638288167,-0.0114966457762139
"LOC_Os09g10760","blue",0.750443559878247,-0.389494834336532,-0.521395430504974,-0.802033598401293,-0.706535855328494,-0.918171657068419,-0.319464293811166,-0.0123886108715593,-0.0459760248310952,-0.221318652662473,-0.326660289356982,-0.323660890886486,0.615538484311571,0.72932505880813,0.889244334704867,0.707351274488243,0.0580214103442839,0.32196026823467,0.0592086549953353,-0.104510453767382,0.609478978767967,0.0978221447600415,0.116026425367806
"LOC_Os06g28740","blue",0.750354551162301,-0.145592892619863,-0.247961015190988,-0.34368106441634,-0.63053080964865,-0.823758443956958,-0.508543084692482,-0.413752480292076,-0.0193232759155314,-0.402278759253705,-0.451369198569357,-0.694571772593524,0.0526160718930615,0.375472461690159,0.818581063604686,0.643986423666113,0.410853987062222,0.450003111553266,0.447839423658168,0.450202331526904,0.707337641191288,0.344097785016474,-0.14389282184667
"LOC_Os02g28074","black",0.750336295680009,-0.0592551658121648,-0.505272931294643,-0.143821442652634,-0.143323610597012,-0.601884886228561,0.0239570572237274,0.0496534862840948,-0.232115920728153,-0.494351935169331,-0.73128336482127,-0.561422957997009,-0.0401915125161017,0.488846063637978,0.403748647575883,0.377184318124653,-0.0238499619302051,0.550410977416197,0.351348952162245,0.353906034567551,0.816949047374391,0.61897238565926,-0.645165460224934
"LOC_Os06g43900","brown",0.750269356673771,-0.323053885686742,-0.752205207932452,-0.726389976319434,-0.603511439740797,-0.894991427392449,-0.0547379808114004,0.115744875202985,-0.000572760145867175,-0.11922816185503,-0.332313138424273,-0.225970274134437,0.580193042873528,0.899702183948488,0.74190837196346,0.764045849942622,-0.0291082255921988,0.306172870314986,-0.142333186805761,-0.18727666649845,0.622693419455698,0.0954154815263493,-0.0479665435416275
"LOC_Os03g64140","blue",0.750252263584876,-0.369886005316464,-0.644543149272962,-0.736908968325122,-0.629563132117388,-0.923365303798759,-0.202729068612023,0.0485078872875254,-0.0428834926505009,-0.229805587822018,-0.317639831298165,-0.281168160605026,0.560457792108701,0.813665603564327,0.830863349650743,0.750024697556001,0.00395022113414441,0.286382891723679,0.0161033687230852,-0.102083048801872,0.661524054020164,0.124222578897672,0.0151760563173357
"LOC_Os03g59310","blue",0.750162995856485,-0.133309690799221,-0.277031742823378,-0.582270192316205,-0.715745796465215,-0.875181119008686,-0.488002443271258,-0.275340357188618,0.0205146222297089,-0.324029646931697,-0.407958573668705,-0.599933945492062,0.359556609263738,0.46259873785745,0.949034137009506,0.667323708489373,0.302612881942382,0.400625836488662,0.34447428022835,0.255687545412199,0.67861560569335,0.289376346323569,0.0320417531759448
"LOC_Os03g02620","turquoise",-0.750152788415075,0.31791450493333,0.726010291993391,0.578796751779447,0.399353116461032,0.815951949705209,-0.00272379619516735,-0.194144828597698,0.0345083541247378,0.353656415910921,0.571872475275317,0.408296457506006,-0.354911870232142,-0.809952055182518,-0.624621449960876,-0.554239348133234,0.125727471359483,-0.506240679131715,-0.0445363174116676,0.0374601927099179,-0.734572510634789,-0.301290106677482,0.316959931991111
"LOC_Os06g08530","turquoise",-0.750000740560973,0.0960702737616754,0.350723745802368,0.418105586981136,0.498505459543316,0.847363040514747,0.401544551628705,0.20286136241401,0.166808263694453,0.530979034527939,0.422762071321718,0.597153675956034,-0.155617539852394,-0.464228616932022,-0.854991559826492,-0.635081533847992,-0.210005464903116,-0.357812897460626,-0.492677270398383,-0.381759586957124,-0.823828855457164,-0.420192718028255,0.182737257030117
"LOC_Os09g37860","blue",0.749898765927496,-0.226184553768981,-0.119966201360419,-0.540051074754733,-0.681835405672513,-0.839656371633889,-0.658129235309467,-0.33578888720259,-0.105950765715848,-0.451547996095524,-0.485330520737007,-0.679975026752223,0.285106058047583,0.313498650330539,0.948933321882506,0.530665353158106,0.320898602845381,0.490245523019856,0.491707035685174,0.330335025679364,0.66414955385335,0.250389350989847,0.0128399792308485
"LOC_Os01g04990","blue",0.749851090271453,-0.204445921477944,-0.534652377496528,-0.571044425661097,-0.638618248774653,-0.910592114354732,-0.271818141085174,-0.133813610771016,0.0290666152990595,-0.268790945639276,-0.372611745078737,-0.503587465784172,0.346878279605083,0.685885633540445,0.850725599672452,0.780205216126624,0.234328704860798,0.408106164888179,0.159785685824579,0.142803405048183,0.69652995789999,0.204734550990135,-0.106027987863854
"LOC_Os06g12230","turquoise",-0.749850645370836,0.19236066551442,0.675180001864542,0.551697409319789,0.535540771793139,0.879687587852224,0.0996921201994138,0.0206720608692684,0.0379539311121989,0.312696996429023,0.472381251831912,0.52562759186545,-0.264398475730158,-0.770511241799288,-0.726836728369169,-0.704795893307476,-0.120446705881149,-0.536014547755653,-0.0906490812190748,-0.0974183779951112,-0.762688952945287,-0.249607194703673,0.283670111555959
"LOC_Os03g03470","blue",0.749848025817714,-0.404348844148238,-0.535145275802714,-0.662206129013251,-0.638177700840988,-0.909218295538419,-0.309952891116722,-0.0537197891862502,-0.123483493146765,-0.275380680062443,-0.318255012633904,-0.366235485831634,0.476331482848991,0.714240319082996,0.848703536866081,0.739949189651211,0.0891537353398492,0.307204915444068,0.122989497604673,-0.00131585875669675,0.666043836820796,0.11621811335301,0.0012816028147374
"LOC_Os01g55040","turquoise",-0.749813554052883,0.315910663550265,0.620710481574343,0.667360784040563,0.672826649570748,0.84091817143247,0.0890107827225639,0.03629167445411,0.000842974650529817,0.0398928501103026,0.538601768203695,0.374839757773346,-0.557026808550722,-0.774810529913127,-0.71592019646937,-0.657642097072543,-0.0816103803854916,-0.469771190469525,0.126895195151931,0.0982124507093493,-0.604266118288083,-0.207880063148049,0.067980866371066
"LOC_Os02g39180","blue",0.749709365250673,-0.246807147966122,-0.276579394600422,-0.616881396359308,-0.768110108730685,-0.870509357468455,-0.5135618782686,-0.303575868405739,-0.0115213601411611,-0.21638731200339,-0.43802899550819,-0.56543850451518,0.42222533320065,0.475534473890211,0.905688136415999,0.632126582276915,0.326769895450625,0.454046118327273,0.241759099399595,0.181940816124841,0.617393197544081,0.159551001698499,0.0621651539640133
"LOC_Os07g01240","turquoise",-0.749682674010165,0.368921299815131,0.41361069201051,0.602052916552503,0.685626490050585,0.862034748065567,0.368049425438681,0.185162962517776,0.0297252897985273,0.204244205043719,0.398535431013933,0.450330754275214,-0.451883309451361,-0.604278293111244,-0.830141741776367,-0.719328173978472,-0.218130853883188,-0.345925626903515,-0.145276682799061,-0.0955182694844868,-0.63222005004911,-0.205473435934577,-0.0282246657670858
"LOC_Os07g30200","blue",0.749600959462975,-0.283169799818247,-0.626964556727587,-0.62276555269963,-0.50109097619778,-0.903010630401666,-0.197454153198906,0.059493408308421,-0.0731024652260567,-0.390916504157916,-0.318898845882972,-0.35376384826224,0.383150963157061,0.762328169445674,0.809481558779627,0.742596482179451,0.00757611766328682,0.285660842349568,0.182776130971654,0.0323722863390284,0.750083680459412,0.22592913041977,-0.121889284531536
"LOC_Os05g14194","blue",0.749420762559581,-0.211934748449975,-0.356479400638676,-0.638860532094849,-0.604350508466848,-0.884521911470348,-0.459479642750638,-0.106724524462945,-0.0515722286973612,-0.484032810672048,-0.520984005922739,-0.651221688195505,0.29851654576965,0.532136299174706,0.904046824074039,0.538882704254399,0.177519231312198,0.619537063599548,0.354457131084806,0.179936321638063,0.693731230145237,0.199471303167452,-0.123027762352188
"LOC_Os02g08260","brown",0.749233579555948,-0.333779404704711,-0.701665288838292,-0.75964057665164,-0.635660455426317,-0.891990909672913,-0.0837056843505713,0.0972083721611383,0.0851836242116442,-0.114262591531286,-0.401103122870554,-0.300464120871187,0.60173939641332,0.870507959494838,0.771806870107144,0.732864387211723,0.0152329233277256,0.402598058505613,-0.119729924378807,-0.169861513936386,0.620839007694157,0.132041760500386,-0.0252595887097089
"LOC_Os09g30466","blue",0.749191602972247,-0.362565097096428,-0.330959000133586,-0.70040816446749,-0.720784145259948,-0.903669924610637,-0.522415717211909,-0.161462984855232,-0.052254208940355,-0.297997247243486,-0.294767028120646,-0.409290095869171,0.527486060378012,0.549845846823172,0.951667555099617,0.676443919515083,0.177612436110668,0.293642293321397,0.236394392689975,0.0584558687924031,0.602488104421247,0.0936471773328734,0.15787353025057
"LOC_Os02g56270","turquoise",-0.749185648802457,0.28514364479471,0.77046375974311,0.697799251515285,0.558125849852175,0.88707566099817,0.0190424910417458,-0.133591524920791,0.00944435945484379,0.184366909592763,0.412255716349642,0.254342779928062,-0.519977133820002,-0.887281330049147,-0.723825900473364,-0.716428098663433,0.0855340509995619,-0.331094988736373,0.106037551900979,0.148665066110913,-0.678001623937899,-0.196896952135836,0.11742970216768
"LOC_Os05g49270","turquoise",-0.749104451205356,0.229075789177231,0.284793457604589,0.510015564882543,0.821583553921285,0.885458282995365,0.526363466558459,0.440533289530256,-0.0749354230147806,0.170735607818828,0.30256598430233,0.595750832781251,-0.324095730588237,-0.468092521143702,-0.903998234318101,-0.747388644237967,-0.452121561347334,-0.390675087743936,-0.242220178701809,-0.296507313987683,-0.628342802225509,-0.186751474219663,-0.0894884078241586
"LOC_Os01g51530","brown",0.749033137287835,-0.190300288203145,-0.760050239526398,-0.576784184630342,-0.634713681571809,-0.888203400547323,-0.00329739552957614,-0.0546210785764085,0.0473847599444085,-0.0388917314899012,-0.321367661862106,-0.343729674406062,0.42119506996157,0.886631958166398,0.707503106896356,0.887034313367736,0.167827616498143,0.321526238647405,-0.123903908076554,-0.0222917718698317,0.682937318626056,0.207647561483856,-0.122249640095468
"LOC_Os07g48410","turquoise",-0.749001653355532,0.264510159398042,0.476942050859599,0.37452746350566,0.719292686856657,0.873378622245515,0.292495835688257,0.402049401884098,-0.0893772197095696,0.0549824838340343,0.354712567987038,0.558823680855127,-0.246581367255844,-0.625042415869045,-0.763758270443406,-0.900239772013109,-0.483893568002158,-0.359750984862654,-0.0883113733666029,-0.284949537883324,-0.670316540819206,-0.264121504482482,0.0712388149910663
"LOC_Os08g04400","blue",0.748789642799412,-0.296661370795211,-0.39206247856743,-0.639446294613573,-0.57220498850391,-0.845069205028326,-0.396210281359212,-0.0659571337363039,-0.0878581883800453,-0.445952308632694,-0.412666051981594,-0.463666563029582,0.38234777669432,0.545345640021838,0.837784074388224,0.523785517316322,0.0498440938152049,0.430669660175288,0.303293737559674,0.101316175165365,0.691550861861906,0.196561262843166,-0.0517301694613052
"LOC_Os03g08999","turquoise",-0.748735609400049,0.415555096195576,0.571465076064935,0.545090088794686,0.631669332085628,0.867837526614679,0.185104682829791,0.127572813981726,-0.0130295226085364,0.20831081399647,0.389803744473864,0.401583275449038,-0.40138460013523,-0.710266920679667,-0.766278731687879,-0.792736399325898,-0.146891274114861,-0.295060953395118,-0.102132045177434,-0.124980125713977,-0.71778726215044,-0.328351958729474,0.0864686104225107
"LOC_Os01g59510","blue",0.748678755350806,-0.237659895560495,-0.581498814324444,-0.682756793590346,-0.661059101671101,-0.902974308103162,-0.221786491456788,-0.0321732098522276,0.0806071008313697,-0.208299915209415,-0.483956015149301,-0.501873588764554,0.427440037031047,0.749852085856391,0.82237565268687,0.70570512072736,0.171092569276149,0.553225022829184,0.0424450960720492,0.00865528424183932,0.630242198333292,0.136750376249615,-0.123611271678073
"LOC_Os09g24690","blue",0.748644431425199,-0.151354981641019,-0.281551024277263,-0.587071936972386,-0.705643077367081,-0.867318537534925,-0.473107879489311,-0.269466185648119,0.0169270349668682,-0.350807794010198,-0.460388775168861,-0.654704000043913,0.328338811755311,0.460123375047726,0.933631638011083,0.613583482838764,0.282613018437436,0.477532318849391,0.348829352347779,0.257606071731295,0.687798394100113,0.314513251464019,-0.0207555116473991
"LOC_Os03g18200","brown",0.74861247141671,-0.329280758135009,-0.730165142156779,-0.58112851354061,-0.558216779297962,-0.822452274916049,0.0106509059253046,0.0574790038437826,-0.0254175835655735,-0.0357841343849956,-0.368473954311166,-0.216956446419155,0.50685067098531,0.864698796945314,0.628711429186938,0.800409706689586,0.0331128373973088,0.266117463842614,-0.151694585899439,-0.116464687307562,0.615438049705873,0.190849602028197,-0.125730458735138
"LOC_Os07g46410","brown",0.748604683220418,-0.26727708347544,-0.703669275157313,-0.697780197824231,-0.629807606395278,-0.894316539957972,-0.0813766557583233,0.0426294296124322,0.0402353704334235,-0.115327410720141,-0.36742912472229,-0.343422176742221,0.523508684207809,0.864801689670845,0.763196394758517,0.801992292652613,0.083995114273472,0.380508752231741,-0.0877570418512024,-0.104755347537217,0.637867573485563,0.143248981700317,-0.0773387348625257
"LOC_Os03g13000","brown",0.748603313283391,-0.349882069190188,-0.678305834620234,-0.70689858435173,-0.651089413307235,-0.903587686713183,-0.116347173115496,0.0154080319990899,-0.0522965132743737,-0.153018328811315,-0.400459683810286,-0.337832721824798,0.556451530651267,0.844028248035152,0.782807185398444,0.776308905806886,0.0587792125224602,0.373459516284463,-0.0598715766192157,-0.0830357504333317,0.670300112706213,0.195905720059016,-0.0504736621918325
"LOC_Os03g18580","blue",0.748286182460287,-0.201502339072156,-0.307000726139951,-0.663564125038946,-0.724743952119421,-0.885498597083475,-0.479801996551667,-0.226882006317479,-0.112949383623207,-0.342138943250618,-0.413548560029254,-0.560662288775712,0.412018695847311,0.496943269170003,0.945414294806139,0.617910639054231,0.230873509100398,0.411829050569899,0.305250287930097,0.173786207490115,0.67908898986679,0.237681643151109,0.0476844867223463
"LOC_Os08g23710","blue",0.748235162885681,-0.130140065268366,-0.212684736508613,-0.549744576497694,-0.733473343634349,-0.865946168677824,-0.554658500655847,-0.354162443831774,-0.060684255851626,-0.355584352476076,-0.412120085448818,-0.653950763526538,0.313161668756772,0.400323369114343,0.954714583323356,0.634453643298388,0.348708459713986,0.431380568953442,0.401443377374388,0.310571226217204,0.686693645360022,0.290247754305418,0.0275851871801845
"LOC_Os01g70460","brown",0.747945731391037,-0.335585155254891,-0.654484515822448,-0.653285520239768,-0.523085670069137,-0.861805852917467,-0.151874292308382,0.116688101188037,-0.0710185532203716,-0.274806191484141,-0.352532568705652,-0.26843035999894,0.492077760923576,0.800482564705733,0.723585370120648,0.668429730226905,-0.0604047762567169,0.321547399041596,0.0233923221794267,-0.102103008359011,0.638700088699533,0.151095771587986,-0.0951093137224625
"LOC_Os03g58780","turquoise",-0.747804024684974,0.124406561730572,0.673740879798027,0.572343642262125,0.61195633196469,0.887367325760636,0.0780451173337295,0.0718818038995522,0.00506768212964946,0.204907863244508,0.441658681673973,0.472246685526041,-0.370026881276087,-0.794294583368431,-0.755695829061433,-0.750847276015177,-0.120593156269207,-0.414039822904193,-0.0420548740527524,-0.10708984126602,-0.760075942892647,-0.39016275487481,0.174748160772074
"LOC_Os08g03579","blue",0.747646819936332,-0.218796723881548,-0.296276783448133,-0.664994579663869,-0.673731072844573,-0.853866373937094,-0.455462164531403,-0.157011791811362,-0.0513347278012741,-0.370290555766099,-0.451544029484315,-0.500583743554702,0.468298876861621,0.488454579712699,0.922276636433614,0.571305129593237,0.1411201139799,0.374500629748111,0.300119298187915,0.146809849809064,0.65605018033442,0.319929055126337,0.0752809909920508
"LOC_Os07g01930","blue",0.747620531663686,-0.173176288220082,-0.364386064602819,-0.489719816905863,-0.678009413070526,-0.873161619858745,-0.417196618053095,-0.311690683695877,-0.015757000333974,-0.292367614571639,-0.459538561674889,-0.686067570679826,0.190431187594575,0.523273468962577,0.852642755222373,0.682406102010783,0.384752275609802,0.553990800195391,0.283344280918598,0.291093043712456,0.702159266974672,0.229553326171208,-0.103636241521165
"LOC_Os02g55010","turquoise",-0.747593909308073,0.0797016519104506,0.612293130849275,0.336066706111827,0.489853137853464,0.847131279586606,0.145475607367344,0.159883224708412,-0.0813274181650462,0.355061742926523,0.453655497222795,0.609905245906683,-0.0714076428930771,-0.668958254815308,-0.698978498437395,-0.70740190722304,-0.191872247323975,-0.485928788808132,-0.225545889101739,-0.32444776859457,-0.803975530785268,-0.402550062006283,0.369020032181293
"LOC_Os04g35900","blue",0.747591159171475,-0.23692519515857,-0.303086860954831,-0.719225048972848,-0.676890349950481,-0.859243555448267,-0.486809558734463,-0.108537780516279,0.0136854162745136,-0.356537529140522,-0.501990912336297,-0.569798664878016,0.44065440372204,0.510843021129841,0.910254894417996,0.52638802366402,0.177172594251595,0.576428732766718,0.269729963557308,0.076389420196716,0.585701764058378,0.127019987970973,0.00662528586344262
"LOC_Os01g37842","blue",0.74747067476027,-0.162953771242325,-0.245126907981546,-0.501553348431405,-0.733332928176653,-0.824514849328618,-0.494497783916104,-0.371412104694487,-0.0881937254592683,-0.275547150620525,-0.372203003814167,-0.645376734387251,0.303583589285352,0.421746807197166,0.861111073906037,0.668487778382787,0.360269617817694,0.418114748330329,0.325522434239519,0.277071151717203,0.645060952018169,0.272216537150284,-0.0134092656865771
"LOC_Os05g05480","blue",0.747436213379933,-0.185258557657538,-0.507337100615479,-0.51966568456905,-0.537262342820189,-0.902713169286322,-0.311230059759585,-0.0976537324460365,-0.0372261492913409,-0.434958295686666,-0.374131786450688,-0.548750627314837,0.227436188020875,0.642374178594868,0.857397580265077,0.741436798226203,0.191117886152753,0.411345808840575,0.312993149783602,0.211128562441499,0.763324767357226,0.249121643690531,-0.186610692753427
"LOC_Os07g48300","blue",0.7472591116509,-0.184669914895589,-0.213313036920788,-0.463052203946574,-0.549641062899453,-0.780931352338014,-0.479480280489628,-0.215412880255705,-0.0798486661106314,-0.524725512585061,-0.603847113428016,-0.688392602623231,0.181868100257057,0.348857999539635,0.833541158449605,0.435696991895964,0.20140612427678,0.578277612914242,0.478559830603505,0.365691218373969,0.736261972106945,0.439494147300822,-0.145786510497664
"LOC_Os05g46230","blue",0.747128753792172,-0.215748840533715,-0.410576241484822,-0.636308559322501,-0.69651917535626,-0.915252392477653,-0.431060069974091,-0.191128447212449,0.0211662128695956,-0.339818160032546,-0.381721770175069,-0.566566649490516,0.351090482916665,0.595393912304588,0.917792096967248,0.700507313879492,0.244460872637218,0.460013354491101,0.241711800752499,0.151403058070063,0.672064141679094,0.192850039211889,0.00150371687222648
"LOC_Os03g64300","turquoise",-0.746987884536132,0.325092686837698,0.698311888591711,0.693123999466685,0.706222807880965,0.83550967528431,0.0234803227032362,0.0132777148348075,-0.124310362131516,-0.0697014679733376,0.387382220170876,0.246354015864592,-0.624482142398457,-0.840801475991613,-0.676965868056028,-0.731111465050728,-0.036629944972849,-0.310443330762363,0.266298794360654,0.170119666745625,-0.575283832753361,-0.215022544103819,-0.0563087999798194
"LOC_Os08g06040","blue",0.746889794205988,-0.163945600259295,-0.289188964926485,-0.527580077960755,-0.653064536188328,-0.870219793250259,-0.465302781102588,-0.270569557212749,-0.0497831236725624,-0.415979323954625,-0.47600054522664,-0.659158990868961,0.267551394918813,0.453824108406858,0.926080863082784,0.626769930456926,0.283835114047536,0.462701233963755,0.416867005430198,0.320952472859314,0.745577912283411,0.366259865817507,-0.0779195282696735
"LOC_Os06g01400","blue",0.746808012506524,-0.346659404411368,-0.512622338971367,-0.695039032392055,-0.498386141214213,-0.869712945210215,-0.304818936338938,0.108170088276383,-0.152775879038583,-0.4384960056504,-0.35714516336324,-0.342359648354419,0.464907125947416,0.679715767959452,0.828188999698038,0.611123282869656,-0.0498720938913395,0.336611184886306,0.243538887324746,-0.0178278097074211,0.690770009851663,0.145860916944149,-0.0643106500415393
"LOC_Os04g01540","blue",0.746807175441349,-0.37571710729019,-0.50026641536179,-0.673000693494695,-0.565761164291159,-0.899782851657956,-0.335365670297824,0.022022402657768,-0.103980506219773,-0.398614167177391,-0.351281613951766,-0.333451335119578,0.487501165177144,0.671952542869869,0.874206120939858,0.674184099709653,-0.00492251737469564,0.260396179901984,0.223079508910809,0.0211152994846438,0.689917753078769,0.204741802059026,0.00542009489669526
"LOC_Os07g38110","blue",0.746501812402851,-0.395728696360715,-0.200094824717601,-0.573650352894069,-0.655848843179346,-0.828045960941769,-0.589754587580706,-0.209841709690401,-0.0549317787151165,-0.341252759135019,-0.380837150002509,-0.453096681390746,0.462915024449865,0.415341630373376,0.893033340771193,0.595645194886189,0.19073593727713,0.304795839631082,0.344504988668911,0.157971547322565,0.58913115132626,0.174378244351522,0.114564742794326
"LOC_Os03g61540","turquoise",-0.74642813167681,0.327388301763661,0.316558438023124,0.553547096657749,0.873777193738807,0.830411669792168,0.442928057602852,0.422490546079541,-0.0490687067252692,-0.0509123500929313,0.289403321895365,0.488864534072361,-0.446920241277397,-0.529070033697735,-0.803332565619312,-0.782318188049096,-0.47742336255173,-0.390348770064845,-0.0222253638548208,-0.130238787157948,-0.477465959289026,-0.0606899227218479,-0.135080428989708
"LOC_Os02g36880","turquoise",-0.746201366131255,0.161216217254623,0.456378095146335,0.648446758945013,0.634128124368738,0.82270445951364,0.279626934700472,0.0869470918908554,0.0111065577679967,0.261962361282219,0.395425555053767,0.446173500673263,-0.428015812899085,-0.589145029597503,-0.772926466757402,-0.545126919628795,-0.062279489886178,-0.383165304863771,-0.127982118287223,-0.0427800541492184,-0.65935668033278,-0.237060158448019,-0.0020510063744892
"LOC_Os01g19760","turquoise",-0.746183072838888,0.23767932653149,0.327345263748823,0.383592158014641,0.636441282730576,0.814013139798622,0.411855730760203,0.315143901654278,0.104168034342728,0.193943281729757,0.438005700225977,0.477679820359552,-0.295438214219626,-0.492119629135154,-0.774969354071358,-0.720414337815561,-0.335943581909362,-0.281434184812557,-0.224233679340893,-0.257670748588477,-0.579903606851885,-0.240647478155364,0.0592287969004119
"LOC_Os03g58710","blue",0.746175447092755,-0.221499541233175,-0.476046517813511,-0.656254325026237,-0.740056770646943,-0.91534834650635,-0.34332786224803,-0.180219980746216,0.119089450159894,-0.20006906079645,-0.413176090525315,-0.549638202846951,0.420132527546033,0.665881308657786,0.880015114210441,0.737100641961165,0.281699897077008,0.496369928727255,0.101653940304711,0.0848064423695415,0.617439091993477,0.167027085362789,-0.0063696754780979
"LOC_Os02g22090","turquoise",-0.74598443144543,0.295488627374514,0.775801890147801,0.506998422015675,0.54277730418734,0.880770000182518,-0.0254118084090586,0.0106711766476224,-0.0182404430444576,0.155072920306576,0.443409206522813,0.362359699344699,-0.37776621621822,-0.870590226061367,-0.688937849384118,-0.829190035357483,-0.078809730845023,-0.327467994041752,0.0399324387257995,-0.0536435276729821,-0.747902803282196,-0.349428978642587,0.238435080916905
"LOC_Os03g24730","turquoise",-0.745656682304526,0.268288806582416,0.534972850712038,0.649126851852365,0.710037119893027,0.884697134265766,0.23135959849043,0.176423545855057,0.0525811454561573,0.175635764317789,0.4225301717729,0.52660346482852,-0.439135904436838,-0.692878537291436,-0.814756561092514,-0.705443597720147,-0.197645522263348,-0.461254625009228,-0.0891722059926516,-0.0891015048907092,-0.707906348234769,-0.266863030487165,0.0630597774533205
"LOC_Os05g09600","turquoise",-0.745515130413686,0.267990967790891,0.436138770683169,0.419160074538231,0.786817829704253,0.850171296511966,0.283069024873745,0.427265537879146,-0.136342735482182,-0.00320123227938859,0.411898045204335,0.636042977683699,-0.275376992904523,-0.593498646886197,-0.772692987000198,-0.824974693398321,-0.506445514852773,-0.4736025625424,-0.0689325503709685,-0.293156933229706,-0.668194462607592,-0.289930490956396,0.0645435802260394
"LOC_Os02g58410","turquoise",-0.745388723707603,0.162006905046982,0.660256762617887,0.483445687534306,0.553269204205377,0.832605269539624,0.0551002174861618,0.0278006891350231,0.0402101625809959,0.0975819807067605,0.473354765139782,0.383617576014449,-0.391092956081595,-0.792008169069384,-0.671775261372009,-0.75495297865612,-0.147201898919498,-0.414216634627896,0.0643787149112708,-0.0210254457259326,-0.623166721457343,-0.218396036603015,0.209616189633504
"LOC_Os03g04590","blue",0.745376519694422,-0.161128219051189,-0.185487913641577,-0.559555748533927,-0.70526735244023,-0.844496971236748,-0.558037567014596,-0.309301738552082,-0.0346797431642384,-0.360281283180195,-0.433263357016933,-0.6044856754221,0.352099002135681,0.376828098769614,0.948021301432244,0.602436703430857,0.304530638161737,0.386197802466792,0.412442830424354,0.292546656198443,0.665903348094501,0.303953467811393,0.04938552187964
"LOC_Os09g23660","turquoise",-0.745303036167388,0.114040811735194,0.506718740583869,0.503742691072508,0.635307561783367,0.839565221619838,0.266061745220102,0.160470170740591,-6.20155941436634e-06,0.122306162851814,0.244840076709716,0.310042339232823,-0.394117612655968,-0.653582972288957,-0.755807320915513,-0.817181226717596,-0.191370112053479,-0.159565191061363,-0.0510264450051916,-0.0505150359582867,-0.584198303401946,-0.124730671297814,-0.0274821750885565
"LOC_Os01g71330","brown",0.74509105305647,-0.370932811094524,-0.642651420756237,-0.720173073798066,-0.605267124099337,-0.883355440558696,-0.153750335024546,0.0846380691626538,0.0121896099270102,-0.158068248633033,-0.329613345536431,-0.224866387395412,0.614607009577731,0.822324289321589,0.780022004296274,0.7599858535928,-0.00766032069528998,0.244238837041397,-0.0445769747668601,-0.138374458021988,0.599257325477309,0.141822545354259,0.0237619219029968
"LOC_Os05g34040","blue",0.745018648464465,-0.375452726146547,-0.493065483571278,-0.752585031244733,-0.640682585181331,-0.90490042043371,-0.360624089260684,0.00636320570674973,-0.094995645035173,-0.289268759671277,-0.304661239411172,-0.329359938291497,0.567119832722046,0.696389548215025,0.877606470673729,0.691799927873161,0.0450498123751001,0.302914602169573,0.129065167195248,-0.0688139079112612,0.613511016975036,0.0600694071550845,0.069619918029699
"LOC_Os02g54110","blue",0.744697250355596,-0.176058658561772,-0.224454481053455,-0.534372649789053,-0.653998630754506,-0.86670613710632,-0.561839636494056,-0.291207675679951,-0.107404823438245,-0.444012458042305,-0.409117181288196,-0.61481818264422,0.274954193644431,0.40201413512381,0.94826277115205,0.642327376650062,0.291440830837455,0.364422952333985,0.475828708710759,0.326155137303866,0.706726668014329,0.303008501425178,-0.0165902726819212
"LOC_Os02g01490","turquoise",-0.744649869664348,0.256259780017551,0.76712964056349,0.572171474251086,0.590214910869568,0.872868881053768,-0.0190820699455208,-0.00549278373204241,-0.0669617499931878,0.0729773752577655,0.405589106408376,0.290221145450861,-0.450618994872932,-0.880528372718938,-0.686994581702441,-0.797662556591141,-0.0558203736726991,-0.312700745274258,0.139237012604104,0.044534111171383,-0.691341857861677,-0.27221239792642,0.109099445319755
"LOC_Os04g55050","blue",0.744385666011001,-0.382656939843921,-0.593695737139334,-0.737515215982343,-0.57152745216008,-0.88564274308449,-0.223732564639145,0.104612413943873,-0.0543988860147457,-0.299454629015435,-0.345733331619243,-0.290171695000815,0.546053522100745,0.765204495749025,0.81324000205553,0.673664320096378,-0.0536534775681868,0.298701112785045,0.0851550442577,-0.0963310037551434,0.65604089521641,0.158167803943358,-0.00420578992520807
"LOC_Os03g61680","blue",0.744233370291195,-0.332298444984472,-0.519691233769676,-0.713597682602591,-0.752324276369411,-0.901989565431733,-0.286447179321378,-0.127908859747514,0.0175754428030923,-0.142351064688118,-0.450481258744704,-0.43109852723193,0.548276145080742,0.702671919983976,0.851393147982856,0.676277767556809,0.146488995457903,0.456489317155993,-0.00500940654154874,-0.0159686059629041,0.618916874117125,0.1557645119822,0.051599487152339
"LOC_Os09g07910","blue",0.744161230293162,-0.411674860826594,-0.298827682279489,-0.492112264494977,-0.768184890423487,-0.844665924717053,-0.486756270540818,-0.344271721346773,0.0407774909451466,-0.0807495999824988,-0.344807996725312,-0.471026722198836,0.422903433794732,0.504383793762851,0.839705137335562,0.784609476164293,0.394548446252717,0.302093689102993,0.155312442181462,0.184549455211428,0.524460820560815,0.101910178096583,0.0738204527719693
"LOC_Os03g61019","blue",0.744148870700744,-0.175494737227251,-0.35931789163033,-0.560728309653406,-0.711043836662997,-0.905037720541083,-0.452026158676859,-0.297382185170751,0.0313690942587638,-0.318657500363558,-0.435088080690852,-0.65333320408806,0.307302216880432,0.521527979927473,0.913434629226246,0.681694854594144,0.329645422295757,0.473887897330123,0.304007019604763,0.269290936866588,0.724711720343905,0.265738831621109,-0.0342185240620288
"LOC_Os08g31810","blue",0.744084175885147,-0.283832644822164,-0.293917515502146,-0.621137029963556,-0.607802381304649,-0.851764036826503,-0.497703377683069,-0.128207429397055,-0.116813635131825,-0.450439583535502,-0.481281873494527,-0.516584154228014,0.376146285285672,0.471001331400125,0.896658281573972,0.499432954292644,0.118717105243934,0.462629309621569,0.3330501959285,0.14506515973964,0.655287058296426,0.199711027178347,-0.00208119160606605
"LOC_Os07g46750","blue",0.744027562103044,-0.182691237711601,-0.173138502034317,-0.663289490867117,-0.772003637031957,-0.843676926170201,-0.585585060792325,-0.290444931909941,-0.024679298807472,-0.288695103249444,-0.408043055256159,-0.601622808453301,0.453242716663513,0.403763007474139,0.951422911082322,0.585712157782674,0.309808413098746,0.465151587436527,0.31024636770655,0.159514227617753,0.572444546301191,0.175443941956696,0.131613581310878
"LOC_Os04g16834","blue",0.744024186007278,-0.476798580704091,-0.352222504715314,-0.703493399750009,-0.792057534321529,-0.856597635338238,-0.461261424887354,-0.180640876130903,-0.00786287913181261,-0.0839192290699912,-0.312917158392496,-0.329714355843888,0.626649538891751,0.584540025426523,0.85799071246464,0.698268999806039,0.206473460865094,0.291513274709476,0.0299236907948018,-0.0536949868252818,0.462227563615508,0.00778482719925423,0.211883600853682
"LOC_Os02g03330","brown",0.74400526021743,-0.317333888710867,-0.654645636324517,-0.710925641876508,-0.760011084796872,-0.878732348170947,-0.102978119489647,-0.0813849710103364,0.111690365615596,0.0467334292262204,-0.369329759638356,-0.29750405730384,0.620659263951485,0.831057437998542,0.757477745757899,0.798491551985023,0.124011917840271,0.327370485248659,-0.200487916358193,-0.134639881473282,0.574419323835098,0.175884567062438,0.0879986848650484
"LOC_Os05g03190","turquoise",-0.743795132883288,0.125753390733994,0.635192020157053,0.519542326480447,0.360026046035874,0.827432166970511,0.130366487896584,-0.147496098424565,0.0657986800798476,0.488716299660992,0.447496714907455,0.426984331311503,-0.207207897711662,-0.714495687557908,-0.695028635213648,-0.572720552242401,0.0468727404966823,-0.467448229700049,-0.19764539726201,-0.0746567808178373,-0.720560115636688,-0.253270086320763,0.342527057143354
"LOC_Os01g66600","blue",0.743773819333569,-0.276259278698936,-0.667872000414426,-0.70473641591863,-0.642083621854793,-0.922846244753863,-0.142832698938645,0.0126228259389563,0.0497467329776636,-0.196116858233882,-0.333584306467329,-0.336342543026986,0.510895567409251,0.824868657545088,0.833964172185953,0.792615366482802,0.0580377008768959,0.303265438459403,0.0010840422296385,-0.058390677377914,0.685875880889,0.203315183234283,-0.0131649513798002
"LOC_Os07g27150","turquoise",-0.743680511857798,0.245271926554479,0.577347308993307,0.593745161851489,0.568731533236118,0.905142798126887,0.239086599346519,0.0598763095690457,0.116958109266684,0.403920700780807,0.446452696200455,0.526652894594191,-0.313773624748021,-0.70714920425239,-0.823535209839903,-0.69447738285757,-0.100961052459774,-0.45026574117658,-0.215138837328707,-0.129325872544682,-0.780832114753761,-0.284597751037247,0.182084319937468
"LOC_Os01g69270","brown",0.743623333918852,-0.217889242956794,-0.716900797091329,-0.490408658844618,-0.580919329059689,-0.860978929173669,-0.0158052651214643,-0.0793407978020674,0.0851289309995241,-0.0869841403141149,-0.31297840115676,-0.367304566780675,0.358481361988695,0.824980224995161,0.694962286600677,0.879198721474782,0.182075610537087,0.307157384430785,-0.0462993893485708,0.0676871032707647,0.718493998221485,0.285080034814734,-0.159256952205941
"LOC_Os03g59430","brown",0.743430678413853,-0.243474822737507,-0.700909150504468,-0.672877418151541,-0.50014984188356,-0.795588324379319,-0.00928948973598527,0.17938072046757,-0.0951553743396475,-0.219160348837099,-0.437322411335967,-0.170208413365738,0.523854115987559,0.805451324677633,0.633123561661188,0.590026504741401,-0.190847145157537,0.258403365917823,-0.0888333045710375,-0.172774617805857,0.656681709945162,0.264926069250148,-0.0545646047615055
"LOC_Os03g45400","blue",0.743272117934936,-0.448748367880938,-0.497772518823001,-0.807713034758074,-0.706505566828329,-0.886019526695116,-0.330974925783777,0.00409727707321161,-0.0511066965549533,-0.160325108356061,-0.315001656770635,-0.274720128015987,0.67373720484478,0.719496176038522,0.847758112269271,0.689082553820611,0.0476679077484586,0.309044395677146,0.00827183602817969,-0.158714433778524,0.554406185871708,0.0344193807657386,0.151233928483827
"LOC_Os06g41110","turquoise",-0.743208424698351,0.316126766140635,0.606536389820315,0.650296593319963,0.613532266414111,0.859880228038563,0.185620337201762,-0.0262445280738455,-0.0935177513926336,0.134685034855132,0.34728344414555,0.303596236078887,-0.51701028023595,-0.769433663235195,-0.751698882791881,-0.723379272376661,-0.06874850595295,-0.35760436893919,0.0738459974926411,0.105213141703982,-0.563209115337036,-0.0768882977742634,-0.000669782636239675
"LOC_Os07g04160","brown",0.743180608205639,-0.263435134013193,-0.72887394116869,-0.711399146695627,-0.568685203877796,-0.90583981256349,-0.0773773488187572,0.110521096566084,-0.0241407840764544,-0.238658810098959,-0.349463291451855,-0.299787219264009,0.507800388104567,0.873272081332575,0.773395353490387,0.75055533572997,-0.038228006202238,0.321390198214215,-0.0284547206615682,-0.115480405153469,0.694478715997269,0.201552647706506,-0.0744632684215999
"LOC_Os08g06130","turquoise",-0.743136263067203,0.149792311820152,0.65554072896109,0.445727806924078,0.459132816027975,0.807021750060945,0.0339474740401671,-0.0116153465684827,-0.006380664991408,0.299908848297548,0.500662340610986,0.427495760234094,-0.24554298737689,-0.72766127812286,-0.640541767830751,-0.626175012316364,-0.0213122751935718,-0.395136145617806,-0.122561859577389,-0.157540411145419,-0.765505400720717,-0.446374578166108,0.279968492253875
"LOC_Os06g11990","turquoise",-0.743030588872879,0.275021379267228,0.687938291691457,0.608625909977653,0.479567321247572,0.884504899993463,0.135409910417539,-0.108402864781777,0.00653627324114377,0.344165779428224,0.39460730196368,0.344965040005181,-0.360931107064171,-0.796765616091089,-0.745417654681918,-0.671124359473492,0.0324271518967117,-0.389212819096272,-0.0757105687938626,0.0105814860482244,-0.708926786906585,-0.163818720701209,0.18825369533308
"LOC_Os04g04320","blue",0.742704474667409,-0.316149898432896,-0.42765794913656,-0.57440934578752,-0.538353225866064,-0.869411010181817,-0.374267982917346,-0.0655303094607671,-0.150183301542107,-0.440209742522484,-0.445850612717489,-0.397096209373831,0.356272347256483,0.573529496198273,0.845109156613469,0.621453159504433,0.0532180218991647,0.299114284248043,0.32029139729969,0.157254191113152,0.709824189801843,0.272166556661112,-0.0769047651410653
"LOC_Os04g43990","turquoise",-0.742008023864108,0.434304100696714,0.446746918491904,0.714186675908093,0.828130377511804,0.905060081337126,0.370694628459735,0.22692253465127,-0.0377832094030261,0.038661397194812,0.29317973305793,0.386040102749127,-0.584697929037906,-0.66628794039513,-0.880941669576527,-0.778246344819795,-0.270328760797025,-0.322654929326634,-0.0167012001866743,-0.00109663544412372,-0.57899133131138,-0.0959567219568424,-0.180117245554428
"LOC_Os02g06700","blue",0.741773642916248,-0.11561464140818,-0.401704155477218,-0.665577856799577,-0.680546007180539,-0.890666660333426,-0.372090497947894,-0.154090054692553,0.029240249252437,-0.339611321588388,-0.425995976959084,-0.565618715046375,0.400111704662185,0.57181522994535,0.923743727420805,0.634474500380044,0.17719930903162,0.443575904235281,0.264948769018363,0.154114366610785,0.709427039304608,0.294256917119039,-0.00935168792788962
"LOC_Os05g07730","turquoise",-0.741696321794912,0.19030244175191,0.419331824614788,0.3992493877453,0.539407259090978,0.83723472128833,0.316409016615252,0.220223686741465,0.0943571569896032,0.442944980903203,0.516944852784292,0.6126245912923,-0.185295954815073,-0.532873107724431,-0.791862051135306,-0.630111587488352,-0.167164076188208,-0.433980973701689,-0.357545338935515,-0.329120974453036,-0.810616390691715,-0.49515231531441,0.189414172258502
"LOC_Os06g45370","brown",0.741607978661615,-0.237373351564404,-0.757077945416007,-0.559598535710962,-0.577885115047889,-0.887052307005802,0.00553728142062575,-0.0174395359672707,-0.026844651262054,-0.140034926351457,-0.364649176883061,-0.348252284868757,0.394988507782418,0.871018666949873,0.718560515307894,0.849533807876728,0.0958842432140264,0.293751730072219,-0.0360984111956279,0.0294381697382285,0.737063497115108,0.323765214172856,-0.176471322649255
"LOC_Os02g22380","turquoise",-0.741526157998933,0.0477207884123504,0.654546985984171,0.467207997834221,0.38471099919319,0.814644178350578,0.0726027630278328,-0.0488218453271426,0.0427680859166838,0.452149890283138,0.49167155905532,0.53258006175004,-0.125931963521346,-0.695311335594613,-0.648641033885485,-0.559461328408596,-0.0153131622372543,-0.528942154394616,-0.214297880359439,-0.180506219531894,-0.834878667753418,-0.394230285583,0.38301780011046
"LOC_Os02g18380","blue",0.741456062208804,-0.136629936620892,-0.317120453955385,-0.597332701772115,-0.742895863906958,-0.871243973152369,-0.434668385920459,-0.283121591207775,-0.00496515942772601,-0.260827198279735,-0.407621480582284,-0.557132964065599,0.395492160751534,0.494605590689939,0.927669726611566,0.671518232442759,0.285386285978603,0.375406156482842,0.270202396931337,0.218714891459017,0.66639287136455,0.296308730721895,0.0427197934975827
"LOC_Os05g43582","blue",0.741413778476838,-0.337768382777788,-0.526249920090934,-0.694504011700208,-0.783433679579578,-0.930901443527089,-0.30432586326405,-0.182548675234863,0.08299455982664,-0.115969352528004,-0.374773932413978,-0.478959070563969,0.516470194010848,0.722064749213604,0.880235775564193,0.790498241738066,0.258535526440785,0.431512583476305,0.0181693677830072,0.0259856169594506,0.628844812957913,0.127700065596783,0.0600845242188449
"LOC_Os06g04130","turquoise",-0.741394414125884,0.229711007875299,0.620325264224927,0.544759345913375,0.492780379261821,0.870778892300244,0.169674034021364,-0.00237371050449118,0.0928610885895179,0.366153102122962,0.392048542715907,0.429916878789254,-0.320647182722729,-0.731687596146174,-0.754963940588171,-0.703622458114212,-0.0465880734850264,-0.378472885874522,-0.175105244624901,-0.0895183670917982,-0.770052493848516,-0.275380926333219,0.194746114348242
"LOC_Os03g54890","blue",0.741351628755391,-0.130844804348953,-0.187369593043549,-0.562522297925246,-0.774941355288383,-0.84362555119801,-0.54674249621475,-0.37080212762915,0.0307820762247046,-0.262968804404964,-0.411522928636768,-0.622774135506923,0.362329205803189,0.388720262662669,0.943684535378375,0.633915880050075,0.368358747474536,0.410373631140235,0.339343948003334,0.28181666875865,0.625907335301821,0.293453430802988,0.094483185456822
"LOC_Os01g01790","brown",0.741257234492208,-0.225423806581183,-0.782798303780351,-0.745179592491673,-0.594559629257313,-0.88028174763677,-0.00102667639428094,0.138737697664643,0.0493794645403245,-0.120577203060459,-0.358343746513418,-0.277556909374939,0.53992453571514,0.917851046936915,0.711889809272979,0.733070316128804,-0.0366373065469622,0.393613991305485,-0.17202527098245,-0.202587760257461,0.632024245924087,0.113670365387092,-0.0833378316171848
"LOC_Os01g19840","blue",0.741045093534202,-0.105271531467759,-0.295651213878074,-0.596751301704318,-0.678549850034248,-0.85605287643128,-0.447652703065323,-0.229445926313976,-0.0281152306026111,-0.372132610427577,-0.430830424879757,-0.600546584956118,0.355731254102593,0.468569473619858,0.92468869858235,0.596247393090966,0.231121332634889,0.434647762955447,0.34711821751964,0.238017389019879,0.698066689077142,0.331672613612785,-0.0120405652845641
"LOC_Os05g49800","blue",0.740880203505251,-0.261475635381722,-0.623072456168621,-0.761194989798521,-0.595565372372292,-0.897411785222022,-0.170067340004345,0.0929011314373995,-0.000558823539577282,-0.266258122731276,-0.410001991519534,-0.364929473857628,0.528766253819071,0.791036826080173,0.827866034542133,0.6900837910906,0.00202078469357413,0.389819077789246,0.048377295230499,-0.0944967894788316,0.660679837901107,0.165856338614489,-0.0554744234294452
"LOC_Os03g22120","turquoise",-0.740754829746801,0.233699268023293,0.578688743065019,0.600247218584341,0.741170388422684,0.832542732994187,0.121268936076823,0.197703131443758,-0.184261905013932,0.0528172922891165,0.528966183413253,0.546879801411391,-0.403808595970788,-0.697203303146734,-0.702388622120181,-0.632536603379957,-0.208945196796374,-0.568753614958685,0.0752634704971883,-0.0734405217342941,-0.667129868947978,-0.360781148380312,0.0621973552868783
"LOC_Os03g03020","blue",0.740428129063824,-0.364845740497401,-0.549468519279249,-0.778070969864404,-0.641978309898249,-0.894854322663822,-0.267705607770321,0.0464212814162718,-0.0722069082248066,-0.240925770521414,-0.28257381282964,-0.259880800897324,0.616385348114239,0.745445800354949,0.853768724809027,0.714731772049363,0.000476648502733226,0.243611811803259,0.063767864510131,-0.119333154717562,0.621300846204606,0.118727015480278,0.0947517260765015
"LOC_Os02g43480","blue",0.740376222031096,-0.321082432779765,-0.401071834174337,-0.523989561083212,-0.555886237171726,-0.833491303341904,-0.377739205342225,-0.117379891105125,-0.176774704773851,-0.292535400590372,-0.300186866024172,-0.392619839615343,0.363384816255085,0.585741073973662,0.800218450125353,0.751976567742126,0.207499085756337,0.263530960756282,0.240297465914787,0.107234223880348,0.603072389072291,0.0798560575366732,-0.0763769593192671
"LOC_Os07g02210","blue",0.740199065548634,-0.454644099004689,-0.410861491266492,-0.766483982030677,-0.748175993076579,-0.889057995289105,-0.392916967771774,-0.112474977284899,-0.0443872707569014,-0.192773462233332,-0.370901388753408,-0.351581823956607,0.624415945663213,0.634929449986069,0.899851521145745,0.65919734174903,0.111296615391068,0.321817652161118,0.0800629365747026,-0.0663602385534292,0.596525585829225,0.147590558223268,0.197170152819706
"LOC_Os08g12820","turquoise",-0.740032616048974,0.159271813762334,0.661266152457103,0.576094234316591,0.464458105698233,0.868262245695083,0.0895104673361624,-0.0699954656079736,0.126227561709645,0.426124359803719,0.439145802450909,0.393147877571585,-0.342702951852361,-0.743182904452411,-0.759461787678015,-0.645114318884109,0.072254259118251,-0.327232381934709,-0.187978699988219,-0.0921130733771214,-0.81981147258256,-0.407906938361967,0.223331184357641
"LOC_Os02g02130","blue",0.739914984693783,-0.106963839213984,-0.320576747433769,-0.582979545602505,-0.692902688999064,-0.876493096701675,-0.442924747016527,-0.250875940901261,0.022983047289451,-0.34676403402239,-0.39081912950829,-0.591118720142151,0.345830728456246,0.49096837256351,0.936618262512428,0.662364583315039,0.263953416840785,0.384988784533242,0.336091204642434,0.246239645889044,0.704539783318424,0.327237303117612,0.00846545352949202
"LOC_Os02g24354","blue",0.739876249463928,-0.181644630425603,-0.101611835873284,-0.4891167382364,-0.581223158344205,-0.789791099817601,-0.656054306965078,-0.24913097944058,-0.082013046725999,-0.47904923542375,-0.387534072527146,-0.531699973590361,0.285897559670016,0.296164140057409,0.893909929562703,0.52473065407463,0.23538555110568,0.326650567236578,0.495636453861947,0.269713181617992,0.598095943645746,0.209747345670405,0.0758900998698542
"LOC_Os07g42890","turquoise",-0.739604057715714,0.118919455016083,0.348924948910498,0.625961274868719,0.705410053567966,0.85048694792305,0.406291469273317,0.234870783870741,-0.0855250852306947,0.278416313503861,0.364769060630361,0.589873831597789,-0.362480292436675,-0.522824508134086,-0.867676948646748,-0.638685766362315,-0.290492710880515,-0.493511185918457,-0.250365928708207,-0.176234882822464,-0.662739118692572,-0.223425207215347,-0.0145324570901482
"LOC_Os02g15230","turquoise",-0.739515504684108,0.18242717255797,0.534206169890056,0.572526464703165,0.633382608810851,0.826175488451075,0.205884179750667,0.103874098922692,0.0483556069942055,0.0831428419419662,0.316978402179996,0.43530122453292,-0.446790444507052,-0.704106585638582,-0.721127854845572,-0.71548992460357,-0.194371953686344,-0.397232474659633,-0.0157444539447109,0.00293844666181951,-0.608471660261513,-0.115471320397888,0.0453017380051624
"LOC_Os04g01290","blue",0.739143808333598,-0.0154222579924461,-0.250518853960043,-0.482122994813015,-0.66454007141664,-0.843268179862293,-0.47943003141553,-0.322073977518068,0.0191307624626686,-0.379575070117398,-0.468886030703524,-0.710489000196714,0.197582961804679,0.415320003149259,0.901970879385023,0.627924091819407,0.358358509867573,0.498643317640397,0.413156223011469,0.355730190980762,0.701760647916213,0.36830899621262,-0.0801436182606992
"LOC_Os02g28810","blue",0.73903845128119,-0.159610499680529,-0.289385534873334,-0.561967949551079,-0.711320849024179,-0.88387861399157,-0.483814813977966,-0.299061982051069,-0.00170654056805894,-0.337382374698133,-0.417523953168854,-0.632640636252822,0.319361642827185,0.474712998914746,0.945552734405077,0.686019062620342,0.336664316681186,0.435635302661045,0.346830005199128,0.277386658205429,0.696250740660882,0.298385647620417,0.00164499196169421
"LOC_Os07g09800","brown",0.738781116153846,-0.271991254891316,-0.734197430620365,-0.500071699653172,-0.578182270004122,-0.838621731104439,-0.0043409993698405,-0.0417449296615469,-0.013907208100193,-0.0290315203870176,-0.365891771318006,-0.282807800516927,0.414197011905698,0.852975522740017,0.630858551833319,0.849165186152095,0.138744334191211,0.268571705464968,-0.141252748643506,-0.0275282280921502,0.622071856492163,0.20558567190757,-0.157148335053757
"LOC_Os03g29340","turquoise",-0.738576169221128,0.184234160183012,0.500294424663078,0.347641540269732,0.589273689184923,0.825653656566594,0.214496733746479,0.27152623646921,-0.0171546619167516,0.167369122499775,0.49753734331903,0.638744606739557,-0.161548950411102,-0.612245313544221,-0.692429305409468,-0.770575081517628,-0.389272686859899,-0.499938516203433,-0.174658181144431,-0.303783673437931,-0.728114926519781,-0.329436438758453,0.268485308711925
"LOC_Os02g48660","blue",0.738469237847167,-0.129186686342191,-0.323748457546085,-0.601649689237016,-0.704818352089584,-0.884278240438855,-0.446656042976499,-0.2530857859056,-0.0194499171244351,-0.346448171690687,-0.413597750699074,-0.610522611531121,0.341002640006462,0.499121247420076,0.939644323185135,0.65628710396525,0.268781328752871,0.424306776361632,0.324557671692473,0.229826883348182,0.70255379231406,0.300261639210638,0.000141697539975495
"LOC_Os01g63290","blue",0.738389286079024,-0.433421841980209,-0.384313663154707,-0.641517941063461,-0.648248152573693,-0.890713727422757,-0.461527620081434,-0.119370875061271,-0.111815152852629,-0.367901637146124,-0.345680594753078,-0.414501523870117,0.456724852752952,0.580769727998685,0.890094778552725,0.681249006280654,0.133385713344999,0.307558863176023,0.25475483139819,0.0828888588040386,0.630187732623307,0.149037349499788,0.0582639767664032
"LOC_Os05g37330","blue",0.738160623437373,-0.201314743242361,-0.292981241060941,-0.667085337026713,-0.730741619549962,-0.874535098777258,-0.469561301106873,-0.227769482406916,-0.000528969572548339,-0.322814276137673,-0.431991579693256,-0.574091022503586,0.438702299585977,0.489687665346956,0.948200956639067,0.61247249672775,0.230370711594166,0.422510998887728,0.296198591816812,0.172373358572683,0.667606213157114,0.287756446978745,0.079333431771049
"LOC_Os06g48990","turquoise",-0.738153565950852,0.0799036310577219,0.648704469781593,0.46209991693367,0.41704816136857,0.836051094918763,0.0678670641200191,-0.0447431827784684,-0.00125180576302061,0.392369497488872,0.519447191990364,0.532717125210149,-0.183342789670562,-0.717832470188587,-0.703809821470766,-0.635948663134638,-0.0403711364149812,-0.455020485937809,-0.22976253654539,-0.202424867831971,-0.826875597809485,-0.415105325778421,0.375681976107877
"LOC_Os09g02300","blue",0.738137790669825,-0.163782547891992,-0.289357484199095,-0.549661706452272,-0.726005589927804,-0.838875281176586,-0.459892936134447,-0.311894106026026,-0.0320838953551566,-0.240384951237743,-0.274511361840233,-0.503578815122807,0.396905000010721,0.471796364207773,0.889791334869238,0.678799445925419,0.294038455563755,0.297694485082116,0.259832782064368,0.200227112728863,0.624360047869043,0.239958565762136,0.0988306615537208
"LOC_Os08g41300","blue",0.738126229807268,-0.119958045130106,-0.317147281019167,-0.610089927404101,-0.710628280273184,-0.872656126269476,-0.435085880098624,-0.242533017065079,-0.00429027021340033,-0.313688652710286,-0.41965414187868,-0.577403697940279,0.378769627076601,0.495284057599836,0.935132191193518,0.645094912955679,0.2568233087129,0.398340987191157,0.302414105877526,0.211304708655683,0.68126396526248,0.298855791576468,0.0239850520985095
"LOC_Os01g56420","turquoise",-0.738100815575684,0.158917707600055,0.545757413634236,0.283782898789066,0.516860576440751,0.810942757957593,0.116553882493645,0.243340562856756,0.0724746191375478,0.236563171457833,0.320005473397024,0.391319802236719,-0.195149525514987,-0.631934539595978,-0.705750139043048,-0.8684533076988,-0.230540536667651,-0.100863384673126,-0.211343170799917,-0.324717489182108,-0.819065952141417,-0.564593799565953,0.13528133993382
"LOC_Os02g52470","blue",0.738097259045458,-0.217679006118264,-0.202690383923952,-0.360582483179069,-0.551944345894661,-0.792342179660596,-0.538279462084049,-0.318247828792202,-0.164264611039412,-0.440042684222128,-0.381844360992759,-0.644381211428572,0.123911467050549,0.35083351724724,0.828162959674065,0.579957130207762,0.337622050011184,0.417462336440868,0.481461210344927,0.401649876795815,0.688014237674297,0.255685751908366,-0.145093010940612
"LOC_Os02g50100","blue",0.738086359027792,-0.306298187679344,-0.426718398628531,-0.623289674751455,-0.65387720513964,-0.902398921983635,-0.41005950351018,-0.128733661822315,0.0087403482183518,-0.261255200162336,-0.324444203390695,-0.452301534016284,0.422337429510276,0.617407471349689,0.890681331213256,0.731653626429121,0.227704214649637,0.355729775085484,0.197781198509545,0.0748652832195106,0.611902478014805,0.0507631378551502,0.00474193534417478
"LOC_Os06g30390","blue",0.738027297194368,-0.307667003117388,-0.484800216386155,-0.48335328456148,-0.535684150677833,-0.874862145174073,-0.31035863382383,-0.14936923029125,-0.130334746214561,-0.415039409434247,-0.372865157502709,-0.456575342330567,0.238946470636596,0.606350778352312,0.814927490553324,0.751598137619245,0.15719395862157,0.252825007914457,0.321464285463837,0.235954780032817,0.782043576698149,0.337449442071866,-0.117294923327599
"LOC_Os08g27030","blue",0.737986513041347,-0.402090921145087,-0.402461742119419,-0.648135197914526,-0.510551966711832,-0.857535416085249,-0.406263570529941,0.0321598891372349,-0.124330757634886,-0.44106870937245,-0.471743540946271,-0.420683591765378,0.445510756201263,0.589117155016333,0.84679981605273,0.581807784796907,0.0411999096042924,0.39896448112532,0.307205149114559,0.0619285304536322,0.651437035479111,0.15041179168398,-0.0883394590882155
"LOC_Os02g39340","blue",0.73798404044022,-0.242113488852316,-0.345806079555016,-0.654192198646637,-0.745686360954369,-0.898177010331729,-0.475400056094752,-0.214260339499327,0.0744802752316774,-0.259849636709788,-0.355419060132422,-0.539715748681749,0.441649454492459,0.554185742947688,0.938639059720896,0.674725239877604,0.268369539622133,0.447162743343909,0.214457297225503,0.132246948503903,0.609187920829218,0.160583934586354,0.0815892138138578
"LOC_Os01g04900","blue",0.737973338389632,-0.195430392590012,-0.580543940139112,-0.733941733030882,-0.562550308644209,-0.892772348312624,-0.239660584379673,0.0891180465362829,-0.0624176237976408,-0.352786494335609,-0.355906308489231,-0.389528153135004,0.467059391406685,0.747587478299874,0.835655203842302,0.667489547471799,0.00860354035299878,0.410503913547616,0.124130535901872,-0.0604985982223583,0.666134460528834,0.118144486359586,-0.072294326830734
"LOC_Os03g22880","blue",0.737940258609139,-0.29669397470396,-0.180199562531295,-0.65339992193327,-0.797647521735582,-0.863548399627964,-0.596765541386208,-0.323120362180129,-0.0278718316062573,-0.260170267033388,-0.389107220939705,-0.524378941791311,0.477847919231542,0.4067356957048,0.97409074507651,0.623005315363049,0.307501132721052,0.35247611335373,0.302637167192998,0.180303551975493,0.587148885127807,0.195326345703752,0.196719260235961
"LOC_Os01g09510","blue",0.737937231931225,-0.125746735088094,-0.270980576791967,-0.608758980460497,-0.731057640160932,-0.864738866265069,-0.480615247538109,-0.274049507219647,0.0313135304284643,-0.301324330589628,-0.428775068991968,-0.611832907298565,0.376825118529068,0.462602258285866,0.940527538334535,0.637385604255395,0.30278455363156,0.43696479797365,0.307427353504095,0.22205793837132,0.650278527564591,0.273033602167505,0.0415672422089061
"LOC_Os01g07720","turquoise",-0.737880211649234,0.217589632002725,0.636572091753753,0.503718156588271,0.559160408278427,0.850603423635242,0.136321107873845,0.0687027984833898,-0.0476187883943016,0.213329200890231,0.370265720851785,0.40221484947713,-0.299482473792187,-0.73328024374114,-0.709772408987015,-0.723046141721039,-0.0995444974777323,-0.331519271326378,-0.0643093478916303,-0.0995734765027701,-0.704035092918227,-0.275046644752576,0.144356072553952
"LOC_Os04g45710","turquoise",-0.73779253118011,0.257437818659765,0.667818688041945,0.556815154720711,0.592209530659605,0.86578001072127,0.0791402503928529,0.0245347512631328,-0.0673647130877605,0.108035561480616,0.416159308528566,0.320304326833214,-0.416852753003426,-0.792043240196082,-0.732063379383019,-0.779521284610379,-0.101862491461617,-0.289462793521649,0.0477049483321204,0.00581470699053498,-0.636410433071898,-0.234706834330361,0.114864161937537
"LOC_Os03g18570","blue",0.737648750838404,-0.153520593558011,-0.195546906960227,-0.577301574894683,-0.742981684492648,-0.852263771284736,-0.554726815178604,-0.335295205571272,-0.0148752527404728,-0.340311803424227,-0.438747076546078,-0.655464165092638,0.337401478022339,0.391399268127694,0.949044037252217,0.590676217823164,0.33607448376109,0.464207175211212,0.370367500129998,0.272436370510987,0.656207842798716,0.27723238181325,0.0691767943277197
"LOC_Os09g19734","brown",0.737631261463079,-0.296043861773024,-0.747447440238769,-0.658627766196318,-0.388647319358445,-0.844801925803405,-0.00916626026970713,0.261268962414588,-0.0731666047355026,-0.404205290059978,-0.520745937632121,-0.378813528038,0.396979861512431,0.841592134965185,0.674975828370723,0.570726475649935,-0.155499182933281,0.511391828434718,0.0731942718828491,-0.0752092567110815,0.752257325937769,0.255132292138766,-0.318132387165263
"LOC_Os09g32532","blue",0.73754320358696,-0.156973814043738,-0.276034784231882,-0.646815195062786,-0.706491452918458,-0.871489270168732,-0.500331762419239,-0.217643770651179,-0.00742957911518555,-0.349083649155385,-0.411920812064969,-0.582902404467261,0.402546826620727,0.472415336497175,0.954099875666691,0.609107910800268,0.250809039525934,0.443994087316206,0.326190947676706,0.188404090583362,0.64282930787775,0.225095835650767,0.0422640447427189
"LOC_Os03g52640","blue",0.737521295940491,-0.482109146925886,-0.442481039338115,-0.750348354337571,-0.646130377002758,-0.862999342446984,-0.376165941931663,0.0115061134973154,-0.0994842699097429,-0.216485488042542,-0.315292909525147,-0.253960667061669,0.637730951291553,0.668076088723269,0.838654945756362,0.683386867638651,0.0552206149729422,0.255600345023074,0.0740077299613347,-0.121137184234539,0.5426899041617,0.0350752028779942,0.144946041879974
"LOC_Os01g60440","turquoise",-0.737514147685746,0.287008008935103,0.623167867320056,0.581073901803963,0.661472534191868,0.898818390203107,0.171844348549817,0.110816066648533,-0.137303243677212,0.140151125459334,0.301248398185596,0.344750758674743,-0.451122484018197,-0.757669331867443,-0.807327104575332,-0.805284049697836,-0.122944313372458,-0.237981789754539,-0.00679031578783961,-0.0581604927310712,-0.700178996717755,-0.29912771544313,-0.00995306687286338
"LOC_Os07g36090","blue",0.737448470576173,-0.137132757409835,-0.314841141318584,-0.360251654381122,-0.545202055226011,-0.831347389965643,-0.424939691221788,-0.283011451619611,-0.08863434063093,-0.450584934141881,-0.511917482231138,-0.713206381347758,0.122392898570741,0.433232937047377,0.82952818201792,0.643732377885217,0.329568312389543,0.473421675633983,0.462119493903782,0.439979903755118,0.767116937516249,0.381929165479371,-0.26170978451783
"LOC_Os08g02410","blue",0.737416356163416,-0.123455618585525,-0.264284739623382,-0.604079463696502,-0.744481952527583,-0.869147169833438,-0.501183808134756,-0.287967628144182,0.0468007549626176,-0.291585525879599,-0.377428962826712,-0.575175289945342,0.38650863550319,0.458983175728028,0.950585292354353,0.656110272115251,0.302045487221494,0.388454233966803,0.308870176931966,0.221900468690786,0.62970898931821,0.253982215164155,0.0793339890970814
"LOC_Os03g31134","blue",0.737393850508301,-0.153652204812691,-0.244828775389287,-0.60516131475178,-0.713560781303872,-0.848139822010783,-0.49046537470157,-0.266212608491436,0.0447378328068576,-0.328620935249951,-0.422706054840123,-0.587898061245274,0.380035860262016,0.428294163741642,0.934395133429986,0.606788742568477,0.268932190566907,0.403852796974454,0.341134711832766,0.235256128643502,0.664979943541294,0.321618642630529,0.0659391904376565
"LOC_Os04g40190","turquoise",-0.737368559462228,0.151251968522065,0.266782004928729,0.467396541839397,0.642342802314583,0.815328570948654,0.518104437607828,0.28232471593984,0.0117444182830544,0.244230971887668,0.352029239381501,0.590763366348846,-0.277127593514121,-0.439006554106255,-0.811976483979896,-0.664420614738928,-0.381234217334373,-0.441049814702851,-0.293269401122242,-0.250670627850132,-0.558029306694986,-0.051399249477494,0.0763250462471367
"LOC_Os04g51060","turquoise",-0.737278683000086,0.261294425646149,0.459678320158414,0.564116850879433,0.537288411361457,0.858877347835554,0.30130046314313,0.0615515074840565,0.143079881463569,0.422038209166465,0.506408504657437,0.524558547357229,-0.319509883105353,-0.594393634640354,-0.82531944246137,-0.59735115584551,-0.108334842475648,-0.482854845836162,-0.299348003771906,-0.167968172163378,-0.727582003760417,-0.273920546528536,0.20441988351183
"LOC_Os04g52200","blue",0.737266266437794,-0.173104807639019,-0.178253478151132,-0.436632795271781,-0.563233513354843,-0.8132199984413,-0.569091943874401,-0.287345115999744,-0.172131200588149,-0.56076400750036,-0.430354074281235,-0.640613556976846,0.167732912274502,0.333914581372792,0.891993355457298,0.564007293661428,0.246004027834945,0.380223418979755,0.565560510072363,0.398342749859183,0.727294257426979,0.385219786170116,-0.0826699712470203
"LOC_Os08g03450","blue",0.737004707077325,-0.149388181006922,-0.299001898271086,-0.583070156854303,-0.70510726701337,-0.887140100518953,-0.48601716885514,-0.273090303189811,0.0227745536273035,-0.33811025978781,-0.361608697336971,-0.570522955443982,0.35099015239007,0.479620614956119,0.955701436509375,0.68338036824063,0.288625315103796,0.354944015801341,0.347523010979909,0.248101711478685,0.689355606711562,0.272736263246988,0.0415943585224897
"LOC_Os04g38750","blue",0.736708434712228,-0.36167887624109,-0.620914643198334,-0.772027591071587,-0.684717871003334,-0.910699097871053,-0.201072110857344,0.0290821194256489,0.0135603210701235,-0.127156052469653,-0.299035436893315,-0.264319716330358,0.62907898749833,0.816452843576813,0.832761504500173,0.775888113198821,0.052288421562937,0.285799160430166,-0.0559891900605752,-0.154246980016846,0.593437438530203,0.0783868243187284,0.0855295642223085
"LOC_Os02g36710","blue",0.736382114715024,-0.179770428968592,-0.226469437174615,-0.586355850469895,-0.698217774894306,-0.862679941904717,-0.551173347770802,-0.282378602065377,-0.067205086439588,-0.376807853476748,-0.407997971305299,-0.59306000092844,0.344545372204304,0.421981022749693,0.950845262278616,0.626512463919171,0.296920035002488,0.391623760920682,0.393759814187985,0.262749777120481,0.647650604863031,0.250462539663514,0.0243336534711306
"LOC_Os08g13690","blue",0.736207147893894,-0.133159697122613,-0.230620064543203,-0.574545413104667,-0.703386114593405,-0.863311253950126,-0.533060229527628,-0.287418173843764,0.0249901003426914,-0.363755239277993,-0.402875806147374,-0.60595136203289,0.341686116203672,0.418186578071799,0.957760318306238,0.631519345032033,0.299355672887753,0.399019305619843,0.389285581070647,0.273671908225527,0.671092853222649,0.294529481322827,0.0533253747642565
"LOC_Os03g38980","blue",0.736011706425377,-0.168613805246939,-0.33776842980215,-0.618495403661402,-0.673913490682286,-0.890082453933648,-0.468928222687547,-0.204398055511486,-0.0405230569479521,-0.396241315060387,-0.345540466192729,-0.558225660039481,0.344335533812516,0.512222577127945,0.941700141101473,0.64893770714134,0.224293407362863,0.395668083598926,0.327808633717843,0.195129978461733,0.705027227452272,0.233563277310109,0.0293710404764272
"LOC_Os09g29750","turquoise",-0.735972582124209,0.258193695300735,0.554605328685165,0.535289998969672,0.534277132640902,0.848896432539977,0.206279004576013,0.0363839518242382,0.214057646822475,0.257547929572496,0.349926458588593,0.359717035506421,-0.406259615869725,-0.711256233148433,-0.751688178734417,-0.759175723313985,-0.128717620695303,-0.301308764266492,-0.111573803914782,-0.0380142714860763,-0.649390671816608,-0.150206343447735,0.133832515314543
"LOC_Os02g58650","blue",0.735689394908862,-0.217314417039023,-0.531020076506175,-0.73567300746897,-0.616926778309821,-0.906708751451032,-0.291447195515241,0.0290356626233198,-0.0530759890364016,-0.32824494525964,-0.348298282238142,-0.392731070409847,0.499401684370866,0.709959414257794,0.88973951453761,0.678581349760713,0.0418364567676877,0.370557107414603,0.142126186142227,-0.0337613130909294,0.657362478519926,0.130611290651208,-0.00731528976298823
"LOC_Os06g11640","turquoise",-0.735681981927999,0.298222572834255,0.456366749963884,0.471021622955688,0.394913167071842,0.807899366780832,0.29929665875662,-0.0138905364377795,0.132396794266878,0.545812081699907,0.505239541166004,0.516281333542472,-0.214259564701763,-0.558330654455306,-0.735995908731785,-0.513740872409144,-0.0146412112713719,-0.490672125251382,-0.356193533702936,-0.209199071978288,-0.770181192567529,-0.329747280099119,0.267080384890214
"LOC_Os05g25850","blue",0.735650310697069,-0.378868658183543,-0.469470544130121,-0.714884874936793,-0.775764496617255,-0.891169484258719,-0.33029151783809,-0.163816321783288,-0.045417531691374,-0.0712688509422208,-0.348284318438129,-0.37256427726249,0.596545238936547,0.691584660775093,0.864904947850141,0.75787654657652,0.221438543698089,0.368696172195892,-0.0158184543250884,-0.0567561261231212,0.565381437806925,0.0518447381627005,0.140450108410766
"LOC_Os04g36890","blue",0.735462007573785,-0.311088009105241,-0.107978745370766,-0.592328304944698,-0.737481453522107,-0.840233224384889,-0.656826573899136,-0.340978098533776,-0.0716382716701233,-0.374077205572192,-0.429626699217005,-0.601715820450369,0.377768707463051,0.328341619530284,0.96810735533842,0.565406970046271,0.32947289526317,0.412463735347384,0.428434140134745,0.274756608281226,0.613406943775446,0.23990227723185,0.125905524562268
"LOC_Os07g01870","blue",0.735432956046621,-0.153120244691711,-0.28677995769792,-0.598557357193124,-0.720547662379315,-0.869196875624641,-0.467022734862873,-0.263407746242208,0.0278235864575104,-0.30595545363115,-0.406994213741559,-0.559453289842482,0.384142658685526,0.470844713519466,0.943579205945899,0.657290513469935,0.274994304046262,0.364125672356127,0.312706608265498,0.227665250077435,0.666086169719836,0.306503117452013,0.0662469031447958
"LOC_Os04g51630","blue",0.735413465823784,-0.119492687487924,-0.299518254265484,-0.588101833483798,-0.656307758846068,-0.874114468945686,-0.466706660276575,-0.2209153943499,-0.0400584676567288,-0.427359039104853,-0.440448668760744,-0.6119526244161,0.318575149367814,0.470149747293619,0.943187962852687,0.617413228369634,0.232790350616072,0.418577322653176,0.391501044323753,0.262258746496998,0.718025680470658,0.334364714704138,-0.0208136235931159
"LOC_Os04g46010","blue",0.735333892463694,-0.286045621493311,-0.535158422843156,-0.754072840138817,-0.676983209710899,-0.903879055726664,-0.288535762305014,-0.0145462543930647,0.0433789013580982,-0.212292397037364,-0.321188023125143,-0.376816893248506,0.5589100352238,0.734043556830559,0.864224635835054,0.734083795776083,0.108386187553534,0.367661414466891,0.0377255888522509,-0.0852375207308612,0.589173358629431,0.0870914089787545,0.0543204553477572
"LOC_Os03g55164","blue",0.735172665312165,-0.31822311967902,-0.57390296113853,-0.754338007715396,-0.71063728421897,-0.921565015554828,-0.257307816929774,-0.0385706477858665,0.0650669398037877,-0.168763229337305,-0.337584152253908,-0.383856486509445,0.55079841377216,0.767688636314211,0.869604927497367,0.750489089267383,0.126842230901138,0.399375989989788,0.00195760483060191,-0.0766492606204062,0.61855489994741,0.0961594015696349,0.0631484652817408
"LOC_Os06g43970","turquoise",-0.734938371388932,0.336605274425567,0.440852478425619,0.499091917659606,0.622816180299104,0.838237297138142,0.269010619651646,0.193716616956649,-0.000140323640690339,0.202036891603654,0.444019390953052,0.417768901335395,-0.416044153527886,-0.590491436012121,-0.80099833858261,-0.728798781323901,-0.191661350028265,-0.250683267607021,-0.194932464438851,-0.177322653505106,-0.696440341597526,-0.370693811176466,0.0328109995718521
"LOC_Os02g01440","blue",0.734881589772181,-0.296572284493248,-0.597398495577007,-0.676787224671357,-0.524293342656699,-0.888019725307018,-0.229509348115556,0.0918451596604356,-0.0882593581030389,-0.34704725732626,-0.31341476558057,-0.30078329589442,0.467558277420613,0.755977795414023,0.808849418452436,0.717345299139285,-0.0118317895843008,0.271264755213312,0.123819017676096,-0.0489900518642869,0.658775751081286,0.137780342442527,-0.0645862749890766
"LOC_Os01g23680","brown",0.734835372648529,-0.163753762141841,-0.750916323583218,-0.650164323274959,-0.521753609123801,-0.871423296047463,-0.0200428765370845,0.110089302718243,0.0302926439689167,-0.249914208373411,-0.434274788636068,-0.416584540101745,0.398104041888594,0.856039264979165,0.71299434280255,0.667573232777015,-0.020648070338522,0.497930324731697,-0.00567395958924423,-0.0318075527052803,0.739595766673485,0.228208881393345,-0.235400861100077
"LOC_Os01g14090","brown",0.734809123557146,-0.18498592027024,-0.783979746572721,-0.617380803202873,-0.543248446343689,-0.807813253553006,0.110142028139929,0.0935521041147403,0.0384793216463286,-0.0772937459167851,-0.409410233900876,-0.270484782299502,0.489376407771965,0.890277268861093,0.607259926573288,0.730873620467807,-0.0483414905985776,0.332937412281377,-0.182441978320152,-0.141118460704931,0.671248101563312,0.317197443121407,-0.119884222926111
"LOC_Os06g46930","blue",0.734807036557429,-0.398909049440742,-0.625027680227288,-0.771337860886923,-0.606029668487388,-0.898386743828652,-0.198082308138624,0.0985726391751688,-0.0726261628058038,-0.246675622015763,-0.322942116437867,-0.253487225616758,0.59644049253904,0.803612012282151,0.813405237457483,0.705819436807276,-0.0448968799326414,0.282257637960405,0.0167428539447336,-0.146144449073475,0.641160680705852,0.127314273882794,0.0390469263951258
"LOC_Os04g53760","turquoise",-0.734785519357692,0.306694158621936,0.415489696025233,0.50060777111926,0.58426227777006,0.815012786173355,0.333168067123325,0.136317094786336,0.0243597317998492,0.295126383834237,0.39664537509618,0.500796498059712,-0.312483570065581,-0.548322644306929,-0.763516778296522,-0.614176904098512,-0.168322015832629,-0.419175285582415,-0.246717142594213,-0.192212662186599,-0.691405293978286,-0.27458095670379,0.112197079954994
"LOC_Os03g63710","turquoise",-0.734727236381709,0.230200799671083,0.678649508720124,0.505196185274422,0.391448490872312,0.825365663777703,0.0548684209692869,-0.118287249711031,-0.116037930020797,0.402771241447938,0.5471457900288,0.442045086007007,-0.244355417356068,-0.739481720279809,-0.656041999870722,-0.573676660130328,0.0449934061477787,-0.489829592581356,-0.136261987450871,-0.097906311882889,-0.790296143234987,-0.373031345048727,0.294118418621725
"LOC_Os08g03380","blue",0.734684993300621,-0.291487308089687,-0.545499837233139,-0.750947067105108,-0.652604313844483,-0.915633636137205,-0.281844765471407,0.000558003065281303,-0.0393653425655807,-0.293765177575879,-0.364300299061483,-0.370137342118782,0.521982422504008,0.728631003072864,0.884707866374053,0.68307795391203,0.033321049425912,0.351075539307008,0.108369760499444,-0.0391604674784675,0.66462953795998,0.178035629090109,0.0413687090796384
"LOC_Os02g01250","blue",0.734635230747389,-0.154254979838194,-0.151210682820197,-0.513526671775858,-0.732233608668645,-0.832289906943089,-0.603343228849955,-0.379860961763837,-0.0263337679526039,-0.341346938769431,-0.396042934747819,-0.608963464056429,0.300499652892539,0.342495620679157,0.929676674052161,0.608201265001037,0.369159806635019,0.39556107568264,0.403935056462771,0.329168737282577,0.620061925559914,0.244561168405058,0.0619041094246612
"LOC_Os01g04020","blue",0.734628239858968,-0.296535450250489,-0.301521779225385,-0.735593187245458,-0.780512625370575,-0.835821230572796,-0.458779266644274,-0.181239279792608,0.0619578659911964,-0.172180805107509,-0.427430043063494,-0.541445203914337,0.515288946111356,0.521935462697447,0.871132430525017,0.562209146838643,0.249631945156217,0.56002936286964,0.11673926110505,0.0318341145943317,0.524837923394882,0.0969214669076881,0.109372767113248
"LOC_Os05g34880","turquoise",-0.734603017812397,0.289350714755868,0.706611616694162,0.571597755529633,0.619900538494353,0.865464791403018,0.0267181578553367,0.0502362260109638,-0.0228912970448578,0.0991489495873231,0.396263914867566,0.349661655109976,-0.445307901042544,-0.822158249975629,-0.718061309388657,-0.759923420321991,-0.0935202306187679,-0.356620398026828,0.0753466515588509,0.00485027948724017,-0.691470346825968,-0.292844627116469,0.115220114881503
"LOC_Os02g55420","brown",0.734537870624129,-0.224737023840773,-0.663564224887714,-0.729373975990635,-0.483295956547949,-0.85218698534567,-0.0905097576000962,0.197838547414989,-0.113933040034222,-0.353211008799008,-0.511518911210448,-0.379638990360028,0.468960600234415,0.8054211666753,0.740495831129193,0.587826169260962,-0.0950780249618027,0.500363120867488,0.0442163898287989,-0.121275558018733,0.688429804613213,0.191112206081133,-0.179207022581696
"LOC_Os01g39110","turquoise",-0.734310510513194,0.159313417087693,0.64854473052088,0.500658251907193,0.647810898960305,0.861533894459143,0.0791825776567718,0.191806468388029,-0.137845272643434,0.150946376451822,0.522824443923458,0.5884630684226,-0.273279662510843,-0.737685937319569,-0.70431575305466,-0.710096587721748,-0.23298308635546,-0.552977714315242,-0.00904740366076859,-0.183318191979626,-0.760347619658554,-0.404564053264668,0.199564516637047
"LOC_Os06g36160","blue",0.734297161851137,-0.123825812675164,-0.240105402370896,-0.546557438073324,-0.687252472297404,-0.850307987430091,-0.497580239843489,-0.301306518956795,-0.0217540067203413,-0.373755288569653,-0.476327688310212,-0.668769537845879,0.288495310894246,0.413372647602075,0.926930660023824,0.600815238738909,0.311562143266182,0.477672332467426,0.399233742508833,0.307467354129164,0.690681488412076,0.321958903870219,-0.039660692988199
"LOC_Os07g05580","blue",0.734092108939425,-0.172327535478192,-0.254141634426017,-0.612312289953415,-0.746407011252638,-0.873441908160502,-0.517253673037235,-0.30390429375921,-0.00512425875891291,-0.308758754426673,-0.386078727445178,-0.59736416769859,0.375150072215587,0.450574426822569,0.955086667390049,0.646413122634096,0.317592178615957,0.402579363908123,0.325186755153148,0.228633649146403,0.65403708466172,0.254989868841298,0.0812263100693524
"LOC_Os02g55370","blue",0.734066347896298,-0.0740211968589844,-0.295119345381832,-0.520140398963875,-0.686836349744898,-0.838982276725352,-0.429537690378438,-0.289517324682966,0.0390082639766969,-0.288585746939139,-0.457775597995212,-0.622505749647875,0.298430264660754,0.457143280023485,0.887380494947046,0.645969112086247,0.315973688136186,0.441460549938463,0.318849388367817,0.284489395077093,0.662595574746778,0.307930596145269,-0.0582917544264281
"LOC_Os03g60750","blue",0.734058644068027,-0.193430838282488,-0.284098199092712,-0.567191128271016,-0.67611897104347,-0.86658834919439,-0.482553172613914,-0.275795402527292,-0.114063786545668,-0.376746001702803,-0.398312023175996,-0.547325963840457,0.338538790154286,0.451070632125103,0.925166389013986,0.62799831273084,0.242282753107738,0.336532177637858,0.384649103172706,0.270341217354076,0.723975402510065,0.302500566694292,0.0243606342313596
"LOC_Os08g40450","turquoise",-0.733722611279965,0.168742527806815,0.628944577649191,0.614634790329341,0.622571676876401,0.828565626763314,0.0788435196601698,0.057462590298196,0.000258379619396135,0.0821183223707834,0.310412869227127,0.295671282523641,-0.488936046014242,-0.755498105506171,-0.706171350017764,-0.723230709002325,-0.078863416758235,-0.27413698229438,0.052800203156995,0.0427849493082384,-0.665146054943752,-0.214922328867955,0.0249508728137639
"LOC_Os05g49030","blue",0.733586720701415,-0.203624529644996,-0.205871491100549,-0.591722095470821,-0.741631554686404,-0.848562190934432,-0.535609218258101,-0.315115518417774,-0.018527754612464,-0.309985019029007,-0.407090594825182,-0.574406785200098,0.389397321145752,0.402195678958853,0.95115775097704,0.615982273521093,0.300585733063288,0.374698527268768,0.352372346740954,0.247381545731172,0.649994350065852,0.286391540861737,0.100723264172526
"LOC_Os09g36130","brown",0.733509944881723,-0.162370663018343,-0.808535668700907,-0.623139787157027,-0.485320211779481,-0.887916730198525,0.0354479936970788,0.135141414282181,-0.0131191140825353,-0.299205854689054,-0.414646215537794,-0.378318933335405,0.357745819878639,0.894912390853604,0.714739073791096,0.7246519441608,-0.048947077821927,0.413300660856238,-0.000556449144618301,-0.0321565947316552,0.777183484097938,0.2924999193273,-0.254221449926632
"LOC_Os01g59060","blue",0.733336604050492,-0.403201833734845,-0.515803216946646,-0.764824380622201,-0.595255748473511,-0.866760373773577,-0.294654140612303,0.0865581491660521,-0.114891575696298,-0.263921043664302,-0.301067268334177,-0.233019923012639,0.615067929849206,0.715525604396358,0.825188145844042,0.661934776325089,-0.0253135262679647,0.245721471167733,0.0731804817513269,-0.145593438466837,0.564918060976982,0.0486162515399315,0.0678301060856542
"LOC_Os09g21250","blue",0.733332785728665,-0.330463262316569,-0.464603551887638,-0.727682261034063,-0.651543563668146,-0.903262221313386,-0.362480184228919,-0.0468273362380488,-0.0387589188655039,-0.34329580550533,-0.330261483167267,-0.412949096715516,0.495175963060917,0.651620802296744,0.905002163844278,0.680186965948359,0.0708402590826234,0.339019669497528,0.200888936234164,0.01491702812688,0.664330834731479,0.177929054929687,0.0419686372945887
"LOC_Os03g16690","turquoise",-0.733149719453204,0.266879678121495,0.463534753867843,0.501352255988642,0.606780464226263,0.890460047274734,0.342524072940182,0.214147941446899,0.0180048209593227,0.418850750196228,0.372396644908922,0.536580778152107,-0.223447148556023,-0.576633085286961,-0.844218086258206,-0.684390731915197,-0.172432665617953,-0.334003475201052,-0.317822241161842,-0.273136568860184,-0.777795125321655,-0.396011653847638,0.0991420427315097
"LOC_Os02g34600","turquoise",-0.732915125618788,0.201622075352451,0.686512921012055,0.674499053151794,0.565081614273955,0.897216956379284,0.132251040148154,-0.0748952474866726,-0.111993179894972,0.275894385961692,0.392022784054333,0.403978325277157,-0.391772155076015,-0.802493451101291,-0.768363138034384,-0.679188769294187,-0.0158188919471896,-0.442941384441522,-0.026618038663782,0.0303328124668325,-0.684290486574424,-0.180676498689913,0.129360978774318
"LOC_Os08g37950","brown",0.732898651283745,-0.249555120405297,-0.724021521736462,-0.636837507138457,-0.54352999795367,-0.874022347285713,-0.0769492838452767,0.0732783672269163,-0.0270865676873536,-0.176568608735848,-0.260167690038252,-0.284836391891243,0.456279440906807,0.857843613955564,0.722387838843298,0.78801947513598,0.0221221438909875,0.286337157492174,-0.0439979079901881,-0.0967043265599124,0.654334374418292,0.0968596380874964,-0.110726762318683
"LOC_Os04g51940","turquoise",-0.7327137564504,0.194971260755943,0.350116758135983,0.681761975019204,0.59440523327063,0.81902443592252,0.403741714035374,0.0236461600970959,0.0676941260861451,0.35763577514421,0.399334737738277,0.434229406011581,-0.472645067602169,-0.536828956440985,-0.849983292361383,-0.537708789738587,-0.0590239173246919,-0.41986135845082,-0.239190849603283,-0.0336436761153445,-0.595545233598518,-0.178407229390814,-0.0264884606074211
"LOC_Os04g43916","turquoise",-0.732690263652413,0.307418819868774,0.800461563820431,0.646059419277468,0.524358428007791,0.817695472492403,-0.111449024695412,-0.14303076679447,-0.0161074575535143,0.0970448827383162,0.508641320002934,0.243441180498412,-0.489642103298553,-0.895390818756185,-0.606158621701019,-0.648735158135741,0.0847810204118601,-0.38460274536564,0.189290395240067,0.147178007478889,-0.667249127042704,-0.305107127356649,0.17012180843576
"LOC_Os04g52960","blue",0.732528985600775,-0.227946027316096,-0.209273676073186,-0.589783723370474,-0.669842673507629,-0.858237014136753,-0.575536933195748,-0.262682842953305,-0.0650686698781449,-0.440090536248091,-0.42449124707887,-0.600491491154513,0.329318399772241,0.38787418637055,0.951681243285852,0.572425668393758,0.250315639197673,0.406354252636839,0.443944644933027,0.270193558572847,0.673853337751502,0.269096290746748,0.0257435881396554
"LOC_Os06g04290","blue",0.732504685590013,-0.204956560370562,-0.20807647774004,-0.550994987348822,-0.752262706584715,-0.848628702371517,-0.535611996695738,-0.352824444903382,-0.00131460163138292,-0.273890603087052,-0.451842693326426,-0.638400889876429,0.331451393927267,0.407647093076592,0.933621002743513,0.628038910809555,0.384716177843215,0.470912517185552,0.32945796045587,0.275797093428516,0.631135548072258,0.248937435581459,0.0455513883033695
"LOC_Os09g20030","turquoise",-0.732455031769742,0.339300978110596,0.384599844209055,0.555529619142719,0.84528354313803,0.870102897493562,0.408793390539509,0.413032792517258,-0.106215591174231,0.0108262708099485,0.276519071980695,0.483794791294008,-0.409829277685879,-0.56517007023112,-0.824927237690293,-0.816402849961489,-0.430783114403569,-0.323766809345126,-0.0588885626068752,-0.154814917396221,-0.564409142970795,-0.12303602590515,-0.136215528167555
"LOC_Os05g49130","blue",0.73242898340338,-0.309918657035258,-0.450253045678176,-0.686680710804817,-0.654018305159601,-0.9221546306196,-0.410613927362412,-0.0955515160799198,-0.0482218104481816,-0.358504391389603,-0.316904647729967,-0.451269048887225,0.424898649731458,0.635331782845388,0.918615931810411,0.69662562343337,0.151450046696097,0.36623213200258,0.231734087552822,0.0704569003283739,0.661319452058109,0.115000674206743,0.0153040180815925
"LOC_Os05g05040","blue",0.732273931016116,-0.297008257357598,-0.337855498816196,-0.550020344042683,-0.663358729265026,-0.821310268387662,-0.36999127279317,-0.216347026286707,0.0676647224692246,-0.234414765574113,-0.344938075616224,-0.380902547154121,0.474905559983831,0.505239210547895,0.841415807992769,0.675648696025103,0.158122493038499,0.181503713410399,0.214165612315959,0.158486831680145,0.656153597652582,0.420541715989848,0.157032429829004
"LOC_Os02g32860","blue",0.73217573925992,-0.352459551152212,-0.208970805871588,-0.647763720582116,-0.633845436060034,-0.768170593378637,-0.524511337041547,-0.109793471256379,-0.233794468067342,-0.243584878787767,-0.336241887702965,-0.366375587816647,0.545324494314343,0.448831013154779,0.811631996451022,0.559966278378349,0.182990824718135,0.348394986724896,0.241280951653761,0.00179933237529066,0.490905788339186,0.00653306433366401,0.114954860843054
"LOC_Os03g01180","turquoise",-0.731944536438696,0.155359088861082,0.472023126484413,0.579912400905542,0.512159428417857,0.81958466075543,0.27890278216334,0.00936579009968622,0.178113266997201,0.346284275617639,0.370284827052127,0.440311906573103,-0.352416269041785,-0.626905548839012,-0.75678121014174,-0.613539147253514,-0.103712143702885,-0.400056561790914,-0.193444120926437,-0.0626980035814528,-0.641767101372009,-0.125346000707989,0.136106507544547
"LOC_Os05g48320","blue",0.731938006858992,-0.0998253651848528,-0.2818204908205,-0.581993728159763,-0.636193212198167,-0.859760674884744,-0.474639678620398,-0.214645936626605,-0.0647318397931803,-0.458825343214261,-0.432228316088636,-0.612042926096727,0.30532189074273,0.448232925056627,0.936348654109271,0.582804331295821,0.208868135911962,0.415804707541397,0.41475174131852,0.262360345725127,0.714694264198858,0.338953483255032,-0.026672128279842
"LOC_Os04g28180","blue",0.731902619462271,-0.169225492321036,-0.274467523417396,-0.640685212460659,-0.696478940739776,-0.859404205771691,-0.474376448397151,-0.214545421417918,0.00803058037829322,-0.349722146244129,-0.420872900492475,-0.538455643838651,0.422958587079352,0.461669821152019,0.944517930814878,0.604412960127892,0.209704372253146,0.366583437053292,0.328659805238465,0.193934547723973,0.670337660544077,0.320235075828971,0.0837147823562567
"LOC_Os07g32590","blue",0.731406067964452,-0.421810725403448,-0.401938571245683,-0.731572514586329,-0.704254200791928,-0.894417120429012,-0.455526211980446,-0.100016672335939,-0.0584430953013483,-0.243188545625373,-0.296176618725145,-0.369615191192933,0.556993875608758,0.624260978732035,0.893437313941366,0.682402264450805,0.152857176167612,0.331475052182142,0.142730303737629,-0.0237450158420349,0.565083113442155,0.0158756428966711,0.133541108796172
"LOC_Os06g45500","turquoise",-0.731294632791028,0.0874928794226057,0.552038680502207,0.506752366761088,0.726999578069304,0.84420733748428,0.17814785093925,0.273297568094473,-0.0356429635416222,0.0524082961776617,0.254142339246913,0.420518320986663,-0.375167156725518,-0.678603887185799,-0.751057115376703,-0.843917701051475,-0.2713479803716,-0.24735635483046,0.000588755643901892,-0.116864371489339,-0.663336528609907,-0.273893099130925,-0.00121429802077133
"LOC_Os03g58050","blue",0.731231356359439,-0.112528173701696,-0.301361176524691,-0.579832784217597,-0.673366275494541,-0.847411557508619,-0.424126061866158,-0.244788669670729,-0.0374943454538238,-0.362895748156205,-0.409386539645003,-0.567684513257372,0.352810065007452,0.466636926506422,0.909936729880972,0.612542198181169,0.216271484043697,0.376091316496608,0.343898006580558,0.232006036854154,0.715063376741928,0.361979356908469,0.020719703216888
"LOC_Os03g12020","blue",0.731193531646978,-0.40193573279516,-0.584031478490033,-0.7925063614911,-0.631564593516826,-0.881932438924417,-0.234811537857082,0.0914375196485794,-0.035312265994284,-0.195134341648258,-0.295834591216812,-0.219385844548297,0.649463324387228,0.779437850911839,0.812216773854977,0.697281976807402,-0.0332595432514996,0.257511367174504,-0.0146344405728845,-0.187342919145503,0.575422591810523,0.0692493095801377,0.100948059012249
"LOC_Os02g32490","turquoise",-0.731184370985075,0.307530719139043,0.650972196872671,0.734613476861194,0.530182058398372,0.848592605433179,0.117097810523293,-0.143605005794537,0.0968626033116215,0.255154864322261,0.326017548894859,0.270237198354512,-0.522570294556423,-0.789388349268435,-0.741987456259538,-0.649530336866636,0.0630992452980757,-0.333546669818541,-0.038993466609463,0.119226212102887,-0.663759776031512,-0.118716135296828,0.0906207253651054
"LOC_Os01g43120","blue",0.731135297212331,-0.33809106876484,-0.438615372844904,-0.745538137437078,-0.769762723194358,-0.885095789630113,-0.376281476454296,-0.128372904724397,0.0600750020141236,-0.0922480237153235,-0.311402703191315,-0.403410496371772,0.593614070374955,0.67377145352131,0.867215201203073,0.746778528011805,0.241593275963285,0.411013708553923,0.00521376877792063,-0.0777401773587003,0.510201701718311,0.000537279061391226,0.142567639113143
"LOC_Os07g19190","blue",0.730944303458279,-0.121617307281669,-0.329385801908711,-0.54263380434923,-0.660686367123395,-0.842116010846906,-0.395708767305467,-0.244791975234024,-0.0325440924036118,-0.384002505207182,-0.436250126895933,-0.580780149436892,0.294274004457792,0.474981729102273,0.872141132650383,0.616532941235582,0.223693668207858,0.38007776351075,0.327054446802312,0.259410308139161,0.703100625212421,0.411712690636359,-0.0357933178673017
"LOC_Os02g01880","turquoise",-0.730893639800783,0.364585400006507,0.544315835284912,0.557591776668925,0.706478695078767,0.835791336784561,0.193648608186492,0.170565217551571,-0.124798285167022,0.0123153051446405,0.423257644009907,0.400971175950304,-0.444333509356326,-0.713534102218003,-0.723567334711039,-0.726747340810109,-0.231075069344883,-0.408384710524566,0.0845773632354534,-0.0296343659266409,-0.571702849844045,-0.200203079223051,-0.0303614849141689
"LOC_Os01g05060","blue",0.730837581277051,-0.270516806001777,-0.202163800792736,-0.632009340407401,-0.693652932378895,-0.875767052805898,-0.621533105313336,-0.233127901821626,-0.0213995463335896,-0.409990128479884,-0.367837066944487,-0.54288822609505,0.399318969452131,0.419226668249553,0.975304604914604,0.605799659220298,0.249072998140488,0.383177770482284,0.398596295345326,0.19719155107232,0.610481058377821,0.149273774401651,0.109813659285186
"LOC_Os02g44540","blue",0.730830414248133,-0.397907768118365,-0.369001293087014,-0.666295193730942,-0.735460982805171,-0.863249664822988,-0.418844685673033,-0.167107873812876,-0.0217513017754996,-0.141245884768293,-0.331466881579601,-0.340316319852263,0.585627198060674,0.589284534624542,0.883023100717735,0.729796115241766,0.205327186363903,0.265917422006143,0.111898746431435,0.0137149957276007,0.533448785040348,0.0637802659582612,0.151526642388198
"LOC_Os03g03460","turquoise",-0.730762856065069,0.143243018715452,0.570896609514493,0.372525290790899,0.420979841851174,0.846885405717032,0.194265309828274,0.086279390596864,0.0635148039448455,0.44215397034904,0.366955724730415,0.511950889750164,-0.110908256339146,-0.642971909812869,-0.743868928018658,-0.728759288004846,-0.145887492067731,-0.34374712867024,-0.303108867212237,-0.284159694889149,-0.786259327451066,-0.347563289215028,0.332092056899294
"LOC_Os03g21980","blue",0.730730542082929,-0.35117972085157,-0.412806854871957,-0.671409589991728,-0.698411444421322,-0.914363552064077,-0.432080709750643,-0.15839177395843,-0.0920561227223058,-0.325502535488107,-0.291482549581323,-0.412946560693598,0.453422085337749,0.60093473882228,0.930413426520439,0.706423051422938,0.159198740296806,0.280908483162893,0.224634732257106,0.0946654105907127,0.669759270900548,0.172140170626652,0.107745389340783
"LOC_Os07g22600","brown",0.730458696943097,-0.234343919080419,-0.724782820112579,-0.732370884214095,-0.553990249844384,-0.876210031830541,-0.0327368616965817,0.125469805820088,-0.0487363713183463,-0.227323374578477,-0.397173555287225,-0.327675905305855,0.50475173849785,0.863073535909179,0.745736953158998,0.703846738796449,-0.0356345614325576,0.37669868305361,-0.0416436182782752,-0.13680912589341,0.687625714239545,0.225403207231855,-0.105927409884676
"LOC_Os05g25400","blue",0.730218384069178,-0.266248478132574,-0.50549482608332,-0.614369206371729,-0.711310282541177,-0.891716292711845,-0.303077956702911,-0.177724898283028,0.0482654659872053,-0.147570325159455,-0.253971769438704,-0.349142351954814,0.479012516849701,0.679101047908142,0.845816112214271,0.813481240491271,0.190709720750295,0.227762388493335,0.0658405802673905,0.0572044501271503,0.630572313130654,0.204243878231111,0.101427424005066
"LOC_Os08g03570","turquoise",-0.729964745823834,0.257049132229764,0.405177221620124,0.629291884847962,0.749638927287599,0.824085267411619,0.37771048845376,0.197592148587896,-0.028529960377934,0.0599643542094975,0.240774628434363,0.301759864986099,-0.516922910330894,-0.591718317059154,-0.78470583566324,-0.712867676323393,-0.23322089036626,-0.280355059706992,0.0217732020139372,0.0115764267828574,-0.47698782784336,-0.03129312703897,-0.169335290351038
"LOC_Os07g10110","turquoise",-0.729923461696263,0.0705469110744089,0.71230188475538,0.447471188215108,0.48242612794889,0.806524807855802,-0.0179436897681876,-0.0223010535984695,-0.0753374357977629,0.171274502701798,0.464974715808527,0.36017893505755,-0.308491949642234,-0.790478679394951,-0.6159582720852,-0.703689963343451,-0.0672869252123834,-0.383435430242939,0.0481685977640452,-0.0707001941459744,-0.682933503756583,-0.315140209637844,0.243038209520457
"LOC_Os03g03724","turquoise",-0.729881368891791,0.0928293980644719,0.386261575600556,0.271944549325648,0.614381489822116,0.805940559531545,0.282873572028315,0.380371704560311,-0.0384161251479045,0.205235946611136,0.305483694153715,0.498191059268667,-0.183254828522887,-0.506038749303336,-0.772870334802214,-0.844651725996619,-0.373617464137152,-0.168862481272734,-0.274143396667755,-0.394981480074539,-0.742679272990017,-0.505175388516412,0.0413110331829287
"LOC_Os01g67570","blue",0.729811590788978,-0.412174200122905,-0.206161900141438,-0.673566043878196,-0.593119717925173,-0.818735836601507,-0.581492406838708,-0.0728037587656406,-0.158093628981237,-0.463235704057449,-0.366969860215544,-0.386916467361386,0.49576476727986,0.421254801974966,0.902591644800277,0.511135511956629,0.0515189915906155,0.284161199860799,0.393157820187461,0.0812480538977244,0.588174200666414,0.160087926086992,0.129457489805355
"LOC_Os07g10660","blue",0.729808974974113,-0.145849761598771,-0.202303361850386,-0.547610603016532,-0.705963040511412,-0.843745248457714,-0.548564719925852,-0.323752721033428,-0.0186360501638136,-0.350229553097608,-0.410090376695856,-0.633349662642235,0.306961803917042,0.382000475155581,0.937318242941115,0.603397462879532,0.325196862521544,0.426633484843502,0.382693431493056,0.283803156639904,0.649894811882094,0.259291020125125,0.033892855249544
"LOC_Os03g11230","blue",0.729797965050939,-0.241993594001867,-0.262208590454281,-0.519254857650688,-0.701023906703454,-0.856816706395596,-0.555369776376804,-0.308616159204163,-0.00648194755202147,-0.324411945616718,-0.490697700174719,-0.729621374587345,0.231942274256523,0.456586128309026,0.858471316033736,0.603678156925781,0.419085831218462,0.680180513005351,0.305387791100141,0.257162224566559,0.595389833528018,0.0656665963698419,-0.106073776415992
"LOC_Os01g14610","blue",0.729763063198597,-0.181520379492292,-0.305209551482239,-0.498939973177892,-0.516966218690997,-0.816004280890892,-0.420022495791127,-0.14761027964053,-0.250968479002825,-0.510916866060098,-0.457857499947141,-0.532018638299721,0.255824602922431,0.44846339057238,0.850843649115367,0.550994193828713,0.132050873528363,0.367710266882733,0.471156775455561,0.290901594780385,0.763073669833176,0.349044564569226,-0.144038608999741
"LOC_Os01g55880","brown",0.729702078511553,-0.170630323136832,-0.741713183348594,-0.48902985467829,-0.369220824651343,-0.72931094929942,0.0951355402287397,0.172606532713534,-0.124088780723646,-0.12485772045238,-0.387958359352185,-0.265598230215455,0.354424529135421,0.83433210117267,0.491262825969632,0.702821855432166,0.00214080718454878,0.369107751711779,-0.110853655311592,-0.103760444250985,0.611527882052713,0.132999418685799,-0.309822049170254
"LOC_Os01g15029","turquoise",-0.729634273365517,0.153456092407834,0.805515073113475,0.56838377685993,0.534156816664609,0.850892040589572,-0.064190190262606,-0.0453686269696154,-0.0674266341147653,0.17058384868794,0.448803945885256,0.388339956269337,-0.32557383210973,-0.876143194075464,-0.627568739941727,-0.711531668297257,-0.030747961854522,-0.449002181838836,0.109770590673217,0.00727849715791909,-0.708010068778387,-0.286035912982733,0.252393406278647
"LOC_Os06g07580","blue",0.729620622782795,-0.169877098750841,-0.248422701591202,-0.628925418471491,-0.758632580508204,-0.851724368938621,-0.49172005424232,-0.291602695099136,-0.00217041670781092,-0.259502322215943,-0.399366086289983,-0.559553312776588,0.438643163352516,0.448052890981471,0.938028866676312,0.622122144587258,0.280931127429832,0.387898557654941,0.277573455553792,0.185969015429015,0.6193551408621,0.264254418550773,0.102574499741773
"LOC_Os03g01910","blue",0.729562578610683,-0.288820870654737,-0.541753724613488,-0.714408717482387,-0.742785158631714,-0.915952001230753,-0.252365771245352,-0.123889280050564,0.0318111735309058,-0.144073877612824,-0.352419224190034,-0.404038836843384,0.532522615492283,0.72775704160427,0.889860661958293,0.775193937494315,0.168667855260892,0.332086596682364,0.0316943504907201,-0.0011180322701024,0.649800203988007,0.204435732949624,0.0695388078750199
"LOC_Os05g41110","blue",0.729535991418198,-0.132121327510154,-0.23198679375324,-0.608672966508633,-0.706686404609001,-0.856565555633171,-0.528724089588554,-0.266945213845195,-0.0521863811000596,-0.373365724542143,-0.416691652740197,-0.604805910965866,0.361621377088386,0.424038228019429,0.951847810748413,0.594686904823695,0.27016201583194,0.429678331514471,0.375139757956434,0.23731230557271,0.652876087600713,0.258099957402457,0.0328694133210779
"LOC_Os01g27730","blue",0.729491657563039,-0.187933000640787,-0.291573027434443,-0.604973253409989,-0.760309899590634,-0.890324505334493,-0.504118465951027,-0.320176737984655,-0.0450239479941456,-0.296619412533421,-0.347840191835159,-0.599358437122093,0.371332886138949,0.484221924335609,0.959320859406666,0.696331773288516,0.323942158778852,0.389793018237139,0.303208367451966,0.226279783210941,0.667719454001472,0.241490013523037,0.0739674101463938
"LOC_Os03g05330","turquoise",-0.729216629761722,0.246254834532074,0.552629508268408,0.56527207559706,0.785996564533535,0.835503732771249,0.172211938387605,0.263615413680161,-0.132443270026793,-0.0503169381085951,0.42755775165564,0.499740706962303,-0.396720042136232,-0.699190647505503,-0.703707133525085,-0.72029302050375,-0.337530226499641,-0.532670609377689,0.148674003465404,-0.0521227138162631,-0.592731030551045,-0.190496029476162,0.00941585956068703
"LOC_Os02g07230","blue",0.729073323120163,-0.338090089533993,-0.48814653974131,-0.81837402351536,-0.666723470995639,-0.890821234168535,-0.331379211800146,0.0400251583805694,-0.0076843639161786,-0.292625239398316,-0.364420672696332,-0.357875749308523,0.580989629176609,0.689643404096218,0.884728927228892,0.607322781172082,0.00682658914927251,0.398288623121079,0.0978916502059834,-0.107476557320109,0.60026395524664,0.0927997129541935,0.0998175869761087
"LOC_Os05g45920","brown",0.728744751685437,-0.316312867097927,-0.711298450597211,-0.598601794587059,-0.579956206809587,-0.86118441931487,-0.0843584465551605,0.0207050462456334,0.00386718883563601,-0.123673703517002,-0.413264287956193,-0.351034568564751,0.420455240398775,0.839674458092292,0.676405167272397,0.727302229670856,0.0964484414483025,0.46173672109581,-0.110271437136705,-0.072094974083501,0.612413641934091,0.0614578252542333,-0.178258695630287
"LOC_Os04g54340","blue",0.728584661567925,-0.0532888910908628,-0.356653904245985,-0.480341619884148,-0.47143033515738,-0.831844902919911,-0.414272365991302,-0.120529264487784,-0.148904370970343,-0.553553841525842,-0.356267691720769,-0.527123355659579,0.174249349777702,0.481229248336804,0.833106446860108,0.597282334319906,0.130513081604585,0.319644823080502,0.491204127728328,0.294665653124033,0.752765399166202,0.315205711875157,-0.166461842676337
"LOC_Os02g20490","blue",0.728527624947851,-0.365203075861117,-0.412151261095865,-0.737429302025639,-0.747073112474244,-0.854260882518538,-0.380652415106282,-0.0985511778756585,0.0463724393565641,-0.0772158077492124,-0.360210773620848,-0.401139448696199,0.617681675360101,0.650626908708691,0.838741301341926,0.680194122928573,0.211141282783415,0.45873393773156,-0.00815277927276768,-0.101274042264885,0.453144818489297,-0.0487374671943071,0.0968525494547806
"LOC_Os04g48880","magenta",0.728486292823628,-0.165479260562218,-0.270949156818106,-0.440583366519778,-0.593852685842346,-0.678222747852357,-0.311636384515325,-0.228266007545482,0.0750952769580876,-0.215194625476416,-0.740859123083906,-0.761927360103076,0.187481284828921,0.399590643528515,0.613258172015371,0.34912227741572,0.303284832395933,0.872697717399614,0.202846138056244,0.256263633380161,0.598807318603,0.293524221207499,-0.251765112655267
"LOC_Os01g49290","blue",0.728407655182151,-0.112787983033358,-0.243943800915781,-0.566020284375825,-0.713034105094277,-0.856309009719551,-0.50632452410306,-0.295642030402376,-0.0116098766548577,-0.309880662846691,-0.387961827522415,-0.594137680606726,0.34670322873843,0.436473046897693,0.944234904486743,0.660813899023859,0.32992714345531,0.384046734577086,0.350157373265934,0.258470290675218,0.6411244605082,0.254399441868785,0.0358210209035395
"LOC_Os02g55630","brown",0.728389635059088,-0.137816099642447,-0.678455279272681,-0.658208339586961,-0.574837158571829,-0.863930019688955,-0.0765989017781355,0.0510793477409654,0.0405857686743158,-0.209664953373195,-0.512658296637798,-0.477676029085361,0.393675929290272,0.811930974931904,0.73064854029695,0.662984681430996,0.0689200876243097,0.56519750729908,-0.0333040796272552,-0.0509012070851046,0.640902395113877,0.173608464993118,-0.212511632712147
"LOC_Os06g22690","blue",0.728272981816851,-0.325281151601855,-0.601067585800568,-0.714729607568461,-0.656547988926031,-0.905085994398045,-0.207286892178236,-0.0102061426609431,-0.00718672888736217,-0.192977096252348,-0.297919170110764,-0.292217338948357,0.543161485326247,0.7787299317627,0.837128447733121,0.783473546995503,0.0622575065672461,0.236549110891688,0.0230394118099716,-0.0697412737401036,0.629518960419776,0.17156648102242,0.0496681106466786
"LOC_Os06g44230","blue",0.728146314400752,-0.243341696582962,-0.372824579282796,-0.680395655837473,-0.67469415386592,-0.863300164651746,-0.4437861111145,-0.118856285895899,0.0365454885459079,-0.293391325238577,-0.398671855401038,-0.585495092623726,0.384984390543472,0.57349983520758,0.859066906085446,0.598258151950266,0.254643702044449,0.618460762042455,0.188617236272006,0.06289449717898,0.568804060916719,0.00810039514811616,-0.0364452223109594
"LOC_Os05g48220","blue",0.727788889375691,-0.110798059641052,-0.289572427735794,-0.591397104759351,-0.737825136008976,-0.865907436314012,-0.470252295843709,-0.289906896035602,0.0290180247396662,-0.272461442516064,-0.3892602353435,-0.607695217229806,0.357218468131837,0.478360762023315,0.932572030057942,0.663419912209956,0.327995036226339,0.446464169801164,0.280233614666031,0.21695152907643,0.635561630176828,0.222223195046297,0.0305962235372575
"LOC_Os04g59600","blue",0.727785181809487,-0.342706145240375,-0.363997196956699,-0.663711076844794,-0.662297787763932,-0.895685836845207,-0.4789511765027,-0.131500716434513,-0.0314043026614752,-0.347282976504579,-0.320128652959533,-0.453315502526388,0.443957227525341,0.559678273645674,0.926792435079635,0.680710313161535,0.193494713423326,0.353012663176993,0.284756755538774,0.119232146637387,0.639600606393118,0.104062178971901,0.0446525811835761
"LOC_Os01g65920","brown",0.727699456126275,-0.0555382023560769,-0.834208334349678,-0.387361974403817,-0.222366601978964,-0.735772198764142,0.229792382369508,0.239956550814056,-0.0878460934553216,-0.397825754289397,-0.614636318805848,-0.377499339021564,0.139049219211511,0.822405642496831,0.466051381735692,0.563597696894089,-0.170159102965846,0.45286372156163,0.0502558945338814,0.071197303894409,0.840830125600378,0.530827279711921,-0.526018815847395
"LOC_Os08g39500","blue",0.72759407695887,-0.288890909240958,-0.211440682514524,-0.663596411381781,-0.770351979797189,-0.865862698480195,-0.561286767129795,-0.283520112426729,-0.0241899201115672,-0.299486989335502,-0.387515067657704,-0.526341965571057,0.483330573205563,0.432257794654513,0.970572920585815,0.610600545067684,0.256164990727036,0.358282738655139,0.312948622622986,0.173770245186789,0.62088643075651,0.240139263650607,0.183864629538207
"LOC_Os02g02770","blue",0.727592433660722,-0.389237959672044,-0.477705834708953,-0.745883006875634,-0.657444534873488,-0.884478222401958,-0.350836453897159,-0.0149618720553841,-0.0122265146789869,-0.237947086556834,-0.245171548861734,-0.285231540811558,0.580881176685298,0.681428669200533,0.866922633469969,0.704046536377508,0.0608791291949221,0.24782469281139,0.106464910343123,-0.0720084547539333,0.593535907907776,0.0789782734184075,0.144275055631332
"LOC_Os03g49520","blue",0.727590649252438,-0.16889423597771,-0.0874594893578441,-0.273243404011409,-0.433424323361565,-0.738069450704119,-0.582766094539898,-0.320281415822326,-0.185504355300733,-0.645156597421471,-0.571664052742369,-0.755599452652067,0.000220160397218658,0.207980204075145,0.801347241135919,0.437061559487423,0.296162201959098,0.491596743789196,0.713729720748998,0.554523705266851,0.767824081028641,0.448633029496057,-0.260668459399544
"LOC_Os06g01304","turquoise",-0.727531666809754,0.309463593758599,0.175827268561861,0.490125909467518,0.593263094240109,0.800291268617039,0.545631076504854,0.261098418761509,-0.0796544191850958,0.4395308922811,0.55264110196516,0.630063664298568,-0.278412807458675,-0.350832770252446,-0.845617412232111,-0.523557582630499,-0.278027027209497,-0.488577253668805,-0.443866683774987,-0.316623305636604,-0.663219131791294,-0.384699341527893,0.00631804568839204
"LOC_Os09g39540","blue",0.727456269412669,-0.173417793032248,-0.211203114247039,-0.596848185138687,-0.727584753889896,-0.857587061122608,-0.542904916976607,-0.308692214671746,-0.020886846766415,-0.333531979807701,-0.369854009705103,-0.594202932795383,0.380558488353045,0.412451719677139,0.958540003243475,0.638605196621629,0.316251493741413,0.378111411562182,0.382313612707812,0.256406828624939,0.657394984046887,0.270035904775799,0.0839915814813441
"LOC_Os01g56800","turquoise",-0.727394879815595,0.345451596193354,0.619144250431301,0.594131442979268,0.69770576645272,0.852787740107137,0.086932387326526,0.144792912577509,-0.0882636951107466,0.0216084512035193,0.429761951426967,0.362194120769503,-0.502288885715263,-0.763502929095746,-0.729353144946576,-0.781139125568591,-0.169452714536535,-0.330738757033649,0.0968922212299691,-0.0261695489202462,-0.664074206168289,-0.357170331395264,-0.00581194950859815
"LOC_Os02g09590","brown",0.72739241336719,-0.267690812532464,-0.759638524609809,-0.720445050851206,-0.524854037228196,-0.888916380943938,-0.0132757038101333,0.18116239749803,-0.00309996172664286,-0.247037489304416,-0.383777601372172,-0.259238789352993,0.524673047727735,0.889424247833688,0.755619484284913,0.720050929374837,-0.101821497437971,0.311243992393365,-0.0393593822346549,-0.135792930943609,0.700266863074782,0.234296466390865,-0.106276699740958
"LOC_Os07g22950","blue",0.727358202644783,-0.171568474355867,-0.32045316301061,-0.489834222946246,-0.666321083891937,-0.84785086388091,-0.414795668499914,-0.300431118074788,0.0735326892465772,-0.305106280330786,-0.407199015275653,-0.571318236746029,0.294669369826352,0.460935702364143,0.879425199868395,0.663995560597684,0.272014246200231,0.330785692701857,0.354536535120966,0.321777911743319,0.737190783476886,0.395172818457777,-0.0164229638952907
"LOC_Os05g23740","blue",0.727350739086616,-0.238397051690503,-0.443204007544189,-0.733522875352268,-0.659453893822359,-0.861978093150336,-0.332246785620003,-0.0269434636485911,-0.0121468694859653,-0.230032260896413,-0.34991886766193,-0.384497598812793,0.528831655932568,0.650865829618515,0.86671093282852,0.693434331846494,0.127213954279029,0.359674297955027,0.114417498120829,-0.0471800210960956,0.561758194461805,0.0864120371174028,0.0558313910100394
"LOC_Os02g56990","blue",0.727192142767029,-0.167792140285863,-0.325082219017837,-0.591367701099987,-0.688319311678329,-0.876210059462652,-0.442850246582432,-0.245473688078588,-0.00830632980697433,-0.363792802825589,-0.416444523535858,-0.597589545992781,0.348158133960356,0.491655150553124,0.930534426649874,0.636426219803659,0.24475029270808,0.415593770016307,0.326329280560284,0.237588095945281,0.716036618616203,0.322592344998241,0.00200879920164063
"LOC_Os01g13420","turquoise",-0.727183370440554,0.107549250672889,0.405429319622037,0.603411083527704,0.629744155347826,0.817802940251159,0.339534443190845,0.123449264734573,-0.111077081580612,0.223774830232886,0.246923742621364,0.479548203634032,-0.418552725830551,-0.578801729417939,-0.804866383919514,-0.675572573838511,-0.198783935590796,-0.369273194669467,-0.157519425026,-0.0624938174446757,-0.604166866484499,-0.172096176175525,-0.0452613478055297
"LOC_Os01g68310","blue",0.727066998896661,-0.0467914106987311,-0.421762826562896,-0.581916591249877,-0.603517790601833,-0.868057114870247,-0.349961043422666,-0.133483852944302,0.0359179830550933,-0.385459725795031,-0.485488164393074,-0.621697310644806,0.297346208213693,0.569228851341068,0.86204388307121,0.608464742502503,0.199786817595644,0.513392361902508,0.283272144415344,0.201756611423823,0.69748394741776,0.300540876981578,-0.136532964043503
"LOC_Os01g66520","blue",0.7269657343784,-0.119962532982289,-0.192376559964917,-0.480402326251073,-0.619545568936411,-0.836499157833283,-0.592456481503014,-0.308012747053711,-0.110900740633312,-0.482241562722745,-0.383422129680152,-0.645314714516601,0.185266056198841,0.348825158241025,0.916843876805132,0.574465658944438,0.306931150878534,0.411463934973271,0.49200321407025,0.361057790070674,0.684544854751644,0.257604624654305,-0.0545856011532337
"LOC_Os01g58444","turquoise",-0.726899394923469,0.287699916036376,0.401730276783035,0.50893029989753,0.633733547747719,0.828214915742666,0.356038729976768,0.160743757245979,0.05525896935493,0.217483779338954,0.362674738465913,0.313858358947568,-0.444060354232318,-0.575694752354594,-0.796110201418495,-0.705131474088227,-0.136498656041522,-0.175375454973911,-0.134213008570674,-0.102584623204214,-0.580808502420274,-0.248307698037106,-0.0837797688906669
"LOC_Os07g43810","blue",0.726888715942241,-0.282462948816636,-0.474087488934415,-0.652652581833364,-0.696215518536309,-0.899495090772593,-0.337557622708635,-0.134930750999375,0.020706342079447,-0.172718399778908,-0.253964257480222,-0.363753284623676,0.488836842230936,0.675782893595169,0.887436878574961,0.823905980130566,0.221703882987933,0.250532655561826,0.103033817529095,0.0241951098463977,0.595341841005979,0.0976109211412703,0.0835071709699724
"LOC_Os03g27260","blue",0.726606920219234,-0.159217177689317,-0.19512940749684,-0.57565563187811,-0.712056205016776,-0.846015847759653,-0.551538255213122,-0.302371265703607,-0.0465910091033776,-0.351324560047008,-0.448450863111664,-0.641307569797792,0.342672792198817,0.389462875752697,0.948371149160871,0.587071579119712,0.31871237650582,0.454486783013291,0.388693747976629,0.270664713065725,0.642666223511489,0.263600414122859,0.0338557049923665
"LOC_Os09g37280","turquoise",-0.726543501856206,0.354102517126928,0.402603492445938,0.720734283340015,0.802728529750076,0.847503902181474,0.360510581883771,0.193239463322789,-0.0289620924741439,0.051475175130452,0.349881985726299,0.471871883045559,-0.583663121505421,-0.632868927619056,-0.826528459122776,-0.692154134948448,-0.273731205888628,-0.465066654140027,0.0194909597064887,0.0460728188989315,-0.503872819750393,-0.0713949740307076,-0.120792758253605
"LOC_Os08g33920","blue",0.726495452082852,-0.105397373899431,-0.365997536610662,-0.582478867435961,-0.677697794309496,-0.876074892476409,-0.391202598630773,-0.231882857745432,0.0840881526518753,-0.350340036487475,-0.402275112120637,-0.606124130649695,0.306891754087987,0.526314233130268,0.908189750157201,0.672645273035823,0.258418644398498,0.427310492461747,0.300743030481643,0.233687560145421,0.719336037984587,0.348988923498857,-0.00688653805221033
"LOC_Os07g12250","blue",0.726485850185803,-0.0609516531763144,-0.341590242011203,-0.572247569467707,-0.658594897991612,-0.855599003032046,-0.39329186003904,-0.222843328381095,-0.00773312691775877,-0.363602912861105,-0.43153487057586,-0.621943661427255,0.309739553767782,0.498100183982409,0.90615484205917,0.627015247032013,0.245670079420295,0.449348175266003,0.32842376263897,0.242159364742665,0.711573869972646,0.336763916725965,-0.0596320773649452
"LOC_Os01g06590","turquoise",-0.726384425495077,-0.00656791745027615,0.525366787919079,0.548735694759749,0.461866596908431,0.82420840499829,0.178897627770119,-0.00524757303155799,0.148113663083341,0.48088382757541,0.491761393416961,0.523984493943958,-0.226766425865982,-0.624350266903835,-0.777255536564927,-0.569111773572375,-0.0302332095399725,-0.445018172841197,-0.301435364613676,-0.181411661914133,-0.791861939748728,-0.420889236889211,0.251773363902389
"LOC_Os05g28300","turquoise",-0.726364830328649,0.306624798478582,0.681936205189921,0.637743899288382,0.645503064726528,0.849071226256618,0.0304275602195269,0.0264524437081353,-0.0519948755820587,0.0120177751730694,0.444826288181993,0.323201029531976,-0.551059317986041,-0.824092711480719,-0.701078316899408,-0.745829920719309,-0.106652321675747,-0.390957554676263,0.144943256721107,0.0733146011350277,-0.635921362978145,-0.218735930478319,0.0685525814644627
"LOC_Os03g38000","blue",0.726347808615076,-0.111126304944394,-0.186879055612913,-0.544181297516205,-0.693324239409247,-0.829961912256905,-0.538377462360397,-0.318274368586018,0.00145534731444334,-0.365533802020648,-0.413640125164228,-0.614393028025394,0.315997744353389,0.363691123967708,0.934820074034509,0.603929724352603,0.306276194070092,0.368123697510932,0.421213346510037,0.308802739817377,0.667497069473581,0.32913665449311,0.0499978538849878
"LOC_Os05g05590","turquoise",-0.726276305684621,0.204567210898205,0.492016669124836,0.530030223387694,0.744951467375216,0.825237741948829,0.242855857773124,0.244242816895197,-0.124967049019748,-0.0829685007905028,0.146780907189496,0.257176625483097,-0.516226761317382,-0.66424612521534,-0.760928188878069,-0.88485073311639,-0.282984139517207,-0.0769467699922123,0.0735879477017719,-0.0195111763581,-0.522576924481632,-0.125211428788759,-0.160461221345788
"LOC_Os09g25490","turquoise",-0.726005916093528,0.225497728630106,0.601971516594322,0.575699157977113,0.466090813768087,0.801954958474341,0.094416374887338,-0.0605124000112214,0.299364540968062,0.318334855672053,0.351403262254358,0.336343745971255,-0.387457190417615,-0.707751061207975,-0.692529248786496,-0.64374268512648,0.0187784921765566,-0.292618640515216,-0.137200749664365,-0.0188082273283493,-0.753024819266926,-0.28007466649724,0.19940458213836
"LOC_Os01g66280","turquoise",-0.725717332605705,0.179229991194977,0.482240350637722,0.64872987988296,0.673540181962163,0.871047627665072,0.273717843110188,0.131609884591274,-0.0458413013696571,0.212569385783228,0.231989620327045,0.394545443533189,-0.47586449563691,-0.652214415224083,-0.863455457784893,-0.740377017978011,-0.158181862097018,-0.268304772308323,-0.145030897686122,-0.0749258108346005,-0.701969299139227,-0.273217077668449,-0.100921252404652
"LOC_Os03g37970","blue",0.725681837026629,-0.208953394277686,-0.228374840307296,-0.597552772483228,-0.752304136255195,-0.853215781463659,-0.515554549798125,-0.315368635192387,0.013527216602948,-0.277323430428066,-0.410017811707063,-0.574221455238723,0.406846240649112,0.425807554616994,0.946300897404305,0.636694997500799,0.308987527834728,0.383197649338628,0.31911846360204,0.231913983535338,0.637441102515356,0.27499009674321,0.0949594025686876
"LOC_Os08g14310","blue",0.72540451367874,-0.175629220081804,-0.128842779813014,-0.552780284418058,-0.612618284297722,-0.771299566758715,-0.629788663206035,-0.234800923965718,-0.0656554174319277,-0.459448342635039,-0.357655177416579,-0.528499562009264,0.334924790914061,0.307735669752242,0.84024575167804,0.471762320042255,0.201250180997924,0.392824348574527,0.427777447828994,0.218275573374936,0.558519288556183,0.175023857361516,0.0576329012219061
"LOC_Os08g41990","blue",0.725309976368746,-0.321574498888344,-0.631864499392467,-0.847031837008846,-0.633709777165467,-0.881008784482642,-0.169005351675089,0.149894577890912,0.0122714390658642,-0.191112039459438,-0.32919655132803,-0.243888468298496,0.66669779274219,0.817304159697441,0.809503373036092,0.657847820083466,-0.0810223325289039,0.335659289202662,-0.0694854643804358,-0.239077821129808,0.577255622524439,0.0700545521646823,0.0761451199442085
"LOC_Os03g49485","blue",0.725299380250481,-0.21571683169207,-0.397024261288648,-0.541373107049355,-0.684999497440932,-0.903898961912896,-0.410304338336216,-0.259206038587077,0.121880428993401,-0.321143366675917,-0.414041428899617,-0.607283761342289,0.290690298733897,0.553834102902767,0.906084249912856,0.71594011854164,0.306274893754205,0.4380127068191,0.279763587732343,0.251406702413644,0.69406573043226,0.276871776013107,-0.0459212975565839
"LOC_Os04g42370","turquoise",-0.725238493502088,0.179933627903894,0.854054387556794,0.600333102754341,0.467820800357326,0.841703276085191,-0.131374207036543,-0.172656094925321,-0.0280153869641145,0.17463757115781,0.424202329546672,0.301619672853187,-0.411907967863135,-0.925113231343589,-0.622915497585375,-0.687000223773512,0.0993105776649555,-0.390548715547028,0.126317242269511,0.104523428777968,-0.72416561122149,-0.284617910577157,0.25667648058591
"LOC_Os08g29110","blue",0.72506430344504,-0.397279514034373,-0.441469504968016,-0.784786209448449,-0.656923071580898,-0.871974821094075,-0.376610980088704,0.0169673252949629,-0.0553635684912159,-0.252401773961689,-0.264021446399884,-0.233056078600838,0.64495741556922,0.660870956174462,0.871718527733662,0.678165964991039,0.0154858226102921,0.207844203981679,0.0892775229300024,-0.136683609409457,0.540611057660715,0.0471801987441883,0.19275382784953
"LOC_Os01g16354","turquoise",-0.724883791058598,0.21250829451582,0.65590030026762,0.70456479178783,0.601655883957704,0.860312378224444,0.109247451018819,-0.0503304453287981,-0.0558757215028693,0.207983001637273,0.372676354646603,0.313507269524071,-0.492504110582073,-0.780938871335805,-0.749983436787461,-0.654936316371367,0.0285749733558692,-0.34433570531082,0.0098748961381091,0.0794888571142156,-0.654573600256103,-0.197944146227553,0.0549091052926921
"LOC_Os01g61814","blue",0.724691673780853,-0.124955944579883,-0.142220140220663,-0.532135810058423,-0.720827713069404,-0.83781180242028,-0.601796055192535,-0.371362859228619,-0.0387338193934121,-0.367580647265465,-0.398671238091315,-0.652318413397108,0.304792953635728,0.338120591553612,0.95724279402515,0.60699233849423,0.358614843778831,0.393506570568424,0.445169148406033,0.333540116406146,0.649179376752387,0.292378219492348,0.0619679482888402
"LOC_Os03g10340","blue",0.724619199813852,-0.0930318051453752,-0.251378209254306,-0.573142386292302,-0.660320382553828,-0.853465413888669,-0.498479073758463,-0.242920979522102,-0.00444810315984277,-0.396101632743827,-0.410985300997636,-0.605261993463052,0.31328363830547,0.43051907485006,0.941058767533458,0.615345130082583,0.272837456629955,0.404584556982048,0.395059490822576,0.261742583993967,0.679665148277895,0.291264104360451,0.0123236528345881
"LOC_Os07g07719","blue",0.724600165186129,-0.101091698471841,-0.217105861226137,-0.466817423283554,-0.605320584055059,-0.762708781699459,-0.432543259899674,-0.264092872935144,0.0929682914133055,-0.361892183275896,-0.520592719593365,-0.676482900472903,0.229231730597163,0.365399442886712,0.810650334338236,0.536650257088517,0.276794549251565,0.485228959858506,0.402687051389184,0.325575888569091,0.679932290738689,0.431781065885253,-0.0710007688886502
"LOC_Os04g40430","blue",0.724007532170959,-0.22478667401131,-0.327311673934014,-0.405742869070137,-0.557305633630614,-0.835481543674416,-0.399198039571216,-0.267587721687632,0.0121117772803877,-0.471239490986018,-0.551950648844595,-0.689747085398565,0.131474116109911,0.454369375201491,0.83597150875606,0.613245928139172,0.282269077978534,0.476660177085056,0.44366443620794,0.402895400616605,0.772533282744032,0.462028139250454,-0.188814155841051
"LOC_Os05g38710","turquoise",-0.724005347968855,0.271748813411997,0.728003731612664,0.701578962357639,0.672348615174695,0.859537248132047,0.0104713936623017,-0.0245076857853482,-0.144541836374968,0.0202132409028928,0.367829849247276,0.24804943090176,-0.565255829248471,-0.861424492739693,-0.711988853134748,-0.729263833557091,-0.0186280316315876,-0.329699887156904,0.214321263416775,0.157354528270785,-0.604710210003823,-0.198321586336055,-0.0259837629571318
"LOC_Os05g03550","turquoise",-0.723759764787557,0.10617799907118,0.784798853070179,0.518908953812899,0.513105524968378,0.845179455667444,-0.0876601128105448,-0.0310285167737046,0.034235484663818,0.134166582112516,0.47596106530537,0.409795560415127,-0.342035218736265,-0.872745196363463,-0.655579211932918,-0.763945270420882,-0.0814371569494952,-0.428052586678206,0.0757772702501184,-0.0197892680981049,-0.738269594353378,-0.302889609418269,0.298705680972424
"LOC_Os03g53600","turquoise",-0.72367777076189,0.29366238560911,0.73708917018433,0.691454415948688,0.601241949308484,0.881771565900053,0.0427901939151394,-0.0677736116120147,-0.0561092648938849,0.147836131795293,0.332666657164898,0.234813537477201,-0.52679266785775,-0.856274762210242,-0.735606728342061,-0.741948771797754,0.0283186829458411,-0.266917246890481,0.106425946426964,0.119446555922406,-0.661323462878836,-0.210341401698025,0.0224089566988982
"LOC_Os02g26850","blue",0.723633658928918,-0.149198874339192,-0.322257942117749,-0.546116667139611,-0.582973873423953,-0.835723285490625,-0.427837367393425,-0.166747838895679,-0.0597461749952941,-0.430727263299299,-0.384726882374819,-0.518881665559321,0.287532852916728,0.46040213710478,0.880767768612673,0.587937967129595,0.162557922958898,0.346335305497245,0.389658662491802,0.251143461863795,0.698171715289656,0.258632890258391,-0.0680086506554178
"LOC_Os03g41080","brown",0.723606894305992,-0.225970753115218,-0.706376169155983,-0.602887015460253,-0.536200635271022,-0.805871589334207,-0.0148783629519961,0.0906718248730141,0.086744697101467,-0.0840868624508058,-0.526445572237133,-0.445654644396798,0.391096087569981,0.831600372912681,0.605172520543586,0.650029456101221,0.106708479695484,0.634288254818694,-0.143358853794896,-0.0987699635831915,0.574876985741683,0.053570853859374,-0.281761222138377
"LOC_Os08g34140","turquoise",-0.723399129719119,0.286221410650781,0.506427161241955,0.671753897779648,0.574022394518131,0.834599391929045,0.295578469974429,-0.0199078007939858,0.0488151541569761,0.249166423565479,0.393287248142715,0.404374689994107,-0.450988110669196,-0.679556853951287,-0.75401350781022,-0.632807820222059,-0.0853327112351666,-0.464843993109338,-0.0791380035734982,0.0708355687997225,-0.584354286710453,-0.0010167730302477,0.0570772739719412
"LOC_Os02g50560","brown",0.723292699426861,-0.175754427952891,-0.751181754793777,-0.445789191201005,-0.324480099630774,-0.808622543508349,0.020352940290152,0.140185004867724,-0.118221976877079,-0.364498817271822,-0.401509512800117,-0.393225778725202,0.194390489461087,0.813646859454171,0.59332580365994,0.697774777975702,-0.00537784945254814,0.402107085274789,0.118023221204273,0.0667798786515803,0.768734330247822,0.247151809976377,-0.408842165626564
"LOC_Os07g08170","blue",0.723262446623864,-0.216633148507197,-0.215143273161384,-0.400446180450316,-0.629565454070937,-0.80851334793295,-0.481514774508485,-0.368977735759129,-0.101564718153722,-0.363271088311263,-0.506775803781725,-0.681082262924146,0.175008411003223,0.37374956078121,0.841437055938219,0.644688924090152,0.407964580312779,0.451535266633656,0.426369102329721,0.384232674047687,0.706654500603981,0.376706437294991,-0.0999646178711556
"LOC_Os08g40250","turquoise",-0.723176677997923,0.083608503499058,0.596497745185929,0.375138383209895,0.607784468800335,0.853154040336679,0.125720033033554,0.255075790092766,-0.0672652585376407,0.162465726261339,0.382836523776797,0.532815478196021,-0.171756961620915,-0.673590104208428,-0.727256198198267,-0.775467526701391,-0.288555627855058,-0.382198481480506,-0.118634449759333,-0.281860283950639,-0.772186555306018,-0.378156295066661,0.222188893597803
"LOC_Os05g50980","blue",0.723174076793467,-0.308258241402734,-0.181802974215038,-0.592252134295711,-0.686249146259912,-0.859705690214733,-0.632979399770675,-0.259816305082098,-0.0371841493231936,-0.385177558345785,-0.339791319113566,-0.550679623416235,0.357783269073748,0.402952569802336,0.949732690464123,0.632437151352465,0.31732853975375,0.392350199889551,0.40619372242427,0.219268525526164,0.581636984862783,0.101619117250842,0.0897553647137935
"LOC_Os01g47330","blue",0.723157214551901,-0.410554485434596,-0.537618090552002,-0.800823303891712,-0.699843118335513,-0.892748035405858,-0.281619972502664,0.0144604153897449,0.00281882099835689,-0.167075393190562,-0.279342332866668,-0.231049602250991,0.6628861448311,0.740568427589623,0.857311664328122,0.707873066645162,0.00969487236632974,0.230424105341644,-0.00489173401325385,-0.154104072628167,0.565728537149799,0.0877526803802024,0.166593484783075
"LOC_Os07g06940","blue",0.722931326059171,-0.38520193948456,-0.485088456731098,-0.775810026665687,-0.601173959883036,-0.885817396609621,-0.335992074319867,0.0603822086089285,-0.0619181205511984,-0.340019907889738,-0.332186847419834,-0.312145595952215,0.560619913762216,0.676082965441376,0.875268991207209,0.616206022667993,-0.0139555073179727,0.322561508927961,0.160853810741408,-0.0825175569556404,0.632117206138703,0.106142550188872,0.0703952941404227
"LOC_Os05g11550","blue",0.722748379332905,-0.249551533773028,-0.368399765838293,-0.606648284073358,-0.820549575095,-0.905013215131983,-0.446379213664646,-0.351971061214723,0.0684173092265827,-0.146254317603776,-0.28992208369195,-0.516613414598061,0.395319782291213,0.568103313474213,0.916287328074652,0.777897487792667,0.381283104031577,0.357036963594404,0.145344470701899,0.154968432880263,0.599726459335848,0.147667183540091,0.138148894007499
"LOC_Os06g44890","turquoise",-0.722658719735861,0.361641243373713,0.309188327688649,0.468843529035867,0.54975419477171,0.807962325966334,0.433512243194757,0.177752112881045,0.120928657725153,0.36973858321135,0.393136053961922,0.373634232289996,-0.328777075922638,-0.472347837045946,-0.814579281002729,-0.653649690637186,-0.1731231889376,-0.217881347495136,-0.316893822173703,-0.198936192554254,-0.612989312555939,-0.254816978184452,0.0174123088519117
"LOC_Os03g20720","turquoise",-0.722611648886923,0.29522992659917,0.7532589998237,0.610062677363964,0.585834816012669,0.856648516116959,1.58941914281362e-05,-0.0106791237880442,-0.164975754619563,0.118600087225916,0.376454705784214,0.363443812148972,-0.405199111925437,-0.854159785337552,-0.660336038713809,-0.739358476692557,-0.0680393885805875,-0.408415277525572,0.112289037492058,0.0297401261937175,-0.687677294538616,-0.266745583744955,0.114310575720256
"LOC_Os02g57630","blue",0.722508730924956,-0.383390257894973,-0.269694111908132,-0.685631224694875,-0.810397193020838,-0.869682292803886,-0.533589921330477,-0.272206063340634,0.143992369640637,-0.180584844907152,-0.394868016336414,-0.520261061758468,0.514636890426084,0.497051046912363,0.914342606316164,0.64502939383806,0.30562834303512,0.454050519997894,0.153750657393729,0.0774073670896379,0.52887226104628,0.0938011824382684,0.191054554452535
"LOC_Os02g34460","blue",0.722498036421698,-0.122408938984617,-0.20450435154726,-0.53696264116645,-0.657104675615297,-0.826053292912508,-0.524331546880964,-0.282350357653769,0.00920840514199169,-0.39686356124296,-0.409232501504566,-0.651625573567658,0.276351212344926,0.384383968668134,0.920871117829078,0.580239046493405,0.302063494508658,0.460097883179738,0.417096668398931,0.292615175448809,0.670344062353849,0.279463345995068,0.00261040567291951
"LOC_Os09g31090","turquoise",-0.722478411034353,0.144682319842738,0.584787536420776,0.602972243166492,0.57841584804485,0.870339720483041,0.166370438657146,0.0352329166941055,-0.08247260746133,0.344670747478897,0.486064045521107,0.500099476170669,-0.349828356564601,-0.699302620606982,-0.792205104839527,-0.606728678074221,-0.047006672778441,-0.488592404306231,-0.137445634381818,-0.106545566416364,-0.74569586750008,-0.389932265477267,0.132956162471034
"LOC_Os02g39870","blue",0.722283763800128,-0.247181555573855,-0.465155176229048,-0.756047711933337,-0.757289568228847,-0.905197372348349,-0.35558416107923,-0.110671063705104,0.0620440880602889,-0.161720427477084,-0.298815455282873,-0.417699398131414,0.552666584042056,0.677310860685586,0.909307484228069,0.727030265248019,0.191473189171782,0.383839689088175,0.0499316131901033,-0.0435538669262022,0.559145683527631,0.0513693355899799,0.123628823310891
"LOC_Os04g53670","turquoise",-0.72224706178019,0.15528608627226,0.534690787924974,0.492427071313668,0.694807389608649,0.849280978538751,0.24362054184315,0.202221704207279,-0.124840705503189,-0.00501255350340264,0.256344731083303,0.394588902932165,-0.391233616079451,-0.688291303953384,-0.750501594511377,-0.808436128040226,-0.302207225794785,-0.323486452291447,0.0507563738261136,-0.0612167821652312,-0.547106884816276,-0.058850681433853,0.0107892933023367
"LOC_Os05g45660","blue",0.722167868161936,-0.219745088555506,-0.234784493984991,-0.617947707201454,-0.68506178952854,-0.84624053863036,-0.539970446218499,-0.221315165845478,-0.0166498780212542,-0.380775213489886,-0.382458940605209,-0.491104740975133,0.400173397978856,0.425371574707708,0.930880295442794,0.592638541445668,0.215618373146162,0.322784383928266,0.334417987643045,0.186856158129471,0.614923381086437,0.2457038747416,0.124754622636496
"LOC_Os06g49070","brown",0.722106885841523,-0.250399734040011,-0.697404530187997,-0.496968652704764,-0.615828369794172,-0.85787400063546,-0.0676504939307678,-0.109641947917081,-0.0256447664692372,-0.132160838611007,-0.394891921531761,-0.42886699095236,0.307300582005071,0.807715204138602,0.667177627436475,0.77381985517826,0.16784545612493,0.422352587875444,-0.0732363576614348,0.0440640005737029,0.674537410954944,0.212656990037248,-0.17380219484883
"LOC_Os07g12650","blue",0.722045369345061,-0.200849746315764,-0.192785441833836,-0.576011468932825,-0.730061764343609,-0.841024397056529,-0.542622677980296,-0.321570050722387,-0.0353234970480384,-0.339082576324213,-0.416003232288213,-0.591416905077814,0.356937862254439,0.38787281595663,0.948986275846908,0.603965758883159,0.305644894402836,0.385823995066267,0.370395493706414,0.272696442764029,0.647996607819512,0.297610830560906,0.0889084762371293
"LOC_Os03g48040","brown",0.721978436105144,-0.248828972115178,-0.812612933867648,-0.731396019343069,-0.516054884649047,-0.868639586881027,0.04527645790071,0.215681077755697,-0.00111070517263951,-0.178882973163013,-0.392782356231926,-0.248742978260953,0.530473637494386,0.936291530399207,0.690262760171828,0.702879657529951,-0.105905086027173,0.374731809903928,-0.140014453246038,-0.204151346754271,0.652869618891048,0.147652117393734,-0.148707794849768
"LOC_Os06g05660","blue",0.721864890899336,-0.353575368879994,-0.197160099197819,-0.596302555289822,-0.738736974083523,-0.846520322996495,-0.581158754321789,-0.312064520280359,-0.156108575583973,-0.3316251397968,-0.438801940706649,-0.517080335806637,0.419063268025034,0.405339295990268,0.928453405416525,0.590500513084276,0.257715658832905,0.341998976566586,0.317353719401715,0.191809558873341,0.583017840933358,0.222288436026107,0.119169784590558
"LOC_Os04g38620","blue",0.721799969974524,-0.168875044134918,-0.104173569230436,-0.538961201207177,-0.676130930020933,-0.825929740026999,-0.657626794115547,-0.334883352523391,-0.110556899094619,-0.413882960297723,-0.344352081896015,-0.613429574537276,0.331799668145621,0.313930199324471,0.956496130129781,0.582907015089399,0.321233751300561,0.353311519667394,0.48719683328074,0.297613924505641,0.626213098578613,0.218715730808696,0.0828505936239102
"LOC_Os07g38080","turquoise",-0.721553205982083,0.237192385917114,0.715751477475246,0.38492166320661,0.542619437173226,0.817757674154543,-0.0393638015138824,0.107451249719795,-0.060178612315948,0.153984642416054,0.454766765526887,0.383484940040725,-0.279077622522777,-0.77426653512432,-0.634273869916828,-0.765226024432664,-0.0858794680684532,-0.299271044446053,0.0259099473884472,-0.156022165840972,-0.772277965172725,-0.500232220021789,0.189325710242766
"LOC_Os03g14260","turquoise",-0.721493381751899,0.226151985230599,0.83620137521503,0.57573293270309,0.516043327340813,0.843146124048497,-0.117162595671011,-0.100799941000459,-0.0868010470583967,0.0918548664702984,0.437163286402177,0.322665866051491,-0.397593602039698,-0.917139464696894,-0.617026046186769,-0.717987318038042,-0.014827337764297,-0.433556842973983,0.172680873923097,0.0780791587254268,-0.687728305315512,-0.233562181748706,0.236287947566955
"LOC_Os07g06990","brown",0.721438887670299,-0.214989555376687,-0.693306540715739,-0.684083305502523,-0.573821805392022,-0.881204486158965,-0.0862118530505106,0.0817213068046202,-0.0452213389350697,-0.19143272080567,-0.293562102906057,-0.292295708431196,0.520826074096381,0.845891765595914,0.769017626153628,0.772804175709462,0.00474090158357851,0.297951891550263,-0.0276630855330057,-0.11071273009985,0.654259694469259,0.154762412812251,-0.0633496823883339
"LOC_Os05g19630","blue",0.721356827444439,-0.0896072512154153,-0.513903740653006,-0.497968101228634,-0.536530315493281,-0.862757579868016,-0.222893691530541,-0.128944059721551,-0.0305355846148796,-0.405198952523378,-0.352299036878118,-0.530527674762443,0.223326005536793,0.621262005737306,0.825449477649622,0.715374552685086,0.150830414902241,0.3438567322446,0.310328964121639,0.245614185225369,0.822595682933055,0.427171762823736,-0.154235747966086
"LOC_Os08g45040","blue",0.721235907621151,-0.0845501364785344,-0.25963852388448,-0.57042465428787,-0.694346332926956,-0.800456564439076,-0.443003725842396,-0.236178194609268,0.0985120150163808,-0.227770062916988,-0.372303675375771,-0.519225069436096,0.408832669633253,0.436238113429147,0.867883345589135,0.600452735505851,0.252652013533919,0.3767626621187,0.238089012158709,0.164901155533087,0.570600723400881,0.226210483050221,0.0673881351576216
"LOC_Os05g28750","blue",0.721226764006759,-0.165224302574173,-0.325268808731988,-0.59710554812145,-0.553412630467382,-0.856871065305559,-0.438536388312218,-0.106925196330515,-0.111471739011241,-0.522266263093905,-0.435315193154978,-0.552814831756695,0.313273990069115,0.480523549651099,0.914026072179196,0.564521578307433,0.122356471412392,0.404613261292984,0.438085126767248,0.219079688542726,0.734624729054547,0.301251848459679,-0.0819786400557639
"LOC_Os01g59920","blue",0.72121629132493,-0.373460469718468,-0.34345727017006,-0.73455540036956,-0.681065483447979,-0.88678682489717,-0.488976603986379,-0.092670467492382,-0.0580036260133335,-0.322712889153681,-0.306029034767475,-0.378172774034454,0.564719404225003,0.564220994991447,0.938409176316015,0.64939360291003,0.112721162462952,0.292335183019568,0.235213501229991,0.019307720336838,0.593773937608168,0.0946469458033012,0.147742464890601
"LOC_Os02g08364","black",0.720850021112089,0.125321005257564,-0.319344518077154,-0.14172498679488,-0.153656279059289,-0.617711648974009,-0.20647505053496,-0.0265661005555599,-0.270034025668006,-0.716507046963009,-0.596253258952251,-0.617365888989481,-0.0937998510680409,0.332384664323068,0.555772202041888,0.38912148625748,-0.00424365123514811,0.409692966361433,0.606364353582202,0.479448084894138,0.846751324215746,0.658674668500713,-0.523338176531956
"LOC_Os03g16470","brown",0.720590766734217,-0.253855341394191,-0.716229191398456,-0.725626160135512,-0.655745480184574,-0.915566740181144,-0.101107778463732,0.0259741678784219,0.0265674796912161,-0.126179366052547,-0.284459899139122,-0.281176289285811,0.546292498764478,0.865321734313731,0.795745232953808,0.794043300779024,0.0402902977855847,0.288650778177376,-0.0925484124280853,-0.121826352794169,0.65012016040273,0.125135473975481,0.00641323376570843
"LOC_Os07g07709","blue",0.720473002375089,-0.0707647926517892,-0.177149610528154,-0.524662420974015,-0.693292440886645,-0.826793524320305,-0.544904689913143,-0.331877855093349,-0.0148207729677141,-0.356621828820022,-0.405173844286946,-0.624235919876989,0.299965641991836,0.361817119990829,0.934029737075232,0.61948211236243,0.336271636036506,0.373481042764876,0.420342012000606,0.31012838566483,0.643860401015048,0.306077373473755,0.039241108761129
"LOC_Os03g18440","turquoise",-0.720379785962142,0.389551313852822,0.632436668536408,0.621656781268702,0.665367032264554,0.831407453084694,0.0709496967552214,0.0691664543315181,-0.0360888734950564,-0.00629510022943455,0.360541494540144,0.246042578260087,-0.569106880022723,-0.775878647468345,-0.70435799926578,-0.770424633227818,-0.108818986653557,-0.245241526986504,0.156939715515502,0.0960010167890868,-0.612830076829884,-0.225288845990167,-0.0406693276047294
"LOC_Os02g10500","turquoise",-0.720358617697317,0.506285124187744,0.310200968341053,0.590316643544223,0.78863291886063,0.84497315507446,0.489757866718109,0.320689795362232,0.0038065224755453,0.124123865806125,0.383432371578711,0.450244917759189,-0.440614825970008,-0.505927372680497,-0.832999778833918,-0.669688384815929,-0.314899480792674,-0.372025283383006,-0.113320335547943,-0.10490716424855,-0.525316780567761,-0.0818120420633403,-0.137082799531046
"LOC_Os03g41350","turquoise",-0.720308452900656,0.0710786237080315,0.643454268244293,0.287503321658413,0.581405465277419,0.824638419031131,0.0552323916926739,0.28056601115208,-0.0282759667109349,0.11333933252226,0.424405884179712,0.594079049347224,-0.11700935151117,-0.713330894331187,-0.646646816349963,-0.840120583119204,-0.342317019344986,-0.436364399415679,-0.0618945170825591,-0.303411622136227,-0.759523778446963,-0.390225797650902,0.317868760625217
"LOC_Os01g01060","blue",0.720121183748613,-0.149474460117719,-0.310437634749835,-0.634021147284173,-0.724794779460282,-0.877601552761534,-0.466915048669509,-0.244118846386684,0.00210645200275821,-0.319021686363951,-0.339585691782059,-0.543431052609245,0.392747501832101,0.49580394044966,0.950125467568716,0.652429404881366,0.253324474735617,0.369784535589794,0.286445519410007,0.178445556000132,0.647067098133816,0.230570557454201,0.0698216062210072
"LOC_Os01g68800","brown",0.720080468814535,-0.32334874743275,-0.673123202948618,-0.681396472646694,-0.694948128224718,-0.860219295029435,-0.0689670511336897,-0.0300882076661448,0.0873357825783629,0.0255542713240085,-0.415918673983737,-0.330788599353255,0.577879573968032,0.8356674761447,0.725523769658118,0.758182016754057,0.126714777122209,0.41529254532126,-0.204306585859961,-0.135847521928825,0.580864284272873,0.125299048170324,-0.0160387959663243
"LOC_Os04g16838","blue",0.720024013719352,-0.433876903125619,-0.265997068324294,-0.628291256108874,-0.810039418687304,-0.855134132355255,-0.55028499085337,-0.297803158391595,0.0232228201796515,-0.0951257546531529,-0.259492416326706,-0.415187487547759,0.533064915351975,0.500561600891154,0.894327770027649,0.738382041153373,0.330227388379284,0.28271569881474,0.132170353474015,0.0666464049752708,0.479672071559177,-0.00210145910545617,0.206081398897457
"LOC_Os08g17294","brown",0.719914918194059,-0.279274673447746,-0.720977516420557,-0.66816392825252,-0.57429535021312,-0.837815903063544,-0.0307840071141326,0.095351209556265,0.0630730849110181,-0.0808822893244379,-0.320249325016686,-0.238993022932979,0.488349630785345,0.855607834493835,0.667331166599914,0.752191674921004,0.018377775500477,0.299511588672209,-0.148172949659303,-0.145288353545402,0.594252291761562,0.125064757890253,-0.0543418311050209
"LOC_Os03g58430","blue",0.719732561235779,-0.116190224937236,-0.296207686216542,-0.621471489064529,-0.721445166052878,-0.857266314639522,-0.451436085870494,-0.242043271202786,0.0215684883881442,-0.272568373568567,-0.381073950808237,-0.55984551989206,0.409571817251648,0.487339722886286,0.928959460057232,0.659053197210776,0.280362393137009,0.391048806494432,0.276327169553662,0.186142299822573,0.629773072053716,0.231163038572591,0.0540204496217496
"LOC_Os02g13530","blue",0.719697204776588,-0.176906836170886,-0.20167525321538,-0.619733592395862,-0.760077259773037,-0.845323382082011,-0.54081708287169,-0.312190252365497,-0.0101738182494555,-0.289694731937915,-0.399956422299477,-0.577444988800575,0.407564446232996,0.408642947483916,0.948563351392823,0.608294106317715,0.309897781528562,0.396064602490576,0.320819593747215,0.212495713110566,0.605160085780798,0.245037378529974,0.115214470129292
"LOC_Os09g38440","blue",0.719690350468334,-0.448517439090594,-0.467814799519145,-0.689015801759175,-0.708301514211982,-0.875550987645301,-0.327589610885753,-0.144946543141092,-0.103810171395769,-0.180244037182296,-0.301727156864123,-0.331803455432252,0.520422955360718,0.653706238571027,0.843333093059203,0.70461480589133,0.138438478282349,0.271679140754034,0.0925654390333272,0.000346476837000093,0.623172008545125,0.133514259864127,0.11580491786634
"LOC_Os05g40212","blue",0.719636623541439,-0.302386587083622,-0.513428335330671,-0.724918652203222,-0.683142598661365,-0.864945994057999,-0.266651887696794,-0.0356902627095695,0.0429532453855258,-0.197979133011729,-0.483611079069851,-0.402461301666114,0.515190666905377,0.691818670260773,0.80475575691746,0.636261535598661,0.112570416866934,0.47505242135595,0.00441269660956533,-0.0505924009052028,0.564537390913598,0.147354219267239,0.00891111762880288
"LOC_Os01g08930","blue",0.719625399641658,-0.322264003431931,-0.43870694678241,-0.74872228494719,-0.697591065208323,-0.907768550886284,-0.401213949801671,-0.0762444812365558,0.00819414403798995,-0.263152771433871,-0.265564904004031,-0.360748835967002,0.54236954022089,0.645769649741956,0.926287462208795,0.716740472157506,0.130267934646231,0.286776092788935,0.148943340613918,-0.0205635207881711,0.5966009713428,0.0764156760258328,0.129853614568537
"LOC_Os08g39150","turquoise",-0.719582086711307,0.390202434480938,0.669830574236393,0.771241222322646,0.589270604545705,0.811403234625756,0.0173077186660432,-0.157333700912022,-0.0353140362187073,0.135243941113247,0.445038207607473,0.227160877138148,-0.643617154076178,-0.809346204734464,-0.698932866992556,-0.600230919314352,0.111166900399343,-0.380954656297754,0.132624893751801,0.196741195553232,-0.625640664999281,-0.243201921035124,0.001650199525879
"LOC_Os08g14620","turquoise",-0.719542805787687,0.309350493902773,0.664501486023863,0.546226380878911,0.526764706498969,0.876001801924514,0.101941257023873,0.0236143615923513,-0.00248225096512788,0.302196836607106,0.423749875531487,0.443585821773501,-0.326655739588113,-0.764711431133104,-0.744943271755853,-0.688674388556035,-0.0650311211765267,-0.422309999830799,-0.114920473758811,-0.117220055784584,-0.781537751535366,-0.32723220649978,0.217597323316152
"LOC_Os06g02580","blue",0.719359143822947,-0.395925254773789,-0.377769448043629,-0.722065811239862,-0.808454225987655,-0.879740256857748,-0.44303926583718,-0.19715620012867,0.031787509935048,-0.0563131990075205,-0.299615564582922,-0.386962542455749,0.593442330094369,0.621084085376568,0.885383264937755,0.750628046142389,0.28794211126768,0.37022932070407,0.0188657235460352,-0.0410005581225408,0.466195342058065,-0.0472115722235631,0.16912185398701
"LOC_Os09g21460","blue",0.719266457477604,-0.338893318171841,-0.351961187592026,-0.756547350571604,-0.685353274863381,-0.883024997290088,-0.478582684084505,-0.0815843319150504,-0.0661992972825252,-0.331398538345944,-0.267410469577653,-0.37389049191192,0.55953676917569,0.571262438246527,0.931117797269232,0.63985214201149,0.103303261919921,0.296970748600964,0.228196523893948,-0.00448425990256201,0.580818201658468,0.0819383375465735,0.154330760385745
"LOC_Os05g40260","brown",0.719255801508314,-0.222830986727616,-0.81694082580425,-0.581170405001083,-0.454373280039073,-0.823086652101256,0.0932751366568718,0.164389877518224,-0.0140880966983335,-0.135425971321556,-0.365876631732349,-0.251488054466589,0.397464240153328,0.911391592058817,0.602203321252447,0.75797066493874,-0.0306887722276803,0.332395876874031,-0.142399497572236,-0.134357227285612,0.658260282069664,0.177411780277751,-0.227978516385222
"LOC_Os01g26970","brown",0.719206089877305,-0.316454417479257,-0.670487433070806,-0.691332061733081,-0.4533284489521,-0.838884321115969,-0.11533800196889,0.221156633256917,-0.0920569600130312,-0.314037118993323,-0.371138808799175,-0.260029763868663,0.515654403593426,0.813820486442329,0.710753644945077,0.635452540538536,-0.13598353939513,0.348001948631056,0.0272602206213716,-0.160430473747104,0.61867855443687,0.110169358844313,-0.145867903532176
"LOC_Os08g14580","brown",0.718843118413365,-0.245539169623757,-0.684245332408027,-0.639800169435997,-0.633984265298568,-0.892884265116919,-0.111771975068661,-0.0306460411586258,0.12812222640927,-0.119384882796252,-0.33926610139741,-0.431707459116013,0.411615371540838,0.829143666654414,0.756074283449866,0.778261260397797,0.164053199205838,0.462026200716023,-0.0543958413536171,-0.0182391664800326,0.657804750258211,0.130864178930876,-0.103212413326521
"LOC_Os03g18840","blue",0.718718497233991,-0.195885073345766,-0.246971967959482,-0.576117889269882,-0.715926963300421,-0.875541679757261,-0.541966405447837,-0.31361363643674,-0.0294638037803229,-0.343044194570703,-0.354026931275906,-0.593604010403476,0.350852506427875,0.440689991083808,0.96180393415121,0.662572181448116,0.305002326571145,0.363690464652355,0.387565892266905,0.274486820633874,0.676392232821877,0.251413086865507,0.0560569955872269
"LOC_Os03g02320","turquoise",-0.718679887919736,0.345766395646395,0.437612850227611,0.688540543907807,0.861000165128813,0.877318571597092,0.372015330917014,0.267064452789684,-0.148285524617521,-0.0421740039541396,0.232341844828244,0.343580192925568,-0.5969827954575,-0.652266122136352,-0.841600613701868,-0.772279971632087,-0.294908862884177,-0.306181881227815,0.0961508322278914,0.0478085499963008,-0.485262073512855,-0.0181661335281627,-0.257354844119455
"LOC_Os03g17210","turquoise",-0.7186627437937,0.1104254348678,0.271666303091278,0.517076147572924,0.775412046698832,0.853699926426832,0.506317169292732,0.409758274057262,-0.0106922955038484,0.222992302280484,0.366938865477043,0.631564904973563,-0.275735978291409,-0.434296222630474,-0.869468600166268,-0.648594548640468,-0.407612895932216,-0.456431527903606,-0.256134546521839,-0.271385073123409,-0.616460609399714,-0.192273467498305,-0.0363625269410711
"LOC_Os04g56320","brown",0.718659855960025,-0.264173153102252,-0.815800930295751,-0.593399296598232,-0.432060905298123,-0.843593776669543,0.0710462472250006,0.179790404559294,-0.138322464191152,-0.22160754287298,-0.373492917838463,-0.238334411080379,0.422371004728878,0.906349935097013,0.636648012698782,0.758017198001349,-0.0846319394647941,0.282804541110612,-0.0658293225311596,-0.106967011004317,0.722261811114694,0.215822027013439,-0.240093806403162
"LOC_Os09g37520","turquoise",-0.718555224993239,0.0674025479859183,0.625593197590541,0.55000795347909,0.555023443901432,0.841733630954608,0.0929147222709839,0.0401027536726855,-0.0484889592785441,0.23467414607225,0.478254004691715,0.514694674403686,-0.293264635501989,-0.721611315509441,-0.723515574142646,-0.644520961159333,-0.14807009352956,-0.551522387125967,-0.0326001999443303,-0.0796184263922608,-0.70274005561167,-0.255567104054804,0.211618136046396
"LOC_Os02g51100","blue",0.718496692818176,-0.336429473194803,-0.272121902354088,-0.560198102392185,-0.735280536752082,-0.871738380948598,-0.562883344309149,-0.293838972423933,0.0258217103450853,-0.229210742565436,-0.357964092381951,-0.569794830947697,0.377522891035897,0.497566413854157,0.900172840270894,0.699620972559869,0.390426140286201,0.478087104495406,0.23284102567143,0.172648975027576,0.527357270282928,0.00717865838347882,0.0467998256684625
"LOC_Os02g56960","blue",0.71846882766966,-0.126878155873099,-0.240405754702032,-0.59990610154207,-0.695090595459755,-0.85857522185891,-0.519916997292247,-0.261022211630453,-0.0290367624515717,-0.364281826266956,-0.372015171278477,-0.580307234703864,0.37523193045467,0.433240657793406,0.955011041355731,0.61998475350583,0.271176359216346,0.382111825865058,0.367123221032035,0.231844825429816,0.655980709121907,0.251343911293624,0.0639760855427779
"LOC_Os06g50360","blue",0.718403327733381,-0.38095758671239,-0.456425500940732,-0.685276691610294,-0.616967580217952,-0.886594546012506,-0.375578390425882,-0.0445819175271572,-0.152538253608856,-0.361620395933511,-0.274745947207199,-0.348281951924195,0.492901188900737,0.639178158352546,0.882592623193872,0.682152856446176,0.0465305919934853,0.256072851294461,0.214729688071513,0.0243518720161277,0.666737292005565,0.130948251487112,0.0486735357041294
"LOC_Os07g33660","brown",0.718239771359227,-0.265809494078049,-0.670299810103249,-0.773154676370176,-0.670551055030834,-0.904106528027731,-0.129495724736713,0.0483284587401508,0.0285720714892254,-0.134840608130013,-0.310606502752446,-0.291097847580914,0.589989301280632,0.840197219516153,0.815257944379038,0.749228315659769,0.0292318483947343,0.3352249095293,-0.0857939732220922,-0.154473189581353,0.625265287374663,0.11502238064158,0.0413345598882875
"LOC_Os04g52940","turquoise",-0.718204537163076,0.136537120241012,0.506365165276998,0.62218209497246,0.743819649458671,0.895365295983222,0.298956893207805,0.211854539786974,-0.136915030355727,0.13253514807457,0.306405358964669,0.493597542489171,-0.398199428224177,-0.665439226614411,-0.847712461980046,-0.76304370571056,-0.30469542683978,-0.437414916877595,-0.0409921996189817,-0.096746960881958,-0.618810826038256,-0.114508952519878,-0.0139420336540339
"LOC_Os05g30810","blue",0.71806288402682,-0.226301372611899,-0.249509129043613,-0.631541593385158,-0.793369052615184,-0.838829884163703,-0.515110761185539,-0.340050028618246,-0.0371767433035987,-0.203154280253108,-0.241881031897068,-0.479062789752301,0.468522560711469,0.45897147657408,0.901734664856275,0.668966070890764,0.301195195386705,0.310241113552488,0.20120498406281,0.121719997894801,0.58084913913539,0.157550746952581,0.21928584009996
"LOC_Os06g10160","turquoise",-0.717928189459471,0.180298359859267,0.419159805368748,0.72294837970797,0.678289577073486,0.812817571956301,0.332293837243657,0.0828491374011421,0.125782739662313,0.218146075956869,0.458071943461235,0.537783316934759,-0.461475986108374,-0.602940236980567,-0.76247841688291,-0.516420370931589,-0.163727873278792,-0.621832252319507,-0.0578902841568593,0.0489691567328377,-0.540059497781715,-0.0368427172171456,0.0338949483228656
"LOC_Os05g44580","black",0.717759289365139,-0.0854663143335725,-0.443979901444906,-0.173133992590275,-0.232098347091824,-0.674012250731283,-0.163197857434541,-0.0666001945721586,-0.149793548124473,-0.628150353308819,-0.7329395310561,-0.713485248014458,-0.174999505856209,0.434452599093441,0.515353533129903,0.37666923355138,0.0982154887989867,0.68318694360457,0.429714847409554,0.445302061121339,0.820473931642421,0.52114252064794,-0.628714413568522
"LOC_Os07g12160","blue",0.717752805352244,-0.350251265140548,-0.46443687481098,-0.671906256662514,-0.641074634375099,-0.897959176764974,-0.364517387184999,-0.0751002925742723,-0.00801506977326974,-0.289326158283536,-0.268636634420195,-0.353862198443545,0.499002184710501,0.654710357539631,0.896670647635519,0.729891027581987,0.100729554860469,0.245686588271313,0.194226998805084,0.0467333906675591,0.657085456552518,0.156976343346412,0.0784152580648574
"LOC_Os03g04430","turquoise",-0.717698919862439,0.362326199643775,0.198936384565409,0.46075658625749,0.625027601195786,0.819393229563603,0.576541546711146,0.323153871342967,0.0671254602793042,0.446042409072361,0.536916645636425,0.689226966919332,-0.150943950805699,-0.35304146320307,-0.836602656376016,-0.52647767173983,-0.373545675089165,-0.59248604147244,-0.420663179172441,-0.359418623523545,-0.627741545193749,-0.200652124610373,0.12529059234231
"LOC_Os03g17000","turquoise",-0.717487487436583,0.196219935972097,0.719427767458975,0.634928270296499,0.505022323399688,0.88045380817002,0.0595966794244013,-0.107635165922192,-0.0366664967429823,0.314903761082579,0.409758521971773,0.358208381208388,-0.361500037146211,-0.810596122324829,-0.745639233979356,-0.669837820957484,0.0381530088600345,-0.366627133107229,-0.066771361394045,-0.00595858291614004,-0.725028777811585,-0.253803023506826,0.20252700189901
"LOC_Os02g48370","brown",0.71741623581052,-0.169851654987607,-0.707557482994518,-0.615590984714862,-0.469095060692187,-0.871847743177235,-0.0731103881285849,0.102626905001127,-0.00713594745702105,-0.340384697641276,-0.31799989771828,-0.344413499931384,0.381494877227582,0.812539920254468,0.743001382583959,0.726828492914416,-0.0303604923203268,0.306855751926555,0.109661475650019,0.0047093190029505,0.75637546972077,0.263098462132713,-0.177148900761042
"LOC_Os01g67134","blue",0.717125866278216,-0.0816539587110081,-0.289510758089765,-0.564729478454724,-0.65735293042361,-0.850909362904396,-0.450145612680373,-0.243014531422065,-0.0394384104434483,-0.361460279403815,-0.397819839550061,-0.603739749595858,0.313438639511325,0.461566233127055,0.924841511704354,0.63125820858171,0.270730239461899,0.407820808642138,0.364527124640822,0.249138773059719,0.687943873257351,0.285175354780956,-0.0216650532640815
"LOC_Os07g38480","turquoise",-0.716760778795311,0.295411568139727,0.739494262356937,0.647100703306718,0.565764630889483,0.887756133118557,0.0475044323104563,-0.0599085067400205,-0.0425847055408359,0.182702697008299,0.420859936223138,0.340702099799995,-0.440871755260539,-0.855982371862843,-0.738834401051136,-0.736888820195536,-0.0156934196370135,-0.389210881050687,0.056136321429542,0.0563031982400247,-0.691884704316789,-0.195996163660506,0.134772292496721
"LOC_Os01g62350","blue",0.716732650644409,-0.239145587426361,-0.19883607060118,-0.661990399224558,-0.742384025754645,-0.856071287550892,-0.571860023305278,-0.270204522307434,-0.0096026543768856,-0.313138368160211,-0.441468318202759,-0.583923881584948,0.439253627426876,0.415729739279017,0.951777680927207,0.58277763006385,0.289916428070743,0.44113938423939,0.333095423539606,0.181902159978631,0.604957388487187,0.194991778129842,0.117561194866436
"LOC_Os02g06720","turquoise",-0.716598578815307,0.274621603248641,0.530557900103279,0.468581292219114,0.616609079417419,0.873055688642301,0.258625595091014,0.186866052259154,-0.0098238404291139,0.23649846043142,0.368048358300379,0.397785175230904,-0.330916307456058,-0.662463699408111,-0.7981734094809,-0.765374438278625,-0.169454796151666,-0.255794694915146,-0.115649872394444,-0.151059744482379,-0.676559236879584,-0.280567094610411,0.0456026422710469
"LOC_Os07g18710","turquoise",-0.716546562416717,0.220002406914281,0.474358714360794,0.258475531630937,0.532286355172039,0.803731600557027,0.201596779233328,0.264691282845324,0.0710613987666109,0.280853584374921,0.478316614426489,0.569845142620423,-0.120456175758583,-0.561027266903682,-0.717405157170135,-0.73921143948205,-0.28558187180607,-0.340162084944358,-0.242422348611429,-0.367832367179726,-0.771014062613245,-0.476979994567779,0.235856982067387
"LOC_Os09g39700","blue",0.716491707411976,-0.358239727627253,-0.426078306049871,-0.615876961694966,-0.510830243268496,-0.837219029173097,-0.372234609310243,0.0341120948772275,-0.143339505747321,-0.409026118453941,-0.357415606799884,-0.359192789971293,0.426919534765088,0.592410811969145,0.824588310459731,0.594270204984266,0.0255065055648462,0.314964698544648,0.252120782033289,0.0530254302018992,0.628510037104898,0.148354199079129,-0.0566178974161973
"LOC_Os01g04650","turquoise",-0.716356739984198,0.30273636453092,0.560474634052608,0.515080604291841,0.548549819199149,0.886279883797916,0.218065094628165,0.1271427979248,0.11510676612021,0.36329231832502,0.386685826321699,0.481669812605419,-0.272240876147368,-0.681085418384619,-0.798801809029647,-0.745961900206643,-0.148119045086393,-0.321466794185811,-0.240045332809973,-0.189837328625289,-0.80919987233314,-0.358881759007767,0.138454573567311
"LOC_Os06g04150","brown",0.716299555076754,-0.265209736252176,-0.765875417137621,-0.778049763032301,-0.627908086112062,-0.854318991155468,0.01914201612264,0.15239086234272,0.0987826204304616,-0.033081188713023,-0.3737049566861,-0.236263919616276,0.624369661311882,0.910919649634597,0.698338616496757,0.697894481962457,-0.0547747490252008,0.387119396944559,-0.246005634378542,-0.261575010748986,0.571110374271132,0.0971243612984407,-0.0259259099495595
"LOC_Os01g50820","blue",0.716229582051708,-0.206719633466227,-0.262333688176349,-0.256052063993476,-0.712753873304474,-0.815928231698283,-0.444812767345076,-0.554809060349432,0.0611002387043433,-0.2172705604986,-0.389228261542678,-0.725705746361358,0.0889789389717243,0.38770316001587,0.807135163409896,0.7466939419685,0.534472878059822,0.411459229075862,0.355796013291024,0.541007979923878,0.757957294944944,0.467095406033239,-0.0850402767251258
"LOC_Os07g29820","turquoise",-0.716183124406922,0.568463327698175,0.31862022584544,0.61927290583074,0.694875261164186,0.82313345819764,0.465535143393983,0.191645645485583,0.113467529142675,0.195246636852113,0.387056443700796,0.335304566231314,-0.500898229682912,-0.522260030559879,-0.798429774685346,-0.650947225367459,-0.225975828339735,-0.306428116926918,-0.150202661873421,-0.0520542648672583,-0.517257275742002,-0.0597039633408581,-0.107649643468245
"LOC_Os04g50660","blue",0.716177962423601,-0.251314942512953,-0.203540862083937,-0.640919543208645,-0.633188215657952,-0.833122616739571,-0.564759991239528,-0.181221123631368,-0.0836944483581979,-0.471435284180208,-0.395105487363373,-0.542273490934571,0.372254206311798,0.394171102400398,0.927429425226441,0.526102685951589,0.159560847372004,0.36677764071953,0.431542085019392,0.187520410210623,0.643458621676887,0.248154565716088,0.0743127589623487
"LOC_Os02g35060","blue",0.71617096599221,-0.183820075609481,-0.101054145194249,-0.488887795686386,-0.702478879372188,-0.815120076461208,-0.6398792790794,-0.383435632807061,-0.0193703537270418,-0.351830045493336,-0.397121472946946,-0.631609705785407,0.312995721714129,0.304123801857691,0.93292645732503,0.595233788215036,0.36881103130529,0.366184536481785,0.471608430965444,0.344617641147674,0.614913276628014,0.254120440372102,0.0629600960034831
"LOC_Os01g61250","turquoise",-0.715853273934539,0.0983158625744201,0.638582508930209,0.418048253793256,0.503737003714561,0.8031966045179,0.054444074825177,0.0750991947960837,-0.108440019811003,0.203399147690804,0.468545580182413,0.545525179289933,-0.200424225121088,-0.711132107932287,-0.64968066806694,-0.663529781415227,-0.166801864045565,-0.525884964623499,-0.0759087625342565,-0.172283378628124,-0.743869616294532,-0.308922770484754,0.301228692169518
"LOC_Os03g14280","blue",0.715764243342272,-0.429000043497516,-0.403557344365508,-0.739835183526152,-0.672106521602659,-0.875416192968738,-0.414371995426282,-0.0445014367244988,-0.00512481481411944,-0.283163803693999,-0.342274075622952,-0.33905707757112,0.571664550328934,0.610365545863985,0.889308492039304,0.631927070435853,0.0555877004214714,0.285913051640157,0.166745825249885,-0.0250612445143597,0.583759341278748,0.107370256416038,0.13011014994899
"LOC_Os03g50450","blue",0.715602060498869,-0.271685973793753,-0.595845064517288,-0.5717172987368,-0.653764190877625,-0.897466338897709,-0.195398930090002,-0.161930891286445,0.0284882355664561,-0.192004200738737,-0.34523468160076,-0.415746931130137,0.398284598911873,0.731687748712354,0.803167625035144,0.834004519755393,0.197567384983449,0.273317761695103,0.0749645810431781,0.10690671224114,0.714698102628815,0.280573182398924,-0.0506405796716806
"LOC_Os07g42950","blue",0.715299490136641,-0.162258076158107,-0.322453227466024,-0.6303632632577,-0.694183298382869,-0.862015015724743,-0.423717955906552,-0.209182205772895,-0.00208722276077265,-0.319129970196849,-0.423518329377703,-0.556198845887077,0.390112536038599,0.500541555289107,0.927115293450973,0.631065909223359,0.23311559514189,0.400744423570573,0.293612913760938,0.185466594588856,0.661861496349657,0.278187921394786,0.0182154459921889
"LOC_Os01g16890","blue",0.715156064624184,-0.122011710933418,-0.297329682627668,-0.626903255432923,-0.743769672109388,-0.868553655075468,-0.459411964098949,-0.276225801248722,0.017926046837975,-0.265326962689785,-0.336192346287573,-0.552549973801234,0.409153652364786,0.492270778025264,0.941825310403139,0.674244828418471,0.288979021952745,0.367850604804623,0.28460521216618,0.190555072170478,0.648915525463614,0.237744458554987,0.0939059985609346
"LOC_Os05g49200","turquoise",-0.715110022055571,0.458361842356939,0.331876030774111,0.67913230555564,0.674403658753484,0.869561500478551,0.497481026528099,0.152405087058424,0.181953149551508,0.358484876816419,0.332653480608639,0.391135948774484,-0.457496639884972,-0.524381884508339,-0.896507366093054,-0.643026250480047,-0.136666421761965,-0.281274322250009,-0.290510418226214,-0.0979302926536099,-0.620147626236569,-0.116445228324402,-0.0745226678865863
"LOC_Os01g70980","turquoise",-0.715044063080655,0.246070571196259,0.651168805065953,0.649439865540596,0.49482161784273,0.833855054009475,0.108679508721391,-0.102612923837385,-0.00526506726613378,0.344042896203673,0.370054863243081,0.341787139806247,-0.40620874850934,-0.754609372534115,-0.712358959869073,-0.631219304083969,0.0878453293647823,-0.349988109675028,-0.0918721822527044,0.0213762158607152,-0.721597769419422,-0.289682043674613,0.131652521644384
"LOC_Os04g51480","blue",0.715012851759752,-0.171952596289122,-0.266806512605067,-0.523437462517078,-0.637134659980019,-0.866234689841817,-0.517805057313892,-0.273169953909643,-0.117437568257678,-0.426379958607546,-0.393630245536161,-0.613059710465076,0.265984912318065,0.441922978387746,0.933078072237254,0.647794006358878,0.30694300523218,0.408501434827737,0.421706964676529,0.294494096352781,0.686742225111292,0.218952506994019,-0.0526558572882074
"LOC_Os04g42270","blue",0.714980048305405,-0.166868473401845,-0.23206188980781,-0.607018421155246,-0.721468403741321,-0.856884972278207,-0.52185207752133,-0.283411941103379,-0.00418733086321727,-0.332662981003525,-0.393762016905935,-0.58166712729935,0.383766841059987,0.42583048052968,0.955116479461797,0.622089990143727,0.289691983834113,0.386592944552194,0.347429536504324,0.230198472280454,0.644316760595727,0.262949852576876,0.0827120165692185
"LOC_Os04g40180","blue",0.71477279007956,-0.407961690310961,-0.311782540154556,-0.547828755595937,-0.663081556495105,-0.856960272466667,-0.477568651104934,-0.23042626030229,-0.0217955906785542,-0.279023444884782,-0.415531135134917,-0.460650774399851,0.390669544387669,0.498099779928945,0.879334063246229,0.653591031875417,0.236834656044265,0.303774306476882,0.249387633056368,0.172915292367516,0.605730572334946,0.188412984342072,0.0536444424615603
"LOC_Os02g04500","blue",0.714732894802161,-0.302958600963598,-0.598829290424516,-0.721845133990455,-0.681117232000237,-0.912049835916993,-0.211077914798372,-0.0395691916541837,0.0258716444515809,-0.161461964702505,-0.274030470785623,-0.33146185177206,0.556294750355354,0.772102696768528,0.860744716879607,0.777085222186815,0.0931254062527941,0.279366725233765,0.0134361753312198,-0.0519732669485762,0.648458721366285,0.159472861752282,0.0554356589319982
"LOC_Os02g17920","brown",0.714726459349911,-0.266413746215039,-0.803528037917689,-0.635805375597845,-0.583142357879256,-0.839355783442899,0.0697320911121467,0.081312921242866,0.0388042194077163,-0.00526610628979833,-0.361886411106401,-0.260389155715518,0.498174008880299,0.932482457828499,0.624513182604541,0.791948217630029,0.0411927367500556,0.365024007385213,-0.247388330860559,-0.179984550728016,0.596894747827269,0.132299933363348,-0.12085422678213
"LOC_Os07g08770","blue",0.71471173368241,-0.379110583603529,-0.45395712453879,-0.806903607051851,-0.778316367806586,-0.889403084197569,-0.360499341277484,-0.0808746805106299,0.0648903204651014,-0.0953196985141861,-0.272012299253547,-0.308731687198773,0.664624793112212,0.682299760783105,0.892908281343097,0.71454190662616,0.135393252177242,0.312544686294624,-0.00931908606202448,-0.124718454674806,0.516770862002772,0.00956237315106727,0.211055712085364
"LOC_Os04g52450","turquoise",-0.714527532455027,0.273810197369737,0.540909469617446,0.6404685844846,0.748237002147096,0.837401206220828,0.184120472549981,0.162120253324291,-0.190103545408843,0.0841588146306913,0.483589012719814,0.499510581075743,-0.42435713478382,-0.671405225738628,-0.747608160545804,-0.60814108860343,-0.169151382655389,-0.530078440845998,0.0558401075868254,-0.0377111697884993,-0.620539122241036,-0.271299578595948,0.00503479078370234
"LOC_Os02g54650","turquoise",-0.714492408327076,0.289751257009142,0.654211560622909,0.693846804992932,0.555039456471063,0.820207984892131,0.111904863465308,-0.105419251499197,0.00493489882588494,0.158639518535121,0.274228229487064,0.212749050728466,-0.529933882433963,-0.802606760718561,-0.676622835526174,-0.683567323032227,0.0174805444701384,-0.33184625956922,0.0895645736993565,0.190135721882001,-0.54332639198939,-0.0193753768644045,0.0332316655681528
"LOC_Os02g11820","turquoise",-0.714238490450184,0.254293156402707,0.773326693174681,0.455974203230467,0.50344083409782,0.843727744976471,-0.0319689570888162,0.0127528860831499,-0.0156701758552601,0.182552569023178,0.345994809033863,0.33333035985133,-0.297036486213022,-0.842875810461775,-0.632786897855617,-0.789463790631176,-0.0399627884365943,-0.262335251107017,0.026036958461109,-0.0705141570171246,-0.75381176154707,-0.344873204682194,0.21432855399395
"LOC_Os08g37444","turquoise",-0.714121182517384,0.321869156098101,0.524028462702756,0.756698773380106,0.633923733092781,0.867747988983892,0.251145627110044,-0.00582814227314734,-0.0042766714274614,0.256300796365579,0.31655843898953,0.27465696309046,-0.571267230443584,-0.69556911068863,-0.839458660861854,-0.675445255226191,0.0081639866828887,-0.235274099965945,-0.0822524109486796,0.0885806541813818,-0.60791471557606,-0.178131399830938,-0.0791605430253524
"LOC_Os03g51984","blue",0.71393022940101,-0.292481268421529,-0.470355011196102,-0.629089767992507,-0.759042943942292,-0.874676694212633,-0.31459039723879,-0.225892103706626,0.0737636765091655,-0.0678805151025109,-0.354257921129051,-0.443779795003143,0.476213089606362,0.66792112839429,0.827226097708825,0.761387755170288,0.283843168498665,0.407648678700755,0.0184751980036891,0.033185119117001,0.56100579203808,0.0800607226498923,0.0484581579280786
"LOC_Os01g60040","turquoise",-0.713900783759807,0.359037562899091,0.684595556554557,0.615132783665836,0.707914406682725,0.849928291043984,0.0505763867796734,0.0844717311238171,-0.0968418859603387,-0.0582404963932158,0.336228107766292,0.227160547969725,-0.562864015277324,-0.82874715401085,-0.697699904458844,-0.797705676912994,-0.107819332867424,-0.249050124699861,0.226533988005114,0.103349507662856,-0.578544690919357,-0.202415007885003,-0.0616293836124088
"LOC_Os07g42300","blue",0.713874710700248,-0.169956129106276,-0.194806599765044,-0.57048288564117,-0.719366301312731,-0.846797616011558,-0.552647221476242,-0.322111004822271,-0.0401401495713541,-0.347221679917694,-0.42024195355467,-0.598185677033812,0.349232495037307,0.391615042404885,0.947226400306801,0.616878522875584,0.320105719215137,0.387809848718904,0.378212997547064,0.27122407563751,0.642931354936079,0.277913907355335,0.0771096512922503
"LOC_Os09g37710","turquoise",-0.713632348256511,0.255881915929215,0.404541574757224,0.84057491388395,0.64521679914422,0.817565105139524,0.332196418641177,-0.0698640640405292,0.0296771499199153,0.208969727547982,0.365303027934538,0.272478580260887,-0.671989917145161,-0.614192015205359,-0.835594446318836,-0.529156819151742,0.0188647776112765,-0.322782372102753,-0.0690650842756019,0.17015398528766,-0.527886471253741,-0.0664092840176026,-0.165155541189852
"LOC_Os04g35090","blue",0.713595421087338,-0.142158293510273,-0.216144294323298,-0.606624575192358,-0.699815181571914,-0.83985178117003,-0.524619917947699,-0.259204200492934,0.00114991444930773,-0.362428433166004,-0.400043261591584,-0.573624570056091,0.374600830263552,0.408800121474481,0.945875848512099,0.589841861554748,0.256336137871417,0.385980938205603,0.364619953666518,0.228847391548604,0.630132286224133,0.276019300753544,0.0804614534093989
"LOC_Os03g10060","blue",0.713542090428764,-0.406663984347315,-0.570271688822976,-0.799249825594864,-0.619032044915474,-0.875255466942945,-0.240668616027734,0.113115256295574,-0.0169546957026815,-0.195135334567895,-0.320334085126778,-0.235895968526199,0.642726640428904,0.768196932736176,0.820463073506408,0.668847573626091,-0.0219348675002076,0.308147555154104,-0.0176041744834908,-0.198187509091411,0.542216795428591,0.0118324971979213,0.0692606469970636
"LOC_Os02g29220","blue",0.713185901498839,-0.355144324799628,-0.506070115563785,-0.697012867882628,-0.737448960949902,-0.860696389847981,-0.264283578663754,-0.130717106786076,0.0937179527290316,-0.0619660360196113,-0.309153251126445,-0.333431885469328,0.568704327645438,0.698411069410263,0.807531007357039,0.765887567898448,0.154627882593295,0.274904582479965,-0.0115458027562702,-0.057436737398408,0.58028526079141,0.129702947457634,0.125100987101252
"LOC_Os01g02600","turquoise",-0.713005787574411,0.0905293334186774,0.764029232820294,0.59362256019491,0.587216206432871,0.83862794619598,-0.0436134082436866,-0.0147088976172968,-0.240473475991286,0.0751327592441088,0.395120875822436,0.370916806211612,-0.377541123654988,-0.839532005171564,-0.654384256390782,-0.705048385829045,-0.0643248541485217,-0.430965105383065,0.143120896994622,0.0421875418028208,-0.674529553601244,-0.258643586604332,0.151603029978521
"LOC_Os01g64720","blue",0.712910693938924,-0.373072836710898,-0.266497443441284,-0.626008498610849,-0.652519200427384,-0.789571270218012,-0.475126058496936,-0.180286625864062,-0.0921951551267998,-0.310106380580638,-0.399661641573546,-0.430706966367833,0.453397201210199,0.454061318621026,0.813133528312226,0.500679221419549,0.130502621387567,0.39278153804705,0.240719228690168,0.0644295247014952,0.59969303403326,0.169193089570478,0.144505597967883
"LOC_Os03g22350","blue",0.712885257026952,-0.322295953233783,-0.0558721136814629,-0.566197496499851,-0.811327819281143,-0.819641577673886,-0.697704730087048,-0.440985249419239,-0.0773261924366804,-0.256491289234805,-0.38840091534139,-0.604472785707714,0.40372702345047,0.288170416152665,0.954425590917039,0.585450259543047,0.417277261662602,0.391034999999549,0.386327223714402,0.277327180436624,0.552662336851062,0.167375375059607,0.180569970369227
"LOC_Os01g40750","blue",0.712754689221818,-0.0492660762335211,-0.191029261364947,-0.377387676407086,-0.567935973956703,-0.775951581215991,-0.466084255713049,-0.305994694135815,-0.0639092376383854,-0.400933793163068,-0.448211416155029,-0.641104530070254,0.159246506911345,0.33840143387366,0.849345305766855,0.60819533111365,0.334809965740346,0.359137550863694,0.470779809203819,0.40762180897646,0.696176480274936,0.421117074857931,-0.0924061080941893
"LOC_Os07g10420","turquoise",-0.712754170169442,0.241524863327963,0.713811730227144,0.760340192634123,0.714259876292608,0.869488974598405,0.0328719665729948,0.00339101202898252,-0.133613556685819,0.00638230691883052,0.34085505712042,0.33650963128693,-0.569200680738161,-0.859730302910433,-0.733433813892565,-0.723136847815774,-0.069722381252259,-0.417781142189315,0.198753722147583,0.15354424899251,-0.627592287489151,-0.164681437530393,-0.0182184533356631
"LOC_Os01g32130","blue",0.712432674529772,-0.211174328996844,-0.313686709444441,-0.550919915379881,-0.627063724889578,-0.84933667010318,-0.444975190651434,-0.226510278384817,-0.0778732644664163,-0.39025871339652,-0.419468048250491,-0.560401085623275,0.329406997905254,0.471740022662338,0.893987023656995,0.634539441590964,0.227373842934731,0.371646415434692,0.353168035979791,0.231707176550162,0.699187325574569,0.281299568067083,-0.0236914586412455
"LOC_Os01g59990","blue",0.712418366193223,-0.0936147575150073,-0.23695015838809,-0.561543429930341,-0.687708141317944,-0.844373569716597,-0.498690851708135,-0.282271969799911,0.0292416536465284,-0.351407608569355,-0.391171691912899,-0.618566763651715,0.318196936789423,0.416923223353155,0.938135636737844,0.622587868788872,0.303306908243221,0.399284323551371,0.381518431775405,0.278405591521462,0.667095738868899,0.299826610521462,0.0305980966236757
"LOC_Os02g18550","blue",0.712413713620888,-0.206344635827285,-0.286222210227018,-0.675808736596118,-0.71767704118854,-0.860667729897679,-0.468993529177002,-0.205479366042926,0.0272234011853988,-0.292840887544445,-0.354949790215398,-0.500684774807646,0.466959682084583,0.486983010214022,0.948008049326816,0.622812050318109,0.21662294487728,0.350744078583998,0.276959338486945,0.125424414422005,0.630490149417409,0.229437378351386,0.134191933962397
"LOC_Os06g16980","blue",0.712351252599335,-0.31980244595451,-0.340532146952834,-0.71300594055891,-0.716926359098328,-0.894392180804102,-0.510588546846487,-0.161790672289677,-0.0110183565636859,-0.305944379187197,-0.266239032979157,-0.455987530396249,0.46366708002918,0.552991632270358,0.939025465020202,0.662373322381595,0.210381811263728,0.370276083030977,0.226185379695357,0.0544224541696198,0.583520170549354,0.0260925271662338,0.129149140404883
"LOC_Os01g01670","blue",0.712330993923837,-0.298740661369933,-0.121881235628791,-0.625313438365386,-0.771045827984321,-0.821698460654507,-0.629455635324614,-0.333630884488217,-0.0468630715807695,-0.304594882511002,-0.444429556873607,-0.551822593406674,0.435957834978692,0.336690899020008,0.938023967916917,0.524505759126336,0.292841853696514,0.413718029051711,0.324312915949424,0.19753244768137,0.546107824956591,0.176858315935124,0.174600145558798
"LOC_Os04g25560","blue",0.712184424884314,-0.546316910334031,-0.380322730681306,-0.746900358635405,-0.688823491278367,-0.867448209889033,-0.43497436308324,-0.0698829700380993,-0.0912855159720857,-0.219714664129628,-0.331534832159277,-0.301715671185945,0.627577639072813,0.605408740668046,0.886023023586042,0.656342986322807,0.0973257172993696,0.274492029816008,0.136657841673891,-0.053040784900634,0.554513465852911,0.040182561753886,0.156986121559465
"LOC_Os02g01560","blue",0.712161837499347,-0.124882916874289,-0.297283932593248,-0.604236633887566,-0.690910066836413,-0.861156387560914,-0.451489703834894,-0.23857479234709,-0.0277272668935784,-0.349092695057601,-0.388023051051612,-0.570580684150346,0.361416585897008,0.474693059981379,0.93941103006053,0.632138712951166,0.24711361308482,0.379997342235497,0.325756275777696,0.213581890160145,0.669471108811728,0.291009669560004,0.0328062602017925
"LOC_Os05g23850","blue",0.712034292931888,-0.0384764682382129,-0.0791756063053421,-0.282832056392028,-0.561183593002754,-0.748396504220816,-0.569405605630446,-0.413594272906746,-0.145871476020199,-0.500452346456465,-0.492780501093634,-0.743753609339062,0.0597022003634227,0.214523785738574,0.844890685635621,0.528862678979737,0.383770459452381,0.436724851672823,0.622166925019518,0.556580388844629,0.715462137610197,0.46764393773662,-0.172852664353559
"LOC_Os03g11010","red",0.712027257349033,-0.232738411809709,-0.259294286345271,-0.285445808962922,-0.633016835177245,-0.782305412301043,-0.444869676107671,-0.412779761872844,0.0116341676594668,-0.167811579544661,-0.288567667491726,-0.511263670355596,0.220407340422504,0.42455831136249,0.776083114239963,0.823469966023631,0.461578132716167,0.22417835686009,0.28841311318129,0.358573303444031,0.628758274644601,0.249903582624312,0.00350481429249836
"LOC_Os06g05390","brown",0.711666814880809,-0.232000116315957,-0.829492652335623,-0.633891781928908,-0.365694346017279,-0.776091470441681,0.131326732781067,0.320235171882881,-0.0617676049858357,-0.222037254693027,-0.479993169329469,-0.236196376524466,0.44108672423215,0.919402195913216,0.538559064499732,0.585309470938276,-0.200103064073125,0.445848253284655,-0.148998865004941,-0.217963073992604,0.638835745847238,0.171649382926306,-0.287977618608237
"LOC_Os05g48450","blue",0.711544312247402,-0.105958255402102,-0.348188789168665,-0.524900767727785,-0.60154494318956,-0.844796366533169,-0.412502905199989,-0.192468359168797,-0.0611893065565704,-0.37722011978519,-0.488827016308422,-0.678853129357948,0.238285720336949,0.510125310826847,0.849210249371887,0.621057301793309,0.294841857078604,0.560031267847928,0.334319568130492,0.247588217079616,0.673827515211923,0.193903639078561,-0.176624950963985
"LOC_Os03g06510","turquoise",-0.711500870508263,0.236417255501691,0.260041854572343,0.53924919374929,0.569561677245623,0.804114546543676,0.485234513670791,0.154309565540193,0.12267618747649,0.445878159461679,0.535686438222502,0.566186051296649,-0.301165579809805,-0.427104894135088,-0.827131681074253,-0.502616422465292,-0.174233868874016,-0.48410238913787,-0.363675107691191,-0.182715520701628,-0.611508289441012,-0.207799334977488,0.0870193889322264
"LOC_Os02g26370","turquoise",-0.711180848871394,0.152978334214164,0.258965753417643,0.647946532845249,0.578255466799994,0.803826079840851,0.505505068767096,0.092093141735996,0.0247906741021694,0.447844869517201,0.456494649332829,0.652082044413751,-0.30114963070916,-0.435492981470361,-0.836976991884414,-0.435812177000061,-0.191093356900173,-0.641161471220498,-0.356510881251853,-0.139296093022306,-0.601174361502345,-0.0847909669531253,0.0837274854743917
"LOC_Os01g22490","blue",0.711087088129355,-0.0741209092790166,-0.301699769129329,-0.5809532984978,-0.670100262656001,-0.854688279898906,-0.438567479875249,-0.234676326813661,-0.0199000188335611,-0.360159670075359,-0.370302177783744,-0.560204578787241,0.343960157549193,0.469437045395479,0.930541651666455,0.641363173580926,0.24115796436527,0.348369196502744,0.342173652608396,0.23615489745797,0.685302685708944,0.314509775892961,0.0240839547593499
"LOC_Os01g44210","blue",0.710980147541449,-0.429355608010709,-0.491166815477049,-0.713356199840017,-0.782303840203362,-0.875209920317587,-0.302574077696329,-0.138098406348188,0.098923308780058,0.0301963059328826,-0.260014751146648,-0.271937168033254,0.636853837645604,0.71916830007703,0.825572933079264,0.817988946498663,0.240515741866061,0.262890573304149,-0.101584689869535,-0.112889993393379,0.490128492217544,0.0137865364969733,0.210158245382937
"LOC_Os07g39070","brown",0.710932409067701,-0.289671362917005,-0.646291878031148,-0.675406166831819,-0.692701938654072,-0.902683821493764,-0.166154897352464,-0.0685348341118327,0.0892642329344956,-0.0770150984829475,-0.281778062579397,-0.319360444324014,0.500481370986728,0.806865839870753,0.792922401320358,0.802243945053169,0.164456266827986,0.339652469398583,-0.0929239140903747,-0.0757676653394295,0.601588414196617,0.0673893468960686,0.0316339141611101
"LOC_Os03g51910","black",0.710911373484971,0.0132826752459421,-0.552515429556034,-0.394828600819972,-0.363493893703295,-0.735367806500954,-0.0623931864717539,-0.020172972039435,-0.174985475576063,-0.485102358410216,-0.474495574878189,-0.510177028838242,0.123051896674322,0.58764141387825,0.617803835791318,0.499986885337434,-0.0392540507604041,0.396560265052782,0.297994492945939,0.249528641040889,0.87487861213009,0.589846744248367,-0.306537755239799
"LOC_Os07g13530","turquoise",-0.710543194054403,0.346366883130812,0.541783418463026,0.670585806912153,0.753413640434881,0.892990901011317,0.26727563980485,0.156222871998912,-0.155297304069651,0.0665028807139459,0.228454745740969,0.358142803114083,-0.513408034583626,-0.722356856264342,-0.834677564035301,-0.786504137634034,-0.205154615924605,-0.306187538105179,0.0256453607053296,0.0162815456816672,-0.595065390836734,-0.107155112616972,-0.126944630348651
"LOC_Os01g58390","blue",0.710300046378548,-0.352075352572764,-0.56335562208829,-0.763066061524167,-0.76822989115244,-0.868400808926171,-0.202239958148764,-0.086253562505546,0.100430230473694,-0.0268245068481104,-0.322044682563622,-0.337956504093744,0.602362911085735,0.754587005727487,0.809680463332978,0.736761983425036,0.131474467919539,0.370097417560212,-0.114045630210847,-0.120933025175205,0.565516146930833,0.115481350886576,0.131265130688079
"LOC_Os04g43140","blue",0.710223034802092,-0.321009042922165,-0.0714797334751943,-0.526395872356064,-0.646302851830375,-0.791125117276574,-0.673406898105713,-0.307832046296648,-0.111268898905814,-0.436667322141118,-0.485198107568054,-0.614006401027325,0.307114221244933,0.271514338445343,0.903373226382857,0.488133042641745,0.31152202487543,0.457600471941843,0.479731782906513,0.299916379499324,0.571992257163733,0.186414523443911,0.0176293609927813
"LOC_Os01g67250","turquoise",-0.710161692872915,0.263991208599642,0.63028036909063,0.657629135010221,0.607900487004046,0.827461413439312,0.0652319311995812,-0.0241796093049478,0.014703301121582,0.0815538924937638,0.471414462821667,0.380810117595808,-0.545641422213805,-0.792134055142136,-0.713964058733984,-0.686497822822273,-0.0963273585422743,-0.488501657467385,0.0970563776525219,0.0937782563398804,-0.610225311148376,-0.160342198682217,0.0946463921072583
"LOC_Os05g18604","turquoise",-0.710048528530806,0.140969041160395,0.625194016336752,0.492045068764692,0.681927361978091,0.839456998599751,0.0767596642845294,0.247123124694871,-0.0679851426898938,0.107678191763628,0.452548539486572,0.568506577907225,-0.222632549423817,-0.703712734539485,-0.693027344459483,-0.724455447661616,-0.266413575956079,-0.493995492187471,0.00641428831255442,-0.173994675557406,-0.743062895303934,-0.355764202617424,0.163845169777769
"LOC_Os02g33140","blue",0.709864348510679,-0.0998076740476702,-0.396017735547604,-0.526244544238785,-0.617024227300413,-0.839525494193727,-0.303275496591042,-0.197431042362966,0.0473007699979474,-0.33328089576183,-0.496797157186449,-0.563336148172243,0.286576398873878,0.530541758342103,0.855249017706531,0.627638483661899,0.203249730738311,0.408251907709171,0.294819480527253,0.258776356605043,0.722704692548207,0.415920641588482,-0.0971607655864513
"LOC_Os05g43850","turquoise",-0.709677792098738,0.0747682793250773,0.283607044291588,0.363055939710509,0.556868640410133,0.819644430659383,0.478738674452828,0.280789295753246,-0.110436287236331,0.425286861037132,0.34634679968427,0.669526085026072,-0.0965811917473232,-0.419121236261049,-0.835848449115492,-0.659477117430617,-0.34334695285195,-0.440270063168721,-0.434302080595253,-0.387422941041751,-0.661952247949318,-0.266890644472042,0.152429724013586
"LOC_Os01g37820","blue",0.709658508019522,-0.346643362409243,-0.271190166487362,-0.616218002478771,-0.699989657102606,-0.865257632680675,-0.562751845735043,-0.2124602395214,-0.0676518846681254,-0.258757929205268,-0.277553934551852,-0.458900192310524,0.445516332377688,0.50946975553778,0.912207210300466,0.714952243452552,0.316560443680666,0.360307481070885,0.243546010033828,0.0968540527606724,0.512577989077011,-0.0402204951365705,0.101811085140924
"LOC_Os02g37420","turquoise",-0.709613555412875,0.181751711431192,0.659358121258749,0.761058564897158,0.705964733925163,0.887843558032956,0.118011138495728,0.0207152825754744,-0.0972462297833441,0.102998725784959,0.302522796204324,0.371200211937396,-0.538727564965577,-0.813375116562274,-0.790297935904117,-0.720808216610911,-0.0904318817493344,-0.405590935188927,0.0976969591938631,0.112263460205064,-0.635904375516489,-0.149430018814064,-0.0339406997520337
"LOC_Os01g49330","brown",0.709610439186527,-0.28004252480856,-0.686761627646331,-0.5651768893664,-0.596178033444302,-0.879262459394249,-0.0823289726054971,-0.0538354841149448,0.0285268777282009,-0.125161598930292,-0.218859771653545,-0.269501938746717,0.430658500997757,0.811841259431237,0.758737453387209,0.875589648253558,0.0998412538686179,0.132899270854227,-0.00146469877196383,0.020430064549781,0.695592247279795,0.242426428972793,-0.0392664407642972
"LOC_Os06g41384","blue",0.709535623288061,-0.254396977486826,-0.189770813898107,-0.660444209837829,-0.77101958168204,-0.815545081654194,-0.565201248353656,-0.295331240852979,-0.0590016560576101,-0.254358459664454,-0.371345194217243,-0.551791783563692,0.434798896835019,0.400170386189115,0.902053109682701,0.558268224489286,0.282813934817544,0.451186059109928,0.252490944469695,0.134220775262269,0.546189557194246,0.0999044647890298,0.154149622369465
"LOC_Os06g34690","blue",0.709523593754517,-0.0606216259486805,-0.0735462811166962,-0.42232968349457,-0.533571382805807,-0.730690677106778,-0.594006974192832,-0.283378038737154,-0.114535138153784,-0.543043893106723,-0.561867038838887,-0.753833901535527,0.103321159561134,0.2275891941785,0.824566113811121,0.413883639534026,0.311988002693723,0.601702376645821,0.576611376675376,0.416174939691445,0.641724438413614,0.318152006381266,-0.169332799878606
"LOC_Os01g50930","blue",0.709489538301455,-0.337809061551216,-0.637432263455582,-0.661851686961181,-0.616655384061296,-0.905526677897456,-0.187386478712802,-0.0179744273569052,-0.0939392185804659,-0.230173578570075,-0.259216341950775,-0.294514677188909,0.471756499135964,0.795748650646589,0.814352656811658,0.800465979376158,0.0728799690714211,0.249403072496884,0.0314856851912846,-0.0309037342358365,0.671872106928387,0.151500989396169,-0.00521666217474107
"LOC_Os09g38670","blue",0.709265522412207,-0.360457621150877,-0.00056497970481465,-0.499000651960785,-0.86427250075496,-0.737035713738403,-0.686623507967742,-0.541576791517713,-0.0710032709529571,-0.048666795720663,-0.406062434087358,-0.6134568566206,0.443017017096723,0.244920234028836,0.825462660876452,0.55844048398819,0.516037935769115,0.461739083363846,0.227794927582629,0.248925188764204,0.434795267031784,0.105308272972448,0.226720414867554
"LOC_Os07g45194","turquoise",-0.708985329124957,0.341539952007493,0.21130796830431,0.559087505440718,0.732088202848918,0.828268771545316,0.543630600464544,0.313942325119016,-0.0310648308877631,0.20666324515946,0.288750873355046,0.473451558016645,-0.455950255717258,-0.421990718063773,-0.895724074242868,-0.684568264503495,-0.339196036390062,-0.285907582344646,-0.299690143330953,-0.213192614503505,-0.567567152450668,-0.161778774828847,-0.161078786568096
"LOC_Os06g11180","blue",0.70891443938772,-0.364387015673992,-0.166783686690826,-0.584651102777124,-0.727699811890235,-0.788246774519019,-0.632393572556528,-0.290815293213304,-0.101579959251391,-0.170759089583414,-0.303102568352739,-0.403095225563894,0.457101327751378,0.393249308095389,0.819819964803104,0.596980618478314,0.325887055447688,0.344286284998213,0.177130072760241,0.0692385401326232,0.417777600640219,-0.114905213525839,0.190466708349959
"LOC_Os09g26004","blue",0.708685687969708,-0.262347366285454,-0.231741972782072,-0.531387549188662,-0.586101912317735,-0.830065417471033,-0.537064347755868,-0.234199633947521,-0.240223579908994,-0.500103761667893,-0.342804639038004,-0.54458865221704,0.256595894932158,0.394140424972457,0.9048441853049,0.598957065922944,0.212793484309979,0.30652361560079,0.499790011457193,0.284871106606029,0.71424852243813,0.25073621970725,-0.0445438897843851
"LOC_Os05g16660","blue",0.70868041868539,-0.0782432676049019,-0.435238412100501,-0.556062600553241,-0.648235744605545,-0.835273929911206,-0.258303177139743,-0.176157653192783,0.118909832667462,-0.23359641124942,-0.43110227851559,-0.551655077364192,0.326016991784077,0.572735922704836,0.833724948133439,0.661488304420331,0.238902382184261,0.429606961059907,0.191209391512724,0.178293528582452,0.690022821644782,0.32193529126443,-0.0635262934242797
"LOC_Os05g04770","blue",0.708583850200565,-0.257313234802826,-0.0997907092406127,-0.431244547724511,-0.73399326767641,-0.790867348117067,-0.66470808865356,-0.434257561971942,0.0171161606012762,-0.227969746585742,-0.311519127397441,-0.597253173952801,0.301669428443552,0.307003951573999,0.874293691995988,0.624361180141348,0.432490021408328,0.391954155307049,0.354305807682656,0.314176642528357,0.540808671542722,0.127833025684478,0.123249022728428
"LOC_Os03g10930","blue",0.708572294093231,-0.362286408232011,-0.177250973359885,-0.606448971588688,-0.849061215708793,-0.838420104634142,-0.584347942163678,-0.411455581032412,0.0116200043477946,-0.142537961409947,-0.305392321848124,-0.476770658611883,0.504773450711506,0.40708839535515,0.928520224003061,0.649797057730796,0.358342149117108,0.300736287938707,0.206111083163839,0.16461631340603,0.530087876740872,0.171937296181911,0.277782651195766
"LOC_Os08g44480","blue",0.708553718623265,-0.053265878723517,-0.340724786996789,-0.60640022018125,-0.657783738512761,-0.835173873548651,-0.366188200067918,-0.183997062400821,0.0401516331091797,-0.310164358990246,-0.400677085424979,-0.557173936965974,0.371049580362682,0.507472399095706,0.893139392739425,0.625160249611672,0.216063003842177,0.404868130966834,0.279083524145547,0.178533962926315,0.66890569541333,0.31342486464295,-0.00280444234611321
"LOC_Os03g03390","blue",0.708376046135972,-0.254606940675438,-0.244747443462286,-0.680239848654042,-0.61593467751073,-0.837154815573996,-0.52086971215803,-0.11844067736467,-0.119335121024048,-0.489172327384943,-0.470265651981081,-0.557470099878624,0.391994099925077,0.433970070080222,0.924063176275773,0.469802260355041,0.11756668980649,0.483341445024937,0.392944917080403,0.147980909892613,0.660749124628008,0.235544127156643,0.0215609369940633
"LOC_Os02g38170","brown",0.708374363805616,-0.199539095376746,-0.727948307992804,-0.590128868800541,-0.432386332452579,-0.791003630565974,0.00944472153991685,0.198760793499068,0.104366868800128,-0.241411217196699,-0.512196935441704,-0.337117115648626,0.376420780045544,0.812040728957027,0.590641812028406,0.569826611029958,-0.0610471772610893,0.527513195300324,-0.0818231777911968,-0.0978824048416097,0.612802756663845,0.180628377752693,-0.260313900369476
"LOC_Os01g49120","brown",0.708043256568555,-0.342986582163991,-0.682351196356993,-0.700096924740767,-0.641631311704936,-0.891915095563332,-0.117358907301173,0.0095814934147189,0.0369585556057168,-0.130239013468098,-0.293568438236939,-0.319474585719888,0.529648909348666,0.838360619567626,0.775957736842313,0.790117316475362,0.0772764581499582,0.327900023435952,-0.0800144878913489,-0.116663424777371,0.636295824255648,0.115883310198102,-0.00418892102034843
"LOC_Os04g47130","brown",0.707924883097315,-0.181905129992933,-0.852215573416214,-0.578870153606717,-0.413752423794979,-0.762926981650275,0.210284932341649,0.234216155869644,0.0473669931058312,-0.155861750323818,-0.456239002929395,-0.213751807053694,0.43267440716284,0.895318166184417,0.529630190622277,0.622444322478938,-0.207695649380553,0.329950446134214,-0.195415426276052,-0.161217541546834,0.682790244461899,0.336343285715273,-0.259625195532625
"LOC_Os03g56800","blue",0.707912138700628,-0.341568629055702,-0.398706931473486,-0.780013541973748,-0.685995055243109,-0.83375563933434,-0.359971684390517,-0.00875655491491275,-0.0197240865073664,-0.17352953540213,-0.319186870170174,-0.277432941802197,0.644604811494918,0.624882592208797,0.863497055000661,0.630452784778693,0.0600075242106899,0.280616592857353,0.0589882337603053,-0.119622181553081,0.4988937995528,0.0652889009465397,0.173681601708587
"LOC_Os03g02420","blue",0.707871204315676,-0.18523310120657,-0.415981885235244,-0.698929919778697,-0.730997016341282,-0.84844217086513,-0.316732443210757,-0.155485013996591,0.0965617942207649,-0.217098449897421,-0.453303023509825,-0.55517298931968,0.451165626569672,0.586093142418193,0.85180707701522,0.562057431797982,0.179914340101507,0.552194869023875,0.103823769222248,0.0556295365192348,0.629440322995472,0.237331379252554,0.0367831260590947
"LOC_Os05g11710","blue",0.707834410518637,-0.116891531414235,-0.217416196306913,-0.567883189270912,-0.649353435352266,-0.832288742195619,-0.512693497411562,-0.2529328070049,-0.0393496097765255,-0.423908195607001,-0.43899890707943,-0.632382550716422,0.302690281914509,0.393136272349317,0.933300939138826,0.560951256984666,0.256119453182753,0.433819707992835,0.427696829034282,0.278945326678443,0.681869265010965,0.320313821565448,-0.00492949059529561
"LOC_Os04g54420","blue",0.707662077685014,-0.184200152141776,-0.299485249952277,-0.671506013077846,-0.581722694460635,-0.789736399429401,-0.433456401543428,-0.0535419553592562,-0.00363524034724138,-0.407924174915938,-0.412559098935663,-0.505858819495762,0.393442908663089,0.462201978597388,0.826626967289175,0.459762744918873,0.0815300625657123,0.460334212914295,0.292912491855999,0.0724832731080824,0.595831448354782,0.176910996263215,-0.00357877946425082
"LOC_Os06g08320","blue",0.70736697564041,-0.161803534862897,-0.312333492020308,-0.645306588661068,-0.67323482783093,-0.855289926928185,-0.442868816184014,-0.180956317151228,-0.0634005051399903,-0.360751652972634,-0.407437506449627,-0.535885659009655,0.409613006606392,0.493451887201729,0.924176692143933,0.573952629922585,0.185040592128895,0.418072973202127,0.293729911044109,0.154663497373039,0.657894872732413,0.238229434867195,0.0343327485872925
"LOC_Os09g31498","blue",0.707211726335429,-0.304466307879945,0.0122634758254268,-0.419020328543918,-0.547014639198549,-0.706976556616366,-0.68730810922475,-0.271567501561844,-0.276979108822494,-0.423916385267688,-0.419956509324914,-0.539599395005023,0.316464096115223,0.217229171773292,0.825725380456792,0.500213593173542,0.28830558264294,0.334122096815255,0.553761726485285,0.3098533662886,0.540924423700317,0.189740953231196,0.0170227366958957
"LOC_Os05g20050","turquoise",-0.707135814854089,0.342596761369989,0.606657655192505,0.575983308495674,0.442339991491531,0.806659934897221,0.136596576811431,-0.104532515646447,0.102069263499636,0.276201970345769,0.380093534176251,0.254313413840923,-0.396007026222786,-0.719231918531901,-0.6740554978189,-0.641289427908834,0.0223804270863549,-0.282951404829573,-0.0820424747659884,0.0507890429208178,-0.637227479467149,-0.107568468716845,0.155810154851979
"LOC_Os02g29400","blue",0.707033505945316,-0.0748737570068382,-0.308978662049645,-0.457970369887929,-0.561870748969457,-0.81289589807659,-0.399532323470157,-0.21529691364109,-0.0340505896349093,-0.436476824099039,-0.415398788312999,-0.566143927330799,0.257187829158142,0.441792887826221,0.858446072105355,0.585382577218555,0.172065402226868,0.345847701340788,0.404631572913355,0.312200232740601,0.742979044454293,0.435911337350867,-0.0738428277977149
"LOC_Os02g40514","blue",0.7070086302643,-0.239140208156549,-0.198225160462018,-0.627714592048586,-0.740072225642083,-0.843800104760854,-0.570001658612673,-0.275630776570412,-0.0263134001411586,-0.295493242925595,-0.34285659005719,-0.508694577322125,0.44776617053967,0.40783910885979,0.954094681532711,0.593125077284803,0.263606438342638,0.341775589179466,0.31391323390923,0.177800450881689,0.579576044536266,0.16680171900091,0.15479952789689
"LOC_Os05g49610","blue",0.706907248304498,-0.282251403755935,-0.155779107476092,-0.600715365192021,-0.775675572247727,-0.818518812940497,-0.629888472278564,-0.324560919836148,0.10888980767439,-0.204680035371486,-0.390940953859184,-0.606876505324887,0.379847605790801,0.395991880275069,0.887848987713581,0.606785363596869,0.423438261624235,0.551738782842954,0.240010395522154,0.157090413154069,0.443039899890434,-0.022217000594885,0.10570925952467
"LOC_Os02g47140","blue",0.706899667509038,-0.132338484663952,-0.248605274224089,-0.635932333328099,-0.730839903621936,-0.84687663394326,-0.495459052542001,-0.260198609537251,0.0181923389542164,-0.309505195326411,-0.382937761554863,-0.566438835293269,0.400697709120446,0.439526280411717,0.941367930196368,0.601631223098656,0.269088757339376,0.408878622357053,0.304769273324629,0.191161358963461,0.621665789202155,0.240712493251758,0.091345449327545
"LOC_Os05g39960","blue",0.706818324330471,-0.100158341654957,-0.246243668595726,-0.569650149785184,-0.697940556085292,-0.84022625385929,-0.484715809787704,-0.283616351820616,0.00216982883941113,-0.322533118775518,-0.370319441965509,-0.580354622269639,0.344107672691444,0.42602504366607,0.932098752665647,0.623896627040867,0.29282565276222,0.378552887424101,0.349174198254908,0.249776964628479,0.646569205704104,0.276061899960565,0.0406547021074697
"LOC_Os03g37270","blue",0.706590782286266,-0.286133261738484,-0.22460979390822,-0.707763360943802,-0.714949191015844,-0.852389205233555,-0.581538347811515,-0.173389676001662,-0.014933387419503,-0.348518788492063,-0.364068382970032,-0.50157143526444,0.456225649920712,0.446571382212122,0.945184300954712,0.551914824587117,0.207085547305149,0.422313791508653,0.295426779328068,0.0844740331049615,0.536979328340301,0.0743154864788022,0.139284462542342
"LOC_Os02g02670","turquoise",-0.706524855481655,0.0712071200041096,0.784001850430964,0.499539897377792,0.485074298392644,0.83815086383566,-0.0787837565129288,-0.0451832743214837,-0.0462292727552439,0.216504112378593,0.55003094440807,0.474044473189655,-0.257038679993829,-0.841416363333454,-0.63887545208237,-0.669662502184197,-0.0389416884431049,-0.504226656457009,0.0442883611751503,-0.0544345390405673,-0.753180329388721,-0.351321595570773,0.343190133786866
"LOC_Os04g53680","brown",0.706376591427669,-0.267890279694431,-0.709085638667859,-0.709395602999949,-0.501380829145234,-0.796868795751813,-0.00870399624820981,0.213715143444587,-0.145250779099939,-0.111173822954797,-0.276179141133996,-0.100846943986828,0.632414387293774,0.850722203723546,0.650872679224084,0.679292542741207,-0.139600726193957,0.192375656886837,-0.152456311124443,-0.2592425378497,0.579640875603055,0.0786573818461591,-0.0286981540892208
"LOC_Os01g56350","blue",0.706010244482893,-0.46603044490284,-0.247648630912091,-0.717485021008514,-0.647984210610553,-0.823244082753394,-0.540070596914186,-0.0833580128862406,-0.129625120420922,-0.337459621152653,-0.331879745501602,-0.347576033534035,0.582799394607308,0.480108248914577,0.892810059524391,0.547707125446996,0.0773805224461755,0.282128153334287,0.277915021835962,0.00984095473646469,0.547815646540614,0.0981006090087199,0.187287430126996
"LOC_Os02g02590","blue",0.705954296867672,-0.346028368300144,-0.420977415990505,-0.667526393446046,-0.841383931183089,-0.886493184623486,-0.403208228542158,-0.269009706527546,0.121522607182956,-0.000342478201919644,-0.196581340362636,-0.352203744380395,0.573285547383537,0.635014079954522,0.870996569220437,0.796238360830754,0.290859758084503,0.24475746854184,-0.0290674016945126,-0.0203944150980755,0.504760504491649,0.0190383045388894,0.255165653224675
"LOC_Os04g39270","brown",0.705683108749019,-0.309113462839637,-0.70611825832771,-0.752386732258981,-0.559658982504379,-0.862299035187237,-0.0711610779470403,0.167112111652811,0.0204879946220637,-0.147628927778275,-0.33864696871792,-0.223827010004487,0.579155030829465,0.868130959452482,0.740070035169721,0.714130991971333,-0.0524887987483028,0.319168565221001,-0.104321629071257,-0.211266533149672,0.577132173512659,0.0559772342456602,-0.0421110895864517
"LOC_Os01g52640","blue",0.705666505052659,-0.151282059204362,-0.39994256800777,-0.477934416105679,-0.549168601355862,-0.821863637930664,-0.35559350075934,-0.16225247654213,-0.026311923106992,-0.32184450824436,-0.219205110686382,-0.465360769244947,0.263566246752184,0.549949994770572,0.802610203690366,0.757994901626182,0.244932930254647,0.265306308384739,0.306031767723129,0.226408843861205,0.677765406382138,0.225427440450587,-0.0718509426526679
"LOC_Os04g32150","blue",0.70558140855099,-0.261796770172818,-0.484282942956813,-0.475129319481015,-0.578223411230207,-0.87581679832802,-0.329738000638404,-0.184289064395044,-0.0259714167355832,-0.293469215385183,-0.30826734011669,-0.504060632161289,0.244755549292136,0.631797544550081,0.81084900546151,0.773276237813359,0.298576768705307,0.381849924400634,0.212234468963379,0.193470043565819,0.650136656525103,0.115116931738488,-0.147949067699024
"LOC_Os03g59480","turquoise",-0.705460915327771,0.258120273977969,0.480544444539824,0.518579414690963,0.656332120760809,0.82523498490004,0.264787209866309,0.194031930281047,0.0464354524655513,0.226971489761769,0.331663738954934,0.447196526670715,-0.326704009426217,-0.607415458753586,-0.747715757563715,-0.666560169557034,-0.175267225893683,-0.354055739262708,-0.107455957247432,-0.133219222335887,-0.639692283946835,-0.232138525106764,0.0217814586828913
"LOC_Os09g24260","turquoise",-0.7053260019371,0.378603880364618,0.778000028497975,0.621110980404075,0.477098557669955,0.809268262950902,-0.0922352870226011,-0.177953710441678,-0.0314666981601096,0.154540797056856,0.516563921024064,0.235266195182911,-0.498904608515,-0.862285736400223,-0.610050829949035,-0.623828626090115,0.12690278791176,-0.352693863429813,0.122778252409147,0.114386633711548,-0.682044918528928,-0.312253525633733,0.19560980372037
"LOC_Os03g55280","blue",0.704912101931581,-0.21435613900562,-0.519769987061172,-0.706467362893927,-0.759606368593682,-0.884115841603824,-0.245032823262948,-0.155515623683128,0.106053185680437,-0.0902872243382429,-0.313848582116721,-0.396469585987043,0.55562321347313,0.697216487931728,0.8615299827557,0.717004719459254,0.15966805722161,0.330497993437427,-0.0177028392907623,-0.0284074931445893,0.623414218646493,0.210627993381828,0.146847726027456
"LOC_Os04g32710","blue",0.70414288858432,-0.0378671758423646,-0.238412896626282,-0.577995528617269,-0.691176426103251,-0.821046363120904,-0.486450494089116,-0.258347486721836,-0.00453901224337886,-0.316847132334114,-0.35139802186687,-0.581669294065216,0.350256413899168,0.41531490954286,0.909156861057895,0.60003742371344,0.294625649461102,0.409467700205899,0.32370096498021,0.223808992369299,0.605294764686453,0.220174672948585,0.0323369919486989
"LOC_Os02g47360","blue",0.704099680755108,-0.150202727444285,-0.546144677525549,-0.653120847231866,-0.676106972937722,-0.893766545379331,-0.246794297393003,-0.101480951823498,0.0960554923963041,-0.194850839845649,-0.296362632689936,-0.46691315180081,0.406086748172144,0.71219098455251,0.85242426511323,0.774285244986941,0.221254425573022,0.406519023423852,0.0721973717499021,0.0454144713158819,0.634510924656157,0.126543640884744,-0.0232287884543006
"LOC_Os04g01310","yellow",-0.704084227494194,-0.024006297729532,0.819415060511746,0.336028784874983,0.345980072173718,0.688431973052117,-0.279670924422732,-0.0692854869056124,0.0202901056306812,0.123977720131465,0.544932989765035,0.426943074934589,-0.161529594329404,-0.817775458463079,-0.399750741260451,-0.618440260295977,-0.0133465465006076,-0.491269013779389,0.118732689821668,-0.063041876865897,-0.75080565636467,-0.442011712237249,0.488091628337711
"LOC_Os06g04600","blue",0.704063820689145,-0.124509385655421,-0.320144815594544,-0.550894749496352,-0.52964762745224,-0.831074969402882,-0.432426249473775,-0.110890291131392,-0.0794728212836307,-0.498586078313098,-0.437315377999822,-0.55524416170985,0.244979491947573,0.462156871860884,0.880097965444334,0.551065079013625,0.153618940175737,0.409802971611366,0.423717170981273,0.240364608871002,0.686735501553218,0.264022664233719,-0.116793270153484
"LOC_Os03g22740","blue",0.703965597005357,-0.272210089268022,-0.0101078874065725,-0.58860130727187,-0.740683889746057,-0.791871705977007,-0.727789532311794,-0.364492029861552,-0.0746402187424414,-0.347462064247329,-0.39008701064561,-0.589173392130733,0.403966265818244,0.243238157113051,0.955731164648097,0.516406898637223,0.338254788837142,0.380019588375947,0.453357725087603,0.261578059497878,0.538459595802806,0.166277035549639,0.177408734087782
"LOC_Os03g51900","blue",0.703930569467359,-0.149962391811157,-0.175075453958084,-0.453955711993998,-0.505110676065834,-0.786927143386134,-0.524344962908918,-0.215890550367585,-0.109361446384665,-0.610472741465002,-0.506594142362913,-0.659169149336593,0.149116443948032,0.3160314922396,0.87606986526523,0.46136331407228,0.190555270572691,0.449490210021125,0.589689516607697,0.3896413925728,0.748202667075631,0.443949999250924,-0.123152403384961
"LOC_Os01g26920","blue",0.70386677178912,-0.414057596324486,-0.505255690452647,-0.67450672311105,-0.545337044236598,-0.862527956326972,-0.300899225960941,0.0369259541884598,-0.122161541563069,-0.400250905530418,-0.346633566647284,-0.319259816254411,0.457406891413909,0.662056106359502,0.82519179989778,0.604883548859519,-0.0554550857550079,0.273098491531166,0.215562882658138,0.00411520738068756,0.680433890922205,0.195947746670596,-0.0153088370148706
"LOC_Os01g73780","blue",0.70368356954144,-0.393141033061764,-0.0387483981477142,-0.370588826731924,-0.724848070662148,-0.763883167290782,-0.68467404935319,-0.483762565482231,-0.0218851256219594,-0.212697688110479,-0.255524561330316,-0.483923074239942,0.320171293816498,0.264007140735801,0.865072008934143,0.705142056625822,0.46190934758004,0.195317018627874,0.395170759793378,0.357039788920868,0.506638638069093,0.166634366025111,0.177863173583096
"LOC_Os03g56241","blue",0.703429314165283,-0.104851392379962,-0.251823351895178,-0.645924095864909,-0.724019557612859,-0.848731701889855,-0.50233118739655,-0.250608885519509,0.0354467436716517,-0.31472957944583,-0.38528561277825,-0.587487918643721,0.39454879314622,0.445820540989477,0.935383553097193,0.585448996145305,0.262790425191478,0.435391925758394,0.298712185111865,0.168811822432784,0.607595980062642,0.207164550509943,0.0888908218514934
"LOC_Os04g20220","blue",0.703368009141243,-0.113309449207328,-0.405573889497965,-0.595743190405353,-0.674554286770853,-0.868730930698507,-0.354504882461051,-0.20120741998596,0.0655576450908865,-0.271909290629569,-0.410667968620078,-0.595718870290552,0.319398313187955,0.576140260585018,0.875170408611493,0.698284138250874,0.293681851356675,0.464399473030443,0.218054546876591,0.178515717957485,0.647529664986654,0.228785253182315,-0.0393381211011287
"LOC_Os02g51850","brown",0.703304692451148,-0.286837123900011,-0.687384465275331,-0.690250659350417,-0.467769729714364,-0.8449660466232,-0.0546491532416474,0.176224051707739,-0.1249404358838,-0.312206096180978,-0.328135217807318,-0.216032461881628,0.505808806274388,0.815696257915108,0.736247351741621,0.69355537216117,-0.129536477237837,0.223494347605772,0.0552827044998048,-0.114552248317419,0.706958036406459,0.239162880216945,-0.0923997289119068
"LOC_Os01g73960","red",0.703226040011759,-0.239105802420195,-0.3338275334997,-0.217551270730813,-0.67647684592085,-0.705518088895156,-0.280578767199437,-0.484068431975776,-0.111466755875985,0.0825679637924233,-0.24964296722167,-0.430909843835619,0.252186050563177,0.483677660661524,0.614305729718765,0.863394023755779,0.487280510880341,0.153738390044817,0.0886247009647564,0.304462701861186,0.569699919729797,0.271234224050947,-0.0171024026522542
"LOC_Os02g58450","blue",0.702925117166454,-0.300331009425362,-0.566797072376798,-0.643045505806961,-0.645493271946391,-0.895245405190105,-0.24857977133464,-0.0757647744338743,-0.0338976254023253,-0.200918373158909,-0.279949985868793,-0.341180328411744,0.46501899878469,0.737400289448,0.837234892224742,0.797405879785191,0.141340337674222,0.26088666770224,0.0522988926051754,-0.00640939224335155,0.618017384161889,0.113196627423856,0.0125996594442522
"LOC_Os03g45710","blue",0.702684619924062,-0.385253136483093,-0.528552915730159,-0.776479299909664,-0.687721280228414,-0.865754484677732,-0.255589794212204,0.0137561528582788,0.0263975733798083,-0.111098871722698,-0.220226086183557,-0.196221145493806,0.678268997386017,0.735961322649169,0.834937792057608,0.7421573419475,0.0415436398602207,0.192098736442175,-0.0288435293101889,-0.167851664740491,0.535163340883526,0.0688231405446957,0.184428082994703
"LOC_Os02g18390","blue",0.702668762734305,-0.1648447164293,-0.254050708631121,-0.541337334162735,-0.688782084539571,-0.829663657017382,-0.498792472461523,-0.290544435622544,-0.00455812012760495,-0.292147712849109,-0.26152835751046,-0.480293058378291,0.361285557527043,0.431883567461551,0.910461260756126,0.643410070681075,0.261403691660881,0.268231236893412,0.304811797397627,0.217925474582595,0.599549335656977,0.222371987842981,0.0989462825495931
"LOC_Os01g43060","blue",0.702625093552323,-0.136066478336922,-0.0840155925406283,-0.399039016434936,-0.740517712559746,-0.777005753179906,-0.608458448011494,-0.515332703528528,-0.020859400189555,-0.293386027031352,-0.38510819599893,-0.770561707812285,0.177334292645861,0.271041828110538,0.872087094942357,0.584509876514539,0.500150496529455,0.500777191795031,0.427744941406535,0.412320124498293,0.623165090925465,0.29257020471187,0.0209779589305733
"LOC_Os08g09320","blue",0.702426371681093,-0.21008496338261,-0.148826877263917,-0.51334066692379,-0.687137810967052,-0.748251258468917,-0.520793838856293,-0.318954977689491,-0.0114307726192357,-0.255168426054156,-0.424265233446999,-0.5535818706895,0.347864082954114,0.334329847198138,0.809549111874659,0.533837062484032,0.306020506948496,0.389434271952665,0.292920204089797,0.239338145611926,0.56838055226278,0.261472941519214,0.118665049535424
"LOC_Os08g42920","blue",0.702246838450915,-0.125310747052664,-0.187736744784345,-0.391441725636408,-0.703133999763005,-0.826250173633314,-0.544168152803977,-0.455849183579503,-0.0769623022618733,-0.313565668790599,-0.369215829373156,-0.68237212909332,0.186173549128928,0.362150744236145,0.905602151288048,0.699351640718408,0.457699080846447,0.385068031874895,0.413555546131578,0.411942550820485,0.661087486111471,0.314659373542603,-0.0231120987901903
"LOC_Os07g40120","blue",0.702161041696842,-0.338759239131108,-0.404454640593218,-0.708849241676993,-0.688837321707619,-0.822075429276461,-0.377103511354083,-0.0938417958719321,-0.0216295439032657,-0.194401828351892,-0.189884312242896,-0.308987525664743,0.536660481266755,0.603306508574946,0.817028916759175,0.678949918942821,0.1099241001831,0.240549942627459,0.0980076660633921,-0.0440138433604228,0.534855610707568,0.0788208667367948,0.153393948094568
"LOC_Os01g74330","turquoise",-0.702135164686999,0.281092836321599,0.24306289352199,0.477237823802466,0.74286588892675,0.815679323836032,0.527626977879003,0.391389050666158,-0.0793535065035037,0.131966459181104,0.358598213799849,0.552324614042419,-0.31552289237143,-0.428405600833697,-0.818859472154854,-0.656579951654147,-0.403578924209948,-0.388167942737629,-0.203257884538661,-0.226478205669628,-0.522862482075443,-0.105714790938101,-0.0494855956283405
"LOC_Os02g57610","turquoise",-0.702106927895698,0.139856422828119,0.607893951915785,0.473755958380088,0.668837998256786,0.865988450162599,0.113399755991221,0.241420592765673,-0.0558105513392736,0.142869676039079,0.436051413615241,0.56238904561663,-0.271749252007479,-0.709931231805795,-0.750702356472715,-0.771005503712398,-0.263530974962852,-0.449850962758091,-0.0427111162399978,-0.208183014418378,-0.750202005383464,-0.387309007614876,0.159963759019888
"LOC_Os06g06410","blue",0.702029327083256,-0.17722864359845,-0.234107934973279,-0.531291513283632,-0.660679779131933,-0.821566709722824,-0.476980596680744,-0.284859165922208,-0.0116252551314085,-0.341585538882319,-0.483749768727559,-0.663553171923348,0.26846273621969,0.4140405250865,0.888014209568885,0.572804426604351,0.346179391016165,0.526129631951495,0.356565653646623,0.272267477149284,0.639783184407802,0.262022982909973,-0.043793706396772
"LOC_Os03g14530","blue",0.701911125075066,-0.17387735295254,-0.354574050032193,-0.677081512829629,-0.718215890982496,-0.871359107234531,-0.418125770906182,-0.200550094413264,0.101949632062199,-0.261687670558121,-0.306677597736132,-0.464595985413346,0.444548691880759,0.53594817711536,0.925060840455428,0.655409906732531,0.197336357462586,0.302234627438635,0.223816853691447,0.103038521615573,0.62559743790384,0.217239749485335,0.129109806162269
"LOC_Os03g13730","blue",0.701827575822821,-0.213980490514664,-0.616295898277699,-0.583252316049518,-0.545654055358986,-0.894638938574771,-0.181244444499525,-0.0172738813946579,0.0167825861192804,-0.339203969570263,-0.322185930178522,-0.424014795800496,0.327946847215061,0.742337869101297,0.819108817310306,0.743854495413856,0.0948852392525971,0.35150617150109,0.15568516401267,0.0918862592003384,0.729322509836583,0.250509206456945,-0.133731338819545
"LOC_Os01g73550","blue",0.701746075556217,-0.286163125261988,-0.101269588112742,-0.653384402876942,-0.787307149106542,-0.830468929585453,-0.671110908410763,-0.339094264142177,-0.0174633416518114,-0.266615850502954,-0.3059991911647,-0.509508479127323,0.481194529197849,0.342223516743046,0.96539152708967,0.583619794101144,0.328021449499559,0.33380569112957,0.330594857133509,0.160691508662397,0.531686305656556,0.108363624744574,0.272121374598316
"LOC_Os03g26229","blue",0.701693792634361,-0.0635437353154212,-0.252436655932652,-0.52121751108858,-0.567328617814709,-0.806224639958554,-0.459117011098121,-0.195171141282401,-0.114339066087279,-0.488521701596871,-0.478897003137224,-0.636622668589604,0.206646207062953,0.39292667891862,0.861692429131558,0.525678187278253,0.220618938445289,0.444458116756821,0.470476891943846,0.312320871401853,0.709780964346982,0.315075142909521,-0.123613097180212
"LOC_Os07g07060","blue",0.701692920690537,-0.367808757564229,-0.509822985715509,-0.676133572922676,-0.680593529397168,-0.91413480649017,-0.330915032383273,-0.108175359496832,-0.013787171325007,-0.245330886708451,-0.276747270560962,-0.376510578131778,0.482298316058531,0.691770985466369,0.888834659366634,0.75936914697354,0.135112373239316,0.262366961487902,0.122255994304615,0.0170129494372325,0.647558577975556,0.135475792853186,0.0793945031554336
"LOC_Os05g12460","blue",0.70151634914922,-0.163316708416883,-0.0953048899453269,-0.48128756091293,-0.602453144992081,-0.756526238687066,-0.598446300758722,-0.270891901038975,-0.0567189040315662,-0.388506619851373,-0.344458158122653,-0.516830252736424,0.320483599173746,0.297005162980341,0.872821594990319,0.521499394563985,0.244692038140285,0.288756178455713,0.440210253506078,0.265197237572615,0.5601562130473,0.248752152171105,0.0996002017380751
"LOC_Os05g31230","turquoise",-0.701321893452907,0.126717759858485,0.707781566380588,0.484879681908557,0.609601410773026,0.811538854765769,-0.0497240144348437,0.0833440815549964,-0.172515895647145,-0.0339395740322248,0.478726780676362,0.403184672536687,-0.373433903189221,-0.814326761528855,-0.636116941175532,-0.76918799672251,-0.17677678138472,-0.41121977586657,0.175571582917591,-0.0280279802047939,-0.631046401854418,-0.318527151967769,0.160165846558714
"LOC_Os03g25960","blue",0.701140349503475,-0.420861744096953,-0.436337681566444,-0.818241809494167,-0.738798242006727,-0.885916671333471,-0.384485771026297,-0.0481200476164088,-0.00372404858437031,-0.172150187373398,-0.263730653433904,-0.271437670447525,0.666341405675546,0.663826892430515,0.902503073005988,0.677165099467324,0.0766356941297654,0.258744709185306,0.0368867937205025,-0.138274496775542,0.524336802796059,0.0325406411909416,0.239153649961991
"LOC_Os05g06770","blue",0.701108371404267,-0.180859562253794,-0.183491054105583,-0.614548103352629,-0.726921801873722,-0.830250688380544,-0.548615924982493,-0.289512999230221,-0.0401287292905764,-0.308907658735694,-0.364456730761171,-0.534730700935225,0.410441232960442,0.384641000739019,0.948399678386397,0.595050572295636,0.279762292572728,0.332412468549616,0.354487848040155,0.216570352234965,0.610574564840242,0.239318248584507,0.132248017920815
"LOC_Os07g23244","blue",0.700790539887375,-0.448119815643601,-0.385953940206896,-0.806894627765439,-0.810051565612636,-0.842589195445837,-0.384201912997216,-0.125709592793158,0.0470072447948204,-0.0192844980003683,-0.251242814738572,-0.211081148350594,0.737734267821609,0.621473313792611,0.863235063957037,0.671571582432507,0.122267278448337,0.209624096692247,-0.0672064128171168,-0.169646147736128,0.456733294477217,0.0191855687866601,0.349762075925846
"LOC_Os08g02390","brown",0.700713484626965,-0.282885791953725,-0.646939514412021,-0.706342270986487,-0.661212003289529,-0.892048921340055,-0.15129794793024,-0.00577579990843686,0.0270460387797629,-0.0914821429430979,-0.23268430114963,-0.275114878794825,0.543874480992043,0.82331067117789,0.800545711329656,0.823734795987893,0.117290034798404,0.262270128363445,-0.0772581654978588,-0.120147476012512,0.587880840567737,0.0613850566469955,0.0418299057212248
"LOC_Os03g31090","blue",0.700668619438046,-0.147443783022605,-0.214357394693243,-0.583597237295392,-0.718314108098532,-0.8354594181739,-0.512049927963777,-0.307222274734372,-0.0309485123181761,-0.341257732186771,-0.407896926021062,-0.60792791797994,0.343407827889869,0.397756309728411,0.936890181070424,0.588380198861858,0.297022134363182,0.407438761398359,0.362731495007508,0.259518094933905,0.653221499513884,0.302246716034687,0.0639226023384322
"LOC_Os03g29460","blue",0.700646288095286,-0.125898307286318,-0.23738770740972,-0.595824305267592,-0.729102347541359,-0.827977012878065,-0.484227467639788,-0.278739115144751,-0.00260282914783385,-0.251891934994711,-0.358750553280912,-0.533086218885148,0.404627196032799,0.42901621316861,0.920935221182146,0.624875541130965,0.303895753471287,0.365726439993402,0.279622425691716,0.19136276910333,0.592782890372829,0.207051063839391,0.0924323137231064
"LOC_Os01g33030","blue",0.70060327178334,-0.153258305134841,-0.175807320513264,-0.475835056820273,-0.668467085519975,-0.829804672623563,-0.565773588609614,-0.364200120416913,-0.0306274238346442,-0.429055585184797,-0.419446890102343,-0.665452158742542,0.217302229012187,0.343700278007905,0.930640774280612,0.594823047981161,0.334437173363226,0.406673186305369,0.467287428578016,0.386545444890793,0.687944012199027,0.352653319373758,-0.00399404003760251
"LOC_Os07g42450","blue",0.700363708301626,-0.119959047139324,-0.175321274800963,-0.583225980594495,-0.737364570428796,-0.841115121757818,-0.580826980215933,-0.33924492310064,-0.0221189862985738,-0.331585979517752,-0.334130834910829,-0.611579625195743,0.330649206931385,0.374306599902316,0.957491173966483,0.614183685761149,0.345132770357443,0.389576276275729,0.377777205555985,0.258964857684336,0.612108394244488,0.206605753375149,0.10653205545089
"LOC_Os06g37440","blue",0.700231475821043,-0.166011327373962,-0.200913020429536,-0.559866392485046,-0.69965281194066,-0.851069057496116,-0.564089349819177,-0.316638665387897,0.0155759627538272,-0.360136746511103,-0.384848858235402,-0.627464579964078,0.301918848183302,0.394653117922963,0.948403664853504,0.625843935028566,0.34195504610568,0.413439179842811,0.403443858055474,0.27657042216888,0.627365272401016,0.212978171471538,0.0392318795387339
"LOC_Os08g09350","blue",0.700074538765085,-0.226766342632507,-0.131851514154302,-0.627727496606716,-0.750268181077306,-0.837435122264675,-0.641107348950602,-0.319134862425065,-0.0113914631580236,-0.324254407348009,-0.338734537407114,-0.568400530735536,0.405229410139003,0.350814153938411,0.970863899730835,0.567709874513518,0.316804341188877,0.391404794074328,0.372548750160479,0.209201518895899,0.567865423872332,0.15146525615774,0.168995478848386
"LOC_Os05g05470","blue",0.700019322137247,-0.14518128834417,-0.208523178960842,-0.539855805758046,-0.651058431310198,-0.826607660539321,-0.516800610900865,-0.290187363376883,-0.133404170610719,-0.410953737075852,-0.395155855840725,-0.577082861054752,0.292207755377714,0.381923381909298,0.920538358844034,0.60741393640038,0.285409874306051,0.337064990558773,0.430402069318003,0.281676252272018,0.672706439724555,0.295376263872904,0.0163868452603449
"LOC_Os04g49954","tan",-0.700000447696638,0.00335278353607191,0.0850829394511603,0.238488274124781,0.628442457710079,0.705540198899763,0.561093638105113,0.526688616846559,0.00375570841117888,0.359551864966724,0.534434070768383,0.899877923889097,0.0802021895583239,-0.205843351589604,-0.719537499400502,-0.486890531845198,-0.552027368487153,-0.70437716151654,-0.488759755476269,-0.572943666780356,-0.648944387670424,-0.344382943642292,0.223754864192169
"LOC_Os02g35750","blue",0.699938005490724,-0.422285606178413,-0.479585751426743,-0.764706332860649,-0.735916420199937,-0.887385575357433,-0.352658004136981,-0.079823350688305,0.0217145934594625,-0.136094233045329,-0.220837253072807,-0.268499891879313,0.612537095773237,0.691420810147638,0.867065786785387,0.746093119486389,0.115723894094525,0.227346185398126,0.0131816572892279,-0.108045311878512,0.530855908789584,0.0211599730891823,0.197930408383503
"LOC_Os07g09870","brown",0.699692191277687,-0.277717042419691,-0.733083037157277,-0.693969767359237,-0.518386059439591,-0.764271948267447,0.0607294524184439,0.1944170880017,0.0803536500713316,-0.0688816162173662,-0.418322967164517,-0.258965137709006,0.544845930523509,0.839490788731007,0.572404720275477,0.574595191663858,-0.112792396205593,0.43370714083758,-0.211898095924561,-0.247712285115719,0.568884332396247,0.152127033958053,-0.126092442996459
"LOC_Os08g41080","turquoise",-0.699485218853245,0.152082524786347,0.622243075670967,0.337343962970811,0.454408099885808,0.810185406606662,0.0826730202736302,0.105614286823951,-0.15437447832556,0.308833024289707,0.480873163850495,0.583039682414054,-0.0368495088089308,-0.674814989543689,-0.633637780494577,-0.687832114527533,-0.225419660463885,-0.497421863792199,-0.1702533724578,-0.28217361751963,-0.761747259898348,-0.411359091378629,0.355723173170303
"LOC_Os07g41750","blue",0.699412171060311,-0.117030813073178,-0.262652539409331,-0.503880563875862,-0.692727999401474,-0.824553808894873,-0.443251687909405,-0.309423865339577,0.0780719830679491,-0.254341259854732,-0.389901197406149,-0.536973818376164,0.332017884776901,0.44163563468907,0.892105534049921,0.685885964467876,0.317493115655087,0.292456132192546,0.294929862214334,0.264194662270506,0.626939159873398,0.333885511063057,0.0749172768200628
"LOC_Os02g20860","blue",0.699369951868082,-0.34260227395175,-0.394170910587217,-0.728821644356758,-0.774398533290349,-0.826349134999558,-0.338877465262369,-0.164378085889277,-0.133312065417353,-0.054778806511977,-0.328481668197254,-0.311363824478898,0.604155037630693,0.61991674701743,0.821722057103033,0.683442658403468,0.184904334062409,0.296819356046166,-0.00607653925705549,-0.0856400117258034,0.49992780629754,0.053039589180514,0.185410237766247
"LOC_Os02g54470","blue",0.699242016499843,-0.141817368696823,-0.261633865692927,-0.620250818756989,-0.682722123483162,-0.843502881961618,-0.475703997681636,-0.22706621462533,-0.00908207611583833,-0.370587629552879,-0.402201174095768,-0.547685955230388,0.381760160976514,0.441471189651951,0.936374261925858,0.587731100692085,0.213007678084109,0.362595209869258,0.340826008619902,0.202750569170038,0.64740957310019,0.300081716131744,0.0655714893086476
"LOC_Os03g62720","blue",0.698928916022727,-0.254484876387715,-0.411784376927639,-0.646483428146072,-0.698391018008371,-0.851541420913313,-0.324138553347758,-0.181555649412176,-0.00888519721745763,-0.188481401954908,-0.328647337604631,-0.473514251425273,0.456091952096792,0.598709348839764,0.866289443478405,0.691224552032678,0.246908704290359,0.381803247165236,0.13248539327303,0.082536239606077,0.628330312466169,0.166352935851704,0.0480826224353357
"LOC_Os01g36620","turquoise",-0.698893348741638,0.290563001653087,0.526148832805927,0.571705876026253,0.538934337474827,0.855448551267824,0.277168898536355,0.0668170631454042,0.0934015237727383,0.351221870698959,0.287215758769244,0.427260837929492,-0.303914591439293,-0.664625485601108,-0.779627959266793,-0.695575818691174,-0.120347425991507,-0.37217205869628,-0.203525021314228,-0.0785242310764907,-0.69179639832879,-0.121386897118467,0.117435972926731
"LOC_Os09g39500","blue",0.698756237919016,-0.105975168950859,-0.27082298661354,-0.596876386926061,-0.721583129683121,-0.829991559658306,-0.448220096584386,-0.27572735611451,-0.0512813433969676,-0.269794568338011,-0.382176006949074,-0.587197115118462,0.368984816426589,0.453954138542076,0.906010893307,0.611303350339851,0.29695325984596,0.435311114628832,0.276492456113932,0.204414133949995,0.622210061372901,0.225715934559349,0.0241415326073416
"LOC_Os03g43810","turquoise",-0.698720707821582,0.351161149437194,0.417955249334034,0.291797399303322,0.633014517301056,0.805575957989013,0.292002926250625,0.390893128431729,-0.0310173868752688,0.180372916396618,0.267504960100093,0.436357070873414,-0.173459849287809,-0.520993797258883,-0.733591767131766,-0.835034673627302,-0.352388392609141,-0.145143045079656,-0.200461623599621,-0.338921984874135,-0.693637225653671,-0.397446887597139,0.0154814407884059
"LOC_Os04g40050","blue",0.69859862113927,-0.251822571704138,-0.124866399352524,-0.528249620030298,-0.766247370308489,-0.851417295915687,-0.665450159012668,-0.42104721697302,-0.0514570139352253,-0.289377557571179,-0.284061694760945,-0.584250321664012,0.342478705697399,0.345878106061884,0.972376110569284,0.674726851290108,0.419805740633618,0.319672212986507,0.398440806564846,0.297917890757155,0.585370500562961,0.160402520464485,0.149093597967477
"LOC_Os02g22070","red",0.698216817023898,-0.319683712397232,-0.407247961810834,-0.457205541166837,-0.708995498038591,-0.826704486665604,-0.356420973393232,-0.303830670258959,0.0324035690711936,-0.00644437609980798,-0.183166224272281,-0.339191546293975,0.416408663990658,0.596867792866718,0.779281336141018,0.896811601858725,0.380632377065935,0.142296358022129,0.0589543644635362,0.132660037921734,0.52401441551397,0.0718674308934517,0.0906193485633594
"LOC_Os04g43350","brown",0.698104062666946,-0.21717439162557,-0.706393799058189,-0.734798978681454,-0.687481726024522,-0.873936523615032,-0.0635337691266698,0.0126799240177555,0.132493634440788,-0.0140892280711333,-0.311364888194336,-0.307907732098395,0.575653193715724,0.86037390642062,0.743011177851505,0.745933562469386,0.0773194803677248,0.392768039948422,-0.199231748935228,-0.170146264614355,0.579174232501708,0.082569612661988,0.013025167563925
"LOC_Os07g29320","blue",0.697891505791821,-0.198338650692515,-0.0382416970572285,-0.579096315077447,-0.737179483726332,-0.792951660783027,-0.695872814515611,-0.357331541643133,-0.00850390755999466,-0.35700453540044,-0.389984691518402,-0.615761493617852,0.368781019433728,0.261195064267648,0.949676476583046,0.512872006145297,0.3414213390523,0.421208798074261,0.433775066117206,0.274375556231117,0.538725390709251,0.188553866304208,0.15760396626347
"LOC_Os01g59730","blue",0.697758012536711,-0.139906446679302,-0.294426984535901,-0.545833608880861,-0.778932823801486,-0.842975837649939,-0.443226942069186,-0.381505457844422,0.103769674055456,-0.176388129276171,-0.357539315258266,-0.569086991574361,0.351441933217998,0.476031575173805,0.887201692382074,0.707467876302411,0.364960055833011,0.365287964641303,0.215764419562011,0.227494733937061,0.60199826724178,0.245274354671005,0.102819742834509
"LOC_Os06g19730","turquoise",-0.697571574367162,0.355601783856426,0.726315221459348,0.650227783699346,0.526358965164492,0.80696834347832,-0.0446141353137305,-0.14814790177394,0.0086606588585744,0.112588053707979,0.458003065214024,0.18229334217295,-0.597306070108534,-0.848675396169265,-0.651979841886528,-0.669600994589299,0.122149131120079,-0.268082688631021,0.153317584029657,0.149451857676151,-0.639181803775378,-0.31200608784205,0.0635883450051865
"LOC_Os01g10820","blue",0.697569428928922,-0.183571209684681,-0.236666343309752,-0.608133089857248,-0.707880775196847,-0.844410937751162,-0.503849648371373,-0.26855964855891,-0.00142576445874476,-0.332665581717219,-0.381353561615245,-0.535294096082301,0.395816996685635,0.427218284232931,0.944942431510088,0.610737893573575,0.24213297291551,0.330010178294397,0.339836165957639,0.218370794087116,0.642410272843274,0.299321059483734,0.1105801230558
"LOC_Os04g35760","blue",0.697455035200029,-0.358926632353009,-0.483910103842742,-0.709000035340016,-0.632852309110012,-0.870143376346138,-0.315069302007378,-0.00850436698686824,-0.0293136604966274,-0.253921026911218,-0.25116454214717,-0.273182744743148,0.5551143976645,0.679907612754641,0.860013689877515,0.711164132076867,0.0457645353780671,0.208090310238503,0.106844206935031,-0.0537854235672737,0.5768186980732,0.118947541972604,0.113101216437633
"LOC_Os03g20340","turquoise",-0.697437949922423,0.297267288517287,0.302282614946443,0.450041427127861,0.774097204894199,0.830566050914516,0.44120138342456,0.457183599584411,0.157204656465089,0.143168686025027,0.341726673563017,0.563705971886171,-0.274222041482541,-0.473238786908305,-0.818608395261561,-0.757893251941187,-0.45471365650339,-0.353413707585189,-0.219956723329684,-0.298153052791603,-0.61499681318293,-0.205099918330456,0.00265901125332431
"LOC_Os01g29820","blue",0.697206157111602,-0.0888733323994588,-0.340486909769319,-0.537175729961331,-0.570425710186672,-0.810990513403111,-0.372842725644417,-0.170149188452419,-0.0386511041836438,-0.400698416358948,-0.293246360599051,-0.457908710861365,0.338247924499707,0.476133266526805,0.848742358826917,0.64793432703516,0.129677772826631,0.214188072319487,0.352727219700457,0.208616528924043,0.698278167486296,0.356263297059056,0.00230273360407768
"LOC_Os06g05080","turquoise",-0.697110168329697,0.280002388059053,0.423453006324216,0.617649754379823,0.604602852470166,0.82061277481973,0.348005486240096,0.0468693180735951,0.102850050946911,0.214939349845375,0.279596726221695,0.279334402795093,-0.479088863714206,-0.600166421303746,-0.793749098936571,-0.675230048583444,-0.0999078264079307,-0.192592275692551,-0.138947876518107,0.0059455525010924,-0.547208247511082,-0.0645132883117277,-0.0526882816227795
"LOC_Os07g48720","turquoise",-0.697022539882977,0.213661198957401,0.633737889802097,0.581738443067474,0.604063271570666,0.841884460747645,0.0895646376633424,0.0495474792124306,-0.132846924599947,0.159964172701115,0.343689754504447,0.350890563259456,-0.434983835023003,-0.759218169406389,-0.720744307928739,-0.755803304649553,-0.0989264465877364,-0.309814891433207,0.0257137931028185,-0.00177663398825775,-0.65439098008517,-0.310588395533606,0.0154723946838868
"LOC_Os03g21460","brown",0.69699939269819,-0.31168273271554,-0.696014152121929,-0.689542519002716,-0.473273342433236,-0.865731831124256,-0.0786298963087525,0.179427716037735,-0.066544725421093,-0.326809409467556,-0.334691972435322,-0.243633242823702,0.480684652784486,0.829388043997786,0.759241577236216,0.690678481687959,-0.114559269692223,0.264849688396681,0.0370358490294297,-0.111501232375007,0.690480742749868,0.192089804692802,-0.0810157060428486
"LOC_Os03g21680","turquoise",-0.69699178699901,0.284168694110932,0.653637878384724,0.628604879985303,0.566000398652699,0.848582676163366,0.107552228829491,-0.04903680793144,-0.032014735778606,0.211936674374211,0.423984287655554,0.305065160255096,-0.453038643954833,-0.778682951076071,-0.725667275750878,-0.643387949670155,-0.00285267886977243,-0.400840243812075,0.0589692451136779,0.0805946348335266,-0.617757503107396,-0.170453981384124,0.0731933834275262
"LOC_Os09g18320","blue",0.696868161797852,-0.105534462766274,-0.144226723017292,-0.380855658314272,-0.569654440998125,-0.795289891636342,-0.576003779421906,-0.339412628786988,-0.031291825096703,-0.477755034311699,-0.407739478341309,-0.672028220277496,0.133015257853298,0.296355831171381,0.894527796681969,0.582719966709447,0.335441374725779,0.373243905511631,0.568242061371364,0.453955356015208,0.713547586187074,0.364498113981492,-0.0772006685225135
"LOC_Os03g13800","blue",0.696822536156988,-0.105630876545849,-0.206390577122711,-0.538692674465508,-0.759589027717338,-0.858077539911142,-0.571469885799069,-0.39419426159482,-0.0115236846802681,-0.271467431797052,-0.27665000237466,-0.587027423397072,0.314053218124099,0.400907266061043,0.952465931484576,0.700203773270433,0.416117342790836,0.336855009086563,0.343091980801536,0.290161568810061,0.606874958406527,0.171947249680109,0.0968516314291236
"LOC_Os06g47310","brown",0.696764024491267,-0.250013493017559,-0.814316094813804,-0.66379294996057,-0.566779740054988,-0.84720012557049,0.0916238707902298,0.117690028606203,0.0892522222863938,-0.0211747967417517,-0.350663934167091,-0.25517378423683,0.523701990430849,0.93160553177466,0.660361362726413,0.778871725448262,0.00924979260579813,0.338972645218801,-0.214878832890549,-0.166812815471406,0.643974388839569,0.166502558719139,-0.117642156195178
"LOC_Os07g48960","blue",0.696739083468614,-0.216362540492556,-0.107017851485745,-0.42075517124946,-0.588904887557611,-0.756345471509866,-0.612486273078778,-0.336787835647376,-0.155765134523564,-0.486124227524714,-0.502190869511853,-0.719519208692027,0.117246072834974,0.259471009619926,0.824290556005046,0.452020508476491,0.356408395026402,0.591371095212238,0.485251271107513,0.383592466185027,0.621785607994136,0.203941596104095,-0.109292103276645
"LOC_Os04g54380","blue",0.696550834617902,-0.274909990845849,-0.453684626340533,-0.680968225848918,-0.625541014704499,-0.894441579514439,-0.369001600843427,-0.0704073213554948,-0.00885870558355493,-0.347959654575271,-0.232145813005077,-0.374109981249312,0.455420677067565,0.629422405299184,0.903276779677859,0.693935776709157,0.0900763305644628,0.245781542917025,0.234865494597252,0.0557950210180709,0.669336829910181,0.173511780677644,0.0810772621162355
"LOC_Os01g23610","blue",0.696291148846026,-0.241582024478975,-0.608218343005243,-0.78849543537814,-0.607947166066673,-0.876168409004795,-0.173598951511492,0.10406523899424,0.00734834439588621,-0.257029183091348,-0.38309806712973,-0.34061688038187,0.542801180585984,0.776989180281153,0.818386721331272,0.642409880522898,-0.0236740468711201,0.395093255493873,0.00420752325628798,-0.141530267549645,0.612137171040039,0.132469458481679,0.0100231463874704
"LOC_Os02g40040","blue",0.696156514406214,-0.237405057128114,-0.183186122976638,-0.559438521863982,-0.804999706038563,-0.850981226061256,-0.603788484104568,-0.391887640689173,0.0727185906391008,-0.153076785289598,-0.330506081280386,-0.587992553593342,0.385006174383533,0.416748517790626,0.933695338182351,0.703627920902709,0.471975384163146,0.429541710465925,0.245567122825815,0.210198747014438,0.516801582061489,0.0384646126833068,0.140274540704772
"LOC_Os03g48450","turquoise",-0.69615054840884,0.295815472809713,0.374947516073745,0.581286450766875,0.768976892710905,0.836994203922394,0.369822824844186,0.251274507002162,0.0211114305033988,0.0168580755884726,0.366984244490737,0.418611795747908,-0.486251308033035,-0.580460959466705,-0.825550076506543,-0.741460823062755,-0.353531126570641,-0.361777369004975,-0.0198490971752224,-0.0613003760540169,-0.494439489213093,-0.0357285837629308,-0.0717631135096296
"LOC_Os07g16950","blue",0.695958516367853,-0.193705743830191,-0.151146726406903,-0.58219831833565,-0.679947194209847,-0.833657171315148,-0.621975915930739,-0.282406686016696,-0.0153696182473907,-0.415114455896629,-0.416997716610351,-0.662504040671898,0.304958504354367,0.351682865844998,0.942718832048795,0.535911269048324,0.319797655823613,0.497174360758854,0.448063447095926,0.273680968849746,0.612030274560768,0.160898504704783,0.0273683340150942
"LOC_Os05g48270","turquoise",-0.695809125527643,0.173425798066826,0.553653230777796,0.580087524632822,0.530884334939301,0.824212814947403,0.181363874063961,0.0247430861055937,0.163637317835454,0.273466896477533,0.299934343784141,0.364737393725595,-0.398431073966166,-0.667422717941057,-0.749225055358265,-0.682249041495707,-0.0492674860791798,-0.266658877596413,-0.146334499760678,-0.0536200583048227,-0.727559774386667,-0.200674259803213,0.102369156686909
"LOC_Os03g20570","blue",0.695804936289619,-0.117193004365338,-0.0565270129614366,-0.405697116426643,-0.562986971835387,-0.757076172427173,-0.644218979134131,-0.325207578845172,-0.167974955983579,-0.542054567235112,-0.477394248594367,-0.704329188779388,0.137600050323171,0.216035064391896,0.869032407872697,0.442738045680772,0.296830287316951,0.454171753643614,0.597986714328136,0.419780814501264,0.63578522866052,0.31149118247094,-0.104324901750397
"LOC_Os05g45440","brown",0.695670336806886,-0.35499647560621,-0.705475597818212,-0.706767048405358,-0.476375784691812,-0.735516856549734,0.082979177798898,0.242648464151604,-0.113848737552534,-0.127760569319106,-0.599477665769237,-0.223583767392165,0.586823901565055,0.819022731576592,0.56314660769633,0.471680573679087,-0.210521983607229,0.451739020156901,-0.197390497230258,-0.24139876762839,0.584179587950066,0.231719197880319,-0.152655037266021
"LOC_Os02g57590","blue",0.69541870674355,-0.210110909117887,-0.117707518420132,-0.631926603907024,-0.730868051337185,-0.782248980143567,-0.574292085193964,-0.292527842625512,-0.02491137280724,-0.292523650313902,-0.382708877018,-0.522484685788657,0.447750079890383,0.322893750105004,0.914263119490593,0.505229700900104,0.242490586209757,0.342539700173008,0.34473760750699,0.176775234850395,0.569160351788713,0.258651285764038,0.196034443831285
"LOC_Os01g50320","turquoise",-0.695400657767761,0.105886628077617,0.536410786180276,0.470167726728247,0.609086311908339,0.854946177020994,0.215708003842842,0.179181958360432,-0.0628660446152636,0.148677546402959,0.249657982709089,0.433429666437441,-0.311011113463784,-0.674472583084499,-0.786842900245771,-0.845313530963825,-0.286807287552079,-0.268088035428267,-0.101270276755796,-0.17107398468009,-0.65245402279705,-0.200815216662988,0.0665393998813871
"LOC_Os04g42870","brown",0.695330572998857,-0.251006330909861,-0.87122727137077,-0.555041618858054,-0.378447710590723,-0.809260801771526,0.167359466744168,0.232382351951635,-0.0384587492587213,-0.272945614372222,-0.474222661297924,-0.252598140533664,0.32363410290842,0.915348216343381,0.567064121811776,0.632456312141226,-0.17754539950476,0.384484129434342,-0.0950497302865146,-0.0810648372186379,0.751655959703744,0.32028913602161,-0.315149074084507
"LOC_Os09g07294","turquoise",-0.695137926111768,-0.0888864848690332,0.562262939967919,0.324966112560081,0.495186304991644,0.832201690656197,0.146460896064978,0.213831271578584,0.0251023433392548,0.335011865653707,0.395850820500791,0.585445186730713,-0.0668454730444455,-0.628960319355765,-0.72709222419269,-0.749283635501661,-0.252474179884588,-0.363000403860309,-0.249830862652127,-0.347398228043324,-0.809866192758902,-0.437449964317341,0.283106328451789
"LOC_Os04g52361","blue",0.695108681589073,-0.0686189798485443,-0.271064313373503,-0.514825621187263,-0.684613153804925,-0.840618694743905,-0.45626622628364,-0.322977246591477,0.0491467740648397,-0.305796744117009,-0.37867849974903,-0.607871116894795,0.272684302198334,0.434039834309898,0.908624007493201,0.659321744385156,0.344554336515049,0.381315586044424,0.341280268163761,0.292840994647811,0.660857010173575,0.286677853982589,-0.00392449427153846
"LOC_Os07g32800","turquoise",-0.694944380337075,0.124046682778964,0.339178045176945,0.719121090268718,0.74774221009367,0.841751872716745,0.422920620352692,0.191125019196903,-0.0154468151480746,0.199927001365657,0.286602669593747,0.546759137331431,-0.471328361494969,-0.544051317871538,-0.880783936008158,-0.628555815603998,-0.26385783649295,-0.484302140481728,-0.154018764103399,-0.0438472116693439,-0.574500025970251,-0.0623635860588887,-0.09646035386351
"LOC_Os09g38300","red",0.694884079051845,-0.343467674609461,-0.630788133914973,-0.529029946932828,-0.625193757574305,-0.781275401321638,-0.0508992606113457,-0.0745522178765783,-0.0289351624994277,0.0351514271881627,-0.245315064446411,-0.14087817009579,0.526398642452076,0.766073066397151,0.640947220134588,0.813913473461653,0.0743453009282485,0.0842404292656225,-0.140722268387376,-0.0596996225706179,0.581522893344964,0.243915575134708,0.0629996131401947
"LOC_Os02g35950","blue",0.69469298372973,-0.165233975586436,-0.190911714976557,-0.609251362659559,-0.732239575036645,-0.840661288288738,-0.559898274657681,-0.306398053881096,-0.0219750387015217,-0.332715237412265,-0.386468712003987,-0.607623909592033,0.349237148013102,0.392200183659847,0.950759482590796,0.587435926738885,0.313284782711108,0.424429122920678,0.369054014095558,0.240459497778749,0.614848367886289,0.220974636775219,0.0824924553447668
"LOC_Os03g22460","blue",0.694624009962568,-0.197788329186021,-0.169701285286196,-0.591357888844675,-0.734034354127702,-0.831760269197447,-0.561507123347602,-0.326779923153991,-0.0456849462136616,-0.298679302465252,-0.368285637893916,-0.561108165605765,0.405052362893259,0.376240061266307,0.94792632285104,0.61251365487483,0.316868895696846,0.330380947241039,0.364075006566526,0.233167143333023,0.613668808023569,0.246786454395339,0.132565720388907
"LOC_Os03g08440","blue",0.694239564474255,-0.169013876207136,-0.263432617269114,-0.621106921519979,-0.706088950236101,-0.851394527678538,-0.4839239209017,-0.24658561081617,-0.0142916510607914,-0.315058966633392,-0.326949569170332,-0.502829480839175,0.408441360055813,0.457424584807878,0.947383593254474,0.650509654437894,0.25134834188269,0.298422318770969,0.317437651818445,0.18718748411899,0.628812270942506,0.250225981783467,0.110944676640378
"LOC_Os04g30760","blue",0.694238029490828,-0.244003705358142,-0.501404702263826,-0.646498409719402,-0.699235142291518,-0.911354398842683,-0.31500757815363,-0.15493755729899,0.100342485551544,-0.213960279987431,-0.293679563150005,-0.43880094519507,0.417773423658406,0.674162773563058,0.895521188675315,0.767694555031127,0.214051605713924,0.331546788900926,0.117725055330739,0.0686725404946505,0.64598735095201,0.154310662632512,0.0458331007153979
"LOC_Os02g55940","blue",0.694118828288208,-0.358869613324524,-0.373516162847018,-0.652650801024152,-0.743075244434874,-0.863078753948687,-0.399303962085023,-0.20327482062153,0.00536582776418614,-0.18108165367172,-0.284335784690374,-0.378859850254455,0.497892014091089,0.568762822963549,0.894706173358636,0.719052699027336,0.222093376137396,0.260894793656955,0.123527398752396,0.0511717683857074,0.579213751732793,0.145378184774974,0.170040814274855
"LOC_Os03g56869","brown",0.694063610601411,-0.155695870513267,-0.879945555219055,-0.558293890648357,-0.295052009678561,-0.796789197841399,0.205561250234373,0.312420256785751,-0.0891775112839504,-0.347812759362067,-0.484642969673771,-0.282279279017633,0.312293863037659,0.924959185680355,0.559674636144557,0.637166363509973,-0.203434657389673,0.392479161765015,-0.0316182082500136,-0.0870472117836462,0.767744442850605,0.350591480280252,-0.397582620760631
"LOC_Os02g47610","blue",0.69402274409449,-0.261539861362899,-0.297812215671414,-0.689503029795997,-0.658232157263305,-0.776685901124626,-0.414472289652715,-0.106123883405169,0.0401520560406368,-0.204425917705919,-0.266336991958388,-0.28851940355809,0.595800360076508,0.504684977881487,0.813024982994459,0.587327818712539,0.0685126516418982,0.21260493683691,0.16144142698794,-0.0311111014906986,0.511518803672306,0.134259047520903,0.228281401780746
"LOC_Os06g39700","blue",0.693968705030397,-0.400090550428407,-0.220057327468326,-0.506303990453512,-0.727975245320178,-0.794681975209029,-0.537984071778486,-0.302053627055279,0.0264636241617816,-0.112153173113677,-0.317108176349366,-0.448645449117524,0.419476621350925,0.439263565947491,0.821183460753157,0.691086739083459,0.359715267521914,0.304945663365525,0.164920608475997,0.133997781502436,0.441033247432293,0.0296285771329048,0.116795790826557
"LOC_Os04g24410","blue",0.693640285675394,-0.207146442959178,-0.189224177850497,-0.540872592618743,-0.725359572539248,-0.803003716360268,-0.585704640405086,-0.308710812668261,0.0231806024643143,-0.205782244266528,-0.301418128390075,-0.505417686620705,0.387734652503758,0.4000989919838,0.856452007239313,0.622437443124437,0.330628723610896,0.356867982460677,0.291887342829791,0.203565552274395,0.503236935553587,0.0688239643679736,0.0871219026926328
"LOC_Os08g42720","blue",0.693584909725361,-0.154095860979692,-0.218749762227481,-0.310689060442864,-0.547650674901919,-0.797204008808938,-0.524289899665717,-0.335885671152669,-0.152846511606128,-0.377412449212126,-0.257204302163042,-0.540775597109375,0.134529633933454,0.384940998496794,0.829122446241304,0.755122260185622,0.411193119377995,0.241439960865564,0.444750772545574,0.372572220446562,0.645865533122224,0.182976298883295,-0.073375829807799
"LOC_Os03g42320","turquoise",-0.693383698814239,0.191933135007999,0.710746691671397,0.445788230689192,0.349563680201914,0.820819659279538,0.0115258244672376,-0.0991329720740242,0.0747534916391137,0.433283723590541,0.550199216344811,0.471013713923623,-0.162426504647082,-0.752052436430078,-0.637958435262061,-0.594121681501732,0.0252478335555452,-0.472203153910022,-0.187951223330588,-0.169230551136452,-0.803025855209051,-0.387489645230915,0.436707312252742
"LOC_Os05g38630","turquoise",-0.693375506585515,0.292754646758771,0.590191337098834,0.582089638782632,0.544531568380965,0.81719598889356,0.149427556396393,-0.00679163838652808,-0.0875231119985706,0.259959875853029,0.347025613945082,0.365608207304662,-0.362802069814058,-0.699438907139892,-0.716517791944587,-0.622979039487533,-0.0243049573346917,-0.355230832255428,-0.056548912344017,-0.0416268672081732,-0.664323839775214,-0.291101452218937,0.0856496985525652
"LOC_Os03g61930","turquoise",-0.693362598641512,0.371277264470968,0.684200408725844,0.566375753222536,0.569816694604996,0.851455454456998,0.046542411941592,0.0281127991645098,-0.0408499191772435,0.171330157687091,0.35900633043534,0.333839136471397,-0.40403075263442,-0.798543158675453,-0.722800452344501,-0.753369912319385,-0.056801861095787,-0.284954644652086,0.019572787601045,-0.0172605126022265,-0.708957051302818,-0.29789338408757,0.102458895225333
"LOC_Os05g39790","turquoise",-0.692691385812148,0.320942338622587,0.685693501772703,0.497482715848531,0.577530361197497,0.805128590762078,-0.0356118821714273,0.083097514279927,-0.121990261913148,0.0508185002372613,0.368122280555399,0.344480114707064,-0.380143355294991,-0.793021431237755,-0.647625416191097,-0.776937870285467,-0.12240723677561,-0.279805386375355,0.0955058617065797,-0.0223786913462272,-0.699725915948271,-0.389651599175725,0.074989474968162
"LOC_Os01g68790","blue",0.692635399412838,-0.176758373942207,-0.446075726728645,-0.77776356194821,-0.764407473483398,-0.866687425318576,-0.32125029349291,-0.117943259177344,0.0451122460279335,-0.149898726236885,-0.279921691685919,-0.368605304104671,0.59080889058965,0.645615080421204,0.889025924557102,0.675651585984408,0.117630980832874,0.300921718934375,0.0312861437926291,-0.0683968246646564,0.569885850394857,0.149931965006899,0.198008434092282
"LOC_Os03g16740","turquoise",-0.692404425172608,0.347811032473459,0.522606937970575,0.793391707118736,0.718836837854031,0.819890619637298,0.256642424485285,0.00056058331002647,-0.0861171125447663,0.0655856888369902,0.346174345003659,0.347908380048447,-0.596069112064733,-0.710223127776096,-0.736864189932876,-0.557611773720769,-0.0711237948226845,-0.515701536474928,0.119118470008431,0.191009876825343,-0.465831134906112,0.0813009864475804,-0.0749141053827334
"LOC_Os01g66300","turquoise",-0.692261241492287,0.152743286533694,0.493855564861911,0.425383517066686,0.587072353170685,0.813534561992954,0.21719780210855,0.201111081349514,0.0156387559346883,0.13980860584447,0.223010728060999,0.326397595222337,-0.376772055381734,-0.621544368016022,-0.754813700624824,-0.823899527847597,-0.223074013716959,-0.111691388271688,-0.0871843444439347,-0.132538337968206,-0.640555047048795,-0.273540455329576,-0.0207469114928285
"LOC_Os01g55580","turquoise",-0.691927571446359,0.0902738741280707,0.588837982143121,0.6521325056523,0.473015692548484,0.800485388441935,0.0992783050138731,-0.108523243510355,-0.0219026636263292,0.395892774721088,0.494615699658271,0.482193316960083,-0.343267757798681,-0.681845997291442,-0.715954033231175,-0.493324958518092,0.0330086660650866,-0.567887013428226,-0.127316372265667,-0.0316407535863399,-0.727118642001549,-0.331218111209304,0.207939427742506
"LOC_Os01g60660","blue",0.691610431050972,-0.0249152549735965,-0.180777357459522,-0.316165290999489,-0.535440638622948,-0.778668056256455,-0.504270928705812,-0.343543915602867,-0.0620283305220776,-0.43194707090644,-0.352960411958599,-0.679051201026527,0.0719747030157326,0.331165623590832,0.844369073763032,0.648877767790142,0.416914113902237,0.388124070402421,0.514362543437898,0.446537935092872,0.683905765137641,0.294192606331838,-0.149142652078031
"LOC_Os06g01470","blue",0.69159239557661,-0.207116423238426,-0.20739903606954,-0.522770594684998,-0.644002317378122,-0.77892886323216,-0.495905578645571,-0.268574900120736,0.00514767953779818,-0.303573044227395,-0.307532328617754,-0.573668180316646,0.288977881199301,0.390610937606556,0.847061641965717,0.564054035330871,0.319540549491297,0.429860700935447,0.304068854263224,0.213396987675172,0.586810171720979,0.188729628707257,0.0622665011073702
"LOC_Os04g41470","turquoise",-0.691527242112147,0.18510272105515,0.227431569314575,0.466015869644986,0.798878124600175,0.822801347175081,0.523273498289808,0.450521071904936,-0.0481448921726052,0.131971166609442,0.281943197667162,0.552724202629362,-0.331189339718646,-0.406497618676627,-0.872011638726715,-0.698400637973349,-0.430511587772871,-0.328257341725302,-0.201192678282286,-0.252917592319676,-0.533072969804832,-0.149896787241002,-0.110940287329699
"LOC_Os02g07890","blue",0.691518388572338,-0.0675122442056301,-0.195115453001715,-0.497462034256956,-0.662711693336983,-0.806119627815269,-0.514564179755949,-0.30768857365657,-0.0726445759692735,-0.344883075635707,-0.354194935560449,-0.567695202800611,0.291820692175675,0.367219226236898,0.908915673719607,0.614527583157367,0.302289105190478,0.321604409479173,0.407225202602497,0.302818603491263,0.631239076234188,0.285547784938238,0.0117519208296241
"LOC_Os05g07440","blue",0.691323011359383,-0.0584484972575084,-0.355089597248873,-0.599636438413721,-0.584666617860808,-0.805986556755849,-0.37597745313155,-0.0991177906966676,0.0641991191805604,-0.38318116072941,-0.330077074626368,-0.467018127294306,0.347114126545493,0.496695242013291,0.85130536728613,0.563833420528943,0.0885632873164469,0.308346003049295,0.300440814339756,0.157226635452706,0.630675160319704,0.264735096029313,-0.01926055811036
"LOC_Os06g05250","blue",0.69101874185353,-0.0889220111032051,-0.300615909380285,-0.4518675803199,-0.43148615522383,-0.783795644329978,-0.39102969457371,-0.126122118302475,-0.207715453837799,-0.596083912129592,-0.396477604539349,-0.580020176797204,0.146769156421132,0.413193262045663,0.823267978378974,0.520887731787611,0.125079718538291,0.369784907150772,0.531108224417452,0.314901292428515,0.791927748320373,0.401713726449217,-0.18306549087328
"LOC_Os07g31370","turquoise",-0.6909610968077,0.269042379906487,0.729021433767478,0.485738260847327,0.392841360497493,0.818973682693043,0.0204314643675398,-0.109415377451749,-0.00826156052865682,0.316611144089874,0.3310153794337,0.269557985145713,-0.287493025295765,-0.790027811458956,-0.638984096928745,-0.679842267482913,0.0707822125983049,-0.261493042161,-0.0622750591840128,-0.033275278266691,-0.724332691333118,-0.276698856598854,0.21143950279117
"LOC_Os03g02270","turquoise",-0.690825108220671,0.192389252880943,0.544806412214001,0.417972446873457,0.46454141301,0.803546107718825,0.176344898224136,0.0719594394618606,-0.160061842538337,0.2750676311809,0.407707039302656,0.444803242706513,-0.213402062576349,-0.625515038693962,-0.700771445666429,-0.628209661503518,-0.131487424828876,-0.370134338897502,-0.171148230843465,-0.195523302411891,-0.686838777699152,-0.279659927213823,0.195947914228379
"LOC_Os03g18810","blue",0.690703778888234,-0.274136401611791,-0.674328309424956,-0.697513212665123,-0.569363753279433,-0.890657274128543,-0.134828145712828,0.0698948884956731,-0.0152087585425965,-0.273364536103229,-0.253054060758706,-0.255816128175185,0.483846914949898,0.807271137560377,0.800835556644164,0.720492126472626,-0.059684533516636,0.214943753700778,0.0206219736207911,-0.0872153962882184,0.672215264290007,0.17859689114744,0.00320889034005434
"LOC_Os05g11850","turquoise",-0.690649427644117,0.201630938005902,0.787258784699645,0.579022612150106,0.48280632668384,0.827059442586021,-0.0671391809067505,-0.114174386986127,-0.0571336997989545,0.12238087450603,0.336116090458415,0.2262142389132,-0.438225965363248,-0.876504366022862,-0.634234526036792,-0.728217474225334,0.0292757467172089,-0.26718629518243,0.126428181557659,0.110774093056259,-0.639617077805341,-0.189604339278989,0.155029984375806
"LOC_Os03g61790","blue",0.690646727204719,-0.172491253694683,-0.175328417199348,-0.51961899625847,-0.647996696604184,-0.775718162127298,-0.514886937950007,-0.297256746789878,0.0409539230219457,-0.374302060114635,-0.48994744930029,-0.692385280144257,0.219386502092685,0.338847758237283,0.848650724444431,0.465620341470569,0.297066646293482,0.562699004328924,0.402395039611591,0.295124322410328,0.656343159000941,0.304637416859779,-0.00781092510411958
"LOC_Os02g41470","blue",0.690568751237791,-0.284542041200894,-0.527261280719724,-0.745776141682819,-0.59349136597065,-0.887248172883688,-0.299762671297349,0.052885000331239,-0.0859227207192765,-0.333462772218931,-0.267395717288649,-0.323582840668824,0.516200656289461,0.709341568186597,0.868989987635979,0.670284621724752,0.00756764582261268,0.30478871544059,0.126433754330352,-0.0802831564238442,0.615495023509267,0.0617412354028192,0.0370299690567931
"LOC_Os05g08990","blue",0.690376469426962,-0.269791272817178,-0.201832915576444,-0.456325500809339,-0.614165051155936,-0.810879591445877,-0.524152996099149,-0.332760366261689,-0.189991465835835,-0.433916635790614,-0.342832966673919,-0.540426892656783,0.222379557005535,0.351874535534932,0.884389667496953,0.613736115693043,0.269512134804539,0.255374024276888,0.473115079973712,0.357915555061533,0.729569465759061,0.352417632678587,0.0256293172852932
"LOC_Os01g72049","blue",0.690368420688941,-0.352826775581713,-0.0887215553918858,-0.694666424483835,-0.766762900571202,-0.750671039646555,-0.651724673935278,-0.255420595780383,-0.0569139162960725,-0.197908226413948,-0.243027792981555,-0.334611486318515,0.596246525893736,0.333379334613316,0.862351987204794,0.501171603573511,0.186127118903138,0.241787994624792,0.208054137883043,-0.00740367366799455,0.398879618386509,0.00752768326404531,0.345557115081846
"LOC_Os01g32730","brown",0.690002820531155,-0.328899482195715,-0.748008117482512,-0.756921026558679,-0.424765468036912,-0.82892654634103,-0.0103886044088205,0.3198111468357,-0.070904343692994,-0.330405714146651,-0.42128661302417,-0.222753523326376,0.516434146097163,0.862366482160168,0.681531816151153,0.550399928886432,-0.243487887253141,0.39655861801733,-0.0359038657408721,-0.222550343568041,0.654363972737118,0.137928939121756,-0.164074754587907
"LOC_Os02g49070","turquoise",-0.6897730059919,0.229254587379082,0.532321647445599,0.576236593719804,0.554388044205545,0.824258931148293,0.203001095706949,0.0613298472383305,0.036984060793126,0.310329591069729,0.418882683784307,0.433508070847332,-0.340286089284752,-0.633466091241519,-0.742809261975823,-0.596566175100795,-0.0699499093516919,-0.411676312265976,-0.130909790833642,-0.0769360831230768,-0.689036464441074,-0.218442704622242,0.137213742314778
"LOC_Os01g05800","blue",0.689543009886056,-0.338745712254477,-0.377234082737436,-0.672168056955452,-0.718225528377897,-0.857558777974529,-0.433543670597852,-0.169892777004807,0.0242230783273847,-0.127359683103366,-0.244309581719107,-0.397584121642288,0.503034313613205,0.603981723299752,0.855482816570968,0.766562427278357,0.314008291616104,0.346220734448574,0.0784587267784774,-0.00414179994030737,0.483940923218316,-0.0725097354316115,0.120300715692899
"LOC_Os01g25330","turquoise",-0.689500228194085,0.274810730922329,0.74872767681863,0.611637946254575,0.589077256512147,0.839779159084262,-0.0210333062083507,-0.0473235241441917,-0.139996598156031,0.00742951699349049,0.321804434075852,0.208597396521625,-0.523731746566625,-0.868212186685834,-0.677394408423628,-0.773946405953962,-0.0376778296657821,-0.251446110832695,0.198315502267229,0.129946501218883,-0.591089418410549,-0.155364225884892,0.0446272281115415
"LOC_Os03g12000","blue",0.689402906175215,-0.330536005659285,-0.453985771416565,-0.698965617301232,-0.740301872475588,-0.868880565837106,-0.363132481853669,-0.149167721699024,0.0563703118960583,-0.0789754241566102,-0.17934263826865,-0.289466442860021,0.564233052174644,0.666765112036608,0.850424681621381,0.782005311554061,0.206575607195947,0.223324258863435,-0.0169781045958454,-0.0936022117744189,0.487093256441726,-0.023427095707356,0.194065548504219
"LOC_Os01g07400","turquoise",-0.689108113693863,0.0816798680268409,0.514505788788797,0.528766542318024,0.469427777087893,0.811553993308279,0.186697016732858,-0.0151215259605177,0.0649918025267685,0.390154506945415,0.384914833196918,0.475590424610305,-0.25841867267068,-0.630768059240837,-0.772989864750609,-0.623682626209688,-0.0907087780963638,-0.413144905075902,-0.265600673296669,-0.157193513403601,-0.719988180093907,-0.283289959281209,0.232617163655884
"LOC_Os06g02510","blue",0.689006224929906,-0.16883740933364,-0.141540209944748,-0.574035028320378,-0.728802146777548,-0.82428838843408,-0.594646802184774,-0.345701033284051,-0.00611197697367625,-0.31211553606529,-0.299324299732543,-0.552826351408722,0.379585577413194,0.345889235394202,0.956761796546096,0.622508554772134,0.334936268493478,0.302425137523021,0.392789309465115,0.264657211454588,0.602961545843023,0.223981791575052,0.152371835745714
"LOC_Os01g73160","blue",0.688763866368192,-0.139353117389115,-0.225511359242612,-0.552718622322691,-0.701998331566689,-0.843457204638186,-0.52420869123021,-0.315540705995317,-0.0227318754054843,-0.333489428766831,-0.352905208818426,-0.596765503726662,0.3322210382228,0.413534969894906,0.935658992161261,0.645503325837352,0.325543628890457,0.37040541912742,0.379773143666321,0.269659337296621,0.643833870133576,0.236077346926778,0.0501273205902172
"LOC_Os03g56840","blue",0.688657529841875,-0.319742080013999,-0.597700919930965,-0.793257036877982,-0.6396499500849,-0.889140153149386,-0.216033798476274,0.061549401529779,-0.037667224184345,-0.220994257968564,-0.282117775833572,-0.299082463002431,0.568236724736976,0.781002582617597,0.830181220155494,0.681043321725674,0.00694916097882357,0.341107045991931,-0.000987747939749158,-0.153640872902536,0.603435166991333,0.0559908477637535,0.0621001143848717
"LOC_Os05g44350","blue",0.688490343389261,-0.28229097354708,-0.466958874860745,-0.662124952173853,-0.572538763118002,-0.864550512930034,-0.307559899647364,-0.0365006628955188,-0.17004616231899,-0.409098580319294,-0.410711346153896,-0.476029894696421,0.398328374363222,0.626610649647778,0.863386853964498,0.603151983626015,0.057829508139763,0.404028666061771,0.248585182039121,0.071290621293464,0.694172692923604,0.215029908261966,-0.0942439286219296
"LOC_Os03g38260","blue",0.68844923128549,-0.0853167767604611,-0.263977206289602,-0.55301197413528,-0.676198182283535,-0.83523878452713,-0.453289711781667,-0.274528775691791,0.0539334404139511,-0.350210856616336,-0.38424904785411,-0.59553652789997,0.310023868554395,0.431205974654375,0.923398308222187,0.624895791269432,0.280599076952642,0.373370564497548,0.353721453989816,0.269539015843906,0.66850102354432,0.339267329967907,0.0308958520537727
"LOC_Os02g04440","turquoise",-0.688347274488302,0.246192749220361,0.686301222803058,0.599753235360439,0.597418187124322,0.871999018883667,0.0743233237298244,0.0187396855568907,-0.0668401890855496,0.210552280203356,0.43924454384595,0.429626481509703,-0.376261236882158,-0.797738731461332,-0.74393763086143,-0.692068746774602,-0.0621186765991113,-0.430428557254461,0.0115155759206779,-0.0363607104611318,-0.693909435901392,-0.291700694797134,0.168250747704404
"LOC_Os01g47660","blue",0.688308838382629,-0.18882687287549,-0.228219547598752,-0.66174628747921,-0.716985878335891,-0.846399442668025,-0.537460540265163,-0.234346982150666,-0.0141868414401007,-0.337779547738944,-0.34358592435163,-0.520391784619943,0.429024041834087,0.428611578072701,0.955987468344268,0.576902805667488,0.230144096232189,0.371143215332861,0.322122775360696,0.156696690115776,0.593948168852076,0.180688443684442,0.129128248716869
"LOC_Os08g10304","brown",0.688131852850809,-0.330702402107344,-0.707528393966086,-0.755124293770201,-0.518071481445797,-0.791985407479149,0.00707938081368206,0.232742288993058,0.0436125061781211,-0.146625240318652,-0.315544129781628,-0.107911673984409,0.663619752871744,0.840732375679637,0.665036233871532,0.586725114534545,-0.229056634843122,0.231230191832409,-0.169793540839862,-0.286295702554191,0.595981340539888,0.207785557120042,0.0651226760402794
"LOC_Os05g03860","turquoise",-0.688085627778384,0.223261058631845,0.717326190205446,0.487701517819084,0.625510805259811,0.808222822215217,-0.0320563434122505,0.127876987877205,-0.0218143486904545,-0.0201185717386204,0.356733290014116,0.407675784015998,-0.332100778881741,-0.830385014362208,-0.601502649691105,-0.824471701719113,-0.243555237513184,-0.412123909416048,0.163931480492493,-0.0176416890659182,-0.640189813252599,-0.208074316533167,0.159468709693275
"LOC_Os01g02960","turquoise",-0.687777961042855,0.272904441991323,0.452202454830098,0.574912642192597,0.693014990328085,0.838481763095478,0.305991875734292,0.217700196759864,-0.101259483810043,0.0737535795414639,0.255575425268079,0.361132317756778,-0.477399718108887,-0.61920212700013,-0.792763172814986,-0.747418043321883,-0.22822490107597,-0.235720461447642,-0.0502478930564225,-0.0562145734281752,-0.598590912077037,-0.149993817035865,-0.11822287051585
"LOC_Os03g11260","turquoise",-0.687440655274332,0.38347619639036,0.58447009610186,0.599813642640325,0.515665807589876,0.823201528005643,0.16276133613444,-0.0278648838950984,0.188549265617913,0.290653100960509,0.355708098280505,0.298677291596666,-0.39524336770486,-0.70754567226289,-0.722116037569872,-0.64611689722008,-0.00558414548828493,-0.306265001131242,-0.0944838943892514,-0.02752335176077,-0.683214085810807,-0.228310197476378,0.0946609483359797
"LOC_Os03g27770","brown",0.686860259388952,-0.290604873985945,-0.650699801453743,-0.771459009786719,-0.610895773395066,-0.884262409930714,-0.152569983708785,0.100369620540323,-0.0073652845907594,-0.23698362811686,-0.288466224392792,-0.257785392128645,0.558077643222184,0.808529453321779,0.811480977378145,0.685873682985413,-0.0557475197422783,0.295448419033794,-0.029340789438504,-0.150634835361208,0.616482176371378,0.127962004045206,0.0351852340761475
"LOC_Os05g13950","blue",0.686557736756729,-0.102896017423696,-0.195243639438158,-0.589329458394144,-0.717776219074715,-0.817284285557899,-0.519898117731189,-0.298327912178512,0.0105249601428937,-0.295071202468397,-0.36171958811308,-0.559620698479237,0.361762035842142,0.390318871438451,0.927780508749669,0.588458560549499,0.30437238974073,0.373267927014671,0.322170829282469,0.209299953584719,0.601980811151398,0.237939503389059,0.136094727289239
"LOC_Os05g18790","blue",0.68597204419042,-0.333985820885236,-0.499876557256308,-0.612318973772999,-0.642445832687609,-0.865437965093865,-0.302997635508135,-0.12971865435663,0.0335056977893001,-0.225496191035293,-0.340495617015358,-0.404735993206612,0.384354541926758,0.645684312174744,0.813083506661075,0.680127735788471,0.154633314919323,0.359418061667141,0.0905158010587788,0.0605212950080028,0.636497814651165,0.133734888081176,0.00650172341861307
"LOC_Os02g42406","blue",0.685909626777479,-0.341205853287666,-0.24903658139978,-0.658156537070259,-0.62646904575666,-0.812271077272372,-0.519375407701278,-0.118855184690216,-0.101473548902275,-0.387781686286235,-0.256398941454937,-0.327644962999858,0.473496792435892,0.442452098780862,0.893779115649032,0.55301429632101,0.069323082470212,0.169549868556316,0.306335862493513,0.0631827985497338,0.565982982253416,0.164214825614645,0.190697891552608
"LOC_Os01g70780","turquoise",-0.685758032560001,0.204765340026926,0.53847741198257,0.653619419397315,0.550889159015815,0.812624503038743,0.171458038917049,-0.0235912283121376,-0.0236500299214861,0.285917621915148,0.38714463384283,0.476248081271274,-0.440274084659816,-0.685894949773302,-0.751353044458049,-0.610410388334362,-0.0452666002720711,-0.467505319336598,-0.116155007240998,-0.00940611684976756,-0.679730971200406,-0.25771555556475,0.102252923071797
"LOC_Os02g16670","blue",0.685412810748332,-0.304058096487816,-0.215308068099714,-0.546778378990619,-0.503407455757217,-0.807049159674022,-0.585450563844833,-0.114938572204722,-0.174649459764535,-0.561820218012724,-0.302580304352338,-0.482683469744623,0.271171303718431,0.379467095328238,0.871986315084803,0.508665321393452,0.121272982841397,0.317787219842193,0.497555795585329,0.211610951078714,0.630363236353916,0.128475925757169,-0.0299593817658721
"LOC_Os08g10570","brown",0.685354640508842,-0.222268197616211,-0.73913674686321,-0.647193620153388,-0.605740578364874,-0.867508738194074,-0.0283939285624275,0.0209284231930853,0.0441005401071956,-0.0754157501809267,-0.336719926257456,-0.31318616740673,0.468423456281028,0.873332167335343,0.707157740431774,0.783144672042006,0.0886927179071137,0.359697184883856,-0.16254646728677,-0.126084982570291,0.614064114278703,0.0958505908410505,-0.0719497199972593
"LOC_Os03g40550","blue",0.684539507018449,-0.332364939726704,-0.184232575440747,-0.683291622868466,-0.709827814721936,-0.846262378955572,-0.621727588552463,-0.225031444271017,-0.0921134114855465,-0.392246017144738,-0.280724653114807,-0.477847409647894,0.440743027063088,0.404220753854706,0.956375104048646,0.57006869700623,0.213616593554477,0.332223783996491,0.359219961359704,0.131463483123738,0.574051303318914,0.106113345155581,0.19186244327764
"LOC_Os07g10720","blue",0.684296987443291,-0.0714771397865028,-0.217422289155873,-0.592097165921378,-0.697844794169329,-0.810442198692584,-0.485214269667717,-0.262056233166262,0.0275784857616047,-0.31707256377132,-0.361913313660075,-0.571998135756624,0.364915418331296,0.399689163883701,0.918483296193409,0.570817234758037,0.268270642608882,0.393568672882403,0.328579318622767,0.215352847718561,0.609815351113854,0.255179866651628,0.0773897044816136
"LOC_Os07g06710","turquoise",-0.68428144909573,0.149980134854883,0.591662473716493,0.651783271779023,0.692919965639935,0.850566548464557,0.178755722063105,0.0846717144317084,-0.259506347558127,0.0567315891474195,0.222566048966665,0.301795905099818,-0.480871921212088,-0.724012303021267,-0.76928280508851,-0.723066650000054,-0.134269850746805,-0.28599499468204,0.100869629645121,0.0613246119592854,-0.551498096091296,-0.0874211400976032,-0.0999881214069665
"LOC_Os02g49992","turquoise",-0.683908634665762,0.279652352785122,0.7190919823113,0.671222061267711,0.704257218930729,0.875512588966078,0.023209372656178,0.0532957760695342,-0.120909510062333,-0.0157322007336509,0.331223722620099,0.287472530817708,-0.545744696264765,-0.860376821750312,-0.737872053025841,-0.807054248573358,-0.114451859804639,-0.29474738131009,0.201354386921486,0.108388730741283,-0.617587249795334,-0.209280580028762,-0.0403518571534975
"LOC_Os05g07030","red",0.683816231132886,-0.204209266592483,-0.47957953364126,-0.458255888770004,-0.681202912032972,-0.868582706393998,-0.312138124040071,-0.291814103325295,0.0878971060832333,-0.109736471488645,-0.211145742006932,-0.456740453177517,0.299652843479952,0.642694179538686,0.800559782817711,0.888495297436067,0.387037511492986,0.267090937065471,0.106045785285828,0.172737422573092,0.601629018163666,0.0972879599497425,-0.0232536618067981
"LOC_Os04g32560","blue",0.683712214103277,-0.294277154662851,-0.452206250890502,-0.821975469936043,-0.648290924998386,-0.840989074707639,-0.337884359088443,0.0663718686493339,0.0397675370934193,-0.222844482958569,-0.303352867283098,-0.326878492227538,0.602434557210334,0.668846185395889,0.840052895369475,0.602658380926367,0.0357842777812027,0.38504963704681,0.0340579948032725,-0.185209160986663,0.481502093660054,-0.0352332328938409,0.129331288759394
"LOC_Os03g19510","blue",0.683596493892973,-0.378044546767498,-0.247172340197941,-0.739853546404995,-0.692118052820231,-0.851944062230778,-0.561649205228768,-0.132238678826975,8.58926305902438e-05,-0.342879116533527,-0.302328914929591,-0.413445049354064,0.523166552102245,0.469864827875025,0.945185435567798,0.561800547126394,0.130489292914926,0.321969085672744,0.279365014325016,0.0265811708207786,0.542784844835565,0.0632649169697055,0.202158474370073
"LOC_Os01g65800","turquoise",-0.683389956958813,0.356549725128211,0.300325466229232,0.636474307031176,0.576528513973514,0.816900742983178,0.47157106268912,0.0816685116086317,0.128739085727035,0.398210906292019,0.460733799416768,0.445629007871955,-0.376913374696192,-0.473333860237531,-0.836376625423886,-0.493633682770151,-0.117320006258332,-0.426570174845608,-0.267029943885367,-0.0628582916457825,-0.561399162307532,-0.0955340372535558,-0.00300676320232354
"LOC_Os03g21490","blue",0.683368915495628,-0.161952958259702,-0.40243498368803,-0.638984651424586,-0.615660780160642,-0.882386673771513,-0.405250076349748,-0.116030156224235,-0.0391068955920131,-0.419416564761651,-0.301606871422855,-0.503865810337241,0.341388439872248,0.573161023091178,0.916289544309646,0.655494355378302,0.152906531046902,0.363766430888913,0.308206074380739,0.141957255534497,0.685445539232153,0.190336510258369,-0.00363499813828612
"LOC_Os06g02600","blue",0.683052571947099,-0.29689640044067,-0.108111157498353,-0.605678777207928,-0.827439061606036,-0.820509720826856,-0.64791092561403,-0.420204190831518,0.0380119343206399,-0.196352440856513,-0.311001923365172,-0.511835388619129,0.444359753693774,0.330388051567132,0.944412335532618,0.605441422719374,0.373169178006959,0.317382857333165,0.280587978607103,0.196752789866232,0.518091470733211,0.141095968376701,0.267255300330834
"LOC_Os01g54540","brown",0.683032784564494,-0.318406498684562,-0.740745045888876,-0.719549687688582,-0.480800910814238,-0.862429008767929,-0.0334326769102807,0.218892700897085,-0.0285141433668136,-0.276769916870267,-0.349626378135946,-0.245730315904541,0.505314934552719,0.870539197642824,0.729177470029027,0.674288174005845,-0.125002098544081,0.322344207175569,-0.0244165253518327,-0.159563183190623,0.663554224486991,0.153964877281117,-0.116217106210221
"LOC_Os06g07130","turquoise",-0.682952104897159,0.319642570052375,0.433935280312196,0.632366546122805,0.763679301207369,0.813386935131296,0.32983569793654,0.189494008779702,-0.0881341866365501,0.0327799207019492,0.396443711269162,0.423366983448325,-0.482140264281917,-0.611773678735747,-0.742753719514514,-0.624136477730005,-0.243555030230842,-0.461122339007122,0.0990062145285564,0.0379405511168237,-0.435151639102881,-0.0179377122658013,-0.0846795346233987
"LOC_Os02g39370","blue",0.682873898419462,-0.172336860650295,-0.263554334756124,-0.604224607009447,-0.564943958926579,-0.790273458195315,-0.483690570093667,-0.132630733179937,-0.0710087145185313,-0.480597104020744,-0.505362254352938,-0.621048623075414,0.27728443887059,0.410829087787133,0.820640731574608,0.40396825678049,0.121647106766036,0.547114326507904,0.363486382732682,0.166654654548761,0.620923216614058,0.197454923918606,-0.0820015369041626
"LOC_Os03g22810","black",0.682675793889939,-0.0893486562709495,-0.473942297869308,-0.143288128357395,-0.393306376479661,-0.710076090977102,-0.0841284968896726,-0.252249520054574,-0.193187977067603,-0.367640415830723,-0.481774803914984,-0.54867866991016,-0.0541498219382343,0.492750697981806,0.597468082659674,0.636062586528664,0.23618347523025,0.318058226348103,0.299617236626225,0.464746561789512,0.845900092136597,0.64832332977852,-0.348233056688835
"LOC_Os04g46920","blue",0.682638027832482,-0.0631508078486826,-0.170700555739394,-0.35161592373173,-0.621946483584013,-0.790132600457621,-0.524333771853112,-0.414616909388798,-0.00494035395515474,-0.346192969082331,-0.364743728210414,-0.672872060657416,0.164979178456724,0.320973999677297,0.87076333201185,0.670611670289052,0.427353361964022,0.349807240620265,0.460804158877633,0.43501435703874,0.672194822585966,0.342283001334443,-0.0683197461586088
"LOC_Os08g42550","turquoise",-0.682500831812922,0.148546852410644,0.732931948740921,0.578935585760662,0.516036634515519,0.803521969218402,-0.0384532905897491,-0.0803543292894874,-0.211028161901015,0.110147274527817,0.383656064937123,0.395187697697539,-0.369406866289048,-0.831862956843633,-0.632464109665626,-0.677216449886784,-0.051614318126518,-0.46526700793544,0.116677645089533,0.0573123752489802,-0.630449910507643,-0.199677229713726,0.184033143215893
"LOC_Os04g16826","blue",0.682417624034023,-0.456404634651717,-0.359819924583638,-0.652728857309683,-0.785964382835344,-0.831763870649275,-0.441399089493837,-0.21333007524845,-0.0155187683293248,-0.0481465400115492,-0.213275415442949,-0.295973551914738,0.589605611629984,0.576607805231397,0.825816397353786,0.709039174081814,0.223439027856784,0.232860005825391,-0.00569710748525711,-0.0567940776001256,0.43923711739868,-0.0235149139560405,0.245886334957309
"LOC_Os03g43430","brown",0.682364548983726,-0.325867592854661,-0.737975111002307,-0.77803751074747,-0.601866819721457,-0.81940652263034,0.0343458001260747,0.176361036669473,0.07640245580747,-0.0711540818337789,-0.447646104021007,-0.19471802447907,0.638296637495553,0.876035010730857,0.674634714872435,0.625097933584975,-0.128473521485349,0.366155956790306,-0.232728071004882,-0.263240952397476,0.566426644127264,0.181730373308495,-0.00752860902154218
"LOC_Os05g22712","blue",0.68236085429809,-0.375568528764212,-0.288337527970712,-0.646248752314522,-0.758013633699549,-0.816680882788965,-0.477714347233969,-0.228169611225538,0.0233459658018481,-0.141813564582853,-0.33067576270016,-0.421917613555039,0.493968693655678,0.497865235645935,0.837576709058819,0.640374240201064,0.252735638317185,0.336081886781907,0.113915656657906,0.0404088084156559,0.471449308009568,0.0627271166263222,0.145458884295347
"LOC_Os01g72980","blue",0.682270796982662,-0.399069861736273,-0.520824389055255,-0.734084147153626,-0.594345617212362,-0.852391214621948,-0.277097827418748,0.054186573033216,-0.0610010210846416,-0.27196205175693,-0.263961881402727,-0.270757212311079,0.550197846319588,0.709412207595032,0.813264320308191,0.679076444102928,-0.00228487077231397,0.255941104927802,0.0865621954599473,-0.109628865736669,0.586170782394952,0.0850392087489549,0.0781671054800943
"LOC_Os05g04070","brown",0.682066454611872,-0.228318311436092,-0.806751872780384,-0.677701158576236,-0.433523044897684,-0.832536215724317,0.0873022947979622,0.255593078326277,0.0254678008656693,-0.25043652269305,-0.346274897720625,-0.209798934345581,0.480647952989678,0.906533366843857,0.665849415949597,0.684365455147815,-0.168880374598482,0.293841406535374,-0.0719743612263646,-0.168823743344299,0.700018090362958,0.250458723481517,-0.151575398124894
"LOC_Os02g37862","blue",0.681959306827653,-0.122309566829133,-0.198539880445553,-0.614386076832282,-0.731526793125941,-0.815927818703393,-0.510344837256032,-0.286326267427413,0.0269328893991581,-0.276888532821297,-0.359319182587657,-0.570462115321631,0.394922220853153,0.399440236198297,0.932148095606467,0.59406796099634,0.305161413218887,0.391081913476668,0.308059099928595,0.194453853721227,0.584229501364902,0.223840764331341,0.121674049512068
"LOC_Os03g44810","turquoise",-0.6818098418061,0.215932089869149,0.325771779182766,0.520987820262334,0.756987497479847,0.811112744985747,0.385309832430004,0.345532609458506,0.0776232995663489,0.0970570369781797,0.289222079608163,0.494989242604746,-0.366738710055546,-0.518046350981656,-0.815124536423726,-0.715984454040733,-0.372494437921211,-0.312366709906592,-0.130686080546605,-0.168707487051039,-0.585728787916097,-0.201320617701665,-0.104267946541817
"LOC_Os05g08360","blue",0.681579740386486,-0.110358495414528,-0.165502270196154,-0.612252232177473,-0.67100139741781,-0.776626156674655,-0.506374791628086,-0.239149177783129,-0.0129644198457887,-0.338163339081088,-0.386410021115405,-0.513893913366463,0.412444752422386,0.348777290211453,0.900491654204361,0.503056478536102,0.20139273433461,0.337319540804683,0.34522264992502,0.183504313747295,0.595041152366151,0.296855577396791,0.146203895518853
"LOC_Os02g14290","blue",0.681568043507599,-0.32666608437762,-0.421563604196513,-0.623765327994554,-0.635419295754514,-0.883994088431227,-0.395106204155985,-0.12979363338391,0.0267561024778998,-0.329180907040162,-0.260224762716609,-0.409767195056094,0.418919394208359,0.594017602414603,0.900631398537459,0.697136973830208,0.141311202764428,0.269224196303802,0.241254680053448,0.116461707828133,0.669663043623537,0.185341826940439,0.0694203720711252
"LOC_Os01g48690","brown",0.68124179093165,-0.349851753169704,-0.686918634537572,-0.78966095328367,-0.583081450899529,-0.857723153761691,-0.0859474958169745,0.16925777045417,0.0197283787146324,-0.151323762094243,-0.254666326504747,-0.15333085478749,0.649729616832436,0.846521879641288,0.759721620094203,0.697083316285187,-0.109161321096797,0.222383133093896,-0.106995980585007,-0.244149876556043,0.591382335631244,0.0850812489343959,0.0691671423003042
"LOC_Os03g05806","blue",0.681008327523739,-0.358610276021941,-0.577413235793098,-0.697817845251302,-0.644927664894889,-0.881568065890725,-0.240195737466082,-0.00378440986086266,0.0599784468457905,-0.149683013369276,-0.257063499974853,-0.316638988017291,0.538687230607857,0.764718750601269,0.812778245093931,0.761465953687074,0.115206662033132,0.329681931049187,-0.0165914018684152,-0.0983430961828182,0.548298145995421,0.000647986565949272,0.0335279786561962
"LOC_Os05g05320","blue",0.680721077265939,-0.282339575642964,-0.226060251856135,-0.690392957364211,-0.733029633408976,-0.850533489157298,-0.583069987954284,-0.232115710679565,-0.0650042633260423,-0.27956586782753,-0.215276720430959,-0.4340416769374,0.489213036963612,0.447960205503547,0.947248658071987,0.628155949157667,0.246696041410095,0.281802075217237,0.272659420749931,0.0801778182400076,0.542790633579645,0.0275989014808024,0.217102707365844
"LOC_Os06g13000","blue",0.680720247580033,-0.476081920128652,-0.326029247729275,-0.762733548257158,-0.761929467809987,-0.864761240886076,-0.501319726744371,-0.14573686406947,-0.039512602411716,-0.162254467364876,-0.241091805007396,-0.301160197415112,0.646783300344022,0.57065362133337,0.912504109753553,0.666719699840472,0.164149710396647,0.251347085070753,0.0983323384946357,-0.0744070162348096,0.476492487894885,-0.0417281830539198,0.261883107495007
"LOC_Os01g46060","blue",0.680717378948502,-0.222934908082311,0.136682828399345,-0.377551971267574,-0.596121985699365,-0.68625457283843,-0.787340544274754,-0.420389534875506,-0.198954864708903,-0.468330872366864,-0.41104946411596,-0.66634440207958,0.207450143239341,0.0735500546445191,0.860749951628115,0.435537670943734,0.398280041151723,0.391171806853266,0.635646993710469,0.427994711533488,0.550277951930007,0.233894414038894,0.0575018052913004
"LOC_Os09g30100","blue",0.680284252264809,-0.347899273180114,-0.501829696483921,-0.712618686389959,-0.591504641190944,-0.873128154859195,-0.314578510704823,0.0102461281990107,0.066964080296846,-0.315161902454496,-0.274427325911363,-0.347641180828625,0.484055889535997,0.67497166664661,0.843062537199081,0.663709118089104,0.0523542849485114,0.30378419391785,0.147950898597812,-0.0286181482772277,0.622703253524611,0.108045339886082,0.0604873593657034
"LOC_Os03g05980","blue",0.680006739060292,-0.116647457608556,-0.143980758339018,-0.536806914539951,-0.704703975322786,-0.820482188511401,-0.582981523704336,-0.355154491829996,-0.0294827543863723,-0.362618296229577,-0.347849679460801,-0.603077595679452,0.312359106178146,0.336428102691346,0.949181487364837,0.604475724029564,0.33512400034659,0.341154244967611,0.427478428049996,0.308162160753814,0.629914318757231,0.285346318175209,0.0990401598435749
"LOC_Os01g34620","blue",0.679954731670498,-0.257455937489387,-0.296280984708555,-0.424432500480928,-0.728562645827353,-0.828937260448818,-0.495633177701704,-0.431446371883397,-0.097987706770098,-0.157599068546293,-0.238758865698591,-0.536196883173919,0.243845177184802,0.462859554110481,0.817354345939946,0.735063946633476,0.445773664594246,0.33535009748227,0.200236731786374,0.246527804574699,0.585904192682517,0.0628327994245145,0.0328859628752404
"LOC_Os09g39474","blue",0.679751426589704,-0.322390034504004,-0.402160944879859,-0.573875103556004,-0.715165491320399,-0.830119610130046,-0.348216761092678,-0.210684946801642,0.177923749919276,-0.0869330913659358,-0.34483225722856,-0.439703758172672,0.475662399785319,0.603990291876832,0.813712125033617,0.704326763215961,0.266382702193273,0.401190979835717,0.0323083420576287,0.0425824427283375,0.522660787343554,0.128253892524379,0.0997384529469825
"LOC_Os05g01450","blue",0.679591038229278,-0.170555431866315,-0.29456624410421,-0.608597890861905,-0.762605637155813,-0.832524093122866,-0.430798812962201,-0.295245954120907,0.0795282046713531,-0.183179373967758,-0.356632838020336,-0.561221492295835,0.395137710862798,0.49116544525469,0.893089071830885,0.660820777427737,0.334931248661067,0.445686567795336,0.193960882268468,0.165557588373062,0.581599172254707,0.195808795217359,0.0991242269953163
"LOC_Os01g67970","turquoise",-0.679560930134732,0.113915062678226,0.476228157485405,0.54553998795342,0.557457684513575,0.811150847904342,0.218523208363389,0.108490038879359,-0.179217912928589,0.29257984442974,0.382281580361864,0.530901861211509,-0.283325269168534,-0.601343373475111,-0.765883485719228,-0.659968564167177,-0.20192617557303,-0.443049295261748,-0.195570801492888,-0.172070748446494,-0.678940353653866,-0.31504658965279,0.121812201220771
"LOC_Os09g32976","blue",0.679559772339696,-0.122777621464053,-0.132903489693536,-0.57774823244294,-0.701678481362478,-0.804119083380138,-0.57772355226973,-0.312413943858096,-0.0442195845358401,-0.347047799317775,-0.354927164698925,-0.589403910858244,0.34952751171729,0.332404753060892,0.940546611438568,0.569916402473958,0.312051211720813,0.367275079856682,0.410566280621639,0.253979470051951,0.597753191188666,0.2350975937387,0.10235856116369
"LOC_Os08g25700","blue",0.679461643859884,-0.30028900125211,-0.608337714373895,-0.694880043319687,-0.656599456492958,-0.881519726853612,-0.192503096763163,-0.0272842559521474,0.0391824126657044,-0.119881904608722,-0.225700383789263,-0.291556571141877,0.514601591679844,0.788125411359104,0.801049721554833,0.809549109362728,0.136454885172818,0.27744665654178,-0.0467933094606642,-0.100547940504287,0.572094129645477,0.0373447088273104,0.0614528020329427
"LOC_Os05g31220","blue",0.679456975541503,-0.332199138516443,-0.2582416311091,-0.537872893112894,-0.713262984462131,-0.796871239983574,-0.454754627171887,-0.286071642762303,0.13592908789696,-0.140005293425042,-0.341909680936715,-0.437495745662864,0.45786798154831,0.448688320812819,0.847347273024648,0.625141313914451,0.291650033625474,0.29998730300498,0.182568587193175,0.186499581371714,0.554472855798259,0.245943386620712,0.171654933819885
"LOC_Os01g62440","brown",0.679336273727193,-0.130493689900538,-0.77972445928984,-0.597992155532388,-0.484087974283599,-0.848943895066689,0.0294192714558988,0.110858849285003,0.00747534795128108,-0.209440085490019,-0.274311803546158,-0.306201471846563,0.357711906669394,0.87966811975314,0.678896998507328,0.777267465838428,0.00204680099421351,0.300380355262495,-0.0496043187932297,-0.0665134953048185,0.682123656839839,0.175637811380822,-0.182423521127621
"LOC_Os01g24690","blue",0.679230287138389,-0.0571723944185066,-0.281448012067642,-0.617068266034775,-0.67046530870061,-0.832713911991421,-0.446753805513926,-0.206388680236028,-0.0181009804115612,-0.342877203526291,-0.357415687620684,-0.555424396696762,0.368294230412764,0.460821021770929,0.919252458619568,0.602585803456912,0.23378809030178,0.385149130964921,0.315044627341917,0.180821695628368,0.627976228390727,0.237123448434553,0.0370107017927752
"LOC_Os09g31180","blue",0.679057312979208,-0.195467901301227,-0.234595583821303,-0.680688326334728,-0.736344946164038,-0.841881120972209,-0.522076055648191,-0.231349067302395,-0.0667183447460096,-0.297115617877275,-0.32794313333813,-0.488112882812954,0.476702967264419,0.445012529034575,0.950373394963587,0.588697780622792,0.223535169287539,0.348590570182376,0.270588002974577,0.111472775184817,0.577955416830754,0.156037514309637,0.167831416311723
"LOC_Os01g11650","greenyellow",-0.678952303697579,0.343722945748011,0.401836812516802,0.863543725777819,0.628453083544385,0.754062770004201,0.347298223604397,-0.12623950971361,0.0504844766162223,0.171837302140991,0.331672508173613,0.246858532204526,-0.701731039448085,-0.602226525765515,-0.729655887138879,-0.419929697014195,0.0705580609592233,-0.439064397621314,0.0486124888605844,0.286119445612638,-0.405370896709795,0.134453905868729,-0.166106614900667
"LOC_Os05g01270","brown",0.67886974935112,-0.286829753825141,-0.731659022992095,-0.828838589790898,-0.593547820619596,-0.855169643634418,-0.0213242303763001,0.201931474222294,0.0513679783677411,-0.125598854817196,-0.323620531605617,-0.197117972174959,0.649587096631722,0.888949238874291,0.740593544161387,0.663889052631444,-0.118059225550804,0.331661485332142,-0.173945736906977,-0.283275489596547,0.583778079801307,0.0927053373635588,0.0348611994341873
"LOC_Os06g13050","blue",0.678850779824179,-0.214454723650145,-0.342595330423528,-0.661494905151115,-0.428116234269858,-0.781478637039335,-0.396639912280885,0.0728009452540558,-0.247861230898687,-0.606495443959074,-0.443332901529537,-0.479579800872701,0.322058575710473,0.485404284372734,0.81126009359326,0.386017531917321,-0.066496690794816,0.45985986013734,0.427744492902603,0.0912314981764361,0.695730165248045,0.203686163330186,-0.135061395814586
"LOC_Os07g38300","brown",0.678732129035337,-0.291001215939028,-0.765497350723987,-0.738758285042541,-0.472591490468855,-0.855587895528817,-0.00607665478945592,0.249599533537986,-0.0463121419932545,-0.260186382029733,-0.313590814745636,-0.20118126166542,0.530206943065911,0.889550656058129,0.716862494086517,0.677743788607966,-0.160558976824128,0.287235436365991,-0.0641822768681568,-0.207488509798011,0.651521691339582,0.122727106008255,-0.102241494257373
"LOC_Os08g12840","blue",0.678391299341843,-0.240479596705438,-0.383140854126571,-0.757767061237361,-0.711134604271256,-0.863433350873572,-0.395558896157715,-0.10993350168988,-0.062635850704773,-0.257718901675334,-0.345492093767658,-0.450217744466211,0.533737334437241,0.593001962213293,0.906378561226107,0.622625331587786,0.166246247401195,0.426885369163993,0.137766396608059,-0.0119686543828248,0.57123210456823,0.0616977928357943,0.102451744526624
"LOC_Os04g12480","blue",0.678355884210362,-0.147594820302957,-0.0702793134907108,-0.667789247556362,-0.620151398684444,-0.729229973647813,-0.612672312367163,-0.160192684038829,0.0185874546434123,-0.360465404711579,-0.34740618823761,-0.509200459850958,0.428655931749533,0.292376748594186,0.862766749741936,0.420493706505473,0.204937986293951,0.420979321913194,0.374918805916353,0.0919008051608298,0.484029858175512,0.0887219450540698,0.161475946869925
"LOC_Os03g59640","brown",0.678002692366222,-0.238162429371964,-0.777234753978783,-0.780120638602444,-0.49944258425646,-0.840358246963927,0.0324170850993295,0.26041569301157,-9.05435301332027e-05,-0.208734605310733,-0.29744205878964,-0.167459258815066,0.570170273602391,0.903167351701829,0.698785228078508,0.6662523633752,-0.176507256935362,0.2826614838978,-0.126725196611655,-0.262639764708465,0.626980312733846,0.12763994600206,-0.0490519712687422
"LOC_Os02g43600","brown",0.677961850329344,-0.28943155420914,-0.673178379870283,-0.747579591194811,-0.469711705033438,-0.81414789456562,-0.0594079411416867,0.246843853559638,-0.0490449100620217,-0.249201799714723,-0.283806587235533,-0.155839561273315,0.600226076570045,0.823069911074513,0.710705030730688,0.647963533792179,-0.177054417512412,0.215351340579453,-0.0237789730730586,-0.221428698617413,0.595078325491323,0.144474007229757,-0.0238079246948712
"LOC_Os03g19480","turquoise",-0.67795486619243,0.00621103340524715,0.396135259701119,0.494435975842697,0.683448178378454,0.828182397194959,0.338319099962196,0.270456958419183,-0.106972650074702,0.187003197613133,0.171283892480807,0.525037521271,-0.277991009137885,-0.543013253353263,-0.834452834186616,-0.726355706135184,-0.322811346890776,-0.327348295129491,-0.176769309049111,-0.203614533354241,-0.629925392728035,-0.202074588313215,-0.0336872805444973
"LOC_Os03g01570","blue",0.677534455794561,-0.406081494216227,-0.294230085149483,-0.547872944550042,-0.761054439363727,-0.816765430555704,-0.466776467470301,-0.314716314436867,0.00170594199796587,0.000103236855776727,-0.144538586512218,-0.283771273059047,0.527091637348032,0.523352499825449,0.836060909680776,0.840111369754322,0.377495719160084,0.117748952859178,0.0816700838415497,0.0695230991503173,0.453562462595764,-0.0198828921605465,0.235433976196296
"LOC_Os01g16040","blue",0.67740118505222,-0.426464412862962,-0.311047503397971,-0.635202152085473,-0.680288682279301,-0.865613480755997,-0.51711467764734,-0.189082916643292,-0.136683654693963,-0.286992997166458,-0.226206745134311,-0.34237100722908,0.467009604040253,0.520387970114334,0.91000300524753,0.704834180963215,0.196558297106383,0.189644945527937,0.248912562245789,0.0682506913731802,0.561205011882634,0.0236843582018699,0.155858041944755
"LOC_Os07g44230","blue",0.677315360143762,-0.202805423521637,-0.23786094477389,-0.490348866203772,-0.661763965980098,-0.836111233605391,-0.498700290626375,-0.338193407580649,-0.0145414862481111,-0.379149955229603,-0.381808983214297,-0.608699961668919,0.231375052904189,0.399324955145356,0.905227009400243,0.61333637319509,0.313026283506239,0.374716810729363,0.400967047623668,0.33326489485859,0.689630992303672,0.343382467334656,0.0200757149706435
"LOC_Os05g49060","blue",0.67730867115411,-0.425195702119003,-0.494461751371885,-0.831092750812355,-0.728986773531625,-0.870011515852108,-0.31661734374554,-0.00294398641171495,0.0276435805783391,-0.102859304740655,-0.242015950599733,-0.221256826461878,0.695851229946678,0.721035084741827,0.851121539542311,0.690561072929171,0.048984596704422,0.262923588536073,-0.0602761002944322,-0.21607015386646,0.484889769822882,-0.0269713660049954,0.237360636018449
"LOC_Os08g09270","blue",0.677177262548649,-0.292538860608747,-0.498413959022824,-0.696230503588296,-0.587150000219568,-0.870190294877261,-0.328118292145197,0.0123658770915955,0.0453979475072596,-0.34443442874418,-0.321420213937919,-0.392525882567758,0.424009530624388,0.671188153291709,0.835296853989352,0.633999934295247,0.0743129952010636,0.409883648479548,0.118874099615832,-0.0428177954042692,0.565893608372494,0.0393809092547523,0.000151061530517184
"LOC_Os05g38170","brown",0.67714207575162,-0.30462722536902,-0.775594520163072,-0.730837598577771,-0.50614614987633,-0.835510257288725,0.0282111114651233,0.225726860838828,0.00355552501230553,-0.15695042018711,-0.333493444774686,-0.210271138033816,0.563742273391429,0.908915284483412,0.677116911636131,0.680481258004187,-0.111964019865465,0.348021563212569,-0.15145641570897,-0.23872976956381,0.595822686972677,0.0752698182937853,-0.105418974350399
"LOC_Os06g46000","turquoise",-0.677011676533854,0.117477329186171,0.739540221122261,0.327030408603561,0.432715568952437,0.801676674773938,-0.0704486544910347,0.0830666462184964,0.0166719756279963,0.259567052609619,0.412942017909172,0.46923364750876,-0.112920194861694,-0.753045170784667,-0.605650624248556,-0.717329399786605,-0.0918207028030047,-0.357888064042654,-0.100643003214489,-0.262387963494761,-0.857949304634339,-0.494032056295828,0.380487682052662
"LOC_Os09g39790","blue",0.676997203878834,-0.188965532117448,-0.400155539898481,-0.504802724383309,-0.556118770659162,-0.832201418960858,-0.347281724619601,-0.149940020434548,0.113517460276141,-0.33777552936311,-0.409460729269052,-0.525822216124508,0.2620437254982,0.532534588337328,0.816457501185317,0.618619229318327,0.203538351644465,0.38683485476166,0.298946437311603,0.225018823179533,0.645354029599642,0.234704565841882,-0.123239377055963
"LOC_Os03g58150","turquoise",-0.676955382071678,0.261694447168916,0.637765074576419,0.608478863405723,0.544924193986227,0.816874037453767,0.0674491541770008,-0.000414271114475397,-0.00854141445178451,0.255515458138089,0.494671788457628,0.492287301849706,-0.357021482815766,-0.734994180402371,-0.679139942551011,-0.581452058975848,-0.0571883681111863,-0.575302152361816,-0.0302958425786301,-0.032229140081594,-0.714885273575602,-0.291746175193191,0.212607613999515
"LOC_Os03g08050","blue",0.676909216415196,-0.0964050982304713,-0.166476288375727,-0.571048672913934,-0.713962367354929,-0.806344289473427,-0.536381183139248,-0.31212768776547,0.0035553793710161,-0.302350354197873,-0.382293767441662,-0.60721968997104,0.353756010785643,0.366264807909235,0.927803924260886,0.593340044189224,0.327949377585707,0.394516242482108,0.360010751232384,0.249466570202458,0.591400692659152,0.252878826481975,0.0863590837688287
"LOC_Os03g03360","brown",0.676663752467436,-0.353545668505539,-0.673331061968576,-0.753471293184428,-0.567645043154675,-0.837005366892173,-0.068175564218875,0.169758217091818,0.0805867143348541,-0.128873534856115,-0.283227681650428,-0.146892458181509,0.648475897361006,0.833162493449183,0.739951542998695,0.69878121334983,-0.103903461787872,0.208946248807795,-0.11045535827994,-0.231908669309102,0.564356878742302,0.123261834652532,0.0606528186307303
"LOC_Os07g43470","blue",0.676597088135821,-0.128978934020234,-0.288599686036711,-0.458687878358525,-0.572887688029056,-0.834876741070631,-0.47414396199758,-0.274192752129903,-0.124481599044837,-0.489380039364768,-0.31859806134447,-0.617263261857093,0.148064556109987,0.432452111034467,0.883726606769238,0.662184828580519,0.291208550352065,0.359661000346757,0.446134160051765,0.3285802297913,0.692881869844013,0.269096722309447,-0.119376048035691
"LOC_Os03g15870","brown",0.676574912867378,-0.362399661825282,-0.653757531620414,-0.808813414128524,-0.595821143279534,-0.846981357099824,-0.120131171552238,0.168799111952713,0.0139215751207077,-0.124493894682158,-0.232876965630513,-0.128705539608555,0.679334824626361,0.832655178596446,0.759511767670156,0.704623879134916,-0.0947314437902158,0.197259919386129,-0.114343477933025,-0.274080679268932,0.535197099499699,0.0242261464854187,0.10366206772782
"LOC_Os02g54510","turquoise",-0.676481859982418,0.0296369485872086,0.668411554393201,0.3475536969233,0.496306456901787,0.821555836427858,-0.00954971413288724,0.131732631815568,-0.163296851933496,0.221411889335416,0.365795997734566,0.451910268183883,-0.180706526060292,-0.718573111228052,-0.689958668811134,-0.785297253284369,-0.164662236410302,-0.265794975753568,-0.0974092022704428,-0.249613080440805,-0.797642582929809,-0.526279512477118,0.224872888590278
"LOC_Os07g39980","blue",0.676401857962372,-0.135255336871971,-0.159369065538606,-0.444409128329778,-0.505065776870961,-0.789214559919134,-0.585553827283793,-0.220809391059912,-0.125395215325752,-0.572621681578899,-0.325371427208852,-0.583890025143769,0.178324985292694,0.311244382608779,0.886649912764371,0.534716871248377,0.215617218366064,0.320135770009568,0.580177799822074,0.345136634013818,0.665080978018683,0.258059795163912,-0.0750329458589158
"LOC_Os04g37470","brown",0.676336368307347,-0.393644082588199,-0.664364038965431,-0.727595192097403,-0.616794713590735,-0.860341996287417,-0.130619458189478,0.0702257050285721,0.00306043506596576,-0.124906380524426,-0.267839249357454,-0.224217818747511,0.568771670940807,0.830207003599158,0.729954139636653,0.732082612060585,0.00505812484475374,0.290101625200073,-0.118108103865138,-0.193442723407823,0.571293048472042,0.0489475591236084,0.0544609338573636
"LOC_Os09g39390","brown",0.676078312940116,-0.128290830752319,-0.814049877489718,-0.530538448691219,-0.380278383362595,-0.814038128630152,0.0997560061418999,0.174863640852517,-0.0669839216986412,-0.249047217030381,-0.361870305245575,-0.315570594411774,0.298240830928163,0.892574399533612,0.602119728180709,0.743027696306258,-0.0213584915617771,0.366805747315548,-0.045135785110077,-0.054923699448298,0.691233743034636,0.196135987347835,-0.333940134736611
"LOC_Os05g11090","brown",0.676057849189673,-0.269566559957833,-0.714342826902402,-0.504264082818523,-0.587585122069628,-0.807848024590205,0.0195148578600074,-0.0445555901911796,0.114837840312489,0.043147587958677,-0.23843155816222,-0.245818880400318,0.44884038053976,0.833978417532218,0.636080426656676,0.868156797335369,0.13158137731522,0.194713712059732,-0.158609618832198,-0.0464531567303103,0.593628340985425,0.200962500694153,-0.0866810405069951
"LOC_Os05g01310","blue",0.675683212285066,-0.135112340901307,0.0407922687861054,-0.330544247947852,-0.531950864523633,-0.692561138046046,-0.692205193049518,-0.372483645486216,-0.242967702701198,-0.468526837619931,-0.440108540550635,-0.627423886498008,0.134850373406383,0.136771500264213,0.826530510775315,0.456489891398166,0.356697572411626,0.361344130794545,0.614051917824004,0.431750591431214,0.578904850363179,0.236980394626981,-0.0622927234718439
"LOC_Os02g18940","blue",0.675661728073213,-0.336135894007204,-0.0259686270803712,-0.526995901092538,-0.68365403315275,-0.77504464366349,-0.728823274205422,-0.339301864441472,-0.108491799293884,-0.412780493718021,-0.344272414142854,-0.524441361967047,0.347610856229848,0.235485567280658,0.916597168640739,0.501258136994527,0.263958087002113,0.301336197070372,0.466534373409266,0.265856893893179,0.538738025843755,0.159328932328083,0.168640786938278
"LOC_Os09g32210","blue",0.675551260644587,-0.326884293476879,-0.180309930715524,-0.482764412210306,-0.725759181621778,-0.766769437333451,-0.507107608188219,-0.385806755047229,0.124132443058782,-0.115223839067231,-0.281196502357878,-0.438990884318516,0.406771673406089,0.36549153459345,0.824282763521023,0.638337098230619,0.36918927281604,0.224463622924459,0.213013821492443,0.184032064716947,0.511218413499836,0.169915679185778,0.205190300621424
"LOC_Os05g09400","blue",0.675212222355262,-0.406968306420008,-0.521127280010358,-0.808840878030753,-0.698997467603098,-0.858552648115128,-0.275128008114553,0.0257698431484294,0.00931665236761128,-0.0970610250608712,-0.191196603128771,-0.174290905393517,0.703919767581357,0.735457942792419,0.830383126445272,0.714413854211574,0.0269830775083957,0.193742804238856,-0.0636026394403724,-0.217899273869744,0.492844557372169,-0.0172259121014154,0.220639613330126
"LOC_Os02g52744","blue",0.675147697171981,-0.410077457117961,-0.180674303174109,-0.533303526523031,-0.783035212826335,-0.790107489689759,-0.586434379475514,-0.356397096491288,0.0325212827964402,-0.0169372178085361,-0.253094284251394,-0.419040179675651,0.469025390567695,0.430621491124033,0.827631413173289,0.731605654734977,0.47395004546816,0.334524868265219,0.10747211897216,0.0966216152484024,0.377215135393604,-0.110311186664384,0.209382959736401
"LOC_Os09g12600","blue",0.675016269519639,-0.127808621720832,-0.395777226125035,-0.507972200174781,-0.635606318447114,-0.802523717853636,-0.298982265810059,-0.24922891368862,0.0423496538030706,-0.249438945439,-0.30677122368998,-0.427051839799988,0.285563615549531,0.517730061346164,0.803845968474188,0.629553412870703,0.186918208945994,0.254032532481,0.205667958411244,0.197874722600296,0.681539622492673,0.341536658520158,0.0575763558952577
"LOC_Os01g70580","blue",0.674897069018204,-0.289737348125036,-0.352243249104282,-0.490875183857904,-0.661016858913246,-0.823472843259825,-0.390179083807494,-0.262185241048429,-0.0922475903875667,-0.228925037263469,-0.42415558063825,-0.553758441199345,0.271367965125646,0.516381831776956,0.813189792022624,0.642282718712188,0.311449090811336,0.449270788128391,0.185433162162039,0.195404552549726,0.592049944357352,0.118729983269944,-0.0560742154857868
"LOC_Os03g28140","turquoise",-0.674891843543301,0.396412781468092,0.654029728866015,0.670972012199903,0.592131713115914,0.830894818227428,0.0874145218508142,-0.0502131241760059,0.0556648561674063,0.146918951660521,0.352854118140604,0.184368554628043,-0.565283456135838,-0.78080070312314,-0.718910301606936,-0.660287534143228,0.0722417308151133,-0.228496287369014,0.105870810588233,0.14297148146117,-0.590136406845653,-0.174643455672278,-0.0134525482808765
"LOC_Os03g60790","brown",0.674834061792113,-0.37337612332447,-0.720267856392685,-0.625400934128375,-0.600281297880708,-0.816089762204047,-0.0360486341356205,0.0426679993088286,-0.0330244422823837,0.0246447520184414,-0.256594194292759,-0.158741505972476,0.550757824565712,0.865972936256578,0.634135672134281,0.784068089459079,0.0377503623042217,0.231338240628319,-0.251827254947937,-0.211806688046394,0.515801846612687,0.00540431899752865,-0.00905351505205005
"LOC_Os05g05450","blue",0.674608677486139,-0.209907747868991,0.0612014082071894,-0.375551905348091,-0.612479089491914,-0.670789880480773,-0.667443870527324,-0.40329638616661,-0.106120824803222,-0.391192606542706,-0.439393234936868,-0.60550475859975,0.232453164699117,0.119528465977888,0.806698953687265,0.428648330634038,0.345953896794444,0.354306688207459,0.532975564143396,0.420344195573587,0.541609214472022,0.337786248355472,0.0623117508494421
"LOC_Os06g28124","turquoise",-0.673982822053256,0.0657214186216556,0.581146957125099,0.537917857626752,0.66720281465765,0.835567194550319,0.171436412780987,0.185603056604652,-0.10101494623883,0.0899152244095513,0.374413664302293,0.550833888114482,-0.277660362145393,-0.691124477653878,-0.702313565496546,-0.671158382303516,-0.281717772574244,-0.549939487101671,0.0236749685819269,-0.101417738014697,-0.615252691299714,-0.145375533663866,0.142177279970709
"LOC_Os07g28090","brown",0.673972131583847,-0.356995008571422,-0.694233598178659,-0.601326968414341,-0.508346876932622,-0.745283460823549,0.00236770915188911,0.120905225886248,-0.167133130379593,-0.000756965540790673,-0.285277462282828,-0.140162021220923,0.530514370493736,0.833131707236781,0.542756043510823,0.711664857146956,0.00337189765326102,0.270761343882703,-0.2254450064224,-0.241512086959979,0.487565118186145,-0.0354816947829882,-0.0963942543643688
"LOC_Os02g03440","blue",0.67359963142675,-0.23244296866094,-0.0534837991034807,-0.543658978320578,-0.675741478561215,-0.73108169004003,-0.644427787576341,-0.297416112217762,-0.150846797948125,-0.342779598277707,-0.447969695962853,-0.568720340678869,0.350931921987234,0.271612711521046,0.838872135811581,0.431952259895347,0.271097547305891,0.441858659476908,0.334564559153054,0.169099411645216,0.460646543524436,0.123977546598068,0.129395078664872
"LOC_Os03g18590","blue",0.673531408759593,-0.34666603339555,-0.216314297038977,-0.619925735109604,-0.763416396842862,-0.769896388088796,-0.434139996536966,-0.296166860018184,0.00657303924360146,-0.100683081408862,-0.349595741767235,-0.376425146004173,0.572046124759012,0.433144729202712,0.854456545337076,0.601925824716014,0.229724400391068,0.23503746500389,0.13961398025182,0.0791567385439995,0.533649883563597,0.26836370492884,0.301355158473243
"LOC_Os04g53770","blue",0.673187535089728,-0.141434495251332,-0.192629647904286,-0.486439777202729,-0.474089913707059,-0.755619117977037,-0.490642322420838,-0.162204213598712,-0.080239756232856,-0.565463159082607,-0.483719362867532,-0.626918550029353,0.169301641720659,0.318682659842471,0.829459075052982,0.432739350920523,0.162392307493708,0.441322150000652,0.55489926565895,0.328018275145282,0.702226596083677,0.345294551231819,-0.141729219510406
"LOC_Os05g47470","blue",0.673144911114931,-0.254494831151933,-0.356179278781733,-0.688155570008256,-0.723140435571323,-0.823150534455791,-0.383150139678658,-0.131830382257106,0.062447408713454,-0.138517880003133,-0.257430507446876,-0.320387234477301,0.570352549967825,0.558185853205109,0.871160361311258,0.675408413776456,0.165491820183199,0.227651946955712,0.0843886515162442,-0.012961237854978,0.511826521748534,0.132699625721103,0.209934379136426
"LOC_Os03g40180","blue",0.673139888226984,-0.0862565443917879,-0.237056267385626,-0.570956278865081,-0.697376404529478,-0.803274053477158,-0.440894097207742,-0.28572781050691,0.0551119966101377,-0.276573840504572,-0.378858749659751,-0.576203818299181,0.367597850740707,0.414941702411839,0.899233182865258,0.60714208368073,0.282918167313929,0.368589356883662,0.315027544479995,0.232629912893563,0.636254253475332,0.32838200214259,0.0761158075863384
"LOC_Os01g09310","lightgreen",-0.673131067360924,0.51809564423782,0.170301010983063,0.505012641306387,0.863846864250588,0.70246137446117,0.46308914479158,0.448680444002289,-0.0990562021216543,-0.146092820206039,0.381244416494348,0.356023537722754,-0.545470708399864,-0.383037847432866,-0.70865782951296,-0.607765349052167,-0.374821635987171,-0.269417458837611,0.0452009946332042,-0.0879232491133873,-0.384561895223195,-0.150464735504117,-0.324128706505008
"LOC_Os06g05090","blue",0.673079510567597,-0.262413189094036,-0.170191662009047,-0.697436952106435,-0.81787123111033,-0.818587311975033,-0.588793425475927,-0.317931570806943,-0.00923601048823023,-0.140963515342623,-0.285449118799693,-0.500140624875478,0.51229614746866,0.411827294575943,0.922172071758564,0.593307320303305,0.359214224435081,0.408605169993668,0.176207811371967,0.0570005339545534,0.462347078320861,-0.0352404516657106,0.253343834203761
"LOC_Os02g03260","brown",0.672873925828597,-0.181888387968897,-0.781400505555231,-0.497764740750038,-0.533445951574426,-0.797457099228695,0.11611345530544,0.00666804027360562,0.117940158710399,-0.0256295287771662,-0.41413901291553,-0.345941673919075,0.317704900756042,0.867446166572025,0.581831119986279,0.766877805848179,0.113622900162537,0.391466166472004,-0.197817651089372,-0.0528854086185882,0.630711542812383,0.228595277002074,-0.209352671426502
"LOC_Os09g14410","turquoise",-0.672839403546951,0.296692453218552,0.654866865135641,0.572824159606492,0.593554920845496,0.808353373399475,0.0989613145008719,0.062603782154645,0.012013031028984,0.0970302757391091,0.302703841362571,0.309747572592163,-0.382776724958972,-0.756264609787951,-0.641045551677115,-0.718568630479527,-0.122274507901788,-0.355597993732472,0.0991687003669046,0.0495356742708296,-0.568421768382744,-0.0469168384443298,0.116419476622879
"LOC_Os08g02400","blue",0.672676043354843,-0.21369547874695,-0.179279004248312,-0.591239888452771,-0.762365448236154,-0.822049784856765,-0.548594369826249,-0.340186205831536,0.00761251933175277,-0.234092611652188,-0.324004732401644,-0.514023540465515,0.431593518359933,0.382590216045862,0.942030268285595,0.62041795632119,0.310249223564902,0.298591716535217,0.287672024030711,0.201591759658339,0.573548721919755,0.21018236555471,0.195263586915972
"LOC_Os03g61560","blue",0.67243795977261,-0.304197066273948,-0.12047406140617,-0.675408581945869,-0.752835703572376,-0.807587191164391,-0.621655693464159,-0.286427340330305,0.00847397661431336,-0.313709466200801,-0.3525474029857,-0.52200170245834,0.447772041509334,0.336627079498515,0.943874656715949,0.497401367095699,0.253318921945729,0.386716621594002,0.329446780923493,0.148799412301979,0.545900177120927,0.166791311896302,0.237346902704919
"LOC_Os04g50990","blue",0.672191534126713,-0.172749093409725,-0.197286493651977,-0.641676808469026,-0.763412177913069,-0.839760057440413,-0.552397625180624,-0.311417802762662,0.0114612267639925,-0.272419143517494,-0.296589277578431,-0.531380191626271,0.418161162331445,0.405491954567663,0.95798632605397,0.620887307827512,0.312367597840759,0.33383737027765,0.306148462999088,0.177672837943451,0.579234972560615,0.175744249187242,0.185553610540696
"LOC_Os06g31210","blue",0.672167212394505,-0.0724906659112651,-0.0938337270951251,-0.357449908520847,-0.602229062258687,-0.771578286871547,-0.586355616698264,-0.417970178199289,-0.0684327662605064,-0.472173067964886,-0.419329750066159,-0.739725421529227,0.0664500302189426,0.243384200176245,0.886365661531605,0.55119327139394,0.407317415512685,0.426621040270773,0.571579348494508,0.490061560073404,0.696003616524308,0.393249937659957,-0.0796232940416901
"LOC_Os02g16709","blue",0.67201832756617,-0.330860618655091,-0.402059667937129,-0.755169725679813,-0.668304841168887,-0.875256638970572,-0.415572132559468,-0.0551922446344524,-0.00389736455047291,-0.298879629974313,-0.258412513918252,-0.347601552729794,0.538426644768141,0.603967753723233,0.915683678453376,0.647218161267292,0.0850853053927398,0.290217851556802,0.177254406907871,-0.024700415339144,0.571110361145012,0.0711280487146115,0.138074141351304
"LOC_Os03g03900","turquoise",-0.671435524330852,0.281644480428163,0.541095929861398,0.613423121973741,0.825015341526565,0.823356668213194,0.195915716256858,0.238684330139125,-0.146504402990465,-0.18196860650412,0.281981400303695,0.350619068997729,-0.540745865664876,-0.727234040217289,-0.721206620946852,-0.774648065151676,-0.310213659461761,-0.39401362930259,0.248356243297638,0.0854969077346329,-0.44883915247541,0.018405537704939,-0.126324964612638
"LOC_Os07g11000","turquoise",-0.67131704219385,0.419239833691366,0.445839926699485,0.693952316726465,0.636877955948363,0.835118380241703,0.329915764656834,0.0382556710778558,0.146461073684282,0.24888167238225,0.259035681188195,0.225229287213315,-0.572840437358503,-0.634266468746807,-0.826556485818453,-0.660335359409902,-0.0260416848216973,-0.182290609517442,-0.0711749059433567,0.0775035865964005,-0.544362335992262,-0.0633648698192254,-0.139355433805798
"LOC_Os01g43070","blue",0.671200573488437,-0.398324809837252,-0.209707191353693,-0.598614025811208,-0.764114725858836,-0.795507680371352,-0.593598381596444,-0.287718837256648,-0.00214179143352212,-0.0850949071879028,-0.269283187753351,-0.395042074981535,0.479931217677005,0.451746095990473,0.819975136775876,0.645997593687474,0.355101294547056,0.368096293405321,0.0859189346591976,0.00331098998581332,0.345933541600476,-0.196176232914098,0.195658285283405
"LOC_Os08g12800","turquoise",-0.671014949592952,0.213168157234888,0.135853175720956,0.402264088576823,0.71419841217626,0.815377861164727,0.630449178200579,0.476610866005329,0.0221785693080488,0.257483095707142,0.133645739646356,0.514452213339985,-0.258976004085039,-0.326999271771726,-0.911233967937515,-0.769151461141511,-0.465522420224767,-0.153792265474468,-0.425799586913824,-0.378578625384542,-0.599257160947671,-0.183862105289242,-0.144973236379827
"LOC_Os08g25090","blue",0.670987201709844,-0.163231562891708,-0.385994926049855,-0.632183861786794,-0.685995939498384,-0.825752781761264,-0.369651979077722,-0.166133209987449,0.0154039079103447,-0.217914929196702,-0.412305470900958,-0.564120401902641,0.347185046817806,0.56386517362401,0.816825851862641,0.571656970546275,0.272900337898878,0.606351105920363,0.101654894450942,0.0605060299964172,0.540576676370263,0.0334554272244324,-0.0318110884013407
"LOC_Os03g42220","blue",0.670938083404607,-0.149011279813024,0.0569815937475008,-0.353136287182357,-0.590386313097033,-0.697585251793276,-0.703323829897975,-0.433507902697633,-0.0860677340543487,-0.46781254509174,-0.434440173118104,-0.713229982948134,0.117978106578552,0.122858149488043,0.835590380781875,0.459502431146367,0.411940525237029,0.464252671270404,0.598047729590669,0.458848115648034,0.597854414340798,0.327930894340918,-0.00495516726134909
"LOC_Os01g52490","blue",0.670508759003468,-0.151162266432406,-0.0716664504996913,-0.511742920452554,-0.691509931750508,-0.797299217035944,-0.649412471424796,-0.392378758044959,-0.0893396585465295,-0.399931537999947,-0.319025138250543,-0.60758463953675,0.292106581513872,0.261587625752952,0.945867892550334,0.571753516059866,0.34317903594928,0.303282119221792,0.505655912304779,0.352543811947637,0.627361641149895,0.272699305661355,0.108794500599946
"LOC_Os06g02220","blue",0.670459302090322,-0.334347919371652,-0.345431691982436,-0.72426745681628,-0.809177128383265,-0.85397574518446,-0.418537393932999,-0.231474671990153,0.0587936312924384,-0.0972839009874059,-0.321793884650734,-0.44154269328159,0.537401762481253,0.564918402370185,0.892377712071721,0.656236234972205,0.285694696459798,0.416279026851525,0.044238623588709,0.00411195044767421,0.528388365733948,0.0547988938495499,0.210975529381902
"LOC_Os08g12760","turquoise",-0.670369177235823,0.292626185350917,0.703755217515893,0.716686884764978,0.574940876103975,0.859736051603064,0.057391229187649,-0.0863871408695318,0.0170643857240117,0.170412428548172,0.251026294936681,0.173085127284737,-0.56703031709934,-0.833494130276102,-0.749891510017577,-0.733219732637394,0.0758088947292306,-0.165296908258814,0.0864792565596001,0.14838097405143,-0.650439786418416,-0.211741931949045,-0.0465057690314045
"LOC_Os04g38950","red",0.670320734690232,-0.339906644964266,-0.324162518555389,-0.407262198582043,-0.73476970657487,-0.747913800649168,-0.356560562100158,-0.366622774912446,0.108440375378327,0.138791809327292,-0.251794053628863,-0.357383778067743,0.453303820210471,0.524487587233734,0.704452663302006,0.820975891488469,0.423679536841378,0.192673609411658,-0.0137971347672062,0.112424744676079,0.421400969390263,0.049644239128953,0.112476383197012
"LOC_Os09g08430","blue",0.670238125959566,-0.137799564039896,-0.270158438062848,-0.634084800989255,-0.71320888770754,-0.829571186425691,-0.450464654669469,-0.235535024440739,0.0512060779146851,-0.272518787552392,-0.363404202803903,-0.533752410378832,0.409970755058049,0.453810647051771,0.921874766120978,0.596155099748456,0.25090943108278,0.383872378218134,0.264415026815113,0.161840176342563,0.603421610526018,0.218138277685037,0.0956597576693528
"LOC_Os05g48310","blue",0.669974418558486,-0.0406512118868084,-0.109370473309594,-0.453042779992935,-0.646154013253746,-0.779568331822577,-0.578916905060159,-0.366352318464533,-0.0362215047241311,-0.401958559988829,-0.39283031173826,-0.681978855747168,0.213586252252531,0.289307143530354,0.910240288116479,0.554054627236546,0.363478137287063,0.430837933742874,0.478702187403505,0.369181113034828,0.63145010452388,0.302448732088132,0.00202694469362287
"LOC_Os04g56670","blue",0.669870231036026,-0.14511097018368,-0.209700021113662,-0.632056821894508,-0.748264165671616,-0.837015911154931,-0.549306399699818,-0.300769094610493,0.000648868425847736,-0.284926892942053,-0.244936189507362,-0.504128417872606,0.409485197977883,0.418012637251582,0.950905578005417,0.64275377751944,0.296358899443946,0.298003955597542,0.296927991434102,0.164934447938938,0.556590185527247,0.146478802608928,0.18221559745753
"LOC_Os01g58450","turquoise",-0.669729404638487,0.369848539089809,0.480387109799125,0.64791775136297,0.742016236295964,0.843415256375209,0.277394512619252,0.17222610699105,-0.0622825315807765,0.0676099832638179,0.237359405802052,0.281541950457166,-0.548262452308344,-0.672266189671694,-0.798801624122261,-0.770120833986586,-0.183969638839215,-0.209276986575166,0.0288425890825076,0.0316028893674291,-0.5503209686695,-0.156074602268872,-0.193015192311291
"LOC_Os01g40110","blue",0.669692485785003,0.0163499284221917,-0.206367400556528,-0.574451098684027,-0.566023571883898,-0.744667039449718,-0.489168397266288,-0.134866982465617,-0.0842455677254849,-0.378473748809354,-0.37039907600106,-0.564711839388028,0.315824198872387,0.381587941552359,0.829978732293388,0.457460224328584,0.169825155807558,0.453189531505616,0.379280040152237,0.173177323266507,0.57183019490901,0.127832535018434,-0.0475924402824015
"LOC_Os09g34010","blue",0.669652500509797,-0.374315289221918,-0.444950759063194,-0.782838247877616,-0.701610177327521,-0.839043088072975,-0.322384340769117,-0.0433863673331898,-0.0369848778922002,-0.188060800900282,-0.299064511235211,-0.315650789013398,0.630280197522274,0.650725543945954,0.842684582964579,0.627815327218714,0.0323965523692357,0.303122879604646,0.0406749710416718,-0.127849493489715,0.547752221805164,0.112505129950035,0.176727821234249
"LOC_Os02g18830","blue",0.669539801462195,-0.190158085821876,-0.449221106191158,-0.659398908319194,-0.788659835848935,-0.835442087029189,-0.282432531648397,-0.242423801263285,0.0950792236761829,-0.0404516958309237,-0.367496506186138,-0.495936352719332,0.441454694888106,0.630348132035963,0.804821272428892,0.670492425745356,0.29696885044904,0.493393003940877,-0.0079500047264394,0.0449359319321119,0.558414959127248,0.144568380113831,0.0647259693690724
"LOC_Os03g05200","turquoise",-0.669148970225567,0.263475672899418,0.659723478108975,0.690030418144346,0.703111989925139,0.829149986457607,0.0427005332071064,0.0262264877642628,-0.237052029949598,-0.0797844194387366,0.290003656531443,0.203065697653473,-0.62982632319124,-0.816626458420217,-0.715874742730651,-0.757242501486382,-0.078954970952579,-0.23425559399045,0.227982664274637,0.16100732743238,-0.544380350910904,-0.183286182838736,-0.147058936523692
"LOC_Os03g22180","blue",0.669069647187928,-0.121266141817675,-0.205472239474383,-0.55723020128887,-0.715665980429585,-0.829567346427996,-0.521271537306342,-0.333494697170963,-0.00238362191885249,-0.31447629231065,-0.360210443400547,-0.591062638299418,0.329367545889954,0.390961312767303,0.931724156711639,0.626662744939435,0.33691032775662,0.37158130685181,0.355291280171006,0.264722287424979,0.626507022856245,0.254955885103208,0.0795233920660466
"LOC_Os06g03780","blue",0.668962210025931,-0.0882200644684845,-0.0789096094359497,-0.4592124281529,-0.571982423837829,-0.752105100632398,-0.607233523715299,-0.30988849487678,-0.0272387834011119,-0.526215589923454,-0.370367559537301,-0.664913368150071,0.186007344153567,0.241992243754998,0.886844059351742,0.486612616174047,0.27787467113382,0.399874654499082,0.568531673770345,0.376193836299741,0.644081968572616,0.351047216678144,0.000171383346818055
"LOC_Os01g50690","blue",0.668929319354539,-0.278838020888621,-0.490057868319733,-0.673242911852623,-0.578212227417311,-0.85164561540907,-0.270163319651652,-0.0243409937570068,0.0689777666593328,-0.305501965103246,-0.255699500551725,-0.331374925665457,0.446072845876091,0.643887150240132,0.846105246998058,0.675005719619566,0.0326411078124279,0.205198817473589,0.174123688623351,0.017909039595755,0.665017122821763,0.240259596754201,0.0863906833538832
"LOC_Os02g40490","blue",0.668876313447371,-0.164886182722706,-0.195231528796519,-0.485988585214452,-0.712560750575071,-0.813522960225051,-0.506843155093769,-0.391695945306129,-0.0136250015564875,-0.261439873948869,-0.334223557921451,-0.566409724879446,0.321355870982337,0.391023749903919,0.902836261629289,0.689906765607144,0.380074380471136,0.297285759507204,0.353064928846395,0.32043516341537,0.635832410954199,0.32482403574127,0.10648770891276
"LOC_Os03g10410","blue",0.668633228929272,-0.104023376855251,-0.0916630475836505,-0.407795991809092,-0.594333665151883,-0.762275859775104,-0.627684919030649,-0.340887349689961,-0.014011763767461,-0.403179224221943,-0.317806381835749,-0.626054638613418,0.189314346898092,0.28833034888686,0.859201296523988,0.602667267464424,0.380166809303043,0.373576799333137,0.49249919248197,0.363181150053326,0.560812232250963,0.211028527240416,0.00994721031901444
"LOC_Os08g05530","blue",0.668596750057066,-0.0987302607029212,-0.186009208173783,-0.532372462992934,-0.766748652144077,-0.815871882156141,-0.531927213299306,-0.409529804874902,-0.000309734024916193,-0.250035664651103,-0.392226169203649,-0.685218257661903,0.274445378619852,0.375259213697831,0.898869554309384,0.591690024376971,0.43755888496954,0.519694860371736,0.307492167126976,0.2873651797014,0.589972087993474,0.209407474162808,0.0488600054026673
"LOC_Os02g02550","brown",0.668138022090188,-0.25389515987089,-0.878045654086762,-0.591255166758206,-0.488501305765466,-0.814803150974173,0.168553831727001,0.157843364787873,0.0302773138315161,-0.0549826835284218,-0.32329832710677,-0.181669923220688,0.453243720912828,0.958814292444323,0.571744645999419,0.778910332150978,-0.0633886571556435,0.266562880545673,-0.254960289141618,-0.186345690772975,0.63921366116187,0.189756278710378,-0.167527372868207
"LOC_Os05g31000","blue",0.667895440929717,-0.119138650284593,-0.103407138854339,-0.506364878556627,-0.660998575117147,-0.794544256825161,-0.608268293475755,-0.349436832890674,-0.0555133098028771,-0.434748826306239,-0.415939738607516,-0.670502797791372,0.244956438426858,0.285769115094534,0.924462903761171,0.536889057577323,0.338627262089973,0.420264226797472,0.48195409752131,0.344272958972781,0.626208705413918,0.295954237926754,0.0348172153568762
"LOC_Os02g18450","brown",0.667787150244715,-0.0587286917073092,-0.731046833171235,-0.54551302682136,-0.497278696620431,-0.796741837123316,0.084604473182577,0.0366160314857213,0.0740398603407042,-0.134073194020994,-0.396158309906193,-0.406616716689556,0.31141388264398,0.823962140242283,0.627563221860224,0.749332884876685,0.125370557895903,0.421182192957748,-0.0652468462636917,0.00304372657762602,0.682929039222047,0.2861596640029,-0.23213220708649
"LOC_Os01g41030","blue",0.667705133066703,-0.323346329249148,-0.0861718203769867,-0.590690356860069,-0.816068424906699,-0.770113321117868,-0.610308577346129,-0.400297976337684,0.035131263667489,-0.0964470450594092,-0.363478855199043,-0.507603630289289,0.495107594939321,0.318353906932738,0.891874451969056,0.578463436358798,0.399170388474389,0.365678437602529,0.200630749357154,0.148578104550892,0.436188990300226,0.0876231127205955,0.244895868190371
"LOC_Os03g22330","brown",0.667635144631952,-0.243653534237456,-0.769615015499355,-0.747725202432146,-0.596642572867371,-0.816125773576746,0.0750775478473103,0.157512604108086,0.118103609761897,0.00940865292604624,-0.378236900623543,-0.23103872512419,0.582370950156353,0.912566031846512,0.653346467466057,0.692853888385852,-0.0188740132479343,0.404082439484078,-0.280415077266128,-0.267161297635367,0.533894765071848,0.0733675944326959,-0.0546572914685498
"LOC_Os08g04010","blue",0.667502962981164,-0.217016952112616,-0.279416456955292,-0.396901727422718,-0.540287390865021,-0.805035676997041,-0.486154029385552,-0.235896701107283,-0.060831060516633,-0.367696392802228,-0.233073991863796,-0.431297832400152,0.243547982987517,0.436481805140763,0.828657518822969,0.724333878873851,0.29143951558433,0.20345265847815,0.387668464246676,0.27935771946436,0.603021067070589,0.127379741709044,-0.0335025031814966
"LOC_Os07g39270","brown",0.667494571986115,-0.328775065187438,-0.735626901511818,-0.694653944469191,-0.649453039107664,-0.847929335764999,-0.0153872084409277,0.0438001624248602,0.112365531101471,0.0318530004048045,-0.231427252946828,-0.157434048126534,0.603681829096502,0.881064644703445,0.703095750995067,0.799177167609762,0.0172264358421838,0.190630173072356,-0.249141726951398,-0.223835879372014,0.535507468966002,0.0711586442468948,0.0632270167538662
"LOC_Os08g44200","turquoise",-0.667469911386409,0.315584668439139,0.562118618438349,0.662282750806114,0.659645107999916,0.885158305967487,0.240418386585586,0.088751709246169,-0.0559157934103263,0.188825958016928,0.193025986536825,0.324657834388535,-0.457835106412241,-0.715126498317234,-0.839060540934298,-0.786260463425521,-0.147859262334252,-0.234160196675575,-0.0645250905452065,-0.00633039487389416,-0.636696870181964,-0.11228264448009,-0.0451941389213642
"LOC_Os03g31300","blue",0.667382688930008,-0.153370719231599,-0.37060161466602,-0.738969909333997,-0.65414614043988,-0.818414460239936,-0.409275863401525,-0.0461417320628154,0.0649124399294796,-0.22123608847316,-0.296683902527317,-0.44150057510949,0.487276587654167,0.584622725818618,0.835900210708756,0.595277591896058,0.170160467211868,0.450123442174057,0.0919643686360741,-0.0775724517825331,0.458102999036981,-0.0619214879423304,0.0935678208690068
"LOC_Os07g08330","blue",0.667371034979609,-0.12137328339349,-0.193060673574588,-0.58357981390366,-0.70934444167745,-0.800341975357162,-0.496952538853671,-0.29299485948744,0.0365708285782104,-0.28533811103222,-0.348825509858971,-0.543358599634563,0.373308273863518,0.378176520972782,0.918512118491702,0.590105164209025,0.292609879851313,0.337947252030515,0.333930870022174,0.230249655638933,0.602921410511921,0.268427055388132,0.114742692512825
"LOC_Os06g48780","blue",0.667254419139686,-0.151450752497377,-0.175528174742023,-0.610591499993959,-0.741274770650043,-0.800486000740245,-0.532790060950817,-0.299495294036992,0.0276267278506933,-0.234098698908162,-0.356687203769624,-0.512403905523967,0.432671492902338,0.378320393712977,0.917673572744049,0.578427828140539,0.285628501957072,0.333751539836901,0.290017681097961,0.185312638931855,0.540198013694422,0.205812510524386,0.153652040864775
"LOC_Os02g57290","red",0.6672422351545,-0.207164923850135,-0.497865539500386,-0.234032695998007,-0.650455398301069,-0.80918534119101,-0.20818059983044,-0.442583932195274,0.0589085509497537,-0.0425081681906311,-0.2352081294652,-0.530631547257742,0.101156872461486,0.609264301875205,0.681041419971278,0.942896461462075,0.521576360774767,0.269206164492405,0.102454711984124,0.351406314190215,0.669940140745229,0.280271301232102,-0.136430308514637
"LOC_Os09g31280","blue",0.667239872049079,-0.352987046121091,-0.431931787275297,-0.714829116595219,-0.725824227966853,-0.834291746060015,-0.328225562571852,-0.0788833924876961,0.107511796049632,-0.0745003179268754,-0.28593893633796,-0.28210682887121,0.623084368372389,0.653346458174366,0.830693835493052,0.66725820105913,0.126967502284172,0.275507351484238,-0.0422946291642229,-0.128676540465648,0.471285789521991,0.060986508087278,0.235435859064025
"LOC_Os01g16290","brown",0.666829919339397,-0.266326017247202,-0.735001324339546,-0.630621341487981,-0.57645849231464,-0.842673295016497,-0.0386602700889253,0.0432061336528928,0.0129612035941912,-0.0468886122051269,-0.237183370714693,-0.264676600327804,0.459686804570188,0.868829028278351,0.668719108272855,0.797138548127125,0.0865450446382932,0.306850607015677,-0.165914897346656,-0.157566534936026,0.566195171383096,-0.00242817412480498,-0.0873195187176734
"LOC_Os01g56620","blue",0.666768967223506,-0.393173783757394,-0.334304220433762,-0.755025154758387,-0.802086349938037,-0.867372776521999,-0.480842304450542,-0.197898536258528,0.088321149423636,-0.0943966016594646,-0.201927678211847,-0.350910057036231,0.626670156648378,0.57536110781702,0.913713667882649,0.697214368767624,0.235248852890327,0.288963174015161,0.0562055802765413,-0.0621414305158548,0.472961568151358,-0.0478053495343883,0.298710508284766
"LOC_Os08g40160","brown",0.66657822972108,-0.116859341810427,-0.792641616385302,-0.640462856740418,-0.476562603874641,-0.760448965369493,0.136837559489569,0.20102071944428,0.0811866244706543,-0.0934301949758243,-0.483138929444267,-0.368007955790721,0.389989984517416,0.87808900389867,0.541987594653259,0.566745455501571,-0.0273302415950281,0.625459723002405,-0.228706234814974,-0.186737221634561,0.583568475166426,0.0991368002486951,-0.284466773888837
"LOC_Os06g43940","turquoise",-0.666200902049917,0.0721719469363492,0.451508868754678,0.650434846797215,0.693334083355878,0.831889527494673,0.281549270661302,0.126736293125751,-0.180714643891453,0.121165878523723,0.386649934644997,0.425771051348252,-0.481296933571736,-0.615304729526091,-0.822238499375787,-0.6367435473088,-0.158883851199177,-0.354475080781306,-0.0332425066347487,-0.00669755857464714,-0.560046216904289,-0.170558711857167,-0.0923382104555441
"LOC_Os03g28410","blue",0.666039093281427,-0.261548292545606,-0.156454887224319,-0.67248330994111,-0.752173725219075,-0.807913407719457,-0.578230223918668,-0.275926668335352,-0.103417462363745,-0.291471148859438,-0.319214079798537,-0.446371602153183,0.485786847945556,0.369576231158519,0.93863957312652,0.534020798381675,0.210896140538146,0.285459017436747,0.292432118565133,0.119262963977514,0.550658086694661,0.166946877366802,0.25165461810846
"LOC_Os08g04090","blue",0.666026323139452,0.00800414663969371,-0.300890917084029,-0.468639151839551,-0.523025446983966,-0.798583868829285,-0.415760561209465,-0.18551502955039,-0.0726280719816734,-0.517072132828464,-0.381077537066673,-0.602798446701262,0.138513038581313,0.42608661490604,0.842722145103291,0.544461259037656,0.181779579394635,0.379438613288898,0.444391817833588,0.313965712396977,0.703482638560337,0.379816097775351,-0.116718736053243
"LOC_Os07g20580","blue",0.66591280831045,-0.0841086379417913,0.0216929301750644,-0.388926785898525,-0.574182334574556,-0.719829762276997,-0.689406502356195,-0.372215253993044,-0.044615719176819,-0.492215316466871,-0.407166590642013,-0.685086888504218,0.159471731788598,0.156288671604577,0.874980699563157,0.460298943645101,0.358226688256003,0.404253230948974,0.588450031612123,0.424210985453878,0.591273617036457,0.307090953312939,0.0075632955754599
"LOC_Os03g61600","blue",0.665503263191719,-0.359063012890571,-0.240570546132564,-0.720095304710031,-0.772790675715525,-0.845489600557325,-0.527722810545948,-0.235261113918514,0.00527396497368586,-0.201153485494174,-0.32653763284909,-0.436194466456308,0.550296107887447,0.474899246962358,0.938946735981469,0.616063781116561,0.241706623147995,0.322888386534258,0.176155992922869,0.0290224041745205,0.514233590060738,0.0859808549515328,0.25694686382813
"LOC_Os05g01470","turquoise",-0.665469031975686,0.304622019581238,0.752039926426321,0.673947571195112,0.625233776968285,0.846487538663254,-0.00623549122603145,-0.023509585522901,-0.0647688743275554,0.0584776866638885,0.24981767955364,0.180192228618298,-0.524322632212748,-0.857540735813378,-0.685587734592633,-0.750466882855419,0.0214888790966565,-0.198791924443663,0.183518340678686,0.138701522821339,-0.634833028278917,-0.214107575643506,-0.0304498484116695
"LOC_Os04g38914","brown",0.665433144980472,-0.0534105934378537,-0.872576007019648,-0.379305489424848,-0.244754020272464,-0.71118916926112,0.299863495146936,0.227768217343138,-0.0505750360909508,-0.249334571160014,-0.469509676190105,-0.292007332907775,0.194195896362919,0.867960730055963,0.430883913801604,0.635200094028993,-0.138413227677526,0.355494560002382,-0.0607651548872358,0.00121249367985476,0.774816553271106,0.428155650657044,-0.469143927646445
"LOC_Os05g41172","turquoise",-0.665272778411457,0.237157120319094,0.398626365989531,0.614332098592038,0.525607906453756,0.818494106091139,0.346722888741117,0.0235791477682312,0.119439283881279,0.368832694735491,0.326269962025288,0.426764239885637,-0.410275549986199,-0.580909439313921,-0.825548880962197,-0.615584951626073,-0.118999273772697,-0.356383703441623,-0.251596692172844,-0.0756304484328224,-0.604421794232252,-0.138914207412684,0.038355205733605
"LOC_Os02g30050","blue",0.665117979665984,-0.246680777077325,-0.277854031954108,-0.696304783108538,-0.759139469797103,-0.832723436602362,-0.458540493266636,-0.224883814459011,0.00211574710042032,-0.213195317894199,-0.348429709786163,-0.451569035810777,0.512974696403259,0.479192330145324,0.914780237208696,0.578059513222591,0.212335899494378,0.357143482133317,0.183082755930563,0.0712380853199154,0.564736124555656,0.155728392069761,0.183075853344695
"LOC_Os01g08850","blue",0.664749300251887,-0.204462619773571,-0.0815420519056837,-0.410002541113747,-0.694063590584664,-0.775123327706502,-0.625992693383743,-0.450113090772478,-0.0836627938128938,-0.289105894147528,-0.348808234421328,-0.607826013953341,0.234341252490743,0.273219397624732,0.885124916911675,0.602369952952744,0.435669764582864,0.350755833441173,0.44300579617559,0.386274763486876,0.589573692292654,0.228086696553029,0.0401890905953608
"LOC_Os06g41710","blue",0.664710899150801,-0.384035802373919,-0.447036859278617,-0.625718042869684,-0.647392108044364,-0.820575585602141,-0.303084487178262,-0.137342043780445,-0.135982162563412,-0.202901345579428,-0.157127558714495,-0.203925191760062,0.531911434225159,0.615273362072425,0.803906292962397,0.728928226797855,0.0658310851264216,0.0380814146238214,0.104991258190149,-0.0133173597907139,0.60545470345285,0.200964489241934,0.202826821668851
"LOC_Os04g51410","black",0.664710397177089,-0.0182573282872168,-0.342567205930288,-0.114755077817854,-0.159327652090358,-0.640927424506052,-0.184875391044306,-0.0700071916043819,-0.221394284289457,-0.728180946151459,-0.605902278531498,-0.655886088452259,-0.163191383957689,0.348723024973597,0.57180599670585,0.411084137540176,0.0798767297208304,0.460135266687097,0.633085467650969,0.555736127005697,0.895462828861424,0.717337274464551,-0.535977258358137
"LOC_Os04g23820","blue",0.664666738026528,-0.274955444295217,-0.599278741722171,-0.68524081166457,-0.751032543659971,-0.87760741719919,-0.178621623765406,-0.114584593654315,0.150776216050464,0.0150910599937066,-0.264162223026518,-0.338094113742753,0.540908314908001,0.779972731421149,0.804318444697549,0.799089034897975,0.21461776487188,0.344744555639936,-0.14872686949215,-0.0914308155624164,0.531027004417357,0.0456933065715581,0.103809426528442
"LOC_Os02g30630","brown",0.66463905535969,-0.164871782366663,-0.809402519351701,-0.712806581144387,-0.545815039008309,-0.827617423108595,0.113419875394875,0.165674904099679,0.0972260192679534,-0.0766038505871746,-0.351363404785348,-0.229072575151796,0.518877279241649,0.916949110938196,0.66491674273291,0.717734724410452,-0.0688136705693325,0.322705786287164,-0.205796085603818,-0.197910900517535,0.625930537667026,0.193329855359385,-0.0986873922490174
"LOC_Os03g48140","turquoise",-0.664052410549219,0.426393866936853,0.544416674434853,0.802615356568741,0.767855181319819,0.834453620520511,0.204321525953385,0.042206124039845,-0.0526678238199233,-0.0404385369699288,0.325435747691452,0.246240495684033,-0.69341201249652,-0.751506093999621,-0.770162544672321,-0.654168118524465,-0.0918530377756152,-0.367123006456678,0.211616110641034,0.233236562633772,-0.468626838488324,0.00480027761520699,-0.20743566921092
"LOC_Os01g70570","turquoise",-0.663933039037973,0.31238841162411,0.605579662958893,0.719110540115706,0.728480421270058,0.821696266969472,0.10007788624259,0.0546340321334506,-0.150009602558974,-0.0238817047709639,0.41999648749729,0.404414868455067,-0.550064581345163,-0.77031939993482,-0.712274623331158,-0.641568042996175,-0.134871864632066,-0.505051936982674,0.180263193655837,0.116085000696133,-0.560607520802457,-0.14072364918064,-0.0335412849482137
"LOC_Os02g27769","blue",0.663880311398887,-0.0862924944163827,-0.16454068789157,-0.552441418900112,-0.687020839765326,-0.79957150645024,-0.555673633823968,-0.307728786527061,-0.0343160908512105,-0.309483706038213,-0.30585194471083,-0.532724865909582,0.361450389531668,0.350910055524834,0.9167271362617,0.609288753902597,0.312988764491407,0.305414828049046,0.370277229392836,0.23624569909482,0.566791305739196,0.182120864866906,0.089803584514199
"LOC_Os08g05790","blue",0.663785221446082,-0.375039342345171,-0.606351535477541,-0.705671774951262,-0.599951206086545,-0.880275464548303,-0.193764620968148,0.0220416940156948,-0.0284440126388172,-0.258869580103148,-0.250760233978437,-0.283200981710885,0.493875205466216,0.760380694498134,0.812426136017144,0.714914086736757,0.0007885188527872,0.242029653640039,0.0544088087215573,-0.0712868201419291,0.652227939233452,0.156429904547498,0.046876164875251
"LOC_Os01g25610","blue",0.663735573032593,-0.178903517808623,-0.159712073152141,-0.599712729297222,-0.746251540384534,-0.81594952116347,-0.565870178752444,-0.321778959727593,0.0626580431396611,-0.253047520697024,-0.303899951228681,-0.510437214704156,0.423549878855692,0.367481674251729,0.945743791589904,0.604224711750245,0.31062928841729,0.296646903175437,0.31707379519583,0.19789070363954,0.552603886559893,0.185553948604164,0.203753872867836
"LOC_Os08g20636","blue",0.663713567770237,-0.41640410891013,-0.0886603346863231,-0.449679042170138,-0.67481760008143,-0.743423193239051,-0.614762830553174,-0.380398084665285,-0.0591661351133246,-0.248977634188773,-0.170513003391317,-0.444113362215303,0.358099915426153,0.305521548723316,0.838383524298308,0.641711952409184,0.356348225458639,0.193751814436295,0.366647746252561,0.267769680517131,0.515497661077897,0.172068029744055,0.193902786135307
"LOC_Os03g01900","blue",0.663712598679571,-0.0977357613583673,-0.264938886817511,-0.630419559590484,-0.76119078954724,-0.812846758115135,-0.444214883021473,-0.273039275736034,0.203242946411789,-0.137654265179418,-0.327409557426114,-0.510181303772771,0.466412627866621,0.465526625501285,0.89428197316911,0.639659813745552,0.311164484790322,0.377607123577154,0.180545840650987,0.138986701795785,0.539997123224762,0.169349827609222,0.163240482858412
"LOC_Os01g48060","brown",0.663501983187927,-0.473255794013756,-0.66580876898987,-0.650890989614915,-0.635005696751214,-0.784426986276133,-0.0364290067242639,0.0156463340136148,0.0402185261502951,0.0530967728070688,-0.276444315243669,-0.0929453681455922,0.621533195578744,0.811649528473984,0.625612921417601,0.732956446149026,-0.0024427507459685,0.160903355209378,-0.242875212989758,-0.211473203079636,0.511628112355253,0.0992491768750632,0.110650496875839
"LOC_Os09g38420","blue",0.663309475313883,-0.292510261394568,-0.583318465723783,-0.757566738122733,-0.628347679699697,-0.878032495161919,-0.232351403893101,0.0455570225372549,-0.0105783082304312,-0.198026706916806,-0.193740429120661,-0.265611038704237,0.554186244844585,0.764450149617653,0.826068686850692,0.730108299497389,0.0394337058091505,0.258495432353135,0.00332316190792261,-0.14404135148812,0.571135781836347,0.000508336654749219,0.0812364110293427
"LOC_Os03g61030","blue",0.663192580530168,-0.378354000871354,-0.417938164939202,-0.706550914000801,-0.712997931447521,-0.869859225973546,-0.407356096570672,-0.124219520388297,-0.0350803939531134,-0.157200879629836,-0.18961758617481,-0.317332158063409,0.550888445808236,0.638916374465864,0.868078485208071,0.760029892853283,0.199986603017838,0.240262499556399,0.0779069272010758,-0.0501758259847387,0.513252421784422,-0.039393754634429,0.168942494586437
"LOC_Os07g15680","blue",0.663097709458099,-0.270416171149447,-0.122505311960682,-0.471550887387096,-0.742068230992618,-0.767545339528527,-0.611729386956221,-0.402497274613952,0.0325922107662469,-0.155029529919787,-0.189912442740237,-0.444119162642277,0.379191134946191,0.337878840482467,0.852499841993397,0.669299405270198,0.388744429644881,0.236557898381607,0.266913839666719,0.230875556807171,0.465717984335905,0.0821339679770767,0.237255244330405
"LOC_Os01g12220","brown",0.662947498619828,-0.190708916268824,-0.797321440439884,-0.563602061204376,-0.398207503880884,-0.78349695139086,0.113723913018106,0.190414313665781,-0.0580236568464899,-0.208077156908682,-0.295219830550169,-0.212663531410046,0.374874598283704,0.880506768069838,0.583837544553024,0.730548724184253,-0.0992575157433201,0.237402665363758,-0.0802000239805814,-0.120625471268487,0.679040498839305,0.263923071914869,-0.204292001913429
"LOC_Os03g29740","blue",0.662910481519839,-0.153630230177278,-0.00887706975966676,-0.525205564628609,-0.706133869791546,-0.765535834335166,-0.713058827221265,-0.396700724754603,-0.0393125176217032,-0.35503078743018,-0.260365595886278,-0.568647838236934,0.311074812044678,0.218398260357691,0.922062923628134,0.51384357165392,0.358450834869426,0.328756820297838,0.455049263015279,0.285839811744034,0.523497302263889,0.144449848062267,0.192013946954815
"LOC_Os03g63400","blue",0.662590518788765,-0.131282241245008,-0.160222714805947,-0.569731745330294,-0.697593489546221,-0.813502639964007,-0.566252320151045,-0.316441003344094,-0.053976375723473,-0.351990899241619,-0.314160374175817,-0.597190743693566,0.322594565953,0.35516725969089,0.940538656324416,0.595869399261008,0.332727884087121,0.373169983890269,0.391448198642389,0.26117782730381,0.60508972753169,0.203412477694349,0.0985375463559314
"LOC_Os01g69080","brown",0.662511839406335,-0.189988037164682,-0.785150498122368,-0.650576025608633,-0.574912442401063,-0.838532457158195,0.0774326892825042,0.0684741168019747,0.0671330574065945,-0.0486504046118954,-0.276852519809489,-0.279287027959065,0.467668761214869,0.90447660214541,0.676114289912513,0.797301578964727,0.0444840835697613,0.312231102774281,-0.175687157255754,-0.133912923867354,0.638264819153871,0.175025347495767,-0.100115435943624
"LOC_Os02g33450","brown",0.662468986993268,-0.250491334854722,-0.778574679761408,-0.72697145894223,-0.590145425361534,-0.84396110647424,0.0516385697038224,0.137412511408042,0.0876433665825093,-0.0335882523090531,-0.294674770485844,-0.203595228151186,0.579276415162439,0.918919432785925,0.692615976461621,0.766343999345949,-0.0193496517772759,0.291350751123061,-0.229001448066244,-0.23309599573514,0.572958384285345,0.106671163382184,-0.0255853059090014
"LOC_Os07g47420","blue",0.66212780550728,-0.114283490195352,-0.139367888900496,-0.540213050949828,-0.714713764567008,-0.802129613122081,-0.579570815540317,-0.345147578970819,0.0523872944279693,-0.306860307078597,-0.305737255701521,-0.570866157982368,0.323729865089468,0.336787714188754,0.930883835569739,0.602505609696071,0.358602312850498,0.354067167777741,0.368220980087861,0.260762324925535,0.559270868168903,0.194572862587105,0.123517262908138
"LOC_Os06g21480","blue",0.661997603627959,-0.13955406434815,-0.185492040014528,-0.611367562879209,-0.688129921629745,-0.789938751740126,-0.50301417706029,-0.270799804957374,-0.0290985960557678,-0.345740851786416,-0.321759277782991,-0.524802304509133,0.377156757109253,0.367504939737987,0.905399421643671,0.552979199385153,0.223940788029952,0.312629527505759,0.362800799699361,0.200648876979972,0.611478361788105,0.294117822531539,0.133308732148247
"LOC_Os05g07070","turquoise",-0.661891319788282,0.192663092836855,0.753078624498954,0.766186437762685,0.648448734765517,0.821503548810736,-0.0557972251175563,-0.0995020075401289,-0.129069852028597,-0.0300417845586925,0.34416349175656,0.24363211995482,-0.597066609041573,-0.891408098522665,-0.67084600143462,-0.693151839982271,-0.00767055613492329,-0.399195254686859,0.29341533855762,0.256923551255117,-0.548098320677808,-0.0874827579862704,-0.00807822708601245
"LOC_Os03g58720","blue",0.661738406679424,-0.455450064070275,-0.112381782405195,-0.643458632803722,-0.819109975358725,-0.826014599588328,-0.662886408797131,-0.376849593589705,-0.0161706155018929,-0.162610406421312,-0.28195314532498,-0.449745539319042,0.527837137116936,0.368608166351508,0.945116098358218,0.650250276994578,0.368239739588805,0.267105295006608,0.262847182853826,0.133210504528348,0.480704068629619,0.0595565831626286,0.313527528891005
"LOC_Os02g14059","blue",0.661584444969904,-0.201875135909829,-0.0772255880583094,-0.512475337389494,-0.678388593951315,-0.776733491234069,-0.612264721865162,-0.359679138135294,-0.0316673484371334,-0.366815361604312,-0.383780580802247,-0.54777086089314,0.308585894382407,0.268655348094502,0.912442626610783,0.539833041605148,0.318953853369331,0.31220793479303,0.440593096283504,0.307533405728827,0.588661999546935,0.286839055982851,0.146272764941956
"LOC_Os04g59494","brown",0.661579416790639,-0.410375441811505,-0.651968681224354,-0.739704441466299,-0.612200392160637,-0.854552031383671,-0.122081104658858,0.0897542138882605,-0.0160084646664385,-0.113194544980194,-0.218780793656419,-0.13394265646486,0.628858634203517,0.821403805996122,0.762625658407411,0.754558584093659,-0.0375116043521733,0.14457894384473,-0.10259100788427,-0.203361480167184,0.554994597872106,0.0798092939884636,0.100400013876662
"LOC_Os03g53640","brown",0.661486410456556,-0.292797736983056,-0.739139727267555,-0.768098000872436,-0.560597826446638,-0.832330910897533,-0.0159788026382099,0.194631181002081,-0.0280044855490311,-0.102670209557208,-0.223673389604486,-0.101579576376445,0.643589390186603,0.882206539801781,0.695188661083722,0.695861729470061,-0.13216101662474,0.194556984895588,-0.19208831679424,-0.285790676662637,0.561333330535513,0.0644053294013724,0.0538154214489207
"LOC_Os03g15033","blue",0.661339583900605,-0.343986642492692,-0.348371884821574,-0.733631246469674,-0.680164859523777,-0.857700053390016,-0.448579070163795,-0.0901765830569704,-0.0419106507655976,-0.29518272898822,-0.249697565327255,-0.35434870853828,0.527536327245778,0.557958648907717,0.919176903647012,0.625571941991558,0.10547663512544,0.268251191735246,0.196534243757016,-0.0103288786637629,0.549993913091859,0.0781828146278501,0.174429944201244
"LOC_Os08g04390","brown",0.661240807435119,-0.169027186620298,-0.785429463454401,-0.40835737976932,-0.533720349399703,-0.771850754181908,0.162948595373248,-0.0499954532912315,0.20035799309859,-0.00766808270752489,-0.511499025511019,-0.446066280329765,0.239765589789547,0.839801641001948,0.531277160603728,0.733105743624362,0.160132826177315,0.502645238052088,-0.181147131748719,0.073401747478232,0.681426856257056,0.37714104040727,-0.298492454835083
"LOC_Os08g16880","blue",0.661136142250083,-0.0986656280957173,-0.229089299884195,-0.48217846336406,-0.678342223565411,-0.807373902705115,-0.504260357219882,-0.32190797674772,-0.0495873192906898,-0.274394356690577,-0.297197278292223,-0.606395682461382,0.280455703102576,0.416089257868822,0.872339217240901,0.675835648237685,0.390344624517693,0.416735350867817,0.31137860937113,0.261905958566734,0.578063757394286,0.120501565782731,0.0114148206344497
"LOC_Os02g10590","brown",0.66098385989049,-0.155329463998182,-0.796081197692139,-0.522222719838275,-0.272679489614969,-0.779541145624477,0.0981017380787906,0.278503245314046,-0.0908793232650215,-0.40228964524327,-0.34952698017586,-0.230355111105518,0.290038658137878,0.845522160216212,0.586438294564761,0.611704103764359,-0.222585617326035,0.278196717051112,0.0476389105206167,-0.0570152275158815,0.752260223997127,0.299223709993427,-0.294777895194151
"LOC_Os02g27594","blue",0.660458076504,-0.157668659198026,-0.269796506537083,-0.460656874766905,-0.506702355413032,-0.799520005333965,-0.440358971160014,-0.211233597465907,-0.163142959999974,-0.535240410585464,-0.411360942928463,-0.612416766704848,0.154154611377476,0.392583333355042,0.858539219395814,0.539374398189459,0.201298188166849,0.383985522118707,0.515913932238021,0.356126616995978,0.7565285248617,0.349255292995738,-0.169754859571226
"LOC_Os03g17910","blue",0.660361939326422,-0.336903434558251,-0.477629175521294,-0.807201445472947,-0.680383991993832,-0.874067592736408,-0.327732247779708,0.00233359465595094,0.00347022676299618,-0.208013449540194,-0.261184545865008,-0.310358266139614,0.61048318395187,0.684109320654534,0.881768858833674,0.662189483025099,0.0752697139369541,0.324059381974388,0.0504249807708642,-0.124996213049242,0.549381324439681,0.00969415556899702,0.141629655204967
"LOC_Os05g35580","blue",0.660096473494614,-0.232261951361278,-0.403815570064919,-0.626301546392941,-0.702078731616306,-0.842765800532333,-0.331213765069111,-0.173784788016622,0.0782452371238316,-0.139199754600897,-0.236277152385716,-0.382381521659727,0.487039613579237,0.595278236386264,0.884254689441996,0.721168411182038,0.208428058065164,0.247190443962241,0.10714209817421,0.0497020306505725,0.584395114749269,0.17456489136003,0.148879861305405
"LOC_Os03g49450","brown",0.659954997555568,-0.260690027265551,-0.662434498340452,-0.754735195854677,-0.484284890730822,-0.814938461092574,-0.0908696145757686,0.234997954251389,0.060375916351676,-0.257797658913804,-0.308305452595334,-0.234224321840011,0.542595565560644,0.812336018298678,0.705491661032052,0.596070620925803,-0.108329582710998,0.379188344092279,-0.075638366149693,-0.222724959946922,0.556759573527468,0.0631241427887355,-0.032166880384808
"LOC_Os01g03660","blue",0.659945129105605,-0.261312619322606,-0.515213354546769,-0.790692645582273,-0.591965796612141,-0.836747300525832,-0.260405085485303,0.113435567049599,0.0192175233535476,-0.251532415797819,-0.224570930336057,-0.217495223349435,0.608583076646052,0.699732919519388,0.827428150634227,0.632539608311276,-0.0684023753480462,0.215455928071839,0.0444578709421339,-0.178553189997439,0.539364495800788,0.0457474401955763,0.145997727317943
"LOC_Os02g54920","brown",0.659868532983329,-0.294477969456283,-0.724053496803149,-0.698978653963339,-0.549246431705711,-0.857445891220609,-0.0430744526324869,0.115576309298178,-0.033887647060911,-0.235949446407708,-0.303078360770209,-0.223797776744286,0.494807698393593,0.838414157894862,0.730955545511356,0.669738868913548,-0.104676734609049,0.261197431164123,-0.0665190801222116,-0.137407781430324,0.65019658746086,0.203044887209654,-0.0375571007842618
"LOC_Os07g43050","brown",0.659546393043408,-0.209777812270933,-0.76329940138357,-0.540072985104227,-0.239277328262473,-0.718423515035766,0.101887401812443,0.350049356493923,-0.165401951026315,-0.299368271218813,-0.374008884320336,-0.144383194031102,0.385843470026354,0.84200824751249,0.499482742628561,0.589322157772657,-0.218517585829921,0.268887971993564,-0.035471552027146,-0.175764626148251,0.611598573935553,0.144700671566525,-0.297617346263702
"LOC_Os03g08020","blue",0.659395814043393,-0.0453562787793057,-0.130769460646222,-0.529903597971109,-0.653308803013355,-0.77233056543075,-0.555296820935333,-0.287008297504141,-0.0407535041215175,-0.348837650854274,-0.335433510366352,-0.566207099394319,0.313186520165828,0.322809224836811,0.905174944537847,0.576997558165047,0.307840419345888,0.327768592375232,0.392125851233596,0.24882296828077,0.556819824314772,0.222267679312042,0.085533700491281
"LOC_Os03g58810","blue",0.659304683699479,-0.0313144183200833,-0.171846481748598,-0.467385480002242,-0.584599203631453,-0.794468379099459,-0.532522898675121,-0.293873569767301,-0.078947397663215,-0.484583042298845,-0.397514204960564,-0.663977607089867,0.157948783002879,0.323610899244877,0.898566862980952,0.553683439609622,0.308425576734231,0.403720072405275,0.508229482870534,0.369896321275396,0.67654282914315,0.314469307825673,-0.0557035358099366
"LOC_Os09g25580","blue",0.659176881542097,-0.272917249628703,-0.351190889976689,-0.69024673991999,-0.778517866453633,-0.852653863962954,-0.438405473370777,-0.212519366887382,0.0297455563078891,-0.0859390898374969,-0.268028073286615,-0.41854611381222,0.514112022336689,0.577744770889403,0.888951783156795,0.699676632520871,0.296109066581721,0.362081490749456,0.0486059152434473,-0.0193430396251619,0.459441627071549,-0.058902355476498,0.178120100114544
"LOC_Os09g39780","blue",0.659108613183635,-0.170455758187233,0.00117918568140399,-0.43853893107132,-0.763906285980135,-0.756551627080702,-0.696162997906781,-0.505450137218158,0.0160920219832626,-0.199787698598408,-0.294829299492891,-0.573702691494258,0.324331198663204,0.212595146676623,0.903344319300423,0.609823943502246,0.493261188383558,0.286488104501569,0.375086122674157,0.333032148113606,0.474546893740537,0.123505116681761,0.195131634392943
"LOC_Os02g41550","turquoise",-0.658945360136271,0.509043223101504,0.528983138303341,0.534448806554762,0.73490838983623,0.813883986673266,0.150952517394941,0.254242360319189,0.012112795783011,-0.0608818045246172,0.305147894257575,0.33460119667243,-0.494676089266854,-0.6893946286304,-0.730754421691684,-0.824031607195958,-0.264414358229021,-0.212175392175367,0.0702934545433389,-0.0601285997533804,-0.602786845612551,-0.254391813064922,-0.0507032916924088
"LOC_Os01g18210","brown",0.65882451839748,-0.304423184844852,-0.708480768300876,-0.821120835654362,-0.627991937932174,-0.841383273025041,-0.0399537907616262,0.159824571042944,0.0764416641394387,-0.0664308976129647,-0.323429134303328,-0.211121159592708,0.645055553179323,0.873349208044144,0.723774233434745,0.644674595010194,-0.0672237954209332,0.381078811713299,-0.224499042497053,-0.295265523069551,0.530220215687228,0.0275378445600404,0.0636180774310061
"LOC_Os03g04490","blue",0.658775742756913,-0.324712818812928,-0.252132961853834,-0.633271253088804,-0.67421345421266,-0.768670302920841,-0.436829319288733,-0.185882466438014,-0.041153475350571,-0.174942219643501,-0.258237100834159,-0.361427464718226,0.545856890485111,0.463921501243903,0.819949328723946,0.572833148638364,0.169828293119862,0.237461931918471,0.204775149930884,0.0482055359548896,0.531922157134604,0.160242105906489,0.186347620107738
"LOC_Os08g27700","brown",0.658763113453643,-0.269941559428219,-0.75528515457417,-0.554116320519985,-0.511488449392054,-0.778708248736592,0.0565436157277949,0.0796373451352219,0.0429999083069646,-0.0330430060695449,-0.243922469112731,-0.128143968039253,0.453751876801295,0.841880122956066,0.586464728193161,0.729315368834658,-0.0532703231520495,0.174507553512658,-0.193470620272785,-0.143182541989697,0.599212334927885,0.13856350145231,-0.0449542054211922
"LOC_Os03g46610","blue",0.658700797194921,-0.0743641037255003,0.0147408275194486,-0.276282665699342,-0.579566621761769,-0.73736525971523,-0.712336603966668,-0.476930832667966,-0.0624364093756116,-0.469381836929965,-0.392425817385372,-0.758059132925895,0.0244715002644985,0.145179650148682,0.86189336561119,0.533138540971527,0.484123610770226,0.419772144398601,0.641350552040834,0.549043197253233,0.612820270582121,0.257553439374285,-0.0824484663254555
"LOC_Os02g46440","blue",0.658531607363858,-0.397068103172628,-0.358765165634259,-0.6263595520079,-0.73022654313623,-0.841733091425869,-0.430589518985865,-0.215679208282205,0.0280612356674267,-0.105345930032367,-0.153301193450062,-0.252673515516049,0.541604452747949,0.5674157695263,0.865314189716213,0.771316460343022,0.235998454992938,0.117521417207991,0.0955735065172817,0.0268093697596082,0.493468912839899,0.0376282305361571,0.237084073986087
"LOC_Os06g49870","blue",0.658485158033514,-0.226236011033213,-0.264800145601859,-0.552744691956765,-0.742333883614253,-0.843053346920061,-0.510511727174557,-0.331495547243037,0.0887733761527464,-0.17951693185136,-0.340395264521951,-0.586054729067501,0.34189633352407,0.47379926827982,0.88877096995671,0.685565138983693,0.40141134965088,0.446803685493463,0.221095269799766,0.189315462462377,0.548062181974508,0.0897609277069988,0.0725326682029262
"LOC_Os03g16210","brown",0.658199519136567,-0.465856803435924,-0.724220532287408,-0.693707155691891,-0.52361555475044,-0.819916732435104,-0.011642428137256,0.170266851978269,-0.0792126571204602,-0.0920690936360208,-0.290412693817456,-0.128861647191194,0.61095736202337,0.873443977112146,0.6724127355577,0.721609772774696,-0.0890332191076919,0.212441337001558,-0.152955427399954,-0.222683830845561,0.583635273826424,0.0864564502528379,-0.0212835372680553
"LOC_Os07g12110","blue",0.657525889765481,-0.0970810446724361,-0.281071454069027,-0.643594026747681,-0.665082002678369,-0.795930776104024,-0.422913702785633,-0.165772419295569,0.0103688154471733,-0.302511270770081,-0.422887167373613,-0.583857448244683,0.350222970924876,0.466608576850843,0.868426580862117,0.53020685917837,0.229802719926409,0.513687225026083,0.23292736245345,0.115622909752468,0.553346596740242,0.164745545503823,0.012281577230248
"LOC_Os01g01510","blue",0.657223011427686,-0.247013809390892,-0.0186692124849898,-0.538352206603407,-0.653507258315407,-0.770603441939261,-0.704029307265461,-0.329884129884506,-0.072813027049507,-0.469474205501908,-0.366740996480981,-0.602446968304118,0.295636815786042,0.218680347406232,0.935531007040051,0.461105063085445,0.285819000289369,0.378634020645943,0.523828484826921,0.315641429471432,0.586226303524618,0.247019776921431,0.128159829459839
"LOC_Os02g46150","blue",0.657130814045455,-0.356018703688139,-0.133927193147505,-0.655892324958234,-0.833611234013063,-0.771002331893586,-0.588566270137659,-0.337119785328664,0.0212901921269058,-0.0202043654001222,-0.2451848973288,-0.369603339238255,0.609894677532111,0.395815205234911,0.86998805737004,0.625039327210621,0.344421356763368,0.249891011245919,0.0961916198383513,-0.00120636272189376,0.36363694155453,-0.0338672017711573,0.357479858753167
"LOC_Os05g47890","blue",0.65703066658934,-0.196610768623476,-0.0294861187559977,-0.541303057039978,-0.780179823910581,-0.769870357983432,-0.674313798572573,-0.420322504732956,-0.0197035724275823,-0.22382378664096,-0.313488206071652,-0.559832763724412,0.382111710021529,0.257885715761504,0.929133131165273,0.575612586230594,0.423260655968523,0.342347303509939,0.356939049514637,0.258869400155817,0.475334849378748,0.115253265331216,0.196248761740856
"LOC_Os04g32060","turquoise",-0.657029944990205,0.217335188305136,0.740743128231933,0.690487239092011,0.607513256383927,0.802068217938866,-0.0590887029383282,-0.0672974660367611,-0.146313794085641,0.0357634897860935,0.35899909815744,0.296143194391018,-0.500911457340204,-0.855256259222415,-0.633465329079245,-0.659221957136064,-0.0136554431174017,-0.427638927755632,0.214910831304091,0.16757145519004,-0.610954867091239,-0.198574185106334,0.0434030777914933
"LOC_Os06g04880","turquoise",-0.656999282985666,0.319488010032772,0.378972396758718,0.407907521883769,0.721372737857293,0.801556625969473,0.309228509970313,0.392729475966823,0.0227320859444002,0.0224908211461569,0.172593305378075,0.308731815009827,-0.397848666062304,-0.544432528111669,-0.779320185899266,-0.889457043976229,-0.357888093958534,-0.00269126336199051,-0.101987082464704,-0.205312617017671,-0.593163881507988,-0.291741270941218,-0.166638066828232
"LOC_Os02g57600","turquoise",-0.656931621495544,0.194867158456136,0.493841839440819,0.697380292703132,0.533812745003802,0.803014161786412,0.212762828752658,-0.0614884836732469,0.0314721570260697,0.337762510604703,0.324680402947558,0.398406945914265,-0.459349675935466,-0.631465112093202,-0.79959569895393,-0.538859587548193,0.0442893826650724,-0.357513829934723,-0.183067451394269,0.00760072906552011,-0.670162249973999,-0.232894494731638,0.0408385080191085
"LOC_Os06g16290","blue",0.656899248488627,-0.242811334045435,-0.0911847987980617,-0.61658285321261,-0.748162910229129,-0.801713977011947,-0.643559350987339,-0.345966141595547,-0.0253011228018735,-0.292512103956513,-0.280360042293271,-0.506954435456193,0.420142918212063,0.3095550942714,0.951725713801979,0.558937739746968,0.318173321761234,0.304957530299519,0.352085457944732,0.193466291322579,0.536614719462428,0.137063179807283,0.241662293433027
"LOC_Os07g11490","blue",0.656793956960376,-0.0342915805360548,-0.297148046675316,-0.393162185795364,-0.498803862277754,-0.791369512465222,-0.392370135079929,-0.236926715173027,-0.159438342140101,-0.493106564396908,-0.378584279749771,-0.613657820596046,0.10385140074744,0.406960320508106,0.83962013423797,0.604334337830804,0.246791646867778,0.343727147998962,0.503366588470409,0.3898346584998,0.761655962819291,0.368990902008233,-0.186416970311268
"LOC_Os06g35410","greenyellow",-0.656767160034351,0.245347911018077,0.543414885136946,0.814304694785292,0.555457151030671,0.690949361825973,0.0917809656213082,-0.210818831259236,-0.0763962108815551,0.0376142376327008,0.500210819528273,0.312484203798283,-0.637853396999198,-0.708861466100832,-0.567008173505073,-0.382691554660163,0.06698894523159,-0.621426258298969,0.229113864114952,0.342528672241399,-0.388671159889692,0.0581882187815912,0.0164552013259875
"LOC_Os05g46200","lightgreen",-0.656660364776538,0.203806031504782,0.0688651561836644,0.463229008645095,0.816407230878719,0.602367613975472,0.477302283213038,0.439074735954192,-0.0971536383917933,-0.149111411036981,0.356589133465922,0.436558785684309,-0.480907741095543,-0.281100435274166,-0.617314894288365,-0.515612151959955,-0.42001897258726,-0.365039514213756,0.0045133201021087,-0.105179091716331,-0.307291640827544,-0.110152061978043,-0.282541042345986
"LOC_Os03g61920","turquoise",-0.656612025154486,0.260794651209455,0.589605142776281,0.678524828169028,0.643370711350698,0.841158010303814,0.173886414680489,0.0259061254632414,-0.15910965428874,0.19349917723105,0.283751907544836,0.35007045528903,-0.425614416512058,-0.711684105050335,-0.75463268463129,-0.638385527264391,-0.0598355581316046,-0.3712706858761,0.0253774814863057,0.0395140981845747,-0.602262720878615,-0.179377340064967,-0.0389396978131864
"LOC_Os08g33650","blue",0.655856537012526,-0.453996956922204,-0.520416738731032,-0.71425881298908,-0.699089841445424,-0.846145095499304,-0.260395726202006,-0.0585696210289111,0.0749021752196462,-0.0702607600995459,-0.192305113491812,-0.171101993226906,0.621515814365674,0.710326455273429,0.811655451381139,0.741032945985702,0.071567260785947,0.149810906403713,-0.078095962949969,-0.140642891541,0.494393130748224,0.0530410529861982,0.216379995301505
"LOC_Os04g54500","blue",0.655555073199496,-0.362852445781126,-0.500001558336824,-0.683972041168427,-0.653541536750251,-0.868989160556058,-0.322930245867479,-0.0824313109261361,0.0356000622830125,-0.224880519706892,-0.220002591626361,-0.321530926382966,0.447126669282647,0.660567696579682,0.831396042551945,0.694043080829836,0.1220172472589,0.272734620390358,0.0759976237259604,-0.0241143562450287,0.597774564213713,0.031509488883197,0.0973189230489202
"LOC_Os03g42440","blue",0.655529946328018,-0.337254329771769,-0.117010610342479,-0.699086358084321,-0.687856997259618,-0.746520052484613,-0.602778432580518,-0.16030869697745,-0.203835088345051,-0.248211429391734,-0.238741182685002,-0.308462896807696,0.581538405142273,0.364789198466528,0.863929198496684,0.505183910981113,0.168233048845024,0.256155828116265,0.228085080753453,-0.027571999971626,0.392260721825065,-0.0630136216624335,0.279652608499174
"LOC_Os03g51050","turquoise",-0.655271979402932,0.220486401112426,0.584942351947875,0.500969840017158,0.818901138181001,0.809470276711747,0.103424756510387,0.350627586852567,-0.152054551778727,-0.200464212866225,0.260247316357554,0.416755115448714,-0.416715228476096,-0.718056567879667,-0.676202200100256,-0.848539962700432,-0.385323540793908,-0.332844696959832,0.207110002171847,-0.066229134730548,-0.552677803101385,-0.174727285450176,-0.0368243078827215
"LOC_Os02g04840","lightgreen",-0.655244329712062,0.214296170272612,0.282248657297854,0.526904836628004,0.905131658150333,0.765657317130734,0.36841017632619,0.490834366995363,-0.133806596076372,-0.173252681827333,0.260498542312553,0.492155819805383,-0.483231428417191,-0.480986096117473,-0.768116518555836,-0.749903309543881,-0.498834244095508,-0.335529537579049,0.0550442365148327,-0.135549436862107,-0.462706795136868,-0.149495784803443,-0.205061357851919
"LOC_Os01g14790","blue",0.65512013303636,-0.0352925900394304,0.0356737244007366,-0.407736473208812,-0.66083316730857,-0.732133960734792,-0.706506667715454,-0.451613441189096,-0.0124376911110834,-0.38570198460952,-0.31878253713048,-0.676322422398598,0.190926089153482,0.162123261312958,0.898633747616284,0.524441716024887,0.455990603017903,0.37560561843396,0.540260802890403,0.42210490794628,0.550015524983095,0.238524247274734,0.082237936370403
"LOC_Os07g44190","blue",0.65478635224054,-0.267792558777147,-0.00831713421133894,-0.60313278460804,-0.779475258030428,-0.781145932895491,-0.722732600686659,-0.394736183242558,-0.0403415614770802,-0.272530549606686,-0.278947364357886,-0.511132236731885,0.444256437108505,0.244345404924256,0.955526296755299,0.544504926076365,0.351774884629104,0.281879315909157,0.383686839889144,0.216869824775353,0.478403587238233,0.120020357455661,0.281683290244513
"LOC_Os04g31000","blue",0.654767725880753,-0.236759699564025,-0.13029640890643,-0.636311940805977,-0.6547954850068,-0.754127578621122,-0.575929749613497,-0.23566485230365,-0.138823352102976,-0.393941758440438,-0.326810068802621,-0.513594010724465,0.376509534389181,0.320596669451673,0.865768996998153,0.432308392504807,0.184455478672688,0.394989422179543,0.361502311044341,0.151918922113412,0.584357781678823,0.175385072890509,0.174830714052189
"LOC_Os01g73234","brown",0.653350386509067,-0.243694144076536,-0.885122824445877,-0.601997581937591,-0.451567633226431,-0.809345480701976,0.187085483346137,0.19134021505042,0.0313669707398359,-0.141759163930373,-0.352512837326448,-0.207216595365769,0.413978903142527,0.94857549940717,0.575818830064539,0.698956913964818,-0.138206854387993,0.306788834715367,-0.199342631679339,-0.158262395023884,0.68251392261534,0.264999131557316,-0.211973157028058
"LOC_Os07g47820","lightgreen",-0.653091155914384,0.184394356440618,0.139002762608115,0.409801141107272,0.915792893091773,0.722426580761893,0.466916310646671,0.645444499558537,-0.178205143828364,-0.160694448814072,0.310101643776049,0.608428936512774,-0.351213768687085,-0.333693394236715,-0.760004956664119,-0.703125010597506,-0.631093443732372,-0.388437825938658,-0.0776687523144493,-0.308258182991937,-0.484729486242529,-0.231219822116816,-0.216081325826496
"LOC_Os01g60790","blue",0.652904902581858,-0.105125009796789,-0.178854791861107,-0.565602083162604,-0.752765452723381,-0.793990915430579,-0.512036645129381,-0.351359493579593,0.0695253487538322,-0.191513170505186,-0.267804097264733,-0.53684958986767,0.384809097087621,0.37887665250251,0.913890459834149,0.644029894415965,0.364843726809905,0.308253952656518,0.289482134030562,0.225982308661195,0.553568042336603,0.190577981741467,0.154490440925727
"LOC_Os04g52130","brown",0.652653996799937,-0.379474337857033,-0.679539365265389,-0.872445807995981,-0.547067148651548,-0.806420215643124,-0.0590251681219718,0.291078026531314,0.0141862520001045,-0.147878334377866,-0.309712207993166,-0.0896583796605554,0.727821850820582,0.845930918600972,0.705169592342845,0.563162985787048,-0.230546181428981,0.28105651717227,-0.180959431178841,-0.37825737892659,0.505955567888649,0.0100808266534556,0.0956031929462091
"LOC_Os06g28820","blue",0.652648516288298,-0.263746217638938,-0.250129120437642,-0.53665962705147,-0.660067414475745,-0.817985654751457,-0.529231723503336,-0.292626210267259,-0.10874585918042,-0.387757563199974,-0.283520838924368,-0.529881199959349,0.295127673678226,0.409607823721734,0.866575995942756,0.574379297566283,0.22702958429314,0.326217539826443,0.364052723454709,0.234573315701601,0.617685910902894,0.184424571233787,0.0357812720146888
"LOC_Os01g64960","red",0.652294337998007,-0.061860105380371,-0.618475614257668,-0.232279987630952,-0.51349496248287,-0.719330972042294,0.049858693879125,-0.242929640793508,0.0609782156971847,0.0227042782052799,-0.390800485557064,-0.497223087582056,0.100974248265601,0.697237457179634,0.525246012326188,0.853793805005852,0.41790916983922,0.394966397974975,-0.0381621646970087,0.249326002754694,0.642904624646666,0.334120114303672,-0.315493039690272
"LOC_Os02g50270","turquoise",-0.651996335661502,0.142045143286746,0.552017992894218,0.640437442862327,0.757882049748279,0.848673196068103,0.182056307898943,0.205853104544431,-0.134530915577596,0.0308715754638959,0.262987236995563,0.428366773515958,-0.426751550077133,-0.691931590888685,-0.785422324471737,-0.727459955809226,-0.239421151640649,-0.368648478469527,0.0488286664423257,-0.0409679462243447,-0.628046527124623,-0.205842676380864,-0.0548535909702909
"LOC_Os01g73540","brown",0.651636063914205,-0.260060720941912,-0.812001638252178,-0.56359385919676,-0.397071679861187,-0.766013494517437,0.149524455659888,0.240254498272495,0.00494288687914302,-0.129320351668614,-0.306946296493651,-0.0954546280513679,0.493233724164848,0.902699436231478,0.561268710355904,0.737130175486604,-0.151153626614897,0.168678238380871,-0.180806228325991,-0.192186856626672,0.604289644298638,0.217779533218014,-0.144617726420332
"LOC_Os06g48600","brown",0.651513450121935,-0.35866837400896,-0.712632308708409,-0.766063390923228,-0.616042429451437,-0.824508841818698,-0.0152622655736806,0.126723680497007,0.0355494824072931,-0.00306834405296188,-0.193370523629665,-0.0827059317740397,0.681839702226729,0.880781427874492,0.702221327653063,0.757736316374482,-0.0577432324754598,0.159488744950948,-0.234727836430446,-0.291886615661976,0.525805910941712,0.0530971861055912,0.129696340231751
"LOC_Os02g58300","blue",0.651346614444601,-0.260752341619676,-0.185295815368659,-0.582072665881832,-0.731697652958135,-0.796147756739794,-0.522674981081118,-0.322716466487231,0.0378265078442923,-0.189121877510008,-0.270420935951407,-0.445782266638654,0.483299033157628,0.394426394982971,0.898819980541144,0.649168782797906,0.309134345367988,0.22599265836519,0.25632616376727,0.149244860619108,0.540447610457247,0.172292060380063,0.235879664617356
"LOC_Os08g40230","blue",0.651128483902639,-0.34224253733224,-0.328463817292182,-0.752540936396735,-0.767380324039705,-0.80645778655303,-0.414575691407476,-0.166663886832763,-0.0809580391026485,-0.115546027193471,-0.27302981759357,-0.322167037875502,0.602155561816612,0.545682453554935,0.849732299111339,0.583247957093064,0.134344250325113,0.292915309658967,0.0189852097155656,-0.111089672895214,0.463402602472052,0.0129878428705546,0.27778785125916
"LOC_Os02g57540","blue",0.650791626681182,-0.156411831512058,-0.139123504089297,-0.563834137609134,-0.694284637599019,-0.800747475772927,-0.565682948560105,-0.321966454326217,-0.042779536979654,-0.344466785316127,-0.32059789424273,-0.550243670666387,0.350120222346097,0.333025782829737,0.937591054769146,0.574023433601134,0.303800204984064,0.31529139966597,0.403132571590198,0.260935120841945,0.611017114195889,0.245443649807126,0.136875109977213
"LOC_Os06g11380","brown",0.650706091889609,-0.272594260621694,-0.792522909817508,-0.47558114876741,-0.53819858958233,-0.754595006825987,0.182977701574828,-0.00949845084574732,0.0793058334661915,0.122448855842384,-0.286890608348886,-0.205674774375909,0.419428878268524,0.88517453936817,0.53027611074065,0.846008668876792,0.102615700377087,0.199150317430786,-0.260416606942845,-0.0842015164214799,0.616571864336052,0.272680029345279,-0.120717794670909
"LOC_Os03g53530","blue",0.650622493956729,-0.306548450736532,0.00955151770014175,-0.533118987490448,-0.627621737933861,-0.715064230302094,-0.666263207149095,-0.304485632540683,-0.177653655126045,-0.438683206131602,-0.511115160619435,-0.653584268395757,0.292202266019064,0.190180550279342,0.859140193856949,0.340353877770353,0.282129858415697,0.544006391456481,0.490723983306274,0.280741585846264,0.562509952111487,0.202303281836935,0.0446950107281807
"LOC_Os03g49210","blue",0.65027502034417,-0.25754098757384,-0.0227859623688823,-0.57511731694524,-0.651229871540158,-0.769012008177358,-0.70161405126317,-0.296975078739888,-0.0824666020980521,-0.455397483216052,-0.366467523394206,-0.572948394682311,0.329335313680401,0.230833221474183,0.934203847573154,0.441676779775853,0.258663880395418,0.37798044522564,0.502220747139382,0.257050673011851,0.564694886869203,0.179532738935218,0.155860262936928
"LOC_Os08g39430","brown",0.650115800212766,-0.239444161550316,-0.812797494397136,-0.796268066896749,-0.47799271227931,-0.793299631243782,0.124761169242009,0.329352751753762,0.068252998524433,-0.15091760109295,-0.408121400840786,-0.175131254314921,0.60327602103043,0.922653004365013,0.62208125945713,0.561361479124915,-0.243760368849402,0.39433952741217,-0.237120586770906,-0.332946202385909,0.578926617580886,0.149142547200506,-0.0941083513211916
"LOC_Os05g40820","blue",0.649888810238133,-0.157618279795052,-0.112393297171341,-0.570482319060276,-0.706376686013218,-0.781298365223212,-0.58255063069172,-0.319782040758046,0.00148940769523721,-0.284476334418098,-0.300852534303663,-0.533291558129639,0.387017132328879,0.320872974478445,0.927236059651644,0.572146290769399,0.323481571505646,0.307030085768584,0.358818330930099,0.226637910798563,0.538202702278019,0.177847352846201,0.159169344914837
"LOC_Os08g34220","brown",0.649558878528964,-0.167259563600574,-0.700403930145895,-0.738248730272724,-0.663125186493501,-0.840519206212369,-0.021066099756603,0.030607084547828,0.171686478856596,-0.000741793653772527,-0.316552086119731,-0.323874356366978,0.536072190791758,0.850585427133951,0.719565571764744,0.725053381396621,0.0929768870102756,0.41182026747168,-0.199477045249162,-0.176088755496553,0.555454426943839,0.0745520703420791,0.00511762296299967
"LOC_Os03g61710","lightgreen",-0.649080185352685,0.322452649077195,0.311767780843502,0.625032033729219,0.889303684604858,0.751081997345782,0.347394366709316,0.381833100992337,-0.143689774223384,-0.176741653268241,0.289146660814275,0.445418044366836,-0.574871894491638,-0.523489479404699,-0.730989460113753,-0.686257889180799,-0.388647854676487,-0.381027894874142,0.115486938429419,0.00335535237342017,-0.424447273159901,-0.104135553438339,-0.253039561948725
"LOC_Os01g08770","blue",0.648386704744132,-0.149884545929611,-0.0706713451864646,-0.478279731471023,-0.723448210582234,-0.792710825269843,-0.650206224457938,-0.442141312975417,-0.0455293088511081,-0.34035043888637,-0.285916660201413,-0.623170694286475,0.259756024321081,0.26461991650416,0.943386941884845,0.59711977419423,0.407963169715391,0.322000832378591,0.46159801949505,0.356229439512369,0.58365794878351,0.226318499198724,0.116026492888894
"LOC_Os09g39180","brown",0.648162358659957,-0.303674315479815,-0.695170486892051,-0.756795263220896,-0.681596237104692,-0.805692471320129,-0.0158040868000139,0.070588920555904,0.142395910015449,0.130481945546768,-0.278293134413622,-0.17846503037067,0.66010196322191,0.871878518715954,0.665355305318387,0.743529255765521,0.0671418310630971,0.330301296854041,-0.347899223560491,-0.314593359786639,0.431007976337455,-0.0488420180800221,0.0932156974527045
"LOC_Os02g28820","blue",0.648106368260794,-0.459162198912597,-0.183048638114358,-0.581747699142399,-0.695855461734133,-0.765639325484116,-0.597629303408077,-0.235217624866607,0.00312716639552204,-0.128669515146318,-0.183744978409686,-0.341394877311502,0.496976374870189,0.425170998076372,0.806591928204569,0.652368489656965,0.322682269873045,0.264442845952072,0.154690077222027,0.0235675597557091,0.343098135131032,-0.185881417205175,0.19921764623685
"LOC_Os09g24670","brown",0.648026712369734,-0.319035614629036,-0.790880109767431,-0.53179594783379,-0.262342285186596,-0.73325246350293,0.143621906789036,0.299818064227374,-0.124597150998858,-0.351326559433061,-0.418679796735381,-0.206281655635088,0.339632321595932,0.838086002293708,0.511272414913837,0.553794263802821,-0.256263700025485,0.307045865192144,0.00532617957041071,-0.0958489941847082,0.739905910931979,0.348995616352356,-0.319581993144846
"LOC_Os01g57910","blue",0.647816053438212,-0.135169716891254,-0.141169686329544,-0.43714586423438,-0.706343764129113,-0.770905738414251,-0.525642822238326,-0.421911901087854,0.0239861702117625,-0.296991529273577,-0.424182739492179,-0.656447543161378,0.202638518140216,0.308565888355189,0.879796177800747,0.571828500032828,0.397251694320734,0.412206799835188,0.369812026632047,0.357234154826356,0.597272698835854,0.313092293241866,0.0363394773912432
"LOC_Os01g07080","blue",0.647653427316601,-0.0192780837182067,-0.165134696140635,-0.380225460531246,-0.482413888157911,-0.75148634320295,-0.501268863787221,-0.249040686842616,-0.04956793366344,-0.526564653384656,-0.443699970628229,-0.692349301860892,0.103057906518078,0.299774352968726,0.842640835489974,0.500464809495414,0.275760916486295,0.448656420741863,0.53713750445372,0.39780698480447,0.691161204428106,0.355988865999144,-0.148841223592253
"LOC_Os08g39800","salmon",-0.647470508063196,0.35205347266287,0.300869234362784,0.448703426179151,0.220680180424011,0.560430002821134,0.184266021109489,-0.195346314131955,0.230067758094469,0.483549851748396,0.855932337394433,0.428839519827163,-0.261139435978558,-0.394762950449351,-0.485706155555831,-0.124259019570914,0.15286312582393,-0.628390548174886,-0.289248885697153,-0.073381857250834,-0.548463490311199,-0.326204183832512,0.360349757869712
"LOC_Os02g05490","turquoise",-0.64735679876428,0.186925612022957,0.65305239527943,0.644512500539576,0.654920127228789,0.84775843465302,0.0990015908347846,0.0689348222334778,-0.0355833126904815,0.0383960979343856,0.145154352137004,0.216768935806845,-0.53203897509522,-0.792687091006395,-0.757338640781959,-0.807107420734213,-0.0817870004443277,-0.14755219532598,0.114422063298297,0.0989265876419258,-0.597963890190424,-0.117846510742859,-0.0904927145971499
"LOC_Os07g46760","blue",0.647137607012204,-0.0657949741231464,-0.171412490137152,-0.454759095877442,-0.630303964857382,-0.793514065257171,-0.548263078060472,-0.337213285725205,-0.021644547613243,-0.415888811794682,-0.373176398808893,-0.654215593663203,0.184845256717677,0.319594425630056,0.891211684892649,0.566503374280524,0.335270688787393,0.396003724293719,0.43897321993848,0.365620681865443,0.635623049577293,0.273183050943421,-0.0401391768478658
"LOC_Os03g52470","blue",0.646936164565968,0.0145165791181895,-0.0808615304894014,-0.399436739354309,-0.519843569601876,-0.712704427481635,-0.583414077077274,-0.301419558496309,-0.0375138723257022,-0.523867193032953,-0.352323700143396,-0.681707473559535,0.0558327275515917,0.209836637457361,0.824560435803346,0.45455258400745,0.301192054871791,0.417808375374888,0.57113535952392,0.406262391637823,0.627966608993382,0.297442659294924,-0.0728139984002736
"LOC_Os02g32760","blue",0.646727569297619,-0.114150822228782,-0.289386163670814,-0.596042735402026,-0.626844426115926,-0.773557962231831,-0.367361740143262,-0.186563233402563,0.00433385111715506,-0.297986001002902,-0.36180376187537,-0.495390724368994,0.3798013067846,0.445313914368576,0.824743836126109,0.543498224358296,0.193644968540457,0.35669163881008,0.245875575196233,0.123879646990087,0.608531452562497,0.254956561435441,0.0741341716694372
"LOC_Os03g55560","turquoise",-0.646578422849017,0.37716902455613,0.516364516519702,0.676457841454413,0.703792587261089,0.832475486223531,0.226596966699132,0.135922858392454,-0.028363104491055,0.158550385562482,0.337187734611282,0.396595757537741,-0.458981206148663,-0.673958515645094,-0.764464014498238,-0.666101013439442,-0.142231512574813,-0.390366188156556,0.0258737342741463,0.0409356291580862,-0.585068900972262,-0.194808868176851,-0.0616660658606004
"LOC_Os06g08100","brown",0.646446217299845,-0.241372214641509,-0.718978906114294,-0.615922325045234,-0.679469132102858,-0.774776576077535,0.0382599480209459,-0.0525557527299663,0.236757530607523,0.20097123858489,-0.290241834301728,-0.21270587980968,0.552259690708817,0.844540564342455,0.58153221109817,0.752247240596503,0.12507202156019,0.322119625766919,-0.377394028688966,-0.194740376642587,0.471425433017766,0.0761582474957659,0.0407710221604829
"LOC_Os03g41510","brown",0.646439527185808,-0.278355565624504,-0.796529734140845,-0.661783220653987,-0.512645681675006,-0.830312179992462,0.0610220595648621,0.158333084054348,0.0280931818306051,-0.0838404640297871,-0.290906877009619,-0.217113957738106,0.495229799805976,0.91475012156267,0.64881806750301,0.751901807219266,-0.0301223903369073,0.304210443012142,-0.178480007328231,-0.20096751233659,0.594706573386824,0.0645976655132718,-0.130241290586743
"LOC_Os03g29260","blue",0.646421915931096,-0.158107191319076,0.0703274222762974,-0.448346354320183,-0.649377578173806,-0.715678503496714,-0.726847289517795,-0.423613386003475,-0.161387242820336,-0.450736665834995,-0.350692395055843,-0.623860125272723,0.219728566138396,0.126582834724175,0.900407130251465,0.447708732943438,0.353476011891382,0.341165490820773,0.583661261527073,0.385406050893509,0.569474892287942,0.262519449728922,0.114001232063266
"LOC_Os05g44330","blue",0.646188526084383,-0.388685371830363,-0.170908413378035,-0.702836059277664,-0.622535734826392,-0.768622219153207,-0.60414546600979,-0.0814281688810962,-0.11114668541555,-0.311413515903425,-0.174823067163052,-0.291554158429932,0.560406128075925,0.416241987165767,0.864325560548414,0.540131010193699,0.114804712101744,0.225181244119882,0.272873502636627,-0.0372341203473189,0.420734934243316,-0.0991691034203454,0.243303937549619
"LOC_Os01g07390","brown",0.646009473602695,-0.160376726831323,-0.809371132817885,-0.555570698481872,-0.339405481751499,-0.679763161712663,0.233953698620969,0.309366960371904,0.100947667334152,-0.125051127404008,-0.475402406429368,-0.207729303526717,0.409871227857819,0.877297326138546,0.435222363620634,0.551769046649035,-0.172010812591844,0.469084951675993,-0.243937109834467,-0.233310272245759,0.546870636511591,0.207292768559724,-0.291494623847027
"LOC_Os06g40650","lightgreen",-0.645802720123554,0.357303830088453,0.249180205282237,0.612189506188434,0.910035934105178,0.768261386186232,0.421099009969843,0.45410040479318,-0.056385960570324,-0.102437948236065,0.315163233548317,0.491179264193287,-0.48984134589245,-0.464572843511957,-0.785746348053987,-0.687144951032997,-0.466170418250718,-0.400093614966449,0.0113045057441603,-0.089936619155837,-0.450509915892714,-0.0921095726171871,-0.236871663449026
"LOC_Os08g41040","brown",0.645757577999597,-0.318178441606376,-0.807472020661091,-0.481634203369317,-0.188915689885706,-0.697621601277683,0.187191668161829,0.36055813601298,-0.255167052008817,-0.332083110466573,-0.478009530740622,-0.138123385832094,0.338068071624138,0.853613396930922,0.440754593890963,0.563512250368153,-0.261182589701311,0.297433783905424,-0.0384268923080361,-0.135308387279646,0.68960849615907,0.260050245239768,-0.382989129325073
"LOC_Os09g39350","blue",0.645531373961052,-0.181521263565356,0.0532924711255948,-0.383523437554001,-0.740720161127143,-0.706153847124917,-0.682506852666769,-0.545425316180486,-0.130974789915362,-0.251402404878785,-0.419845094097829,-0.645117463307833,0.216899671827,0.140322091127665,0.85092773282227,0.51894782797875,0.507798377971523,0.369159791613238,0.445881385658519,0.423846725492222,0.528253325888781,0.233543933001835,0.113345631445313
"LOC_Os05g38370","brown",0.645380997161239,-0.359520901598339,-0.755026943736759,-0.49557095774263,-0.452976998350727,-0.675021040514966,0.173051461861743,0.118560393487973,-0.00243759411974625,0.0539465706750112,-0.53382757063044,-0.188442832814765,0.434139356128127,0.832550196218113,0.40841235174937,0.553662273706906,-0.0705801697042048,0.404336065909465,-0.321130678956755,-0.180241652506511,0.51459826367,0.182349262418509,-0.204768849375618
"LOC_Os08g19850","blue",0.645375775231324,-0.220275900177234,-0.206603654877406,-0.544084827614325,-0.617205036251264,-0.807572230663982,-0.545622401639297,-0.229692291602008,-0.144446263983431,-0.431344161333445,-0.32005462119654,-0.488510594573994,0.293167066638051,0.381925152612276,0.901837565651909,0.533683988449776,0.202953762855039,0.311962576652062,0.393327803825446,0.213591669096007,0.608487698055749,0.193664572166729,0.0834523263178452
"LOC_Os01g49900","brown",0.645095489317184,-0.112220586558881,-0.788809045644488,-0.60415259250324,-0.391504597405033,-0.773324267941533,0.118353498678542,0.241311175889945,-0.014376704520103,-0.190779198137904,-0.385991351616151,-0.281089239203052,0.408029421939268,0.880923104843724,0.586655778621737,0.626666602584283,-0.113709451727806,0.400674830479807,-0.120839014158828,-0.160245002003765,0.626682407661325,0.158737128214464,-0.260297146018818
"LOC_Os08g02340","blue",0.645015685224381,-0.135856514795081,-0.178810951758111,-0.577127356545377,-0.713015834005505,-0.789367827328132,-0.499077782487792,-0.306210701306415,0.0523619968317151,-0.271829219866401,-0.352953452001038,-0.555856778154494,0.379402506988667,0.365730268673612,0.910980825643417,0.56552369800894,0.294446347408825,0.355224392257109,0.316938532661391,0.217183474002041,0.584297428544127,0.26207036862106,0.130124658151655
"LOC_Os03g49220","brown",0.644952254902222,-0.239725787836554,-0.685701899418925,-0.596854470458741,-0.550069864106085,-0.856451957293862,-0.081471247999941,0.0111859335711917,-0.050538974879338,-0.173324812183168,-0.163326468588805,-0.232436053672978,0.438150822926262,0.816286974133252,0.749675542174133,0.829290892629747,0.0394050106866159,0.130284526516648,-0.00932220857709084,-0.0537985854452223,0.645117557587279,0.147521319951416,-0.0352424831131466
"LOC_Os03g25450","blue",0.644936696639353,-0.232040887485841,-0.00887105229411816,-0.581127575395288,-0.74716226426802,-0.764016767384711,-0.700784338035657,-0.382121692261169,-0.0489276921587921,-0.308936556179382,-0.26187697833604,-0.495609828195665,0.408982939187479,0.235478993255619,0.936869249722571,0.537312751263108,0.328000491612066,0.24606435049679,0.406850009229262,0.234060507510903,0.484109301179029,0.163659805948302,0.269281145245543
"LOC_Os04g42200","blue",0.64486436682871,-0.167551231778953,-0.0725036231361653,-0.44020743069849,-0.662176604808427,-0.736697328130977,-0.596003916861853,-0.364931290614392,0.0559089493592703,-0.292046931555288,-0.404603458344294,-0.565440987946997,0.28028870765676,0.242833942633896,0.85874964320286,0.488717141159202,0.332301183939606,0.368493810744473,0.387108393355741,0.306581720548824,0.526622113782039,0.225830984184517,0.0810026583324521
"LOC_Os08g32080","turquoise",-0.644794218756189,0.357595835004272,0.248281220616162,0.74885965181307,0.808081561094182,0.821999000257626,0.542001210202035,0.223416178790698,-0.179302341310643,0.144578404038673,0.255360584607268,0.43279596187542,-0.559550110796185,-0.471500415908941,-0.882786571056743,-0.553134376990823,-0.233912910918334,-0.404007447825073,-0.0992540670652175,0.0181599983153663,-0.437203346992342,0.0124274235747593,-0.300408168968745
"LOC_Os02g47570","brown",0.644588563613381,-0.398911447204218,-0.732466730924905,-0.589711107157398,-0.621292162954208,-0.802524872068013,0.0384123962595684,-0.0125589285483325,0.100233729969845,0.100920721032223,-0.245270791935673,-0.178984227321676,0.521549386286963,0.867739495888011,0.626305329582322,0.847546669138765,0.107660464727613,0.195807636410066,-0.246016306229473,-0.137661808673285,0.546701106259122,0.126660472606389,-0.00871992714123947
"LOC_Os08g23430","blue",0.64453602728698,-0.445761336381476,-0.363931720933771,-0.730591950594119,-0.695746123427918,-0.823543733201692,-0.42850049353476,-0.102726734047641,-0.0424885589630286,-0.181666204498903,-0.108242061333191,-0.225435417535889,0.606649767110297,0.582026530804776,0.851301808999892,0.679831149275019,0.0941599232902983,0.132601823693047,0.0981532056408459,-0.0904063105857695,0.49408371607576,-0.000843592469979598,0.271296642054704
"LOC_Os03g22730","blue",0.644358070466116,-0.290448680793062,0.0451473024617326,-0.594611727186067,-0.728120934082439,-0.735513506597651,-0.729830863472393,-0.357186726102814,-0.0770685020016545,-0.315029319252961,-0.332057838156946,-0.512248666000335,0.441701034520964,0.19058092331975,0.927754016181341,0.452612582392695,0.305576233612497,0.313083137549227,0.421800871456084,0.215090976300967,0.47315171684047,0.136093512848595,0.268485088505547
"LOC_Os01g16152","brown",0.644138369533679,-0.372210549885931,-0.637610537829868,-0.630555884340852,-0.704708827307823,-0.868425752855864,-0.143204753958048,-0.117314566231088,0.069898607590562,0.0218260626366052,-0.225948830061573,-0.267030637392443,0.512411733003457,0.803233850955551,0.7570856844495,0.846640400555956,0.196594258290039,0.23871385803518,-0.159327321544843,-0.085929210155907,0.549374579627853,0.0409285548456291,0.0748914505188736
"LOC_Os09g07820","blue",0.643905647577831,-0.251349652087556,-0.106317557482439,-0.516212209611462,-0.737305879413386,-0.79711449791337,-0.624029660392259,-0.408825036774847,-0.0204315919045308,-0.262961758306964,-0.221642905130334,-0.514547652589386,0.363207200379844,0.311146783147133,0.926840400015928,0.628260889320011,0.3791967457649,0.246762922930011,0.358467764390795,0.256352410468515,0.558552758076098,0.166928286947929,0.224819032434284
"LOC_Os07g41190","blue",0.643768655840935,-0.232461565613453,-0.00156659313734462,-0.508113898696349,-0.700233479886785,-0.775927730268483,-0.72995316790561,-0.405454437074387,-0.0684553443529266,-0.383461033660072,-0.301524160531342,-0.589052230538973,0.293725088888005,0.211884557119056,0.945178785186703,0.536486905481475,0.373298021433341,0.310888796853479,0.505554179948289,0.339156924229247,0.553770198318554,0.176996756888925,0.161569550790537
"LOC_Os03g19930","brown",0.64345028909868,-0.196514273846388,-0.708809623599998,-0.70499554964753,-0.62373823981156,-0.824380969839776,-0.0181927621930651,0.054262123788168,0.0552794188077898,-0.00371400316051164,-0.276897213409166,-0.300740279768319,0.509858890000847,0.85530042342834,0.686256843954568,0.714788562144571,0.0957470310872089,0.414873935190571,-0.23208336201786,-0.206710553140976,0.53182732802579,-0.0130105347820309,-0.0386615452469216
"LOC_Os01g42770","blue",0.643250165414524,-0.329300434797258,-0.184502762043221,-0.452613100400629,-0.664800841364563,-0.76285566326345,-0.543242847884341,-0.334949318061453,-0.186037102168114,-0.230898815936842,-0.296850780125045,-0.391578853281278,0.340359886835577,0.36657477153799,0.811315689821067,0.608727325705283,0.293457127574342,0.211372167606231,0.244051377611651,0.213133623575477,0.487744836109271,0.0796245528833122,0.123157744347185
"LOC_Os04g57850","turquoise",-0.643125424285614,0.365091687361845,0.829533268108417,0.708685680773509,0.521489648307184,0.804963010004784,-0.135678039435998,-0.181834369634311,-0.0334324895556057,0.089206244602279,0.391821433198417,0.204054984478179,-0.512171895683329,-0.918621714682531,-0.596855644149328,-0.636326969997255,0.11598067860196,-0.371793553663384,0.25429745682051,0.235785441106405,-0.63456661733169,-0.189075774269483,0.0980266389337968
"LOC_Os02g15610","blue",0.643037197998424,-0.210874023390033,-0.27980599493929,-0.597736156029781,-0.766507386780222,-0.818127723755933,-0.47203220769427,-0.312780823154567,0.0887432078894562,-0.0723613444105198,-0.222788495977084,-0.409283700642015,0.469039115962459,0.487642457603591,0.873896725274169,0.687649570774149,0.327606302515606,0.252178941571564,0.104579354298808,0.0687938187959188,0.456874834631596,0.034127565830288,0.214430094957758
"LOC_Os03g18830","blue",0.642964259252525,-0.27771023342458,-0.118442666766116,-0.502491959781705,-0.740066595360873,-0.807285498889706,-0.62236890800044,-0.431633823109409,-0.0399298112695392,-0.274761720445706,-0.2960163070285,-0.551645374034815,0.314560143499944,0.325635482046199,0.918891703492909,0.631326806841518,0.412813695205303,0.314000310918165,0.378415452415794,0.291149808527644,0.561741649523144,0.182882365360385,0.148918591892839
"LOC_Os01g67290","turquoise",-0.642895446819758,0.230748549666212,0.656192515443862,0.735297554823022,0.711229378060171,0.81005065725676,0.0573672950615278,-0.00296634774988129,-0.261371325156745,-0.0724052632253958,0.293495133730641,0.258404813895856,-0.56363993197214,-0.802796040158755,-0.689039580510907,-0.67829728503952,-0.0828916019346543,-0.38470870091157,0.266836162117056,0.19797016560195,-0.480695138183999,-0.0484362353326853,-0.0816807142277041
"LOC_Os04g36800","brown",0.642889178069861,-0.302356169663265,-0.666931639663064,-0.797123552662327,-0.547217589181614,-0.829255764284288,-0.0807059353060708,0.203596824568389,-0.000543525872263324,-0.196296735944838,-0.253622792242015,-0.166495625047428,0.619432417483015,0.824222643252028,0.747949981917167,0.642629140116525,-0.142446904189824,0.244987307123099,-0.0834532347330623,-0.252904857003521,0.555369113380666,0.0698377516133276,0.0521474688747767
"LOC_Os02g11030","blue",0.642851003200008,-0.238642485836112,-0.101717191049664,-0.380361934423757,-0.687477612913018,-0.749384669185949,-0.549607262567358,-0.474024930521942,0.0214891524916613,-0.203478330953198,-0.329808394543054,-0.585344528791388,0.266278321831452,0.295024850567733,0.842536913624813,0.658168239924791,0.441745264648695,0.262553244931348,0.374685628640414,0.355761763532805,0.582783122382934,0.310410762283937,0.114871457963873
"LOC_Os02g25580","turquoise",-0.64270501026485,0.371992331301145,0.769365034856897,0.770538205945777,0.613047422096068,0.806601569782441,-0.0652062996068103,-0.142338983306495,-0.0709827545554965,-0.0199704188416214,0.336936971836002,0.181786197261481,-0.621953259046123,-0.906483745670723,-0.633113576149253,-0.658991191467505,0.0666146635275727,-0.370559818572095,0.318317725076197,0.312817226394552,-0.544568546163951,-0.0662506559436544,-0.0265802355215597
"LOC_Os02g32030","blue",0.642366358074162,-0.156230282243789,-0.132375499352056,-0.596811789529251,-0.751209822970449,-0.749767366229761,-0.548887344764226,-0.307804355615633,0.196828786851647,-0.166876746718924,-0.402300543720684,-0.628378974238556,0.356185667897439,0.350300689064989,0.838180431520708,0.525837467017111,0.401140990834373,0.551940386705328,0.215077741638444,0.150338156252317,0.432230973005178,0.0806874232782111,0.132427056452055
"LOC_Os08g10550","turquoise",-0.642354761855625,0.0674126770653762,0.687490806160377,0.646283067641565,0.56940328225841,0.815837507389891,0.0155549568267779,-0.0437252939328907,-0.0758515176260632,0.150531313523708,0.23775087185298,0.261601763534629,-0.427739790228787,-0.787175163527873,-0.704949312490287,-0.683732680037954,0.0142943925241646,-0.244728462508482,0.0933473352300738,0.0903728779642186,-0.62812587953131,-0.237429787778572,-0.00141778175911181
"LOC_Os07g08660","blue",0.642272071615778,-0.195805861977232,-0.0726000783990586,-0.551623655483503,-0.726238804068742,-0.771784682305472,-0.616986126708758,-0.368297274575768,-0.0452002359066138,-0.279301699659584,-0.325125034633183,-0.52889785414568,0.36668434892327,0.278474937712744,0.925839115444833,0.561357337963573,0.35478213612793,0.313079349694365,0.38486045345244,0.26221552724223,0.538494135081116,0.181124057489562,0.169156562215696
"LOC_Os04g51690","turquoise",-0.641949379358567,0.262044310485958,0.591761980070711,0.558805003834865,0.726004995500281,0.822332063526265,0.124289275088269,0.217868768579087,-0.216075270171357,-0.0615109767281903,0.233297267488887,0.281720533097409,-0.451742056480326,-0.714632367171805,-0.711190304600708,-0.786764327514736,-0.209565346277201,-0.187306304688986,0.152806086321926,-0.000761846408834881,-0.552503536965181,-0.208739437078958,-0.110870275072519
"LOC_Os03g03140","blue",0.641417891278718,-0.189672840189498,-0.0330598148832007,-0.468328959907161,-0.732694431055465,-0.707922800822965,-0.611873441954388,-0.432364704057253,-0.0472172166361751,-0.209236045595423,-0.300168064511909,-0.54936042786021,0.341729819299041,0.252148584023451,0.828919323736483,0.555608291231219,0.398389320630796,0.334220401223302,0.313709463150155,0.243094156470759,0.456736841894662,0.217907538194736,0.203650454686345
"LOC_Os06g12649","blue",0.641309787737426,-0.0890699485420267,-0.0897957229115069,-0.371021276609215,-0.485904266590913,-0.706935961793558,-0.540135365766119,-0.287493154519337,-0.161892705171996,-0.531341349967048,-0.321431841832334,-0.583806998482487,0.116238502426141,0.216366793646703,0.828321825667215,0.498833339737785,0.264760248340321,0.280042875562384,0.581343881436641,0.395052659508622,0.65844584380564,0.322950357175653,-0.0462920129496534
"LOC_Os09g34910","blue",0.640952461717714,-0.00424077991865327,-0.10425102618148,-0.414095059814651,-0.616408841783101,-0.760288275549689,-0.578960467595116,-0.371139001985711,0.0485669540145399,-0.439478482579306,-0.418243257687464,-0.761153121321301,0.103142712173473,0.26140891184209,0.877232847704154,0.509543253527069,0.40161307715153,0.532177495165162,0.508270191564746,0.43197924033068,0.624641492565419,0.294408196054774,-0.0738680812836896
"LOC_Os04g27860","blue",0.640124585659407,-0.145897701693752,-0.124188111150366,-0.60260318139478,-0.746172638059057,-0.785789976586654,-0.582307510919843,-0.334661095113099,0.0132272915341676,-0.236512391607205,-0.269741251031168,-0.520265043988946,0.430942465680668,0.333642140102717,0.925333256802367,0.573692257577324,0.333717712448671,0.325596539748489,0.308420879888323,0.182318855856311,0.511050571121254,0.122292230014613,0.194769452833426
"LOC_Os04g41110","blue",0.640043934423967,-0.300280892557949,-0.366726577407164,-0.722937902529132,-0.730136194210319,-0.797307996318129,-0.369095087671321,-0.148061280421006,0.15650502269422,-0.0723849125778541,-0.142126375822494,-0.293493336451397,0.603530380641773,0.551699482069603,0.824031716812458,0.626180004757951,0.149862575216273,0.215257115985162,0.0310921664730055,-0.054087202139127,0.48999021946915,0.041991205196289,0.266691385256622
"LOC_Os05g49230","blue",0.639870837348734,-0.263849642993425,-0.169325595603532,-0.67117743731644,-0.674296220453615,-0.792575452060793,-0.563529654490228,-0.198482776455368,-0.0297370699757962,-0.356220995688808,-0.366156931912166,-0.488566089974279,0.417551349032149,0.371594914241889,0.916195268887461,0.495485386691144,0.192358712326181,0.361190897911081,0.334161915249724,0.126177615041464,0.5266825092242,0.146290082845492,0.140276253501367
"LOC_Os06g05350","blue",0.639541313914303,-0.405669710116191,-0.416549159874151,-0.751091791205467,-0.701432559809311,-0.82655415623334,-0.376803393258573,-0.0687817932286093,-0.00115534750220086,-0.0982478633384421,-0.157833567213166,-0.262248185105796,0.646484303415424,0.638050989103179,0.82994113199181,0.670348149175371,0.115154268100234,0.241172576542027,0.00581058399162241,-0.149318890627519,0.453211343182914,-0.0945173448763426,0.220037336188253
"LOC_Os07g09680","turquoise",-0.639508170520226,0.164609463248804,0.515217930489726,0.79799074158204,0.715244845530923,0.840240777181349,0.227138271875814,0.0468268843205267,-0.105127685122105,0.0994368307651815,0.206667329289427,0.332532794296451,-0.579617237556838,-0.699611344906606,-0.821785461460439,-0.685031366322953,-0.115009807261096,-0.311525802752832,0.0484904988880182,0.13494196291057,-0.544443330592913,-0.069834572105471,-0.165608978121024
"LOC_Os01g69950","brown",0.639504442451382,-0.29177167440206,-0.798428982823631,-0.645455821136758,-0.524989851087537,-0.816803260682265,0.0723100738126507,0.140116220798554,0.0202047376376462,-0.0339628751016325,-0.263820207860724,-0.159384448448896,0.513407697542457,0.92247900936257,0.625639555421969,0.784698618418987,-0.0194633228555093,0.238863086142199,-0.240322760377184,-0.224755141641206,0.555724181556194,0.0631642621727183,-0.0789072194785635
"LOC_Os04g51250","black",0.639481092714288,-0.0488442867662018,-0.373038226925624,-0.11832899444344,-0.142826293721062,-0.562845615893119,-0.0635233845402409,-0.0133259395094726,-0.0463904698127782,-0.586997166496357,-0.766643061784291,-0.626296085918861,-0.104866184691978,0.358071260845259,0.45007294366505,0.268635855788011,0.00400501483903184,0.583704749729351,0.470867106707515,0.46192457603047,0.80512627662466,0.743967864669481,-0.568605070540811
"LOC_Os03g62630","brown",0.639188421124623,-0.348753552561064,-0.661983760555657,-0.814400476107692,-0.636004673783226,-0.829206352691036,-0.0863736076466952,0.139304958068868,0.0681424991901763,-0.0217518733201958,-0.204874589836734,-0.119218857609111,0.703058415365971,0.848301258589223,0.73596572199265,0.716886042911825,-0.0448073367838996,0.219382593135311,-0.211434806917591,-0.308970246284729,0.484952714455136,-0.011516408097763,0.152803821252572
"LOC_Os01g39800","brown",0.639117479693161,-0.179087052882578,-0.814690874868483,-0.299223749108018,-0.228779498037822,-0.701163926769905,0.206433590101043,0.173454532083061,-0.135948497509809,-0.259858352740435,-0.464212909155959,-0.31061308602314,0.159684154978151,0.828031243253482,0.431833806216676,0.655079644138186,-0.0783753706956273,0.354519963176401,-0.0198434781424673,0.0507897094090701,0.711822227039009,0.32777321172586,-0.513842531046287
"LOC_Os02g56014","blue",0.639025473078799,-0.0919877501872388,-0.172208153980957,-0.504027821080445,-0.669533993094566,-0.780564643599978,-0.503858254283335,-0.329435187491678,-0.0410704986809161,-0.327157242477746,-0.354895385412045,-0.567159475539443,0.296832322914923,0.344497015628626,0.897540667524851,0.586830608131587,0.303131045948043,0.317582643244524,0.380932371704114,0.293730761726454,0.603173989075808,0.301149234148714,0.0528624780801231
"LOC_Os02g03250","brown",0.638963489158558,-0.321840866091841,-0.731338994390197,-0.780546598042627,-0.624269345423552,-0.824455561437366,-0.0185210933437994,0.138160060432103,0.0582088397279686,-0.00500040613610454,-0.248988622396383,-0.127012016691085,0.639632285814032,0.888327954402206,0.677626163416562,0.719914571028727,-0.0480545874598625,0.263055528954396,-0.273598670292591,-0.306658750275142,0.493374178059406,0.00294838775571322,0.0675298634133007
"LOC_Os07g47530","turquoise",-0.638955160407309,0.401992896452046,0.500522173446631,0.728399471179378,0.796573660387101,0.823037964622342,0.228143140070222,0.133991192013299,-0.0923274166010503,-0.107032803219632,0.212323558348274,0.203934757521121,-0.688304053349392,-0.714227984036515,-0.782637298125244,-0.737204503138958,-0.16761908386137,-0.234491103010162,0.207263685621401,0.175538234553603,-0.448971149680076,-0.022844917288385,-0.286640016712521
"LOC_Os08g40570","brown",0.638719677835443,-0.222464330938278,-0.783821277291561,-0.457018953707869,-0.416274404683672,-0.745067899269944,0.141278724977025,0.0933446567782426,0.145026412286655,-0.0766663107266344,-0.451302651895046,-0.364952956611545,0.260373657388401,0.849169962101569,0.500620321975827,0.659120533382901,0.0594044993821885,0.502466702574123,-0.169239951720995,-0.0566421058056004,0.628116021971626,0.216466679248095,-0.30789291786776
"LOC_Os02g19550","blue",0.638635905620557,-0.402681216504296,-0.194261456784989,-0.525929545477255,-0.589956548972438,-0.769187451911705,-0.553667163349042,-0.214436757548635,-0.0748943225515177,-0.404840905190953,-0.186900101591568,-0.355118558843894,0.327473271789921,0.363028702184963,0.841208442367785,0.582430491843217,0.168873220709701,0.167007799307421,0.385432911655603,0.181662745506236,0.557510987813607,0.151509285590798,0.122848116489036
"LOC_Os03g57280","blue",0.638612937249416,-0.155099758322433,-0.0040741619211043,-0.407576448202822,-0.612015309869101,-0.742091349540638,-0.670248352214652,-0.413543043473641,-0.106482286468848,-0.42617635343817,-0.373038846732577,-0.626158305156085,0.20070486002608,0.198118874014085,0.891964000883419,0.541750150077726,0.380943791198855,0.310057354472755,0.578744188102894,0.420858894499222,0.606294189323989,0.304035956801816,0.0497672397357404
"LOC_Os08g39780","salmon",-0.637752794580423,0.283699421941009,0.151085918981449,0.382993779353955,0.210620804984686,0.493917743649386,0.273379448356177,-0.125562599481854,0.246346129935789,0.508728618736329,0.89601753033474,0.520753728091756,-0.191734201488758,-0.258787362911791,-0.457211438088287,-0.0425574733051581,0.0752562117525826,-0.699870665106219,-0.385317201797679,-0.165327486170196,-0.525412531555636,-0.375570320955834,0.360383982788586
"LOC_Os01g63810","turquoise",-0.63744568990514,0.326155429288115,0.658663626190572,0.80716278891705,0.650143619377847,0.846997421063135,0.0817486576529788,-0.0801109682693918,-0.0882079920257856,0.0887192704760002,0.252826429891139,0.214289902960448,-0.642861182452478,-0.812327029308639,-0.768209645325049,-0.681108967687226,0.0254780901381658,-0.277982258767968,0.153254779388252,0.221559015439886,-0.577788167034683,-0.0988119245512401,-0.124823333689374
"LOC_Os06g30380","blue",0.637348319356555,-0.351496487884056,-0.242487623751829,-0.700592772010923,-0.721433608911514,-0.816445818271462,-0.531987795719949,-0.171977084234655,0.0463718682354463,-0.195975392558912,-0.178309871733554,-0.325394597540669,0.544287422012991,0.476532312307214,0.904972034434497,0.667548572038864,0.228380526479399,0.213945623945463,0.178479578702921,-0.00346184086219575,0.449310292117005,-0.0197047563169432,0.275163347271617
"LOC_Os03g25620","blue",0.637046170146603,-0.14975845796839,0.00771417713628214,-0.445726065524981,-0.638684098636522,-0.715604125345248,-0.658594057234487,-0.376313510286393,-0.0380481039434298,-0.410424380922406,-0.420248266443379,-0.644809432746526,0.22241876766645,0.184701003353533,0.865966299736558,0.480111457144962,0.371265429570938,0.401185818469509,0.49678390334865,0.362663495556669,0.525584961064203,0.275599521979541,0.0661298177731304
"LOC_Os04g54800","lightgreen",-0.637044811724187,0.38187534221256,-0.000622296564526937,0.511358801366549,0.857771879445277,0.649315157655706,0.611712674946912,0.463729421649974,-0.00427215492943944,-0.178270301422081,0.260346223003748,0.354851531777542,-0.56305481308503,-0.261361197270242,-0.73211524170993,-0.59028788658403,-0.504245743746766,-0.256104024391437,-0.0223049988038241,-0.0556105072946466,-0.226801737328688,0.10488904520216,-0.359649486337626
"LOC_Os04g27850","turquoise",-0.636742434177237,0.229148802711468,0.519947140429599,0.567449685309385,0.767949575643849,0.810350364589992,0.189676701773571,0.246919754579019,-0.0979960967109515,-0.0814279983398091,0.193421880098974,0.312456009110588,-0.460246327213649,-0.675947013516355,-0.751228293180484,-0.794646102491489,-0.270730635155956,-0.223770337324844,0.146299594370627,0.00899343981378623,-0.507376395220151,-0.08968044572947,-0.148950394251886
"LOC_Os02g09840","turquoise",-0.636487171886917,0.408322798121415,0.590302414753544,0.562015182911761,0.631530290192066,0.829832613566743,0.148027699691003,0.105072391254924,-0.109171216272474,0.0764399380653663,0.348539785342287,0.308472556574127,-0.415817747322053,-0.717196942856758,-0.71502253808983,-0.716858541822062,-0.162422140206748,-0.302480790916615,0.0558397645842301,-0.00345770086853694,-0.575469764604549,-0.1526655275711,0.0123403112041212
"LOC_Os08g34060","lightgreen",-0.636435866830003,0.378945079709317,-0.0374609272541463,0.605602441934251,0.839728256878304,0.679987568698017,0.684877702537305,0.400105147111069,-0.0184361202121302,-0.0175767332164961,0.334777671524162,0.415264656725033,-0.592611959487705,-0.224953386980468,-0.813139182375721,-0.470705508999352,-0.392193696192,-0.351675854600392,-0.123230529611321,-0.0532007941072387,-0.278661433023409,0.0709688444850625,-0.379119394332569
"LOC_Os03g51260","blue",0.636234727371478,-0.0743339403469047,-0.223038969822454,-0.486026050504352,-0.629356331756536,-0.796251395370551,-0.517579978424109,-0.290589537691248,-0.15072834251525,-0.35630288599811,-0.262009862964494,-0.541434751063202,0.240302253832458,0.387204058143833,0.871251992698431,0.639767408805797,0.331178477022439,0.324300889266184,0.38006603893426,0.275213162875995,0.591537883654193,0.115923541499423,-0.00671012959392907
"LOC_Os05g42250","red",0.6360164471679,-0.319381310940809,-0.446020678921594,-0.417095467054626,-0.741983980792232,-0.772147130541033,-0.259354460985188,-0.340828700377104,0.18890750047833,0.185497888616387,-0.114188817841671,-0.255359371930054,0.42158965414132,0.624626449181062,0.682728358389447,0.901286748755807,0.414978198413119,0.116361843145922,-0.124460459015587,0.0543719046457548,0.431430971192977,0.0334147675349641,0.182745498606941
"LOC_Os02g24020","blue",0.636000566015239,-0.146008409831027,-0.406189650352485,-0.710178885931918,-0.631470941661164,-0.822963893249037,-0.305015755196985,-0.0578321458818756,0.0379206700364416,-0.277162555249884,-0.298983740241808,-0.365474125114685,0.506020417222537,0.575880153983697,0.877237095015462,0.599446844018227,0.0502067386839174,0.247323895505816,0.163926906188498,0.00890208132058401,0.616594193026327,0.250346431816683,0.133492096524126
"LOC_Os03g21900","brown",0.635807975477307,-0.230576789727867,-0.72223798562582,-0.816453501820881,-0.420352931495409,-0.768389795853108,0.0307833274245767,0.372808754284629,-0.00839565246253994,-0.32305879749481,-0.454614410295218,-0.238352958552649,0.547570612855225,0.826554709689856,0.637778514856185,0.408014044737585,-0.317175790346712,0.484190338988755,-0.0986450527597362,-0.301388319423717,0.591292802121678,0.137920095502033,-0.126436870637132
"LOC_Os09g24414","blue",0.635410195723021,-0.418558944055273,-0.154081966946539,-0.63576756635744,-0.716236749305286,-0.741750956889007,-0.571931578225338,-0.23348138262018,0.0437524007717198,-0.121797061623717,-0.191246738143805,-0.309880563239967,0.557959811680302,0.393519788831739,0.819906295668028,0.578859372246048,0.234444759191237,0.211131603444257,0.154655989306324,-0.00614971380245213,0.373212672340483,-0.0361571498210545,0.311542460329378
"LOC_Os04g40650","blue",0.635325357539562,-0.042288525773171,-0.000203920173540806,-0.364246662586143,-0.546075372447019,-0.691504360316321,-0.63047753297701,-0.351002776514531,0.00568115513382809,-0.458393285216392,-0.376138816468118,-0.656713966092604,0.116495575521252,0.157173001820427,0.834758410138398,0.434290454274937,0.331991555109569,0.373708842156047,0.575654807379136,0.424291787883584,0.595854261862593,0.307454867366609,0.0168226038661232
"LOC_Os02g48390","blue",0.635113689389936,-0.312097171020969,-0.410724606578639,-0.743876313933061,-0.803964611903984,-0.814777126913526,-0.345496740504558,-0.154928816706052,0.031793903722313,0.075282881935529,-0.142046428040796,-0.221140509870092,0.687504544465456,0.640186526992536,0.821067653041623,0.716886819623697,0.20053935114432,0.1995582951652,-0.140494546777282,-0.179046718506923,0.379326344848697,-0.13055074222274,0.294189047686106
"LOC_Os04g39210","red",0.634992353981007,-0.358907574165786,-0.198182984084523,-0.0798211249426882,-0.616079199230426,-0.630597584568671,-0.359394408121598,-0.575018942594569,-0.125794811615801,0.0624062884868916,-0.300559486006482,-0.47476165079772,0.139952183513433,0.34863351407023,0.554231498508274,0.818811335813231,0.608667507360514,0.205435939385656,0.158937053777113,0.399572439706637,0.510202110840006,0.235258865612092,-0.0492172818135976
"LOC_Os07g10780","brown",0.634722539577872,-0.320551219242557,-0.830370356618174,-0.522598011358187,-0.465019701865894,-0.730178933050625,0.214131669107546,0.138398874275754,0.0157621899039831,0.0277782315018726,-0.298290878078332,-0.0465666798920624,0.507391991263369,0.904390741312663,0.488718931406773,0.755676965625663,-0.103352130513699,0.123643437270064,-0.303152166982337,-0.194175191981179,0.578869699482049,0.259736647756895,-0.107848774463232
"LOC_Os07g23790","turquoise",-0.634504555011281,0.245837326158857,0.385983198011737,0.665639855364589,0.68164499683932,0.840942247686711,0.388940554444235,0.131431624555173,-0.206905419364296,0.178139981265455,0.256595373237941,0.428079396977387,-0.472507730960183,-0.594318286209825,-0.857081964085765,-0.667442448882401,-0.232704658913277,-0.391359359993931,-0.0946315421679896,-0.00994842709304323,-0.517180541628318,-0.0507557100297928,-0.145992401242422
"LOC_Os08g37780","blue",0.634367518698677,-0.427018723214374,-0.422394742158036,-0.659936800369942,-0.707279274333161,-0.835377419082639,-0.365658447005534,-0.156258802946309,0.00901232461659562,-0.104976364661112,-0.226706212357496,-0.280956730879366,0.572041719137501,0.623830572885876,0.824381007972329,0.717020340356158,0.156053755588126,0.229123571506654,0.039571401991078,-0.0417159980525073,0.519236070761335,0.0263106741215312,0.201849433012918
"LOC_Os01g58754","blue",0.6341345279679,-0.107473386368007,-0.162368528690306,-0.352896680140251,-0.663802412432838,-0.757532163770752,-0.510537548809408,-0.437373653162069,0.0826801646857944,-0.215222491578276,-0.272211501611119,-0.550059255129341,0.20707309371905,0.329970402016666,0.826422091982333,0.698049588743757,0.437150637328657,0.211043786963646,0.357559465361358,0.362410877910238,0.562223798906916,0.248253935298996,0.0752024696067631
"LOC_Os03g49800","turquoise",-0.633777729507955,0.108003190551644,0.467455289455641,0.516680805904827,0.562959120029825,0.81661442026497,0.280915586654174,0.116176926485495,-0.0954279807355845,0.279324564191987,0.290040895042276,0.419171738133205,-0.281446758895264,-0.600379550295295,-0.775865893264908,-0.638124116468837,-0.152969251203317,-0.341051757822927,-0.153895000054524,-0.10541092480854,-0.601939028712487,-0.156531560685303,0.0254115517519968
"LOC_Os01g55730","blue",0.633708647241051,-0.172553466271706,-0.0458559216901882,-0.4013771329793,-0.666544144551705,-0.766815848398463,-0.648415161878434,-0.464043776282635,-0.10745779560085,-0.406623750795644,-0.333190294120401,-0.646583805648795,0.168759524834317,0.224282270691041,0.91022030296395,0.563059720964604,0.416961643944911,0.325308828626584,0.51102657591982,0.425976311876357,0.613057761841255,0.299534301870541,0.0688187703481814
"LOC_Os05g04940","blue",0.633655819346171,-0.455021175361839,-0.167753232080081,-0.609558985392452,-0.861329112854438,-0.774109918926224,-0.554231397893753,-0.408193369401568,0.0553777133478852,-0.014082348273096,-0.295097316422969,-0.37199585567285,0.527072899823271,0.390163735972117,0.831578344518432,0.587566125794783,0.34274769603638,0.288480173061868,0.054943474629177,0.0710782497387435,0.420090424603261,0.0620994507218115,0.362362346849097
"LOC_Os07g47040","blue",0.633467060013964,-0.158593821388048,-0.116846199818506,-0.597757448828177,-0.698210379945885,-0.787426594629279,-0.599908270555115,-0.31103218398726,0.0755440341107465,-0.324948626447676,-0.326357161285648,-0.582825055701679,0.34148294208484,0.313008708336584,0.9249680296651,0.519937434971042,0.324755548416571,0.392346075271524,0.370807418903749,0.219470721129297,0.544556169477676,0.143822697112123,0.162590217659981
"LOC_Os06g28030","tan",-0.633460923698684,-0.11994181238653,0.170460133451538,-0.0209881799798506,0.365232880172193,0.590801225157942,0.300914533073917,0.423589031849333,0.0616834512703188,0.381559019524738,0.598198618242912,0.853858875287143,0.241642700628288,-0.230466597637832,-0.544451890090173,-0.518439745711789,-0.506035123022618,-0.594004120417324,-0.531559941939751,-0.684161489831674,-0.707207113211049,-0.557999217341702,0.488215839806218
"LOC_Os03g57070","black",0.63334643269636,-0.054917623701169,-0.372402238336565,-0.140925573154194,-0.225605673877229,-0.687063587350899,-0.235619546389116,-0.146038795191969,-0.163739982435073,-0.584143130444115,-0.395945355482397,-0.588332720759805,-0.131250227252098,0.407436395605785,0.601934619812602,0.561512749218207,0.207589665599726,0.349529746810443,0.551998723635101,0.481078622598683,0.804685329790805,0.439090592541058,-0.448417803517126
"LOC_Os06g05110","blue",0.633158418920197,-0.400708364656358,-0.38281516210775,-0.679138168143523,-0.558426026568627,-0.811964488444456,-0.39512710197515,0.00870479754576776,-0.0798133220204722,-0.311260586584764,-0.152975790480057,-0.178957843339873,0.549702769829622,0.581650052532303,0.842335718913033,0.649686134514481,0.00166185520312507,0.0819534340022868,0.18603856084261,-0.0612934397260052,0.527943836379697,0.0471918104031574,0.189839886708023
"LOC_Os06g04270","brown",0.633011606747425,-0.0931516367091232,-0.853999973552265,-0.599056847468741,-0.389903399788864,-0.77373022001248,0.205488135174716,0.248679056408874,0.0595850003563723,-0.135052228098471,-0.29725504665577,-0.191772958526912,0.421674093401257,0.928929933168752,0.571368973040827,0.727486434603887,-0.10965955009783,0.270085024460362,-0.181012010894147,-0.183325430108965,0.637048814907515,0.196404263728187,-0.213577533203342
"LOC_Os07g08220","lightgreen",-0.6329296161197,0.152963431874269,0.236638369647665,0.472613075103395,0.917839017955281,0.750947984223962,0.432856823627337,0.554411224544891,-0.188761519004578,-0.182337315993137,0.183783563609964,0.504223860076645,-0.410859282316363,-0.439347401754355,-0.762477557560349,-0.754610347561956,-0.540881245676201,-0.308730923649565,0.0185312233686615,-0.15806686331456,-0.414802948470116,-0.0791334302577646,-0.261881797565474
"LOC_Os05g46280","blue",0.632608488793205,-0.344830587343997,-0.282484791513082,-0.515472575944437,-0.701578939451103,-0.784159764624942,-0.446613344395239,-0.288782970039118,-0.0650497644677854,-0.119699946811443,-0.239186079845781,-0.288806082692433,0.433685730735749,0.454734997042321,0.809627908782493,0.67192323462741,0.253567815717383,0.102780600754775,0.143586471907539,0.132282498493796,0.499659652941276,0.125594004089698,0.186194210440855
"LOC_Os01g20110","blue",0.632469766490268,-0.452277281244113,-0.405014159349556,-0.78176322955961,-0.633266147211848,-0.810527985619534,-0.361860016704088,0.0344395361884681,-0.0694725464715288,-0.203075352618709,-0.157365371550806,-0.136285378337264,0.680738809938523,0.620151077328974,0.840345581289083,0.627870565733737,-0.0361058133292895,0.103823175353174,0.0625329033599151,-0.178143603299449,0.488892667838692,0.0154139382791623,0.272942087614894
"LOC_Os06g34040","brown",0.631649192683052,-0.362921400127592,-0.776491910194036,-0.641198709058339,-0.450041820435896,-0.761453352522647,0.103324326437031,0.215152744516823,0.0444818260521876,-0.0909868240070157,-0.415248348629486,-0.189885701887994,0.473764640821278,0.888044576955552,0.557050012206374,0.623576388133157,-0.101537896873569,0.382795550193454,-0.242219440295331,-0.239780628552421,0.543475163175637,0.098649775094544,-0.139382627446748
"LOC_Os07g20544","brown",0.631451289912497,-0.134407451113603,-0.711375827935756,-0.696098392494181,-0.554781449879175,-0.82703811342261,0.0056296406672214,0.088613145787922,0.110655345445057,-0.148512936131688,-0.266737774087721,-0.299165594988929,0.443293083559863,0.822712537302653,0.715350760496683,0.688140431830798,0.00514746239815901,0.325347987976464,-0.0872921443834159,-0.121826037448663,0.645242012546854,0.185664404595983,-0.0322471997302779
"LOC_Os01g34080","blue",0.631282530137423,-0.260450157002955,-0.187514929242789,-0.59715308157727,-0.742764671257437,-0.803966814499647,-0.593313396903214,-0.320133068821869,0.0833626564716371,-0.194778272240866,-0.0752668037329049,-0.391935885626284,0.411748722064046,0.399226444870242,0.89725260839621,0.685131728430662,0.328571104906646,0.173658463955157,0.236736504556665,0.121962525669861,0.475894033284095,-0.0179711817193858,0.293372603849072
"LOC_Os04g27250","brown",0.631264412787006,-0.282133987400838,-0.775190695907125,-0.647906306291205,-0.365130895961027,-0.776900756578213,0.0761538319927834,0.275631042846091,-0.109520603966595,-0.253971832009032,-0.325841910945888,-0.196771786953428,0.446801648892164,0.870055490863118,0.587150377348672,0.610831189129047,-0.176727707969485,0.316328310695059,-0.0697139776420191,-0.204828685824605,0.642440531759888,0.120069173157769,-0.209288355433498
"LOC_Os08g02460","turquoise",-0.631058551723101,0.309060400676375,0.542174323979538,0.661755278222311,0.649231772860503,0.823383245894322,0.195185385275077,0.0633161898660465,-0.115431626204426,0.0886461209007731,0.252822207247851,0.374525319078613,-0.493700415038114,-0.695060037249192,-0.768371942365681,-0.677774331418104,-0.154823700808577,-0.392773033027317,0.041945526635557,0.0444849898421852,-0.591336404017723,-0.053792538650049,-0.0543012389112443
"LOC_Os08g20020","red",0.630817422380011,-0.355950049020844,-0.479453215140606,-0.270426906959211,-0.602228367614944,-0.71096710354597,-0.128567213820097,-0.311618326940411,0.0842795367270999,0.0916356425314935,-0.200817228254352,-0.247709813917788,0.305832931670296,0.602901535793999,0.586078676755455,0.902006112551508,0.335558916697121,0.0206748937397064,-0.0368707893580288,0.174285682835129,0.553331243382275,0.306033932691508,0.0510313862515941
"LOC_Os08g39750","salmon",-0.630812510065846,0.143014324426104,0.129998009334337,0.388812683012343,0.279600075035932,0.518434090390484,0.316456810089842,-0.0492029289894898,0.204952352040587,0.511502375845915,0.87209279233451,0.629810463618022,-0.156915729874372,-0.24211750009507,-0.512774808546485,-0.0463482270656533,0.00404790058722966,-0.772167366992841,-0.381827350059553,-0.184415858503629,-0.520375528219717,-0.345428066115062,0.336710850556167
"LOC_Os01g58459","turquoise",-0.630552835944747,0.0475415588927919,0.387496712041014,0.443123406367489,0.642564419513592,0.803136181254262,0.335470108058757,0.288888920746282,-0.0250110189317032,0.185701238049403,0.202833755104394,0.442390624495253,-0.261321149972161,-0.542963538784446,-0.789037931796495,-0.766576621695706,-0.333093147877616,-0.237090792708589,-0.135675420481328,-0.180506570414676,-0.573523808432628,-0.196722197107768,-0.0661653793245486
"LOC_Os02g05920","lightgreen",-0.630419925518647,0.109239600879679,0.289366097808575,0.429918948982737,0.807721344327476,0.716409077826196,0.358760295577726,0.453226907245751,-0.141193949387482,-0.123433172798794,0.282461666503133,0.467574533849419,-0.392094361455196,-0.448519248485785,-0.677134357045291,-0.65956113058621,-0.430802973297392,-0.344981626212307,0.0673299736302989,-0.12614411768515,-0.411172660436532,-0.103308369713731,-0.16344089661794
"LOC_Os08g39790","salmon",-0.630391786304735,0.356632765177063,0.217920759619017,0.390277854918472,0.229795608697412,0.521146150163977,0.230957565253512,-0.137565471104937,0.215667988560029,0.455189488050723,0.84873102975072,0.409552503289734,-0.237302489055577,-0.317746449904458,-0.474026191437872,-0.113264108046975,0.0970555539463178,-0.580597866218877,-0.300257799858863,-0.117843265259297,-0.523759311723409,-0.352059894379876,0.294655746947003
"LOC_Os09g37006","blue",0.63024704592811,0.047253157109158,-0.0894272139474443,-0.381657519866406,-0.501505953408425,-0.708575917221974,-0.51973893488155,-0.287743898922453,-0.0876537598551384,-0.530690769077938,-0.412076405972998,-0.647805168221804,0.107115757752928,0.220216781684903,0.83719806765264,0.466969963912093,0.271510878247977,0.352150805865993,0.586865674020198,0.43146083223067,0.676906867993938,0.426063636112939,-0.0773757156937064
"LOC_Os03g46600","blue",0.630230793149774,-0.381872655516093,-0.118702750978017,-0.697202661415862,-0.819720941917079,-0.780635323873465,-0.617193324677072,-0.321103638472496,0.0280819686734789,-0.118910057818108,-0.20459645323883,-0.335812634675986,0.59078018809776,0.35672780926083,0.908579814950594,0.563317654562671,0.272733661854522,0.20907365624509,0.152868163141757,0.0188673224440526,0.401708821932851,0.00949314835909579,0.403167734918077
"LOC_Os06g16370","red",0.630095501504354,-0.34647993373834,-0.20022435800038,-0.365122073510763,-0.788763972640229,-0.708186039908478,-0.463370998909558,-0.499209271198445,0.10874691222217,0.151309154309409,-0.128568130685604,-0.319152875583622,0.446554131866379,0.39988825941906,0.691234864430055,0.802367253660104,0.485664892844504,0.0853307085125398,-0.00396568396323648,0.152858087793247,0.375883270522172,0.0648083106713167,0.286089338120611
"LOC_Os09g24954","brown",0.629801206188065,-0.113041251563108,-0.803285666112983,-0.394941184552459,-0.257896516608205,-0.658786360306604,0.273457499235434,0.197649544993358,-0.100365829120209,-0.205896016172734,-0.427182293214939,-0.2195596386046,0.239255227609062,0.814318530972899,0.408199827785482,0.553707895478498,-0.161560150452109,0.308932024581685,-0.0833067215809094,-0.0452273282709964,0.717487979540207,0.378141453112033,-0.357274731265391
"LOC_Os01g62210","blue",0.629579571735419,-0.115259268652969,-0.0680332192562536,-0.590944227402983,-0.691494289532177,-0.746501406087151,-0.59991903870612,-0.302383321155869,-0.0311782806276442,-0.315802725534124,-0.286912463274305,-0.5358842605775,0.388348276658778,0.27591334215364,0.908449484443254,0.514001028821353,0.297364973831996,0.322951430411982,0.376297134211097,0.183169893825753,0.508629029512548,0.153074487492207,0.20104870380837
"LOC_Os02g36140","blue",0.629437744170663,-0.359518865591062,-0.179963510098449,-0.45393628739546,-0.545934254600878,-0.753681883536395,-0.556182523068762,-0.216172724896413,-0.214543120390717,-0.347200843247445,-0.120775890409506,-0.323991448763124,0.317066531998864,0.373547252557965,0.820994208853145,0.684098825407379,0.254716689446572,0.0799248030307999,0.39034814046358,0.194003925195549,0.521662682881775,0.0573147920455003,0.103402349125742
"LOC_Os05g30530","blue",0.629420080623007,-0.232290348193346,-0.120623259630386,-0.636216238902146,-0.684534400230861,-0.758453950535515,-0.554361511392563,-0.231929549507372,-0.0250399884654196,-0.310455442151616,-0.319506968207718,-0.458745929941874,0.447977143241014,0.324440727910817,0.911431275837715,0.480419564273723,0.202027268602002,0.304020393914237,0.329304241360639,0.138521620149835,0.523055653547074,0.192713456347996,0.199765948978101
"LOC_Os02g51570","brown",0.629308957890367,-0.239012665243719,-0.777140509016611,-0.549207433039198,-0.416994359572689,-0.798841365958421,0.0843675829989249,0.166629296984489,-0.013348230746335,-0.160832407033313,-0.230139442243525,-0.161716847278873,0.424230767643374,0.873016948673644,0.633746871674716,0.790429517871004,-0.059743979386617,0.151642055364475,-0.0750832231677505,-0.102115573463596,0.643123593736044,0.182397209494271,-0.163227092755384
"LOC_Os05g28180","tan",-0.628989858702854,-0.0506282875183873,0.0420921322210724,-0.150053546191626,0.465260749087485,0.522971320791957,0.434348188611393,0.629876121530519,-0.0118970403900251,0.213797849514629,0.511405956197426,0.802195674932964,0.287919496563769,-0.0896767886755438,-0.456654586836734,-0.48646048223191,-0.622639369136218,-0.522843783515658,-0.43033898874589,-0.714943379335127,-0.560124911559877,-0.443299468395328,0.342341023801296
"LOC_Os07g27180","blue",0.62886179377022,-0.327008409715672,-0.0192330009276397,-0.565857798139448,-0.656529850366557,-0.727448298800118,-0.68885044593167,-0.30922997260109,-0.161629514920459,-0.390857479307402,-0.281204190879196,-0.503394852046223,0.364815879031053,0.227434130700735,0.852736406157787,0.4499437360636,0.276521169403356,0.347384289098177,0.420729463889732,0.194064481597038,0.504495862059403,0.111037861611445,0.201528821079344
"LOC_Os01g07590","blue",0.628585235512455,-0.183395232960613,0.0615770679716588,-0.334549391790362,-0.78431246697329,-0.697709513501614,-0.706080997804727,-0.630490583837327,0.0742737268090058,-0.0927350275282225,-0.284904704540133,-0.721953012390467,0.218274499706316,0.147278092346422,0.807188092994783,0.585339621061837,0.668569087499484,0.457014795692271,0.345851720941926,0.409949510746756,0.45295030067512,0.115991779225962,0.15944358144377
"LOC_Os03g26440","blue",0.628327166144612,-0.0305962037812441,0.0329891863080414,-0.291170615656368,-0.58123634377425,-0.677063802877451,-0.644656943762623,-0.446787400081182,-0.0724307661359299,-0.322248493557322,-0.274724363234719,-0.593367337869443,0.151336925602664,0.150620503631629,0.827279945963336,0.543296069306417,0.448831594702277,0.252747145663463,0.534215329105903,0.456082938347843,0.54024600919318,0.265362278505971,0.0649934263061688
"LOC_Os02g04660","blue",0.627688535249975,-0.320307798576112,-0.0691204456184322,-0.681482537183616,-0.583058460244546,-0.713248672310895,-0.616627560835095,-0.13011548906273,-0.183103612497255,-0.456470792515131,-0.370196378201297,-0.452989235465449,0.418995161653652,0.260982902823383,0.84570049089546,0.313037078582208,0.0918072890454533,0.390011142998194,0.407205335791118,0.0908549538329153,0.51631413895209,0.103872638705835,0.161192983288085
"LOC_Os03g24460","lightgreen",-0.627523222266575,0.204941665664302,0.0459447266131795,0.585824536139359,0.8532376535829,0.663526353537174,0.588652894535806,0.406479370068848,-0.0729637366290869,-0.119678915196861,0.214211781320747,0.445534387580399,-0.514980394957509,-0.295314292241914,-0.749528670665918,-0.559351700215658,-0.466280532500778,-0.387978626843853,-0.0244630467540654,-0.0303613908915587,-0.253419704424295,0.140359575288973,-0.323753117466882
"LOC_Os01g47256","blue",0.625861949068518,-0.195093988162705,-0.0296675660078617,-0.521807277734461,-0.714494711406471,-0.776335501995437,-0.708620685221431,-0.41345318133023,-0.0168373064662481,-0.360098794119462,-0.223336867170308,-0.568447474025538,0.297551070859219,0.2334186429336,0.93337848504635,0.558025048898855,0.380102805147057,0.29779511957235,0.440997155778827,0.281280187932721,0.509836947755039,0.121272350302599,0.199503473660386
"LOC_Os04g56730","brown",0.625811138559434,-0.204347801704063,-0.831287949377479,-0.480011732430736,-0.140810500636791,-0.682074062036682,0.221374117338487,0.396288692621162,-0.157809589731727,-0.417505189251615,-0.402722739128644,-0.131866217646706,0.249416851866022,0.830568780351196,0.432112289426309,0.497237638289868,-0.353493046295559,0.23747320734498,0.00986728718392905,-0.113339836798722,0.719438608470024,0.336830275745317,-0.389970454241932
"LOC_Os02g27760","blue",0.625769363269618,-0.102541436001791,-0.160741557151839,-0.599514519392523,-0.720789109838193,-0.784655298940623,-0.522909812161814,-0.305752543917445,0.0634204040224477,-0.281994827822075,-0.322746498564782,-0.556082825207328,0.377363227110865,0.355876865235188,0.919124106943266,0.558855311352298,0.298636725941505,0.35270492983506,0.316876366505139,0.20453294783902,0.560286943016098,0.232930040192446,0.164172230193839
"LOC_Os05g01970","brown",0.625598794303598,-0.344840386832094,-0.729121793201092,-0.774818658935978,-0.429454202035566,-0.790663042121568,0.0093440436866739,0.327525586325621,-0.104041971807854,-0.257846225081899,-0.283771515285265,-0.0733183009101715,0.615728545634911,0.858049264658091,0.664255750769939,0.590046665992594,-0.275745293687348,0.197085499517314,-0.0924947454476645,-0.296810534373936,0.58884568779268,0.110153876266591,-0.0154600594993472
"LOC_Os07g02280","blue",0.625540558617035,-0.297821636060758,-0.137869130274664,-0.508458007904374,-0.725241228240725,-0.777850316579195,-0.609281896751694,-0.354720707743323,-0.0527955787128846,-0.199204520545894,-0.130673737530782,-0.385218378168668,0.398546656549925,0.353827331795505,0.873619356767794,0.690956852515086,0.364098383470141,0.147465405085793,0.292544754242968,0.19209399237267,0.452499757046672,0.038139494505975,0.216180015725634
"LOC_Os09g10600","blue",0.625127745864268,-0.365058621402458,-0.447318513594462,-0.700415402993227,-0.58563623619864,-0.800691867365781,-0.265436162794177,0.0108619460814953,-0.145937826497853,-0.297470399477296,-0.257539883235258,-0.190926207135293,0.555877419145323,0.613535406924251,0.814054804065364,0.580019177944408,-0.0804275735212456,0.118791064203208,0.121776333652603,-0.0747559613233801,0.599293345388692,0.231443142927765,0.173765076252768
"LOC_Os03g17560","blue",0.624844376315575,-0.223949474201247,-0.0529980418053292,-0.439235601477276,-0.57348302629754,-0.69239344677473,-0.593914250949229,-0.316641830385304,-0.244196279042643,-0.363837011634121,-0.227748768562656,-0.378377995884528,0.36224392549847,0.227098378727643,0.820416081543762,0.526470939772599,0.199304205773098,0.0781200607137786,0.450241413342108,0.255222969930007,0.553119544859781,0.237751610731697,0.179807931288159
"LOC_Os03g08010","blue",0.624470871000173,-0.143295041186974,-0.0128262174350299,-0.530999418115387,-0.722356791511578,-0.742266563115683,-0.645616238607366,-0.390292116387285,0.0166026803050511,-0.278931429397174,-0.319563154431211,-0.577943109763801,0.35514190072102,0.228072295806079,0.919255368191823,0.535649708057915,0.37849337630892,0.318256440702401,0.410952056429626,0.283803213132799,0.503728724809699,0.208747465179718,0.194381714157687
"LOC_Os03g10650","brown",0.62428519550723,-0.320485101060203,-0.797751228371462,-0.690566866166078,-0.385677708899353,-0.753176033238765,0.137459269928767,0.337524029256043,-0.0131468194194046,-0.18771789086865,-0.291738914622594,-0.0563045468710686,0.557404265864584,0.893111151625088,0.571941318223816,0.620534951176257,-0.267628063873971,0.184861841835076,-0.176894821706592,-0.281139372739684,0.59761181479584,0.204849304748691,-0.0728079363198468
"LOC_Os03g50380","blue",0.623350174627917,-0.140659070496872,-0.219045954041369,-0.555668742827577,-0.611062029528397,-0.783736036015656,-0.526631755122085,-0.239128090982852,-0.106051617407796,-0.363067404956112,-0.242385965998813,-0.510789600139866,0.304182256768308,0.402690807824847,0.849938616374209,0.557504470930773,0.254309930341896,0.348423810154852,0.337089346537935,0.173521268769286,0.558276990393222,0.109684227201477,0.0551134048503288
"LOC_Os03g58240","turquoise",-0.622317310820104,0.406461512993091,0.569861824433796,0.705132170339126,0.69302080342298,0.814403550917622,0.175321844903744,0.0497950556149548,-0.152734604901042,-0.0148904929425917,0.175164350729433,0.17147845213581,-0.601233870840481,-0.733441293832185,-0.73818625432053,-0.721508839406746,-0.0793848400411068,-0.183854526261271,0.133864197109064,0.137346196723694,-0.502929313207334,-0.0593622808123603,-0.186424447256087
"LOC_Os01g15490","brown",0.622291318478418,-0.244484262123343,-0.856013715955132,-0.549150461002978,-0.398903864985161,-0.745354228074087,0.20382870120264,0.20073705469049,-0.0235156578501991,-0.070904061932105,-0.323351038375847,-0.179312592688481,0.364409934707322,0.924842965873477,0.486502510886921,0.687830672985059,-0.070285039365432,0.330452375314809,-0.249518673678738,-0.19537617029734,0.61484148236452,0.134538156293654,-0.221732528681993
"LOC_Os01g71190","red",0.622102190045063,-0.095522521935036,-0.778209067676608,-0.457981969827787,-0.574311382483466,-0.766174867351573,0.163326353616345,-0.0730344332558389,0.168359501275202,0.105196304628419,-0.292975569443999,-0.32059964925592,0.330231621699111,0.862729665155849,0.557633615524364,0.84544087060525,0.207668049681646,0.319451531582009,-0.252423406578036,-0.0175567379682678,0.599593410476503,0.249395157630219,-0.156415124049797
"LOC_Os03g08580","red",0.621250927680841,-0.365857180211018,-0.502426432416311,-0.469199087163055,-0.666598352202948,-0.760092047102858,-0.183662479817004,-0.232484831730993,0.0247560244008269,0.0866098144258106,-0.0356151085742982,-0.117233989561492,0.484375880604209,0.657171238689994,0.673685095841715,0.886785547957314,0.217236873049948,-0.0645725780942936,-0.0990359085112648,-0.0202306973223629,0.504066919473961,0.124296252766023,0.214516902328545
"LOC_Os03g57110","turquoise",-0.621212334376645,0.137932562938531,0.363017547511984,0.619671095530054,0.824091170836868,0.805777534525169,0.352891176613138,0.337546492359568,-0.151441834042703,-0.0369252261737928,0.179812897998777,0.488971685092993,-0.420663600309451,-0.55779764504913,-0.804228395012309,-0.736867083249586,-0.440026107088361,-0.411337516460128,0.0101314490990396,-0.0704648699957517,-0.476993651114191,-0.000177133106690711,-0.155451894302086
"LOC_Os05g46430","blue",0.621096055206932,-0.197712572936385,-0.182855935595227,-0.666491680913549,-0.748092590186902,-0.80537251134629,-0.539086796396108,-0.276851863928798,-0.0141020783688155,-0.239400385716552,-0.231989184875915,-0.453635663540662,0.48384864293978,0.393693404339422,0.937865042358756,0.587663221806913,0.257865579575422,0.262352743766882,0.2644756232049,0.109383169150268,0.531710863189679,0.129763821569,0.244994627370852
"LOC_Os03g17580","brown",0.621040470828987,-0.349281776368311,-0.733443544539667,-0.733285028088946,-0.527523520664343,-0.774332206128827,0.0482317657771822,0.231297631985088,0.0977539851933718,-0.00822898761736357,-0.228270181410407,-0.0223552037974537,0.64676139800362,0.873776453584706,0.628515609220035,0.685481867178581,-0.134994311138921,0.160541951956374,-0.266834109455206,-0.33548290502942,0.486048485518271,0.0275252650219854,0.0762566554050625
"LOC_Os08g08655","brown",0.620908618222565,-0.164312719658589,-0.84240896559419,-0.432709324838549,-0.162764717705973,-0.68844724890625,0.24451165375639,0.341920631250953,-0.184874474373025,-0.36040811964917,-0.51454360924396,-0.251285258451804,0.215512273713184,0.848624372353607,0.415800057290941,0.49747706809825,-0.252644124669669,0.406598001936455,-0.0242760282280844,-0.0757066466821224,0.718641348258086,0.293202607038562,-0.5057738442098
"LOC_Os08g14660","blue",0.620230548112896,-0.347452027604778,0.0367357445555176,-0.459368411332012,-0.686404106212507,-0.736904868455921,-0.745558358202065,-0.446446296708624,-0.0549878708775051,-0.364872763830177,-0.288510344912595,-0.565705242923934,0.271495430277453,0.17134717035901,0.886384351110038,0.513393371433112,0.404184996411994,0.325735843194404,0.497815152547717,0.346548523301789,0.518095276834523,0.164957747793151,0.164648485375466
"LOC_Os01g07870","brown",0.620183261932598,-0.0623924728094081,-0.702901460741809,-0.721138398057086,-0.52830026934549,-0.756254858446725,0.0356952743437133,0.191593233530075,0.079188142390592,-0.0536012844287317,-0.194699774149677,-0.199247954513457,0.53473362692699,0.837282785427561,0.627842111817572,0.630757216974075,-0.0603582168777151,0.318097426319757,-0.210266656059812,-0.271820307432085,0.518541360889922,0.0265989884971964,0.00770992939102613
"LOC_Os03g53520","turquoise",-0.62014156286111,0.0930642934741845,0.222909408807775,0.594858560308132,0.674778853600163,0.805158424188034,0.533521991781382,0.250487985033416,-0.0536455137591473,0.263904844779168,0.207656057439622,0.51534825992891,-0.326332249027021,-0.413201674258457,-0.886689746351999,-0.604844071490784,-0.331617605259791,-0.352692076048775,-0.307209003459264,-0.179627616412236,-0.524484131004875,-0.0286526115170371,-0.0907822099397224
"LOC_Os01g64090","blue",0.619754223672096,-0.133309437643278,-0.101494836342282,-0.407676791661433,-0.672932029038142,-0.76259145695541,-0.572175769797587,-0.436603504182418,0.00520347794076689,-0.33934606611481,-0.341714197137626,-0.65177078180632,0.191895397974897,0.265943875015259,0.889383346452538,0.582282909091224,0.402814972372969,0.350607864620052,0.434309210418443,0.387174485725943,0.619324888890403,0.287830649279104,0.0738436995003482
"LOC_Os07g41080","brown",0.619712403598228,-0.326607255143779,-0.716232711787967,-0.56827304091387,-0.393859662374005,-0.769814826774458,0.0124303309578997,0.179937674545382,-0.0419319221559176,-0.239583017465082,-0.368234512160388,-0.319201814466794,0.355075258279107,0.823538775112646,0.588073756747879,0.632496253735026,-0.0354802575395713,0.434343296714629,-0.0468851575047825,-0.10892074236696,0.612924237166241,0.0986149649855438,-0.239753834967158
"LOC_Os03g01020","brown",0.61919721994201,-0.227677699276564,-0.708652846363057,-0.615233640270289,-0.578686539331395,-0.790179134647797,0.0156110139400663,0.0497466298804956,0.0633019192376077,0.0374997893983176,-0.164853841145612,-0.131518631230061,0.551701943048321,0.851275826214407,0.652614623493948,0.804531115130981,0.0353584628934163,0.140783321431434,-0.234081277691587,-0.199372953794611,0.488102255636197,0.0625402048688146,0.0266442864350804
"LOC_Os07g25440","blue",0.619077471962695,-0.0643868078034121,0.105066093917157,-0.34121273313446,-0.592716535230066,-0.686253335256256,-0.734989823548946,-0.467517741086894,-0.0749056039176577,-0.474350061580809,-0.323138303232949,-0.685270065498526,0.105283367918255,0.0700458002425829,0.872302568684052,0.477792593235167,0.440743621638456,0.327605336708497,0.637622901474609,0.482820282460973,0.559064925646479,0.282135478921657,0.0543334930079187
"LOC_Os07g07220","blue",0.619019280304993,-0.225269075169997,-0.19799447566095,-0.578396543260048,-0.732251609324243,-0.751780813061213,-0.467964174229308,-0.271013543658039,-0.00555340701410227,-0.0693341526427363,-0.261174796480053,-0.355004647059312,0.51993234982335,0.412081468897802,0.849230182503561,0.655628813475082,0.296282699335326,0.187887824069429,0.150079089318212,0.0760226804122283,0.444598830448959,0.0698429805009562,0.213563157615144
"LOC_Os08g25390","blue",0.618857457357693,-0.416606764566699,-0.268668140399077,-0.717480552969656,-0.65711612672647,-0.801770735726211,-0.493343605381347,-0.111790886236996,-0.0832625240609155,-0.284641914817265,-0.184254580477933,-0.220455733499095,0.57878772940944,0.477634225969912,0.884634471993299,0.577569894448146,0.0470317804153469,0.104707544649496,0.203162499252286,-0.0459050052865724,0.514514915013991,0.0659306181777722,0.313795825403399
"LOC_Os04g54320","brown",0.618820171364376,-0.28094853235449,-0.778234920213463,-0.770104616493769,-0.385865747729934,-0.764348435741327,0.085502998486915,0.391992667844941,-0.054144189224743,-0.253067101811667,-0.321118690281938,-0.0925483095576324,0.57959545231062,0.888844644819287,0.602815173522813,0.547676407312204,-0.30360475995371,0.290520031511513,-0.158434643785071,-0.353632313616384,0.559905201542578,0.0837319127201404,-0.0878517463233335
"LOC_Os01g34060","brown",0.61864509379509,-0.118036920467221,-0.898272097148128,-0.40853199592584,-0.29921452702864,-0.654624739216992,0.387615708706616,0.242540985548217,0.0265172588805698,-0.0719696374951547,-0.450750347279267,-0.198014870962806,0.264444285157463,0.901859313728621,0.356354164475516,0.616962218042911,-0.157968859589932,0.320616169874051,-0.243012551501229,-0.108534849218236,0.65303954161219,0.385928258339725,-0.39376559114311
"LOC_Os04g31040","brown",0.617999585103271,-0.163033712383395,-0.820638250654784,-0.609779394992524,-0.459822246876711,-0.794466650373511,0.135559936738389,0.175037444057075,0.0333338409364104,-0.095006226321611,-0.220471111955284,-0.168451948061019,0.433916842857321,0.908618739215059,0.609504905505751,0.769485280499165,-0.0627655393876616,0.19947003526458,-0.175045542910515,-0.181533535838697,0.599850865573343,0.137934783156098,-0.146651957097007
"LOC_Os07g31320","blue",0.617970396443713,-0.339403580242139,-0.0180920827741719,-0.395037704225508,-0.540254277339936,-0.687775475191382,-0.649713866747666,-0.309385837362285,-0.193622773625196,-0.407140748922219,-0.274539537490279,-0.482237800700198,0.27037659068531,0.214582513461579,0.812499122715101,0.499385066476146,0.260649941602754,0.219611587665642,0.515489160003974,0.293345938127456,0.517812818924429,0.137978459837431,0.0683812955620045
"LOC_Os02g02520","brown",0.617938711688807,-0.0418519556929195,-0.755365432878656,-0.516619863237864,-0.318467001687882,-0.766424262031229,0.10053709060536,0.203265018654294,0.0238252903197315,-0.350851894201667,-0.408856593575865,-0.414629099745426,0.184968498185755,0.802510828254954,0.601126105709062,0.601785172860226,-0.0514357868005086,0.486531701155889,0.0673648276921704,0.0219356725885113,0.721334480112063,0.256599599827624,-0.399904161411508
"LOC_Os04g41040","blue",0.617609470254141,-0.0798658781975702,-0.0815076516119694,-0.429774741625728,-0.700324201719965,-0.704075286409067,-0.523353985788729,-0.438615905256591,0.0232919541092155,-0.218169674986649,-0.392137302375162,-0.632901245247119,0.233637423849639,0.250689866942443,0.811682889499392,0.531718536251371,0.437685680419742,0.421712267938364,0.346041432174847,0.341200768598753,0.53310468028673,0.2557367263489,0.056631938020517
"LOC_Os02g53770","brown",0.617170761275437,-0.191550803006256,-0.793477865348862,-0.708274600304765,-0.474263533964243,-0.814158480647411,0.0735443640731839,0.221402021647016,0.0257403699958956,-0.186550796985246,-0.253795770906658,-0.201858078747683,0.461981251646487,0.897235062118085,0.660510609583294,0.682314474573685,-0.12183882976966,0.284851473607215,-0.138839541600001,-0.222629937054608,0.619315400976727,0.116971133412009,-0.0901119275833723
"LOC_Os07g42080","blue",0.616713525325604,-0.143034913683308,-0.369458217471014,-0.717837141678011,-0.608808128808398,-0.781136143010971,-0.308160681524205,-0.0312439966447248,0.0177472601430722,-0.23461192954361,-0.277509252914816,-0.325307733157908,0.559116859777542,0.555037936402982,0.836488560907186,0.579543438763162,0.0525237552764316,0.237497904881488,0.120078807463437,-0.0719017421633822,0.533836689228943,0.159260437759477,0.174791848633426
"LOC_Os01g51860","red",0.616585546143525,-0.141649613285169,-0.609413102207041,-0.457812071190784,-0.620226011184038,-0.785351354858289,-0.0746579102637089,-0.178553282309409,0.236853573481502,0.0209676404322437,-0.223316149412378,-0.394949638041595,0.28294784254283,0.721683830495338,0.654604852123963,0.824049305551736,0.301605416299767,0.308179084921459,-0.119569332179611,0.0442057766480223,0.532817397675802,0.138154670736405,-0.0541103906710639
"LOC_Os01g61930","red",0.61645640796263,-0.2940787743632,-0.394273468046423,-0.325213219635425,-0.717571587673993,-0.774293266715601,-0.300439393976234,-0.458270096265762,0.16827387910976,0.0595408361494912,-0.0706191537547922,-0.371393840827201,0.254443357239437,0.532431308319689,0.720612936761452,0.919668320828513,0.480629448887846,0.0615963156270904,0.0464074600682143,0.242461296673696,0.543526511293187,0.190412905038402,0.12964042412513
"LOC_Os03g29430","tan",-0.61641936459215,0.0420532733570929,0.164039806731803,0.119632553456167,0.584681753762943,0.61550351590534,0.309563937423906,0.522710222682647,-0.221926483793364,0.089334002907235,0.605801522720604,0.804903153883769,0.0292890438468115,-0.266640553072794,-0.585577685781237,-0.55445779266338,-0.609226841033805,-0.612488052498362,-0.276825180054004,-0.546257075137364,-0.586477898997604,-0.472577128223522,0.249435351070911
"LOC_Os07g40510","tan",-0.616283757362838,0.0417161486165624,-0.070065183895833,0.116491614952033,0.498394070376791,0.616973243816621,0.627023240789173,0.51709867863541,0.0869961598259909,0.480252283190485,0.597288708835252,0.916822341289418,0.155069159560147,-0.044501214433309,-0.696752697189015,-0.345989088346321,-0.522302420017945,-0.659765648571693,-0.653762643119656,-0.6839044594609,-0.626549467683256,-0.429448850241603,0.273826127475987
"LOC_Os02g07350","brown",0.615937887322239,-0.213236286970306,-0.854123160113773,-0.414281639646808,-0.422866418634623,-0.754232837431981,0.216898558385283,0.071029928859311,0.0452232864219734,-0.0240048302410468,-0.343626868566785,-0.228555872131483,0.292940367757646,0.899944524961336,0.495224238917127,0.794757071652757,0.0405921202257632,0.247138778953004,-0.220605049026996,-0.0524145013565034,0.62968146342913,0.235125892382315,-0.284998723585176
"LOC_Os05g11260","brown",0.615806048237383,-0.157350428297826,-0.905317742212365,-0.593875393204239,-0.262591093463272,-0.71917193688232,0.29590458282773,0.377666679521793,-0.0627153676055431,-0.252077864511749,-0.362270646667945,-0.16007550635795,0.387858025670438,0.930843863602186,0.467242118613611,0.554556041508817,-0.307031436654796,0.31029589160154,-0.147776275879811,-0.218113768193182,0.704678318475412,0.282615183506502,-0.314517176295283
"LOC_Os06g48750","blue",0.61576070628238,-0.0771573860417147,-0.0379644882901525,-0.541037274173131,-0.714382793448547,-0.724319989135128,-0.598977378801025,-0.370298770327702,0.00634500825938589,-0.288614813956131,-0.327067376263691,-0.571546136095799,0.327717093331052,0.237317589963964,0.890730511999461,0.502971175531835,0.34240660836426,0.349725750793696,0.370903751932727,0.246676819110784,0.504314712839129,0.225734623320683,0.190196436167758
"LOC_Os07g48810","brown",0.615050400916597,-0.270142101142827,-0.673651152796394,-0.781746003619972,-0.671821090705368,-0.844951359233755,-0.08688619702721,0.0597806351219638,0.117998399840573,-0.0183371833902602,-0.210667499604599,-0.218766427530466,0.605152089835984,0.842264727891499,0.746383624014193,0.713740695588536,0.0338798699851963,0.308690532335047,-0.225185800652624,-0.259994830424044,0.491993943907277,-0.0295358250876507,0.1145794755856
"LOC_Os07g07620","red",0.614707745758515,-0.288139817896997,-0.430495464946819,-0.465300325478123,-0.673396601823251,-0.829774260154317,-0.311447233528784,-0.291363374587799,0.148472998771297,-0.14885819502437,-0.13251314653084,-0.394377642408539,0.295122459410525,0.583243751189413,0.817280890812492,0.843675269720399,0.327575353566286,0.160648078323912,0.132317004311137,0.18377868610285,0.602174796088125,0.211374242656067,0.105174336374083
"LOC_Os07g28644","blue",0.614292667774975,-0.106359908424402,-0.0189381895298203,-0.529287732792805,-0.540822123943547,-0.670834802837578,-0.598926282611281,-0.222409785365327,-0.159725054530979,-0.45630287046762,-0.355418279348974,-0.475785742993845,0.337286774864952,0.188358055407317,0.823021738840825,0.334296622559025,0.13206262064214,0.285386067224937,0.479991148634338,0.21716812421042,0.531863259381564,0.228473738458635,0.107666420128486
"LOC_Os08g15272","blue",0.614290621480096,-0.368549154759604,-0.212313486400103,-0.641826213327068,-0.660984702564256,-0.740173562951193,-0.529609421590643,-0.124091139959786,-0.0654827581186067,-0.184616636405438,-0.122961675317815,-0.246776183391799,0.563138470105136,0.441777129899,0.812104746768136,0.583170736032328,0.136970002680437,0.16020361144181,0.127316334715052,-0.077067113877667,0.357039318902368,-0.0919952313661564,0.277559764584395
"LOC_Os05g10730","turquoise",-0.614165182393992,0.242452983345853,0.712476625922638,0.576679979329274,0.495736648394822,0.802658508599886,-0.0403962122891727,-0.0687112002380346,-0.0190024038685221,0.210640887679104,0.339777003540616,0.234734936725288,-0.415616855663042,-0.783759590997286,-0.685063454659786,-0.652155256791646,0.0825198259691047,-0.214423774352827,0.0348292916091518,0.0154746625357847,-0.704032985780007,-0.36917414253183,0.0853846889676104
"LOC_Os05g43300","turquoise",-0.614139692915191,0.221545337382496,0.419135019032923,0.699931086594208,0.777887527382842,0.809672196479537,0.315071442416369,0.207479530315772,-0.0481837216083279,-0.00361486968628687,0.08596484544581,0.249043123846338,-0.590233516430777,-0.622721841187165,-0.81761005970249,-0.767170586230886,-0.212357940815036,-0.127453828632696,0.0664594869906078,0.100527145587787,-0.441258986104262,-0.0153070864640336,-0.283225982261827
"LOC_Os03g32330","blue",0.614093119617366,-0.138474235816175,-0.157503377173881,-0.48623311279961,-0.555246376572348,-0.758780830133154,-0.547752679826277,-0.258626593702427,-0.0446097922419404,-0.46402968029304,-0.243789211734006,-0.523859647057443,0.219506128743268,0.301044097332795,0.873219921635338,0.525249404104684,0.222712932960307,0.241061032299478,0.505219535779521,0.319064982303537,0.650701361297779,0.255242949662189,0.0552286957687878
"LOC_Os01g69250","blue",0.614057629122172,-0.289138081555055,-0.0679360401249405,-0.659668819170402,-0.741697676330597,-0.72828935236429,-0.618642924329911,-0.273635977935186,0.0309698477313379,-0.215738122775514,-0.419143205863381,-0.561678273252373,0.447811204864779,0.306033723121542,0.83887785130508,0.400699475648013,0.32284222084474,0.589927456139764,0.213972684066111,0.0676884617638589,0.395545241559624,-0.0173536589445426,0.19475519207895
"LOC_Os01g09300","red",0.614024861473152,-0.0885162784904451,-0.367316276533998,-0.0325007043960466,-0.539323064291328,-0.646046602297573,-0.18061996523015,-0.479201066435931,0.0143955546388438,0.0925510610872181,-0.164067636935878,-0.422588151704034,0.0725203801653731,0.470463482922167,0.525675649871262,0.922442030128322,0.57017054569146,0.110475887839682,0.0788547145507306,0.380457156688569,0.535547495431435,0.266789971711972,-0.130790680718766
"LOC_Os06g26234","blue",0.613843924829448,-0.431031081301393,-0.161163583282338,-0.722726778141256,-0.675126673641933,-0.761525450401523,-0.588432101412174,-0.133401816918604,-0.072880640810724,-0.269028552406363,-0.138386039585971,-0.248834199976482,0.603731040601275,0.39408996511978,0.875662581449925,0.510957103323033,0.0777069327414164,0.139439468227513,0.230561470386231,-0.0510147412938483,0.447576406845241,-0.00188083578734589,0.365778002626451
"LOC_Os09g32520","blue",0.61374139616519,-0.0579608072754894,-0.257686856312921,-0.531778868318383,-0.744382864765683,-0.78857353800528,-0.422898820063776,-0.340018977946722,0.341572792273222,-0.116966852951475,-0.24712233348509,-0.555119141685447,0.343997698079436,0.438219967342192,0.866068315273061,0.670304408888446,0.399019958471549,0.372475989459956,0.17554840578801,0.207999174614083,0.534952717208925,0.210853732802136,0.166879865670078
"LOC_Os03g08800","blue",0.613557109840172,-0.235026669944159,-0.240123700384737,-0.364957625778115,-0.639241771912124,-0.781516124902937,-0.492980667453432,-0.380975821581253,-0.0307793130075482,-0.224158045070323,-0.234135835108994,-0.527853649325577,0.187617574324769,0.399106973374935,0.821191620077012,0.707046760737337,0.432152122862529,0.298244240479007,0.265587484957389,0.282986894980637,0.537596065009172,0.0733118270695496,0.00990883458524362
"LOC_Os09g36450","brown",0.613278611964366,-0.10568720269379,-0.853662059417286,-0.561809979027953,-0.41166250680668,-0.77856608418992,0.198644603991794,0.188226242024736,0.0211921743000227,-0.122855759168311,-0.265315853206744,-0.22960892506113,0.363167797968699,0.923656841912578,0.571245177104552,0.758297778658857,-0.0473792998812038,0.278641494798,-0.166602089891984,-0.13503702791318,0.643926538083741,0.192927541176563,-0.243935142124948
"LOC_Os07g10540","brown",0.612978803523375,-0.195717880427763,-0.78993757364193,-0.521697290079968,-0.346094553308523,-0.661884864672252,0.21081273788402,0.274148333762117,0.00589915695130168,-0.0585435031523307,-0.366265242527217,-0.123666715628359,0.430485763122929,0.860367794846645,0.426493336610728,0.598064576493177,-0.181532870379595,0.29666388672102,-0.255922088136941,-0.237903027099225,0.514121473729031,0.146260511579852,-0.227760386532008
"LOC_Os02g56110","turquoise",-0.612764108991005,0.283654792780203,0.645177380307795,0.636786004567625,0.553957928277134,0.822106857595452,0.10147482646532,-0.0370620848406413,-0.110674994065625,0.185828463576287,0.258127278538429,0.273825341441801,-0.42438021208657,-0.756415244940152,-0.726419899154979,-0.65594379947681,-0.00452301272178603,-0.300133828065151,0.0303660367795079,0.0644932282356048,-0.616463330956095,-0.145803038215752,0.0322340338936953
"LOC_Os01g41610","brown",0.612450255678871,-0.266697431526871,-0.640004154479064,-0.759897799391862,-0.707055597913649,-0.790628680264198,-0.026882854876969,0.00604445698821006,0.0957024495676018,0.0936909502921924,-0.282897399125577,-0.257843113412554,0.659213604436513,0.814842394087276,0.695673302812763,0.686987704814109,0.0647753274254479,0.338738914455077,-0.274827895270328,-0.243136672673951,0.497790636581933,0.0842364308423727,0.123623356909662
"LOC_Os03g02960","brown",0.612017714615288,-0.242053806987889,-0.790114461115536,-0.720409781731758,-0.521874588891293,-0.814056498541757,0.0741936039981272,0.195678983846163,0.0488415261420127,-0.083545429583543,-0.184684696353007,-0.101610862155782,0.572361944556139,0.91266794330295,0.66471897050714,0.735452738389748,-0.112992215830311,0.175457178320116,-0.215786062481332,-0.2722070169234,0.57080392624337,0.0993211923705822,0.0133364861985636
"LOC_Os03g08080","brown",0.611899182900539,-0.360675725063082,-0.680783205243798,-0.713106510869476,-0.592346788022393,-0.766002620918392,0.0149559345054419,0.130526737107311,0.111472297029729,0.0779193291652444,-0.25120669815012,-0.0977833785750838,0.674913149271549,0.845760584711955,0.64300320492963,0.729829952470795,-0.0250816007005184,0.203140079721355,-0.270702473838472,-0.301433737367359,0.454086346019823,0.0240202159189006,0.0801369545654654
"LOC_Os02g02360","blue",0.611747526654059,-0.108616668395818,-0.094227958191446,-0.57087528881959,-0.70192963434899,-0.748022648157947,-0.589743050257572,-0.333981594734575,0.0551219026311237,-0.305016321223711,-0.321257137392132,-0.625203606770183,0.265359522136042,0.283745915519479,0.873074711394516,0.499903675824537,0.382367713828475,0.477643745734234,0.353306695948637,0.236397346195991,0.487026117379185,0.101692661127353,0.0975341815496144
"LOC_Os05g01330","blue",0.611732802007802,-0.234753967646999,0.0972961395946913,-0.386406987698093,-0.71366400914155,-0.719317889751061,-0.787503247423176,-0.528034699609683,-0.00943058969273187,-0.326163833826829,-0.278987649222727,-0.645774256575645,0.201009792348562,0.107386192276328,0.891951196211763,0.5040981159033,0.497750211716015,0.357162593065989,0.519445717121611,0.42505060626241,0.494137506065962,0.139697327296906,0.168530615714627
"LOC_Os01g13080","blue",0.611547237363516,-0.0705571401466127,0.0634607588606313,-0.367425534753735,-0.655000659277559,-0.696704557505899,-0.681411782610811,-0.493244320260628,-0.0163382317718116,-0.367807343618673,-0.356478548994531,-0.677991121004191,0.169737727315919,0.114315186407368,0.874495986829613,0.494896900834446,0.448885821198201,0.344395865680226,0.558587013025501,0.466794404594473,0.566655122868879,0.31655538701537,0.0823941256382472
"LOC_Os09g19140","black",0.610728669235919,-0.0953546332090804,-0.640081721842644,-0.135424909017229,-0.143643036437847,-0.606606732960857,0.18322890344827,0.0456809845429642,-0.273226591594513,-0.446054121561559,-0.53385975449947,-0.424353985047603,-0.053885130163157,0.607047115349604,0.407811966913024,0.508516345977169,-0.0936072164882168,0.297658462066834,0.255157129336433,0.303231220240593,0.87068253579558,0.691527931327272,-0.546879243441457
"LOC_Os09g38980","blue",0.610632518778873,-0.401213120127352,-0.0412511047142358,-0.670687680711747,-0.765408928467212,-0.770181117874421,-0.719747180165215,-0.317463665470976,-0.0877545195126337,-0.256075566191389,-0.171872936321159,-0.390621927077585,0.512633970834376,0.294390161430324,0.923521112929988,0.538732333279165,0.286289694581971,0.241976291717807,0.298735844950588,0.0731061976932548,0.415245931764301,-0.0476022355409846,0.368253952039716
"LOC_Os04g24140","brown",0.610516314768893,-0.0907518438906059,-0.756669333866588,-0.534270853024266,-0.278561829519602,-0.706616596968387,0.140086541868051,0.324090511322523,-0.00741929946658411,-0.202169930424891,-0.240882483750714,-0.0522686133874978,0.410932950750149,0.827263333614454,0.536876870179273,0.654048572823558,-0.20041343470259,0.107009293288306,-0.100265787694899,-0.200857739028252,0.568234598092459,0.157924228806028,-0.174032912318914
"LOC_Os04g45000","magenta",0.610350455484948,0.0518436864683174,-0.0851390389152173,-0.183657793785467,-0.299208808767602,-0.412169284787026,-0.287361275850929,-0.138131555697476,-0.00970074057102919,-0.307008848502876,-0.777741028334257,-0.741602535082687,-0.0412355311059607,0.153157353843207,0.327108798714796,0.067442158926087,0.23276821304549,0.885564065556145,0.281146531127146,0.297140262545897,0.427417399348459,0.288119325569726,-0.399852518764854
"LOC_Os09g39560","turquoise",-0.610306061688068,0.224093658915626,0.656579097511573,0.840441940271335,0.596686340455594,0.811030130009688,0.0465108073231373,-0.162089670825921,-0.0752936675237235,0.157051262946493,0.253289847179356,0.207535652013916,-0.629544527565877,-0.797274020690381,-0.748713221597213,-0.576943013324396,0.141031185467238,-0.295259203137337,0.118706157081714,0.252799890215603,-0.588576869124328,-0.139291370500417,-0.107562424490212
"LOC_Os05g22990","blue",0.610232540969458,-0.269949617828025,0.00176352942776201,-0.562648570072247,-0.810866642543662,-0.755721716935362,-0.717103156834004,-0.458794821923399,-0.0312470203841212,-0.180364183683405,-0.231660285982981,-0.466763846071948,0.437473818441831,0.233894323166119,0.921255827018423,0.561385393984984,0.39616289707889,0.239736122271119,0.30437008308637,0.189541613937762,0.411738028604325,0.0566926964888961,0.336360178812273
"LOC_Os01g59190","blue",0.610076460316305,-0.207517589117176,-0.149029611297443,-0.379560979282308,-0.543388407460565,-0.744898357448418,-0.550282582327033,-0.291593594295043,0.00862193031369216,-0.403476571232476,-0.182831347349014,-0.448607035334598,0.203039218715899,0.300473075617981,0.852123825510828,0.592740871582521,0.257535324208681,0.159620897556181,0.46736953202382,0.317702227918061,0.583998950635766,0.222593431161336,0.0734959974269774
"LOC_Os07g41790","blue",0.610023761014681,-0.340136501756328,-0.157914096347006,-0.651537805477296,-0.817876233430022,-0.753030576593176,-0.51643603913439,-0.347445712714775,0.0358567213027965,-0.0743013735445436,-0.266876528634167,-0.388615365312689,0.569867388055874,0.381198959900882,0.850180875224784,0.568887999558344,0.280147399269499,0.26827598800132,0.0908011128921547,0.0341932173568719,0.459102389356754,0.120813409235546,0.376570771913578
"LOC_Os07g38600","blue",0.609983760002432,-0.240894833490125,0.0887941388447079,-0.432956548570031,-0.691688541014921,-0.716304677839359,-0.7641096413635,-0.488513673445416,-0.159437381391833,-0.357060792937003,-0.274016255028045,-0.588794713095497,0.29063816805198,0.125879189850832,0.896329538846232,0.512213840247879,0.417263823007492,0.27889853084547,0.527369316797989,0.368212076605625,0.517590996814862,0.1864811661278,0.185232604013448
"LOC_Os04g39700","blue",0.609698310190145,-0.156088946689934,-0.134700416149571,-0.607153398222992,-0.772507485014712,-0.780443642778344,-0.562651127947895,-0.351012041754318,0.103014825817398,-0.18756303838706,-0.2237329278776,-0.469849483705537,0.43194388265544,0.341693670847374,0.922484718690311,0.600898421913023,0.33343552937544,0.256868061702571,0.252845324057444,0.152763083444207,0.484154704059612,0.12130571378653,0.276841895423991
"LOC_Os07g28614","brown",0.609029756909204,-0.247963357558495,-0.708037813548609,-0.62369268839271,-0.471425522873897,-0.668293686546261,0.114711363548032,0.208014650124464,0.182623376583784,0.0548936890024145,-0.298594377493874,-0.0315809513186509,0.561160003422442,0.80694582256327,0.466921114208453,0.606372853113097,-0.127924330219434,0.208855118577667,-0.331186916593125,-0.318936070765342,0.418222007905835,0.107192906838032,0.019539055016451
"LOC_Os05g40950","brown",0.60885034453295,-0.203407054143005,-0.730776195923296,-0.580435722262724,-0.462230297256895,-0.689086497353385,0.126553618225253,0.189460373152192,0.145833671577516,0.0657274537356424,-0.269679401489363,-0.0870047194590901,0.520148524337419,0.839822251097321,0.499384096778979,0.660969204624466,-0.0823931454166659,0.222263985752803,-0.31151431870395,-0.261752299922592,0.456806296959391,0.0583232042960198,-0.0515375559708305
"LOC_Os02g10260","blue",0.608493921449611,-0.114364633073744,-0.2570899277243,-0.551769338620463,-0.619392778387348,-0.782740318012122,-0.412228941218226,-0.238884194506107,-0.033769063215913,-0.369921693472432,-0.369419668505838,-0.578532370952804,0.26410507256787,0.42520692601528,0.861725749744103,0.566669783140904,0.254479654360723,0.408206332310952,0.346187204764014,0.226795625209345,0.638201709193186,0.295246525717571,0.0146162424610035
"LOC_Os08g30810","greenyellow",-0.608365421117397,0.236357618954544,0.573895974239451,0.86009726093754,0.696101988525195,0.745449995027275,0.0735057268547275,-0.0775464483721057,-0.186272840647176,-0.0421942290524315,0.277280617108698,0.200398442919966,-0.713602601946656,-0.734295641431703,-0.672541276553964,-0.516244284333804,0.0562801069958053,-0.35530974266361,0.255251443830647,0.309243737989219,-0.452945089112577,-0.0631778177906315,-0.199647796608019
"LOC_Os05g44916","blue",0.608227113161742,-0.319720543241326,-0.024521708535971,-0.395247070942324,-0.671063957356437,-0.715503328454602,-0.666779504002427,-0.439661116273931,-0.07582426285467,-0.187086416365298,-0.144452191355407,-0.486833216568525,0.323059341042405,0.250120141649986,0.812543250905435,0.68911776561103,0.486713429331554,0.20628268527674,0.399729354368268,0.296804013029785,0.458458430594879,0.0274379955398245,0.162988434180254
"LOC_Os03g56280","brown",0.60820859547003,-0.137636704151641,-0.709934090809758,-0.37577698128672,-0.394110412572656,-0.680517664941914,0.135642625576399,0.043296640632407,-0.0522221460859014,0.0369726904760519,-0.271057339468558,-0.177765671655963,0.350957930638482,0.803784326239664,0.471306360618196,0.80367739895991,0.0979402874418766,0.16266121397763,-0.186652216587652,-0.077517228237373,0.518511355962747,0.14585893220617,-0.22514234636406
"LOC_Os03g21780","brown",0.607859717851844,-0.297810013829271,-0.732190217517346,-0.583743721060523,-0.56817526851786,-0.739808097150505,0.0926113539034851,0.0658851646491025,0.0551358367181354,0.0982895655965632,-0.2474286117323,-0.079121521009038,0.529440985371347,0.843919001117739,0.558703020604531,0.746685415358187,-0.0126047661439891,0.147374164100192,-0.30606737129544,-0.205813994982348,0.50791172183125,0.134751905961387,0.00673459979271818
"LOC_Os02g40460","blue",0.607733147804785,-0.272999076390302,0.0789560477080268,-0.601450674703813,-0.752853746141032,-0.721897029848281,-0.781633446044053,-0.383216961688516,-0.0443624419606883,-0.268445285387218,-0.288670718999836,-0.533285860394889,0.42344341156028,0.163701678921296,0.914078548665366,0.428872553895809,0.372379683965767,0.372810762398014,0.384494133618442,0.176782175347536,0.379789182228079,-0.0161805915335054,0.287416942846132
"LOC_Os04g37880","brown",0.607452060009446,-0.224175532761609,-0.753387627562349,-0.670185491293511,-0.285019535149311,-0.693078994519361,0.167333383333459,0.419874336391212,-0.00985718858563703,-0.300056594938262,-0.455213883037322,-0.160661705280406,0.47707347826696,0.826993598453946,0.523718058204252,0.434099362793916,-0.325314126774658,0.384614729797814,-0.111366829463128,-0.248495786068123,0.596154027151341,0.231088965511471,-0.211309492193269
"LOC_Os05g02510","lightgreen",-0.607450297668912,0.223547207911495,0.261816419500411,0.427154623697328,0.857253587444995,0.734951015283832,0.369887574660168,0.519083814959166,-0.205851281271491,-0.171483392921251,0.198237423952528,0.462611075093793,-0.369931886876319,-0.450609318985763,-0.7418317171558,-0.758847686048462,-0.524782257804337,-0.25324183701769,0.00159241191784948,-0.222449353677848,-0.454994232194911,-0.207412815722925,-0.222901464468319
"LOC_Os03g21530","blue",0.607356695958473,-0.332194175670644,-0.0332790271401612,-0.615821508832776,-0.751842319360244,-0.771491372735565,-0.68883578330842,-0.367955441939774,-0.0213697117962374,-0.277456311836169,-0.222523493726092,-0.469869669383501,0.442431678105491,0.262647801938395,0.944863703172987,0.542342447565914,0.312903007118764,0.232382626796171,0.376456295359441,0.19245362257612,0.492170870885009,0.126247190772403,0.313601597493007
"LOC_Os03g09060","brown",0.607241409164861,-0.233168793509924,-0.765917363961804,-0.759555210421337,-0.399416762969234,-0.753703439158394,0.0895928451666578,0.369103066382762,-0.061334550684855,-0.157031036250861,-0.209076492777375,-0.0317404139976975,0.624678200539853,0.88646275402041,0.610660305553415,0.61732527258476,-0.265103315192503,0.17137421234582,-0.181712053316127,-0.361703462123556,0.530753486907843,0.0190403496535872,-0.0434331120435471
"LOC_Os07g10490","red",0.606998593025921,-0.134613279353395,-0.398581678189737,-0.0400337988804703,-0.465870214446559,-0.672078821584689,-0.196264035778566,-0.404603296418421,0.0086169001031267,-0.0633153839347853,-0.303354027164911,-0.581213347413342,-0.0776324678984082,0.486498976701161,0.532898234434783,0.83716177942348,0.583245205026874,0.358355325013114,0.165808411281452,0.427841210093774,0.573410797468491,0.194086838918138,-0.334700611986718
"LOC_Os05g07700","blue",0.606753552944671,-0.20837270279543,0.110687468479258,-0.496802919055417,-0.771001140274092,-0.707722332239318,-0.764812504548564,-0.481151308260704,0.0382086476810248,-0.222867629044266,-0.375779782520449,-0.619789279570692,0.343049515976191,0.130198691702888,0.896784431793312,0.469673587460687,0.486522361647248,0.413870926670363,0.40593363117964,0.296397013822958,0.395741182673344,0.0866736697326025,0.23155833088082
"LOC_Os05g09160","red",0.606624266272068,0.00527536286660362,-0.41047544062259,-0.310642243440678,-0.540949979983358,-0.748193017372031,-0.270459029889632,-0.262747636914786,0.128729437865056,-0.183889906574087,-0.0474480850527718,-0.372375957671173,0.187911104056252,0.515506909963917,0.724793893834185,0.800964055855874,0.290193509499939,0.0573699500823682,0.198096721702772,0.264588569675673,0.578451883651755,0.220619563696568,-0.0143819482161749
"LOC_Os01g17214","red",0.606591388507389,-0.204404872898226,-0.383823280855348,-0.232466253541939,-0.599923198508048,-0.659027277586648,-0.213352537485226,-0.362648574078307,0.0797947163465407,0.15492422526424,-0.14392528334212,-0.350679556195994,0.259177760915377,0.525746808961628,0.548467977482895,0.826862812042775,0.471581954828801,0.191677582187578,-0.0672546380858668,0.153108577626909,0.450321817531575,0.0508611432663406,0.0205434245914193
"LOC_Os05g43040","brown",0.605267112096308,-0.16185729962456,-0.709927054299336,-0.69117385669279,-0.465681219669049,-0.716000492053611,0.0810387718511313,0.238160127454393,0.0497344965036478,-0.0717433822852074,-0.44639391798371,-0.18190503062269,0.557460288543522,0.807472356889814,0.548547336250938,0.495921179940609,-0.184297044946052,0.359032988012275,-0.241632430160892,-0.286308156238021,0.48417436163125,0.078683512371405,-0.098947567477757
"LOC_Os05g48200","lightgreen",-0.605161232254517,0.291700221677881,0.0528721907026931,0.20789962865217,0.854600893360762,0.650843732588583,0.505735085859097,0.758883348816828,-0.0984947521773482,-0.182290980638096,0.315576040170755,0.631317290674135,-0.201468284349451,-0.237047078866367,-0.663284077389611,-0.716520682782455,-0.770302634978227,-0.374272762929374,-0.120600662708975,-0.435764944355359,-0.43091531909391,-0.207290813667496,-0.129158326603181
"LOC_Os06g04140","brown",0.605159402152797,-0.262403693619017,-0.735736260424793,-0.637957609609327,-0.474359525770957,-0.739325462543383,0.0827749335888527,0.18471535991574,0.0892738030155297,-0.0890841971233696,-0.341210690262764,-0.198770819756333,0.492818734468689,0.85299946308113,0.55699357665993,0.622717665233189,-0.084682493995276,0.373971473674566,-0.232356837420302,-0.252746670835702,0.526288039279848,0.129998350963421,-0.0704939932012044
"LOC_Os01g51380","turquoise",-0.604787779918477,0.0662734630043191,0.561342178555111,0.529945222754537,0.585263600333839,0.815337062674796,0.171231180527522,0.123831885016041,-0.206234089763732,0.192576710505262,0.147310306429679,0.343365666860504,-0.314791748881595,-0.654040087185319,-0.754346725248645,-0.732556717828083,-0.134458894421994,-0.188255977837046,-0.0713303834963615,-0.106243937706253,-0.647647772299599,-0.248132769528964,-0.013666776240156
"LOC_Os03g07110","blue",0.604716596872998,-0.201178171228092,0.0681060585063299,-0.471281242503402,-0.708591186054986,-0.689892360665192,-0.690266319510474,-0.450844656483642,0.00627390533722794,-0.225051138773022,-0.341944894158949,-0.591330147438385,0.347399956779272,0.159441061249726,0.857192063492495,0.487122552891118,0.443335369719882,0.366105667188942,0.401562331519206,0.292366068096807,0.470699954673349,0.166940930431494,0.220840281044988
"LOC_Os01g66730","blue",0.604588547191315,-0.349781498598376,-0.0193127676722952,-0.367460648085952,-0.826164809241292,-0.735214059362712,-0.661683544480237,-0.636389460465478,0.181478077312932,-0.0279183411497202,-0.187416548180401,-0.578985323015651,0.250934548486335,0.23612127164604,0.838059500487405,0.687291743315663,0.650006485906629,0.32145466171064,0.25617591759174,0.353896646931456,0.431966852675837,0.0814492623928969,0.265847045579071
"LOC_Os01g03650","blue",0.604439090560504,-0.227868737638263,-0.543866903626418,-0.801686900071844,-0.633113167293289,-0.825480898384432,-0.207621546286587,0.0824488102138481,0.089732387383084,-0.14231150270234,-0.220568556161062,-0.232148470893816,0.595275498004668,0.73081950412353,0.802024859282015,0.649219852174439,0.0241772846358194,0.288460728040106,-0.0857950954754487,-0.236552099965494,0.454573126904318,-0.0540211877628106,0.147290337952905
"LOC_Os01g48720","blue",0.60383483744705,-0.266193011732689,-0.234674784965374,-0.695931817427868,-0.578638187480708,-0.771956711116809,-0.50200888979144,-0.0840326215333879,-0.154300739603704,-0.440848874469161,-0.303502386965743,-0.397771131095048,0.408921653683553,0.413922448567852,0.864541358904973,0.419350113505853,0.040571554156208,0.320396438298021,0.305888650603929,0.0296485915983575,0.548700405850123,0.0808257411471845,0.127219499576907
"LOC_Os04g39970","brown",0.603503338031484,-0.385586388719067,-0.666852928309328,-0.797551976581604,-0.484770003315657,-0.783237398322573,-0.0544946513296447,0.264182910769862,-0.0590167336007835,-0.191384687246813,-0.359858250057789,-0.160988413846749,0.595842313268981,0.81901210437864,0.660340346571086,0.549973215741957,-0.139312912107517,0.359270487852031,-0.157575674549334,-0.324332995573501,0.489208862178561,-0.0374827304720165,-0.00230656723335043
"LOC_Os03g42770","blue",0.60261154267292,-0.163685915818351,0.0344880516083321,-0.504410844234295,-0.672034827053405,-0.728614317696997,-0.751878591034325,-0.386174400419727,-0.0666612518064162,-0.404409191984979,-0.269677890281388,-0.613713882727623,0.235342780844944,0.166506714206153,0.892267231108874,0.427282961608902,0.36598240162829,0.399755582278658,0.485278505905841,0.305230083783469,0.472239793979677,0.0813165227812924,0.140293199171077
"LOC_Os01g66350","magenta",0.602506921317996,0.0432057751957691,-0.358005105325855,-0.315201810406215,-0.430866987652963,-0.578253958090184,-0.114632602718654,-0.152854394358195,0.0484351644964921,-0.229628216943713,-0.667907551995228,-0.754343294785541,-0.00386698706107032,0.419297233844742,0.467102091494235,0.30415123309411,0.266647603680095,0.858356847250535,0.177246508875504,0.294681773463707,0.604191512386512,0.338086710899912,-0.412159470517558
"LOC_Os05g44610","brown",0.602309193093863,-0.32989347388209,-0.758810475834835,-0.667718008051269,-0.466714347462449,-0.802111509347366,0.0625342442244299,0.179335534226483,-0.0787586813965193,-0.21428732770241,-0.253365916847961,-0.162815649659638,0.466058720308683,0.860529658196764,0.662595289833447,0.682347657887874,-0.133014005764678,0.209334232013804,-0.0928975515320798,-0.165401165387079,0.660168248968834,0.221431794075495,-0.0692466650901753
"LOC_Os03g55150","blue",0.601984810809117,-0.200051475045666,0.0228387321437075,-0.447550452241837,-0.790113408600686,-0.716748233007666,-0.669821419864724,-0.529854589514587,-0.00930104320793243,-0.107529895807885,-0.266091320111589,-0.581272936116594,0.329841475774517,0.199685344458084,0.868324680218937,0.601176410119377,0.552269336718588,0.32580559138712,0.314929636602399,0.306713969764017,0.449207440732094,0.101897987313109,0.233169763612812
"LOC_Os06g23040","blue",0.601653271170063,-0.370939654838671,-0.152879786946567,-0.613482682834415,-0.579602861868081,-0.732543166973574,-0.550072418441036,-0.0953866280110851,-0.0942674995158547,-0.335339157874394,-0.257416475545346,-0.275639125679201,0.508439360823634,0.370818171595416,0.844438702580146,0.495149633708856,0.097846448814574,0.18122704638098,0.295372514535816,0.0338061727844507,0.42567238312529,0.0526400748944604,0.227776772519746
"LOC_Os05g33290","brown",0.601564251078672,-0.16842579022788,-0.860732182732563,-0.374276936886207,-0.291502785395435,-0.643976812805381,0.326470827810086,0.212776392568376,-0.0215860794733582,0.0111128262768659,-0.379983115159051,-0.153182546780988,0.307857330514067,0.904388342918954,0.338943249187412,0.700220142090689,-0.0576157472079786,0.289995054481518,-0.304644886983156,-0.164034783029715,0.555822459032413,0.205246557443428,-0.348548426086701
"LOC_Os01g54020","brown",0.601519471844933,-0.269793668665648,-0.853912887133617,-0.673009114856572,-0.482367866282919,-0.798597777042964,0.160233785598791,0.208831295127956,0.0256617424824551,-0.0759784437365972,-0.248585332203232,-0.126278513267826,0.510118364375571,0.945426659109009,0.606803292188894,0.714991103173676,-0.137022003716373,0.227516061489245,-0.253489748833721,-0.258581378782807,0.608013996709324,0.128999295320099,-0.0821369595446963
"LOC_Os04g53640","blue",0.601228635045505,-0.204244055277024,-0.0406769430114429,-0.43662336324647,-0.725530055948351,-0.706652634636968,-0.593355328064424,-0.438412930869387,0.305358876456935,-0.0962215359119943,-0.244752821231607,-0.548303883353032,0.332626138894674,0.244671169414229,0.823007079257029,0.576960589758244,0.475938323115163,0.320979530622841,0.277391843027365,0.262689182755617,0.410997223071918,0.11274327021822,0.221694831176019
"LOC_Os02g12794","blue",0.601083913267529,-0.0324518245613907,0.0617617898463048,-0.39207097730706,-0.62538239732555,-0.692256489344034,-0.678810200024369,-0.442304991784427,-0.034382090622115,-0.424149077181143,-0.37802835177583,-0.697703602685065,0.146478470016697,0.113944772299268,0.872785363839586,0.458501116907748,0.414354049484083,0.380072859868266,0.569653718348496,0.442034069627637,0.559911002129367,0.317017462378187,0.0622299233609013
"LOC_Os04g33510","blue",0.601018493371488,-0.327349173172987,0.164921131254415,-0.430700822481028,-0.691953292761456,-0.648111385622061,-0.772517684446854,-0.47207443207445,-0.0984381834886947,-0.318326559312944,-0.330818067881196,-0.550804430767893,0.338786994776492,0.0629490762097701,0.847405988746748,0.4067921228017,0.380064055685788,0.307964245071322,0.486394423729017,0.321288174854047,0.4412814258155,0.211161598223986,0.253247830918783
"LOC_Os07g11110","brown",0.600505549417819,-0.131645269708117,-0.89881927956412,-0.570491251636375,-0.408516313807055,-0.746165298318133,0.275094194106193,0.229452906709885,0.0465375090234053,-0.0196705036285137,-0.235911836845037,-0.109283368764529,0.446792084214581,0.965501632917259,0.506620119727686,0.760739171011125,-0.114599409546513,0.189788816620303,-0.286093087519237,-0.228443059100722,0.599062526184474,0.18545699099586,-0.182863574718414
"LOC_Os09g33610","brown",0.600263625287145,-0.191251136501619,-0.750747784519668,-0.539747982631794,-0.497195659726043,-0.790244247782459,0.064406915727861,0.0488063964697217,0.0196686954491884,-0.169803786237684,-0.232270955979117,-0.271836319576134,0.327245351113633,0.827000872239073,0.632200145353859,0.734498459262497,-0.00631945088159308,0.23776394760358,-0.0806892313913861,-0.0460286680915401,0.66682962946206,0.257340152281309,-0.108854507844871
"LOC_Os03g20640","brown",0.600199780410143,-0.137136023928218,-0.889582994477972,-0.399295945871337,-0.289969696993743,-0.691049391867242,0.30262361525619,0.214829673674774,0.0586463316560024,-0.0997947323666463,-0.430637350839982,-0.273297936309521,0.212841954040084,0.908836282558102,0.387570041870264,0.655993471970006,-0.0529434921535396,0.434941101109981,-0.230409731904368,-0.0951200167143792,0.635895568455086,0.217914882922152,-0.424669332047896
"LOC_Os03g63360","brown",0.599984477033455,-0.112714631099487,-0.837039836104587,-0.516139819221184,-0.29387701358537,-0.603400300471743,0.337585502773247,0.336357615554062,0.0941013577854608,-0.0411802191583657,-0.513988822899663,-0.218248776237146,0.353077519775112,0.865974674392456,0.307517926943323,0.440731900853864,-0.184159689169656,0.559834810028848,-0.333944990965842,-0.269142641787621,0.519795731156267,0.167711313598879,-0.362248478821281
"LOC_Os02g02424","blue",0.59994689847393,0.0312800550915749,-0.093755624349672,-0.320686090667023,-0.462984521514432,-0.709519589553561,-0.531916291337795,-0.307468061893601,-0.133441539932853,-0.571105175086949,-0.381357249997466,-0.685067620469697,0.0232308756589369,0.20646021217686,0.831531757680384,0.472703681630983,0.288005879707994,0.348919602099832,0.647165288301766,0.492925014153521,0.702368028534679,0.407604631923536,-0.14943271227294
"LOC_Os05g49920","blue",0.599816083897023,-0.392182204363558,-0.0575601738930497,-0.592205312939409,-0.688125810040707,-0.754959985014528,-0.696584152478021,-0.297202099394887,-0.0616316671295609,-0.315138318502071,-0.159709755690893,-0.430581134333846,0.403590355982574,0.282900106972824,0.89162406140561,0.542691003015515,0.294818506455589,0.245593344052608,0.369610289746956,0.159643996890845,0.45966650325683,0.00369738867314658,0.268348089289208
"LOC_Os02g11740","blue",0.599673580674108,-0.359300112665119,-0.382772436195065,-0.796942296987181,-0.754159817406878,-0.804230275954069,-0.388418724823551,-0.0793993706092874,0.113744355489057,-0.0167294709092725,-0.109858330849162,-0.192536413192112,0.687008982976,0.619552097319394,0.831265664553984,0.683180954205693,0.139035864902167,0.18674646483492,-0.0892552025219602,-0.2349079283452,0.343087386788793,-0.171558397195189,0.333680442883304
"LOC_Os07g42650","red",0.599514819635887,-0.408577300412493,-0.441031121806123,-0.370935044093112,-0.627707826696018,-0.74202649791971,-0.242141175566777,-0.301895157025863,-0.0819954160659607,0.0280348589068614,-0.0323866925553503,-0.159229910516487,0.398493817553302,0.587944621528602,0.671589057559295,0.888395076695723,0.272922773366179,-0.0735588412610672,-0.00482165066527624,0.0757316172181404,0.514812243697112,0.119031895718392,0.151604448747453
"LOC_Os09g34110","greenyellow",-0.599447831792891,0.414376543055689,0.571803086061611,0.866008531581486,0.535178454893181,0.748292426656667,0.118003748074739,-0.225943489927675,0.19132918485895,0.208855115574621,0.385521293810471,0.13952662052015,-0.656226351106466,-0.723368513677818,-0.669415836912918,-0.440874143560572,0.194614327054742,-0.361126967029729,0.122979539044323,0.334026655376958,-0.49285258907969,-0.00854813568368332,-0.0645546657689121
"LOC_Os05g03020","black",0.599401896545486,0.00586988197734071,-0.440160537512085,-0.280499350769231,-0.170143990869801,-0.663997438920582,-0.149616135226124,0.0535118473313508,-0.178891655047369,-0.736110589095752,-0.463429369922836,-0.539409044715599,-0.0997642563592216,0.435266285506293,0.588677358812406,0.369597644245185,-0.075065553547292,0.400358775526374,0.528684787957881,0.368074006477018,0.849249747699907,0.552805367566541,-0.448357808097549
"LOC_Os08g40410","brown",0.599386608633058,-0.262598702932502,-0.713619403112383,-0.68033752837191,-0.46226687869199,-0.76394937121608,0.053747742454149,0.205307625554663,-0.0024797216142795,-0.161830995146094,-0.300289057555603,-0.162864206800253,0.504907299646297,0.821228954478527,0.623881358621749,0.641778888932958,-0.123413686255047,0.236552904127297,-0.132885237862205,-0.215760409891311,0.590696556403816,0.184073269539642,-0.0618895901653586
"LOC_Os01g08000","blue",0.598279403120187,-0.408310332011723,-0.157605185449722,-0.512330655311704,-0.474296962933265,-0.724685838422461,-0.557160497804713,-0.119531413894119,-0.182819219482776,-0.506773209322864,-0.254177774717907,-0.401290247779766,0.318125397499309,0.327609104549331,0.809453813897821,0.445869682429655,0.0781526468462001,0.235254850312108,0.445303697744517,0.167965093111436,0.567230042495636,0.142838696959481,0.0640391167946804
"LOC_Os02g48400","blue",0.598073524261796,-0.289399112571705,-0.0301566909468651,-0.490505892035533,-0.557111556964911,-0.705929906800864,-0.638295062768486,-0.29942190898319,-0.136343890143057,-0.458684248829988,-0.305443630548429,-0.551463796913727,0.258455997314296,0.207647107641504,0.844720754406959,0.457801449049315,0.262424250951375,0.299882752048944,0.521156819897304,0.285719015970942,0.556711166302914,0.185766754767227,0.0719872382297865
"LOC_Os05g02410","blue",0.597807998293169,-0.180852365903682,-0.237454853710061,-0.544109533651514,-0.784684730137983,-0.761757383699722,-0.467140177774343,-0.359092054743145,0.206101179318648,0.0425380528627134,-0.162548370928783,-0.389412565173018,0.434637614948423,0.43786862044752,0.80572923098483,0.703086760407907,0.426371973453423,0.238886319567171,0.0491842383397857,0.089769158294555,0.375289065332927,-0.069526713996325,0.229261782486828
"LOC_Os04g42110","blue",0.597551753281386,-0.321834458462282,0.0576053635527231,-0.490178861063983,-0.681283950292014,-0.664254182332773,-0.678093532350689,-0.415944647961679,0.00467621587678891,-0.280068544318682,-0.223817654459753,-0.45312002396672,0.371001618658607,0.157521114346346,0.824958397297978,0.469411881329193,0.321097658997337,0.224043824588656,0.382654060797248,0.224688552276564,0.45755598477538,0.212589168731639,0.349860190632262
"LOC_Os01g72205","brown",0.597213680165891,-0.209736476678103,-0.881586467950781,-0.390962781227053,-0.396838366889426,-0.656957965404558,0.332380035495116,0.119880929442419,0.158099012573221,0.0928782658903604,-0.409593251943376,-0.199049866698967,0.295353402827214,0.89379749931479,0.328543088573468,0.646986992684985,-0.0287075937120456,0.363841377108365,-0.381193723353515,-0.125066514160626,0.571441898695211,0.27167898792039,-0.290711728380635
"LOC_Os03g07880","black",0.597194927257007,0.0474862247287857,-0.560675495638048,-0.140676214036228,0.00298670498971646,-0.55576767688137,0.101737742103123,0.186087571641442,-0.307972728529049,-0.609448595841859,-0.581514103148537,-0.461547532451037,-0.123287916489139,0.529980392345936,0.37006422661812,0.385113596132092,-0.138670608559534,0.420564112251236,0.400885310778451,0.306564332134087,0.813383647600989,0.537432230610825,-0.675243730231882
"LOC_Os02g07740","brown",0.596633882582531,-0.215464463007612,-0.679256712204217,-0.665093387566235,-0.580699956406364,-0.807475249120234,-0.0395433027118496,0.0681424347919674,0.0784962872421083,-0.0703801694249759,-0.338386497184371,-0.288492335549345,0.450911995228485,0.821430942134889,0.680405825189995,0.678054973074359,0.057367180978264,0.395546842407147,-0.18517147543319,-0.173493222953208,0.50936045792157,0.0279706722074547,-0.0393119865945176
"LOC_Os07g27790","brown",0.595877720676635,-0.301944333633011,-0.817690678209644,-0.616122718600621,-0.506782710910069,-0.794611249485927,0.117814419466073,0.13143950009506,0.0574918439549534,-0.0323990105087583,-0.19178110837424,-0.126674215191068,0.466178412755585,0.916317518064414,0.604615826826901,0.769016250403306,-0.039788482601588,0.189608236140158,-0.242809627520478,-0.201657739968169,0.579666210269768,0.0947854095284696,-0.0486034779714897
"LOC_Os03g52660","brown",0.59536366070228,-0.224877821546881,-0.836277108196727,-0.736998659792278,-0.414546685646176,-0.728050993081865,0.220903844966802,0.35274037896864,0.0443776950035372,-0.0565166637323492,-0.345746777432757,-0.11704577305516,0.567459386660581,0.936477814528531,0.530331681061849,0.591895948549599,-0.201350732217156,0.357277015613584,-0.31675330797975,-0.367895506313942,0.540800197405493,0.084765884378949,-0.117406548491365
"LOC_Os01g12870","blue",0.595350569928208,-0.127272867824549,-0.200776358679284,-0.607198144506597,-0.668643300054296,-0.755351541656948,-0.48120873660829,-0.231869061313878,0.141777635222752,-0.206443807501272,-0.208698932160202,-0.380906567058118,0.437250515792173,0.39685844576902,0.855034498313437,0.624094647353166,0.252944090054699,0.193547689746553,0.239744257731034,0.0915209501948519,0.475633739611359,0.130798706593103,0.242328675958211
"LOC_Os05g37140","blue",0.594961675277661,-0.126246943899754,-0.0856553962032971,-0.340647434840154,-0.759558630583619,-0.746140710891334,-0.600851491323473,-0.565469645263174,0.05178668735654,-0.140017921882206,-0.270680760809445,-0.678694907890397,0.177273189464102,0.278396091484268,0.81424419520007,0.684169178793866,0.624064921036736,0.407235578764727,0.299920604666712,0.404239951565532,0.488856940934836,0.141666309708851,0.0953452190280281
"LOC_Os06g01980","blue",0.594615763970627,-0.0355725847356591,-0.160331883482946,-0.417508406645381,-0.535578370521901,-0.707506863803552,-0.447497699238852,-0.277106478941774,-0.0315097020867456,-0.471258516804156,-0.390788291846721,-0.600709746300543,0.147687789278152,0.265892405467706,0.805845787147124,0.46957039029643,0.229870595988916,0.338584564530991,0.470089743433854,0.368090812256437,0.657478213267097,0.414976335564587,-0.0618592881802484
"LOC_Os01g74650","brown",0.594367587733058,-0.184054182639925,-0.89655298228295,-0.489229274341589,-0.403699861156288,-0.720626281617575,0.309793487483379,0.166017401101485,0.0625362531981007,0.0155874665646306,-0.263182956433134,-0.142984465707127,0.387412272840592,0.951888547475811,0.462279228092032,0.775855412599466,-0.0585041991263952,0.203521605753293,-0.304041967670319,-0.175630463825282,0.607212950810432,0.247855308572165,-0.209566367152235
"LOC_Os09g37410","turquoise",-0.594288848662067,0.364842723922616,0.438139629947353,0.649499881705214,0.635162132787022,0.81626519047194,0.32027548468545,0.115481592344516,0.127108474932442,0.27087914646655,0.226072682120891,0.310838150299005,-0.436901852178438,-0.596465079256182,-0.801274730118609,-0.666253892993668,-0.0990333733581862,-0.208195069779376,-0.114439568348859,-0.0154716232605276,-0.565355388948072,-0.126948954459633,-0.0766457962289138
"LOC_Os01g54870","blue",0.594221705695529,-0.148845002421136,-0.00182177289457955,-0.557168058487915,-0.706055176654896,-0.720428763332527,-0.653558261803122,-0.358206576412485,-0.0248431670309868,-0.304259842174001,-0.311032514815743,-0.538495723911582,0.354418308812085,0.204463572705698,0.899624990672457,0.446851099974828,0.324913915628465,0.336988730825142,0.391535916746973,0.227651651916831,0.473462121350648,0.146998482928614,0.208311881933945
"LOC_Os09g30105","blue",0.592790841435411,-0.367322666880577,-0.314351747671905,-0.706222406922205,-0.553154719980452,-0.76232528590112,-0.444039788556358,0.0225813364652553,0.0213648988823484,-0.330926593656514,-0.207704893555962,-0.264525345079285,0.508517469342893,0.501068143396155,0.809065490041168,0.469102759102239,-0.0152765362122417,0.271693222219522,0.18641774958585,-0.0699666125719184,0.464365990962145,-0.00638803496991199,0.17868451622817
"LOC_Os08g33390","brown",0.592481919807483,-0.24358436768787,-0.817715842026521,-0.760153113173999,-0.437670869900733,-0.742515433454485,0.179062656040347,0.34504464334619,0.0242660543489391,-0.0938979696018304,-0.375565620135854,-0.14259668084528,0.589675474193122,0.920144211731447,0.56540606415314,0.541847651676381,-0.240376686507653,0.385332712356422,-0.281537012926862,-0.359210850129515,0.535227674363417,0.0686512753777132,-0.128034330945677
"LOC_Os03g55330","blue",0.592210553054536,-0.214481009336517,-0.0405331049448938,-0.443274927598958,-0.735462519853628,-0.737811564935397,-0.66317696240235,-0.477168562152741,-0.0225711077737893,-0.227027524626178,-0.151696193171445,-0.51041040143407,0.290048561680181,0.23600310743664,0.877012607039523,0.618802004738223,0.439345752349839,0.228608643436512,0.378863457292987,0.308747588967367,0.488084861727819,0.0918123976665906,0.220646658748177
"LOC_Os03g44430","blue",0.591894956713746,-0.234120807091251,-0.0362746123028736,-0.517637214571027,-0.739592319300629,-0.757493367947975,-0.663982031777224,-0.421578879710523,-0.116785281165338,-0.233822045539278,-0.220344105691244,-0.482549846585275,0.371105972852951,0.255725212491931,0.922123787189827,0.588271126964067,0.398433019862124,0.226473480753283,0.362843006705802,0.249703776152051,0.472050460146446,0.0870228095081603,0.227030095006923
"LOC_Os01g74030","blue",0.591604296445171,-0.311437598325471,-0.105771459604625,-0.440781004496511,-0.611943249038742,-0.7402597391665,-0.615715608058419,-0.328293728995968,-0.0951440132319953,-0.296825578478135,-0.158327995177409,-0.452734222719962,0.287852328177611,0.302520390569546,0.843112045125098,0.630073974046243,0.360679981911827,0.220174036997711,0.36917969946901,0.22080374895189,0.492446128809053,0.0121051391076019,0.145033454276164
"LOC_Os03g59340","tan",-0.591507374094923,-0.215372945468446,0.23507962687434,-0.0932557098486378,0.220418410213282,0.427113926548107,0.119837188387337,0.275555713559443,-0.0227332009838377,0.274758048123027,0.676254311679167,0.801868677971027,0.320432686006609,-0.218953448097504,-0.255050052583758,-0.275863082861728,-0.393451588320759,-0.78434282221479,-0.297297412060384,-0.526700508086977,-0.566550027187802,-0.436646782781511,0.622211106452376
"LOC_Os04g38640","brown",0.591066488168786,-0.192207799077945,-0.903417233620522,-0.55369641837415,-0.352880262778384,-0.712798508302256,0.291522834031407,0.271677709298008,0.0663132021233295,-0.0601868324582742,-0.35912022061499,-0.208298829260974,0.37549496288361,0.948905101358043,0.440508530564183,0.634345274005175,-0.139556685971807,0.39264241890259,-0.286308954356865,-0.227474120414362,0.595008380844109,0.151252708010421,-0.29679308221662
"LOC_Os02g49780","blue",0.590888062982069,-0.152783980572845,0.0717697438733773,-0.412054269896206,-0.668303680450114,-0.70576493716293,-0.715170487311818,-0.459187184413553,-0.0774015836630832,-0.353004572214577,-0.324598833972065,-0.600003630458346,0.230778065964367,0.130052228423687,0.895818412519495,0.495159103930942,0.433613203854857,0.311947176077864,0.507551634787559,0.392392594806565,0.495356253794414,0.191236899268378,0.158335338968808
"LOC_Os01g70300","lightgreen",-0.590744424614764,0.176653987269937,0.0079008147372779,0.505008836359674,0.873583142116942,0.641788245608251,0.600646529872381,0.511797012304636,-0.243963522831439,-0.195032937898598,0.165544992353111,0.473578075278634,-0.473285138622246,-0.245579192133469,-0.727833232194883,-0.583658944704545,-0.558142088591365,-0.335514263081498,-0.00812449004881806,-0.0796204235891473,-0.220114750804728,0.111868781844083,-0.368736435489933
"LOC_Os04g53490","brown",0.59018813499396,-0.282542865672605,-0.892414877870082,-0.632831926285429,-0.343704593319504,-0.670353582163835,0.331355317182221,0.37245268865673,-0.0106249952098594,-0.0202830303507525,-0.377859834015849,-0.0354599788779099,0.545902415071107,0.962001466662794,0.405048194445175,0.581697974118678,-0.273857083596334,0.288941394312094,-0.379125565488901,-0.381714593568487,0.523670961422025,0.15601839557618,-0.179288889468813
"LOC_Os04g02354","blue",0.589986138808685,-0.220634232367854,-0.243961873728193,-0.660821670727078,-0.707012173064413,-0.753202774925685,-0.431928506432347,-0.206116975032513,-0.0331618343055787,-0.201087038238872,-0.267062812274928,-0.341877400559934,0.514699359775053,0.429948514432781,0.849872336330966,0.51989331867181,0.111624475711565,0.223642498320193,0.174464555863771,0.0510671854132852,0.500864905977887,0.166921788550985,0.224709672635423
"LOC_Os02g36450","yellow",-0.589889451508367,-0.0292458379797783,0.857652461453793,0.255660195979434,0.251627969282038,0.637882638056124,-0.384674451781603,-0.098127522126959,-0.0600774615032927,0.147558108060413,0.365646069577071,0.254872099560523,-0.110552992063231,-0.806075753308304,-0.365278471675388,-0.646394454840518,0.091827227724655,-0.194437243248255,0.105138612513,-0.100707790461943,-0.783351610079199,-0.597603105651712,0.390911089042526
"LOC_Os01g05560","blue",0.589869509330364,-0.16565620962814,-0.0527992635526556,-0.300785760953446,-0.613457018161048,-0.702811406847184,-0.573906353186263,-0.441447611086907,0.0423709614031204,-0.257305556959757,-0.191659858457315,-0.48181051441281,0.220675716624281,0.225229745778797,0.832574858853864,0.661944958278841,0.419875994889065,0.0971743827578575,0.435085377646137,0.399598626847174,0.524568359868041,0.296248602302051,0.136898772936077
"LOC_Os03g62510","red",0.589584014078436,-0.0720182750825701,-0.608909354397116,-0.264255769624511,-0.554282336802212,-0.770427144788487,-0.0535800934165901,-0.284546085832329,0.142594281410275,-0.0425601828398407,-0.184832923874366,-0.489380792779669,0.0569681245787318,0.682909769536858,0.617590226139504,0.891333400850665,0.424800461273255,0.30647317388858,0.005723181261699,0.250529559369978,0.630654466381093,0.221299721417319,-0.217224211327567
"LOC_Os01g56370","black",0.589417917487756,-0.177084101290829,-0.587132030191544,-0.130936451918537,-0.0793693029431123,-0.57761413460834,0.120955615091484,0.101885887870526,-0.261810036195087,-0.522103416130322,-0.550084129985292,-0.421741894248995,-0.118029190168418,0.561778603320747,0.377606543616388,0.42210818118425,-0.0851680953920335,0.370215564449331,0.304449878500703,0.294125587871636,0.824108157319246,0.578912184522931,-0.546116134391458
"LOC_Os03g36540","brown",0.589062833511342,-0.234314319879633,-0.829716219235352,-0.779968840979854,-0.438190442401878,-0.708829051335442,0.22183600842141,0.372810997352708,0.106106675457393,-0.0769415387101165,-0.409549739785832,-0.143238572072568,0.58598317818715,0.917361535882707,0.506689092864124,0.482146312822061,-0.285887119078412,0.430915844154908,-0.338402001993052,-0.397085012725453,0.512183093735948,0.112971203136962,-0.11252340520578
"LOC_Os02g37870","blue",0.589020153438482,-0.131138422248214,0.0670266884077643,-0.436488958998615,-0.732005607353873,-0.722086876883106,-0.742425808229533,-0.507622670651483,-0.055083960417983,-0.257836407496511,-0.228522750286913,-0.592333696295422,0.267768365182964,0.151779247612561,0.911078315978584,0.556708756979099,0.501756609330472,0.299642553096745,0.451535662755735,0.343605459697347,0.446753385618668,0.074913435858481,0.198379686339815
"LOC_Os01g65400","blue",0.588823004401995,-0.154511547181092,-0.326277213540433,-0.628717555923942,-0.421324470429168,-0.756625428398273,-0.399901620986966,0.0928120979851377,-0.114559334878081,-0.492689209008694,-0.218971905663235,-0.316514817966871,0.378768151083107,0.483144024913531,0.818021932422044,0.501880478112619,-0.0274012278903258,0.239126200631534,0.346414733585093,0.0237261293326889,0.545148677909974,0.0342765409533869,-0.0116972229481723
"LOC_Os03g06930","turquoise",-0.588626494922,0.186233464065394,0.456091081892984,0.592135396684486,0.721999066508466,0.80711303146434,0.278653843968021,0.243192340034126,-0.0770670059799521,0.0574179404506027,0.298026304607358,0.54170052390901,-0.34634083241739,-0.614738885808467,-0.756783075818975,-0.646056344417198,-0.319209209561207,-0.508401231344666,-0.00138355571189577,-0.0705525141041935,-0.545676366088782,-0.0273110083986319,-0.00609074548728244
"LOC_Os04g01480","blue",0.588344628516002,-0.136106797716548,-0.0462002381216486,-0.507307629726414,-0.628428206028393,-0.751964691573186,-0.647373590393797,-0.337112175441164,-0.068261393903644,-0.412865853174973,-0.22038145215213,-0.534018172461325,0.279444674003166,0.239117256259111,0.919813732362559,0.543877894337107,0.313344321574735,0.227672053992012,0.492455310630302,0.291018565167795,0.548640205991022,0.184163459574416,0.153133861017596
"LOC_Os09g38530","yellow",-0.587484663006604,0.267290570421003,0.825912848495247,0.375703339554169,0.348157458195303,0.612266305756801,-0.320216421444465,-0.139884915797155,0.0173090361805666,-0.1041337221167,0.376115823213026,0.0959174426442266,-0.343432623205039,-0.845938504909065,-0.303311740351874,-0.626591938324645,0.0616827456216863,-0.257440500293193,0.342490933215577,0.154770001530979,-0.559752442060809,-0.199995512723426,0.259088066191839
"LOC_Os06g19444","red",0.587237898790712,-0.26417034316324,-0.37820089649705,-0.217631805738509,-0.544872493507996,-0.667428980058008,-0.214629637861837,-0.331836920898823,0.00513838798971101,0.0394327349406388,-0.0319895908236165,-0.160894976681344,0.304539868444603,0.49999832553077,0.598490775300873,0.889675901373231,0.319678231800679,-0.163746894322572,0.0418104781191477,0.178507680528058,0.500703089260796,0.223350761107028,0.117796117590161
"LOC_Os03g50080","brown",0.587227048765009,-0.300805194328263,-0.62857448466572,-0.719769009020016,-0.601934550139403,-0.721126432716068,-0.0234482018957761,0.126194041462661,0.0983885631621081,0.156643072681388,-0.185187268722246,-0.0310392527592968,0.703852307244158,0.812660160387529,0.60031307555227,0.70774752870926,0.0185934904574351,0.201577531958691,-0.367458254614512,-0.376769952502512,0.323387512823401,-0.139134726848101,0.151861156893732
"LOC_Os08g32690","blue",0.587142637878532,-0.294788760248523,-0.32315436031227,-0.77264237352213,-0.75172307288591,-0.804405404872849,-0.400549792213932,-0.132716894215268,0.0201644568715532,-0.108283374489273,-0.171870684783157,-0.273528804274466,0.618007673522289,0.539172304523801,0.886995093916848,0.611764965571281,0.14756634976921,0.208270308276817,0.0375108780203767,-0.10185299653142,0.455421955659983,0.00841079228540597,0.315784882798151
"LOC_Os04g51390","brown",0.586832037541838,-0.0136496975644534,-0.873572081875498,-0.287687855652546,-0.164218840069823,-0.595917547344037,0.393801197801853,0.261794836761866,0.0630939759319114,-0.154143557578617,-0.514168162919153,-0.255120360271162,0.106351854880055,0.832687968961368,0.268943926253633,0.515010880802196,-0.149893272327864,0.418058683995799,-0.184202133814159,-0.0347593411912427,0.656517148027543,0.390793870094828,-0.488040127109168
"LOC_Os06g45340","brown",0.586542502460001,-0.252101828256328,-0.824454299251351,-0.614380489670828,-0.453012476666363,-0.732517900868319,0.210711076409558,0.230960173805241,0.151315002486317,0.0302317120021682,-0.249101893766207,-0.0365542996899129,0.538355273221516,0.918376300081075,0.532757545483054,0.724171625988334,-0.12440948273939,0.158550772646449,-0.307203088734889,-0.271038563389498,0.527138776235433,0.166927250918135,-0.0539969224141156
"LOC_Os02g18784","blue",0.586501764910545,-0.129850180308677,0.0354380672880291,-0.462105953235766,-0.727542996820382,-0.64485376264533,-0.60405216819703,-0.436105802976057,0.0895355848731446,-0.127203169599922,-0.312953804702191,-0.492398717603337,0.404586689121889,0.168253226683008,0.801734524466331,0.46828789390356,0.375903881457677,0.266181164725887,0.30157854678529,0.245764414360063,0.392580943160367,0.237586618472503,0.254049870285316
"LOC_Os06g36700","blue",0.586495504724241,-0.186650028401966,0.108975847442018,-0.435043485785868,-0.709792576578066,-0.692195104333901,-0.732262168179902,-0.487716009773643,0.0229083680986947,-0.310053794243748,-0.334222005349501,-0.641787971212608,0.24575009165094,0.102840147375692,0.892815853498201,0.466686219984085,0.469355962321084,0.38250065049642,0.485658100628925,0.378427968050956,0.481038442357383,0.218747166885524,0.200827489541389
"LOC_Os01g67000","brown",0.586483755939238,-0.181268078263404,-0.872611524709237,-0.569962658885006,-0.299042678391441,-0.709978250467211,0.267630570925289,0.343124520354642,-0.0623778723618635,-0.14985278206185,-0.343980092627637,-0.101732633275248,0.400130535670233,0.933261315362217,0.477146568058543,0.650125255196113,-0.216410645918811,0.243222878376234,-0.227672684852456,-0.256311599588178,0.570135908626657,0.173833737432223,-0.276791388995163
"LOC_Os02g30650","brown",0.586289903392577,0.116856665487385,-0.791177435818377,-0.455578079691431,-0.458781810639712,-0.708356371374278,0.21577220653366,0.0548902332912493,0.295912706640201,0.00182211910094352,-0.264499210687431,-0.2606755739138,0.288335188584289,0.823598634726129,0.500848545755862,0.713003308716414,0.0546795070122491,0.281130315097722,-0.242770942340592,-0.0555068642042915,0.572126570620034,0.274739249211294,-0.173428665587096
"LOC_Os08g08050","blue",0.586039889213332,-0.219449178205926,-0.0990887411886264,-0.602180740657954,-0.663920055887774,-0.759528529588405,-0.61517369050484,-0.276575850287979,-0.0812068799121092,-0.330831672297253,-0.230274521070548,-0.462254773947744,0.366232040357365,0.3019818561486,0.908779429805896,0.523894726625004,0.260059038993453,0.255611202642461,0.377610132090859,0.17296578268545,0.501981193541529,0.0752912081295916,0.19519459056049
"LOC_Os04g45210","brown",0.585870732345853,-0.274252012806563,-0.673903466767097,-0.51552060950276,-0.4911596937442,-0.6962505295009,0.0809035537573633,0.0711794517790485,0.0322841425223829,0.119294561360593,-0.196438692828186,-0.0365342352164436,0.537852576184845,0.810542162627897,0.529208529695512,0.808402425315424,0.0545059342182145,0.0561292261822426,-0.273594512494415,-0.212728792417074,0.44223329054728,0.0711753946821999,0.0177030893490048
"LOC_Os07g46620","blue",0.58542162577583,-0.0712818787109924,-0.0637592905516164,-0.465017151667939,-0.596068335900523,-0.701836576902626,-0.577922108516731,-0.335104677503538,-0.00773584508933393,-0.427845153589263,-0.349678935768429,-0.628936662150103,0.188003621773136,0.214094876703781,0.832282799272404,0.433760447297513,0.303147342581909,0.431127553652539,0.462194692433015,0.335861396520767,0.565160622329048,0.222198989764551,0.0130562967800358
"LOC_Os02g57010","brown",0.585018022964412,-0.371869377079278,-0.750970958803569,-0.663795173244326,-0.545841836116457,-0.708831234172962,0.139864455596131,0.161828271672644,0.147752468129597,0.138671214326619,-0.374758678721449,-0.18267313863777,0.577468569314067,0.887093366752649,0.501752552983985,0.650600545292043,0.00655478397123039,0.439868770125115,-0.40448074575978,-0.325424852767279,0.409797061699255,-0.00240301128733394,-0.0726623247373075
"LOC_Os04g50110","brown",0.584753218541497,-0.232820927721494,-0.826207020161114,-0.751950460342102,-0.396043143269547,-0.74631638058398,0.160822337596335,0.379042843236599,-0.0102675804509219,-0.130698093734259,-0.213857624812292,-0.0203576467415621,0.605735565608489,0.929441250001041,0.571075513445208,0.61493665497283,-0.286121061606173,0.188323941666433,-0.25348871741455,-0.37840465922,0.536262048145736,0.0575314376456562,-0.0477921511160353
"LOC_Os01g56360","black",0.584619863151289,0.163860103050894,-0.616402289926988,-0.002445085296608,0.00508259007409099,-0.530598414624609,0.225485273125997,0.103973484015381,-0.143148599973848,-0.53283956617118,-0.582132225804699,-0.490868678288626,-0.23167548005498,0.530728122057417,0.315458158369149,0.405316735461236,-0.0885115861534553,0.373778068939407,0.333889967533695,0.405139417917728,0.867996007749245,0.73415702959915,-0.694182215311186
"LOC_Os01g14830","blue",0.584357255546604,-0.203591918844256,0.0773069113784562,-0.562707170817898,-0.741496452269679,-0.714564539494168,-0.7531998805388,-0.419101280584136,-0.0910375353297102,-0.288513023462144,-0.261179663305747,-0.526087913700788,0.386737554489581,0.154682795928119,0.920071036791927,0.462602971110664,0.364826706950819,0.296546448576522,0.430979905856232,0.24759001612589,0.438372658399051,0.0845915576118015,0.279098474334578
"LOC_Os07g26740","blue",0.584173970776582,-0.0961025532365077,0.000844378541126083,-0.411665357785302,-0.652505461823748,-0.691281555631422,-0.613068464435836,-0.418882646679138,0.034064409721025,-0.274628358704241,-0.255465984673146,-0.550604175074475,0.275211864933961,0.186852652281402,0.85313259507339,0.525691300462468,0.394009823994933,0.262494280402564,0.430056353659405,0.328685545098952,0.524644177186452,0.250496993714645,0.180275953277062
"LOC_Os07g49300","lightgreen",-0.583978431181653,0.345765022533762,0.133355339135807,0.686307719887788,0.822720969888526,0.645954538939088,0.457564063109432,0.271154018174874,-0.167606325468724,-0.0954719207086908,0.356940383109047,0.361307330619332,-0.614646679348127,-0.363557117893602,-0.708483756251601,-0.433232803847622,-0.286032828842264,-0.460998680181513,0.0727133054429291,0.061914350501702,-0.286560445019183,-0.0087768818203385,-0.341988803933805
"LOC_Os03g60930","blue",0.583849480138536,-0.221486554814412,0.197600995227716,-0.347333022581634,-0.703318739163424,-0.667775321557657,-0.846707479530968,-0.576905171240785,-0.155768394378331,-0.313869120254254,-0.237062487553554,-0.582892960561037,0.208049273832271,0.0212118090765239,0.86977650139097,0.489227913780461,0.511756420625515,0.236595768351005,0.548623330142813,0.427520389832229,0.425331012116097,0.116570826113164,0.225286753776969
"LOC_Os06g22070","blue",0.58383355180828,-0.344854359092963,0.0217790523513485,-0.558858629900075,-0.857673060000591,-0.710134470229314,-0.67097743313108,-0.504464117722744,0.0541468992864699,-0.0386440091770518,-0.218251281797863,-0.425232964809938,0.490840921021826,0.222653041687214,0.874430999276931,0.563112717224735,0.435381209572629,0.218991707237814,0.18838845061776,0.141162273603564,0.349975123988323,0.0536614593825347,0.426226340509456
"LOC_Os03g07739","blue",0.583648498887172,-0.0696024744651931,-0.0833804072773527,-0.293534545458625,-0.523878762651496,-0.70217314191134,-0.557479273242325,-0.390130879744047,-0.0504652697797535,-0.445428155841116,-0.227146341633035,-0.635280057827712,0.00623594148659099,0.205145800245387,0.821798555390953,0.542740031730441,0.39458859001965,0.310340834613296,0.571461779357723,0.48579998380401,0.636826089323244,0.281674038018089,-0.0769013180382111
"LOC_Os07g48420","tan",-0.58360809269766,0.0467637258040608,-0.128248031700082,-0.00359309093004635,0.383950997448707,0.435182942560366,0.498276296752808,0.488737939945375,0.22633697516208,0.326878396552516,0.64373176415597,0.850724638022713,0.137965382852637,0.031311477856311,-0.467506285671216,-0.248131779278124,-0.516980825986875,-0.682882291233019,-0.535906040804165,-0.617513663171448,-0.514595227561879,-0.389541278948199,0.360091874910915
"LOC_Os06g15420","brown",0.583461230980588,-0.319562350683983,-0.74420837989193,-0.520084718569949,-0.434288322414531,-0.751438926862136,0.10572275424794,0.0824514316707819,0.078021762690423,-0.138264994760586,-0.278443111694886,-0.186451964515105,0.371034641464151,0.820250889798044,0.573592380693469,0.695755983264764,-0.0623596128277055,0.169335891788687,-0.106707187431389,-0.0842739543609715,0.641100616500079,0.286650685738041,-0.098194918594508
"LOC_Os08g23730","blue",0.583087405126787,-0.331651116474573,0.000262466378855734,-0.586017927067272,-0.746515707972206,-0.743573729674395,-0.712516752517766,-0.379148121060206,-0.0010953640741926,-0.276012531374991,-0.195566774331477,-0.442998674883531,0.424670928142862,0.22437930384345,0.921522835540521,0.502586949136051,0.306629146391908,0.220023101823073,0.354154245881758,0.17717271586289,0.455899244556922,0.0843190717904741,0.355265999369916
"LOC_Os05g06014","blue",0.582941148193438,0.0552274149459597,-0.177228898267835,-0.362536876788969,-0.527508156796221,-0.704284649256028,-0.437374347231377,-0.30623247018457,0.00636767736505544,-0.347241657201311,-0.137105242070296,-0.505685093595568,0.145025302390706,0.3100080274073,0.805027745488602,0.616351384667066,0.304320285877232,0.160282865164538,0.451768076110295,0.340786782308753,0.623420503734068,0.289394308783022,0.0404473361553959
"LOC_Os03g03720","brown",0.58233814058062,-0.146508684695343,-0.814564886855249,-0.643501315101903,-0.433768722047743,-0.687878308333099,0.24836792760247,0.253793097633517,0.0840378028875362,0.0492082988339051,-0.421689446168649,-0.217415520379462,0.470110259506548,0.905675043133685,0.456454269290943,0.587157625992711,-0.0539863330406988,0.490703658253848,-0.359371945418218,-0.298830487430109,0.490808975209053,0.0550150481376328,-0.212625567633874
"LOC_Os01g16110","blue",0.58221571803266,-0.213926871850292,-0.42775849362231,-0.801122644651675,-0.632506193383097,-0.773221675113908,-0.281717319074165,0.0274358634759345,-0.00921551421102786,-0.169754851088643,-0.106425992801271,-0.16043422753505,0.649861626914463,0.611201755434889,0.817881609753261,0.575818615697253,-0.0471510182929943,0.117763413207218,0.0138126512348826,-0.193395919645722,0.486494344925506,0.0293401318294319,0.277942203558848
"LOC_Os03g61060","lightgreen",-0.581932165989927,0.473393661592725,0.0793732516186831,0.560985309752808,0.831163513615462,0.716549886317847,0.632559001505975,0.406206915325854,-0.099077380402367,-0.0132540328844996,0.192533436258832,0.370981963447132,-0.513038047668473,-0.317026581562827,-0.802601746039133,-0.601586656263565,-0.426479713174055,-0.284787474738964,-0.0917952007275196,-0.0861078215699701,-0.29265071300938,0.106942682908454,-0.340794182553062
"LOC_Os06g34830","blue",0.581888545344047,-0.373155795104529,-0.167967972826575,-0.520773948209423,-0.7562589613244,-0.749869310985871,-0.565956094678846,-0.359521703350723,-0.00658297503582651,-0.0363097941596251,-0.0208068641599692,-0.244995550896207,0.489022145445359,0.402133784053424,0.822436149257508,0.756742201130644,0.368840369210415,0.0212106433298584,0.111790539878005,0.0615539259713119,0.344659457864573,-0.0593071793967427,0.356673004474951
"LOC_Os03g57840","brown",0.581590410860281,-0.217172982136982,-0.729047443954239,-0.777003166453567,-0.581085655504735,-0.777780823360737,0.0371047189249226,0.180336546020929,0.17681508532592,0.0120165170441408,-0.255661480144617,-0.181904956116905,0.582525247739289,0.872249591401264,0.641567860364283,0.646282578275534,-0.0375592938880276,0.377903055076167,-0.307875422939844,-0.336407136149533,0.453543745695208,-0.0534297227266949,0.0388100590541909
"LOC_Os07g29600","red",0.581275046949991,-0.294697756000675,-0.589116969055993,-0.359665177023463,-0.480399907097685,-0.721929067188019,-0.0213156119773324,-0.0895292953582242,-0.00116766381768504,-0.0376275387696101,-0.124669500892125,-0.178020211194828,0.345694773822368,0.707367725688648,0.598867428614186,0.864633384401253,0.158179645396553,-0.00829618474141848,-0.0329087785275395,0.0500836990509208,0.577803958067205,0.274278885050287,-0.0230047517791081
"LOC_Os03g15690","brown",0.581193152359255,-0.168487006344365,-0.740854602101268,-0.689029927140653,-0.578968335301638,-0.768822044704544,0.0686901117348691,0.0990169616147002,0.159702287692798,0.0467975450570188,-0.302481182925271,-0.278171609355102,0.472695180989486,0.857732943263315,0.604158332665524,0.668602664513471,0.055226876223504,0.415602503248712,-0.281031926547825,-0.212794822182097,0.494923865244692,-0.00396746593725436,-0.0763188217828577
"LOC_Os03g39000","brown",0.5809774782187,-0.357416971818726,-0.765278770788695,-0.601403076733176,-0.554882428551939,-0.769902595699023,0.114310867745395,0.0571322960131437,0.0218682349573988,0.0427634994404988,-0.263850970483094,-0.183444454767627,0.511063844665839,0.885585353059626,0.583641131789258,0.75534124928125,0.0298858607961701,0.248829787761295,-0.277259912331922,-0.191390921029183,0.556335596446801,0.118626676413113,-0.0504602459098405
"LOC_Os08g40630","blue",0.580622450361905,-0.232477031204941,0.0318170134766748,-0.471495676219492,-0.637976734121652,-0.714554632002764,-0.708312031187607,-0.369433471555698,-0.104011553422753,-0.386927827212978,-0.265955983161557,-0.51069781015605,0.28451779643684,0.173821451587379,0.896791648709462,0.508862027614302,0.310906664268699,0.204125220448501,0.516024410236173,0.299170489568046,0.497919588191543,0.172137910715177,0.178833205351688
"LOC_Os08g10470","blue",0.580535705611689,-0.295532131806725,-0.127454549104587,-0.673087635702789,-0.770327977957862,-0.742642684607892,-0.533565070079036,-0.27924679705841,0.0927926769578755,-0.114169090320668,-0.224162732643531,-0.36698140896456,0.572715702257686,0.367131775442176,0.889583378060872,0.553620969778039,0.264284200895925,0.230502796258684,0.158222181451795,0.0315566240860176,0.409110249357934,0.088955489607851,0.367466193914337
"LOC_Os06g04510","brown",0.580205586699079,-0.241420467086288,-0.702562498034972,-0.672239314187194,-0.609324484193185,-0.765667801543289,-0.00145154898806995,0.0536059137451882,0.0731559341389301,0.100671002770395,-0.175993165306911,-0.171020870910497,0.537063529898414,0.852480851066497,0.598325016758795,0.722733776656723,0.0845298142041037,0.306794906778265,-0.340217611158513,-0.295570460079051,0.41032851482062,-0.135400372906169,0.0466301144710804
"LOC_Os01g59090","brown",0.580028971685423,-0.137672438607004,-0.802410539467131,-0.6952541644067,-0.526805265581582,-0.780583675142413,0.149192870741414,0.168935111886489,0.127377107406861,-0.0235784606165025,-0.268895647583756,-0.21744392620636,0.500311364209557,0.907602300754485,0.624038351183905,0.695970370869527,-0.0410687576834383,0.333058547227111,-0.271351868211273,-0.240544351977802,0.560843619311716,0.120626762348212,-0.0711835767360675
"LOC_Os08g27090","blue",0.579518623591154,-0.365764229179323,0.0877678197549528,-0.480363405006148,-0.766906011142012,-0.649002009857319,-0.683436348937685,-0.476222429868124,-0.00346658070214513,-0.1423321831058,-0.357961428465776,-0.467266482546605,0.433274671070322,0.134819048280098,0.812856303197745,0.422876209292276,0.381963478823986,0.30330309991723,0.26796606969541,0.214574400631549,0.371570108270909,0.154110997654746,0.335483150366676
"LOC_Os04g58900","brown",0.579108177651418,-0.294549915603173,-0.739328115998623,-0.760882749885601,-0.532929144225464,-0.763270803518223,0.0521982458250944,0.229746441156143,0.0548653027980076,-0.0184031370031021,-0.209210030480983,-0.0830331881109731,0.628955329091732,0.885435327204812,0.62130812980507,0.647271563529705,-0.122992070282503,0.260151149398528,-0.307296655742997,-0.358302994896959,0.438711315491717,-0.0272614693496671,0.0420334290542061
"LOC_Os01g14810","brown",0.578828864758478,-0.148655297577495,-0.875607501907416,-0.471210872654479,-0.296107402276814,-0.702898254215001,0.26195261320251,0.240697202960902,0.00101858769762513,-0.133432747442424,-0.236944068875581,-0.125071035142669,0.316143709393332,0.90437258502841,0.444730166354707,0.677151380130242,-0.172553331234164,0.18342022084209,-0.201723135121458,-0.178495613046855,0.632253959193812,0.200554981495731,-0.252857922474165
"LOC_Os02g33730","blue",0.578704441185019,-0.227886175302199,-0.437148601628157,-0.756170314796848,-0.660397301646281,-0.795236251943235,-0.263212141529138,-0.0420215136502857,0.0606471205374671,-0.186418758593778,-0.27296798693997,-0.322840904335554,0.522900246131145,0.616460516734631,0.819459470580114,0.60023517467673,0.0755542982439453,0.302867879623641,0.0359077080268197,-0.0932972669681432,0.499412022394944,0.0857915954519267,0.143557074535415
"LOC_Os02g03710","brown",0.578677646951939,-0.116557229195685,-0.760103934175343,-0.662583098529352,-0.392510014739425,-0.707077993746108,0.139274785128004,0.303324062534768,0.00901988091402139,-0.113012837566149,-0.395889657280269,-0.148476915781652,0.514376712340772,0.842347625661891,0.531628950353783,0.52794012807011,-0.218906861576837,0.316705498909352,-0.237043585644311,-0.295481481167543,0.489967838293386,0.0720235436559137,-0.162008751454581
"LOC_Os03g48170","brown",0.578640700227375,-0.194111253307646,-0.793037360546796,-0.771172460968542,-0.372905575281013,-0.701277492120051,0.182444184856437,0.418886355615635,-0.023267857160666,-0.160975850593448,-0.413274583689338,-0.143133314610442,0.546216998455443,0.876696592089085,0.516076222727812,0.432527803642919,-0.305906746243509,0.421612973487227,-0.265962658577852,-0.384726642017354,0.506970047647551,0.0587574286829798,-0.158560246347453
"LOC_Os03g50530","brown",0.57858192204232,-0.29340499093604,-0.757830591523983,-0.67259411203221,-0.498168984034931,-0.741872601603613,0.107288224593885,0.219915736050089,0.0304077435765611,0.0121384198387713,-0.20743930178151,0.0270680171884714,0.625294220940538,0.872288616778979,0.580236103300562,0.674655939061835,-0.167905249549158,0.0884585429891624,-0.29673747541839,-0.315884339255219,0.488490874422481,0.0799051592768651,0.0611488353727009
"LOC_Os01g32790","blue",0.578138583152399,-0.137802508829835,-0.0123325039725673,-0.491096798594074,-0.741403666392021,-0.729542211262934,-0.643509284270586,-0.450999297014913,0.0464920987999258,-0.221898102933525,-0.249280732470031,-0.592020150436163,0.320806307436507,0.221791205377975,0.901942820132581,0.557444263966716,0.446383229893313,0.333969507485223,0.368928253208704,0.282673201964533,0.471137905883943,0.144630347045507,0.201229730161561
"LOC_Os06g40050","brown",0.578025096649854,-0.176925981290049,-0.785531088164498,-0.517710633020453,-0.530730328191452,-0.736126390923675,0.176747610203773,0.0285584008895255,0.161289719766177,0.123717157413246,-0.13887211962853,-0.146999938648474,0.434879581209148,0.879373095153231,0.542357953508139,0.842668155586278,0.0903983133139105,0.15503604180929,-0.322800726482824,-0.170347674898568,0.527472103844863,0.131660349452711,-0.0349396964393598
"LOC_Os05g42350","brown",0.577778853430813,-0.160270009920774,-0.80521590561022,-0.375946431906992,-0.508188332348769,-0.693210683022041,0.229807811213133,-0.0369084762991826,0.141429750947899,0.18184408664841,-0.257031618238337,-0.225563495769002,0.291404520987382,0.864840119385567,0.428486299624602,0.806184765823707,0.153887077821377,0.243792131804048,-0.352144838035892,-0.0808909123104419,0.514652698140081,0.171468782403721,-0.180590207043945
"LOC_Os03g40110","blue",0.577311363285119,-0.3275771747056,0.120021853393401,-0.523907045974757,-0.635326338884283,-0.659340273131163,-0.767656331158886,-0.351745090570565,-0.102962093908085,-0.421554846471096,-0.314908908988294,-0.525230966677877,0.315543701017098,0.0901066921827066,0.85905985832444,0.340801688692703,0.266258522267904,0.325040719203891,0.513239148399945,0.267149954834226,0.452636051029638,0.156459928473122,0.231277805311925
"LOC_Os02g46130","blue",0.576950065734879,-0.0108239240241212,-0.114354044996857,-0.543453395502648,-0.672669819181401,-0.720563824819407,-0.54152105752839,-0.303707983583336,0.0144686439359355,-0.222659504745011,-0.13381826756906,-0.463848035020086,0.337506292607291,0.305189834143853,0.868569756591934,0.583519715945409,0.348850525795335,0.243892712888876,0.28986475988104,0.171777418995839,0.443300123820679,0.0397137168058872,0.18830386726613
"LOC_Os03g63410","blue",0.576892194467849,-0.132965691224932,0.0373082678088978,-0.551003896354842,-0.722158741991496,-0.71567594260977,-0.694987449782535,-0.406109823681223,0.0095922321119499,-0.300897400930474,-0.236371247795847,-0.571335814209038,0.330876451839865,0.175721076678611,0.91127169088148,0.475080007911419,0.387468501543058,0.33392107131207,0.411065136774835,0.242058177414109,0.453791235708602,0.0919122289480845,0.251678106634495
"LOC_Os07g08460","brown",0.576560471364165,-0.186538054568933,-0.806949547057007,-0.572232342893856,-0.215557494212136,-0.685106245391345,0.22328861296866,0.401402454614814,-0.143164373903083,-0.313460895250405,-0.319592602804967,-0.0758145117638905,0.405843660934171,0.848023723458988,0.498315608578398,0.534138084357207,-0.358409452144027,0.158083384486956,-0.0496309358553809,-0.204083001336914,0.658074545557447,0.283812802085322,-0.269714766024867
"LOC_Os02g03540","blue",0.576312494634675,-0.313931250096494,-0.209870133875222,-0.437983551904509,-0.549696191222144,-0.747626612780898,-0.511971799104586,-0.25139703002488,-0.249385171600956,-0.353456566838758,-0.148918683451616,-0.284518884585446,0.319442925576274,0.368808297416001,0.822308369906591,0.63094072083395,0.153752407718037,-0.00898546780722396,0.351698619580789,0.179333451642637,0.541535638122536,0.132016380547088,0.128115344460122
"LOC_Os09g29130","brown",0.576141226960616,-0.264455816142735,-0.779710843963899,-0.592322956626184,-0.362535026708158,-0.614651259340324,0.279182416872469,0.328122829828501,-0.0377243020304405,0.0720087441994475,-0.368689985410514,0.0148614947003325,0.578373461176539,0.876589501946494,0.394851215337175,0.573345993684435,-0.227142814026907,0.187750388155874,-0.357328702740138,-0.355049656980923,0.447592569544938,0.145871847876522,-0.101663576479404
"LOC_Os02g52940","brown",0.575772400598039,-0.23690699753038,-0.84362857903832,-0.693510400385039,-0.45418042303761,-0.777362797649122,0.162066873267293,0.262619971771654,0.0348739851558598,-0.0953039088627644,-0.281031560835109,-0.11027746075821,0.535074989761411,0.940635155080113,0.588892823787112,0.658939761130713,-0.192532456528755,0.24489086427634,-0.275711204071264,-0.310877362173799,0.558626444256106,0.104467502398673,-0.0733454043883588
"LOC_Os07g38540","blue",0.57555052424671,-0.130908976201788,-0.201656138868162,-0.649969479785708,-0.680752671718074,-0.742703420097405,-0.467850869113473,-0.199186433843209,0.0723694984239393,-0.202030827606121,-0.253609503166838,-0.442448678525288,0.445564769029691,0.390823217125628,0.860450652187831,0.518447950652123,0.213666958561257,0.303711671391559,0.235389489897011,0.095605513183859,0.494680814864968,0.0958121163547164,0.177893804403761
"LOC_Os06g22660","blue",0.574500243655066,-0.233720959738196,-0.191122223173607,-0.629678945418954,-0.74616862161012,-0.768761188314971,-0.508005033269781,-0.295751730596312,0.0671377564036296,-0.0761888603560981,-0.137861567371111,-0.373419294487954,0.508212347217452,0.428671174259534,0.869646797262767,0.669795504727185,0.36049849969875,0.213382628809084,0.140966964581322,0.0396616885324665,0.400544362083376,-0.0283841411037227,0.311944263657138
"LOC_Os01g13150","blue",0.574001523310618,-0.370995439640863,-0.41584200025565,-0.766043328956542,-0.612327156305429,-0.79039575209233,-0.358593063050073,0.0184089917933319,0.0354261763593426,-0.2407968354442,-0.154384420887185,-0.240176284968517,0.539260607898568,0.601330782069744,0.804102154837576,0.544053933598923,0.0134911819336075,0.280491302067711,0.0304223906986723,-0.176086124100537,0.450876732926999,-0.0827286864118401,0.210493528810699
"LOC_Os01g03070","blue",0.573670593008225,-0.0311729733248494,0.089500034534919,-0.315679915309108,-0.526900197229152,-0.642429055865141,-0.665754244113242,-0.400519052406851,-0.0428037175505826,-0.519767172751942,-0.395174257629328,-0.694424339839949,0.0611324015867231,0.0577828831735484,0.829759444687217,0.385089890577321,0.354247842765418,0.373370950593709,0.645310972028855,0.5004704829254,0.5721602507988,0.371541335882869,0.000531184196557134
"LOC_Os03g02640","brown",0.573033321952511,-0.357013910149648,-0.785913569277998,-0.664334169418087,-0.556875214668677,-0.796448394070164,0.0926755093791154,0.10151922941254,0.0381949557258628,0.00859705013119842,-0.193122218917761,-0.131534884460594,0.549903122925389,0.906468236815942,0.62993128057642,0.770447232055632,-0.0330637265216043,0.176298128390684,-0.265948225435756,-0.241060591560731,0.555764464267872,0.0923623582837206,0.00993291094918038
"LOC_Os04g34460","brown",0.572501851992142,-0.198903646229402,-0.824179506411594,-0.529323910419886,-0.294136665291238,-0.71983015936421,0.203378974871848,0.280682780703108,-0.133033827075019,-0.164273996896331,-0.210921417416783,-0.0813579019812243,0.406473448433647,0.894989463515475,0.514944981154767,0.708841725938825,-0.164611102867816,0.132155507004508,-0.1277964553411,-0.192044236904217,0.615329199981866,0.145236632333534,-0.22760646594431
"LOC_Os03g16334","brown",0.572481141791531,-0.22265139183357,-0.854785257334506,-0.528788334669242,-0.362685626792713,-0.625724458320114,0.379075118499668,0.255961791758284,-0.0352463793193997,0.0665566176109854,-0.367147935782077,-0.0403116754954328,0.515883594752652,0.904740833922819,0.369295173873309,0.611436177034837,-0.197484270761329,0.210695606671369,-0.370146183097438,-0.271619742371888,0.579336647267907,0.306821113186432,-0.159950760015372
"LOC_Os05g23720","blue",0.57208330214811,-0.146464063266895,0.0752843874582584,-0.534046577306962,-0.710826538904135,-0.693528567891481,-0.702147893751768,-0.401402955719677,-0.0295105707829181,-0.28895922266442,-0.250937417133813,-0.532310759236541,0.366352408379095,0.15235520985273,0.907433949956033,0.477893822819125,0.370724990234056,0.269132523793101,0.440689005525401,0.261264765131631,0.44968228069237,0.157890405540771,0.276767765406724
"LOC_Os03g16220","brown",0.571972842492178,-0.321106882322557,-0.881177244686646,-0.524288355467742,-0.389495994181126,-0.731923302555732,0.261553028949046,0.207755795751157,0.0478179080078919,-0.020740046176685,-0.205427768378282,-0.0455545956154396,0.443797421184474,0.938798431963115,0.496419760997474,0.769289180126947,-0.129720139488365,0.101931769146545,-0.268203408827882,-0.204162013095041,0.600713775991026,0.198821491060038,-0.14669659536299
"LOC_Os03g39407","blue",0.571463107920548,-0.284852435710656,0.0510315680972128,-0.418347857022271,-0.695376223904702,-0.697299980776028,-0.747709880840935,-0.480518290558408,0.0253432184984213,-0.264083130533628,-0.119852717105126,-0.552068522874941,0.243155674060969,0.164733074588245,0.855268036165002,0.579641049022988,0.476205679870999,0.275692702502843,0.43886192123604,0.325829318753867,0.423261182182746,0.0189021530680984,0.2166031575517
"LOC_Os07g47780","blue",0.57118925384193,-0.192743748049108,0.109390411583152,-0.405516513995121,-0.744811061019184,-0.687408761624336,-0.74022410451906,-0.557698473607889,-0.0734367758923371,-0.24873007136175,-0.253897818722709,-0.581154877584799,0.276843799223709,0.101188730495809,0.882659753643295,0.530638783142389,0.487113666330924,0.262220578407739,0.461513842263054,0.372705061080615,0.468828199978457,0.169892925583456,0.236868676265557
"LOC_Os03g64190","blue",0.570986349814787,-0.00177198978087446,0.0218379651732581,-0.292451967150956,-0.633429615214657,-0.656017652870673,-0.602990316027161,-0.458001478922898,0.0383867959470078,-0.184627440491706,-0.255790904250031,-0.634803145613016,0.162823895884761,0.176572593452357,0.802078302106286,0.590695887252041,0.562848893075449,0.351397678830997,0.405682507724402,0.398274565837179,0.43171686115126,0.139163418069926,0.047595160118351
"LOC_Os01g62584","brown",0.570792304335883,-0.249435706668375,-0.823805059151719,-0.638044316525138,-0.412783023751304,-0.719286340220114,0.19119195741184,0.287430042264605,0.031208185995831,-0.0291659179248795,-0.258225129655996,-0.0633364214091706,0.535910875603995,0.90530796248674,0.510672813244067,0.596012123356308,-0.215010224914601,0.220314078057058,-0.300921355052099,-0.310832489411522,0.512190433657474,0.100368841528073,-0.1117633038747
"LOC_Os03g59160","blue",0.568842516612456,-0.257438149661477,0.190268031658269,-0.426823749469092,-0.602740014826002,-0.62134506622498,-0.790266484678617,-0.403696356002142,-0.100113892754165,-0.362478522269571,-0.249309324801636,-0.496209711352457,0.297083893446083,0.0364175148595166,0.828274134749635,0.413356119623928,0.373426282700933,0.242858240083606,0.548855769584263,0.297482131380644,0.391585792924881,0.0872556554596204,0.232298065113109
"LOC_Os06g23274","brown",0.568745567637372,-0.248903455904778,-0.868501370820072,-0.641998104455695,-0.33155532599171,-0.658252363742035,0.308410088917899,0.369683058629796,-0.0418989180876802,-0.059905479242731,-0.426709180836013,-0.125457957231624,0.460113872587015,0.919739189151635,0.389776714201463,0.483810517546836,-0.230242741358072,0.456867779129652,-0.354492972591462,-0.347223403460951,0.526283574162737,0.0697032061719048,-0.261476414288357
"LOC_Os08g02360","blue",0.568656960190728,-0.366843667921376,-0.223530216762529,-0.490409113336687,-0.724606165186061,-0.740751359589359,-0.429160527092456,-0.380157246371027,0.0408331137844373,-0.0704859837617886,-0.14105232779802,-0.334104162043233,0.432573950979244,0.408667507524903,0.812354235593515,0.677977790471134,0.315028584750882,0.0972654411880293,0.125115137349786,0.137867510217785,0.500185602974094,0.163486945738033,0.313586650858504
"LOC_Os01g42980","blue",0.568437228031601,-0.0978312829995657,-0.0245445481419409,-0.483537952933033,-0.607368743203847,-0.709541102517622,-0.637387037015193,-0.33027481245431,-0.0721207152498342,-0.366964250712451,-0.129581872869754,-0.470984542984531,0.264142452167489,0.215514329908259,0.884916339865155,0.537843115515546,0.312669533978333,0.164661783142027,0.456056195189106,0.259322730557342,0.490550518354869,0.109782591020693,0.194564704385594
"LOC_Os01g17320","blue",0.568304210224133,-0.408718286669351,-0.0257875123841155,-0.710936680114308,-0.785026148549371,-0.728049165856292,-0.705343964694045,-0.295174690465574,-0.0361488286103029,-0.169384980632479,-0.137328546522992,-0.334971431719257,0.580198284488917,0.283544448895852,0.884366224109147,0.47635705187413,0.250719885463267,0.232224012888023,0.19265850496568,-0.0202779866347035,0.318877166583668,-0.118916573473616,0.437771397857873
"LOC_Os03g04470","red",0.568204795031471,-0.245019986994583,-0.525907578325867,-0.425364474347305,-0.693879212084565,-0.782439773964056,-0.153553712786829,-0.305251503680424,0.113429425082345,0.12642921624007,-0.0620281951300562,-0.29572648260908,0.346664800030242,0.679803447340802,0.698539823796305,0.932712278284556,0.415149559474278,0.129781364132856,-0.11255980449253,0.0710888192947759,0.49175410324032,0.0623718284852125,0.0889640384258541
"LOC_Os06g07790","brown",0.568204120514871,-0.237930202452674,-0.889111756856317,-0.638899741476385,-0.333856370865468,-0.651677564740104,0.347057674465347,0.380423000277383,0.071431846624179,-0.0969928278251503,-0.458783029875916,-0.111085930167426,0.471776671612142,0.917497639275863,0.384962905948437,0.439459563734299,-0.337882037248283,0.397466313273931,-0.340280931120734,-0.32387348704351,0.571919014441682,0.258220615202233,-0.217642303768002
"LOC_Os07g48520","lightgreen",-0.567972833222826,0.0900152359183308,0.164530658570728,0.296612724841141,0.868045832599855,0.637758807017569,0.361250679027344,0.665374002622307,-0.175442004860882,-0.24647113437553,0.338331284215385,0.610297532029314,-0.239987910443136,-0.328427239196091,-0.623280503303541,-0.643108082525818,-0.658560649615861,-0.447183589085316,0.0345609379599039,-0.307611385707582,-0.421249854625862,-0.218805016495128,-0.155479456597576
"LOC_Os05g47670","brown",0.567821047826637,-0.218392785354686,-0.783433192616812,-0.38615337620727,-0.175124263164588,-0.597869250173928,0.254237654595178,0.327138272844964,0.0311799832716208,-0.160147666641689,-0.488057780146293,-0.167197876454171,0.280421784004551,0.808732288802894,0.303887191270764,0.486441293572486,-0.172261698704367,0.398990191815679,-0.182894333950143,-0.145451874860088,0.539630407410132,0.17560291618818,-0.397620526227866
"LOC_Os02g58800","brown",0.567501923642514,-0.193142318916641,-0.793855655192455,-0.597410904352503,-0.392905443798702,-0.700017522678925,0.228519104871416,0.220069295546372,-0.0425429195628178,-0.0703965722087996,-0.34439506512431,-0.155226845737725,0.45420276448625,0.867228782111525,0.500929458015903,0.643510960164709,-0.131834480824473,0.238168459451641,-0.199936910147043,-0.203837343820813,0.583706466733972,0.218171746574982,-0.201240565839064
"LOC_Os01g42120","blue",0.566329952001774,-0.383744158944997,-0.14555702725007,-0.549348547028638,-0.727106636978314,-0.720685725484293,-0.503898022340329,-0.328324101675646,0.0801085201045109,-0.0517041507104265,-0.194475101300732,-0.332237197730364,0.541993693175229,0.371943757594409,0.826730365276428,0.611222939806723,0.29482471262693,0.157169688874272,0.139302763868853,0.0875825412167044,0.418368148994007,0.0853479083083636,0.327782473642496
"LOC_Os05g41190","brown",0.565926930820732,-0.172414131400851,-0.898641298460998,-0.628037202530958,-0.369800949844674,-0.691764130587901,0.311201481277975,0.322755635620886,0.0360620912805768,-0.0162903127975395,-0.220248158626153,0.00552435787064633,0.504447135017638,0.950087280788147,0.45417142913383,0.640993627496186,-0.258701241417456,0.143209045663158,-0.34757764458385,-0.324528554938221,0.555019055979551,0.176214146062491,-0.122860869899674
"LOC_Os07g40930","blue",0.565757312557067,-0.12285879421884,0.192333179945736,-0.371726305184044,-0.700739402773995,-0.642752408784223,-0.799522166720476,-0.569016221356315,-0.0297746417222748,-0.306519714728134,-0.259954831117172,-0.644918421332967,0.189203626687455,0.00665726514686621,0.850176345931241,0.443901379984321,0.50687220860761,0.32698530589256,0.532453425534873,0.413554705164667,0.451441508001966,0.152572309037034,0.222290556049214
"LOC_Os06g47760","blue",0.56558722234997,-0.273549030602975,-0.174931252245146,-0.542780260402759,-0.511021674418049,-0.709911268746391,-0.501022127875722,-0.115496478780633,-0.110121992276313,-0.390570687513108,-0.0874271381480549,-0.290517638276651,0.393787016291595,0.356346987669294,0.821534685575918,0.539707501573608,0.0982909247697011,0.0982431682711497,0.375770080649896,0.0919630372027495,0.510853413513869,0.0824847962036954,0.192370072696656
"LOC_Os01g55094","yellow",-0.564916006301514,0.187321853263198,0.806347294856083,0.393261086563501,0.401268727956261,0.665287246401194,-0.287701189556775,-0.0774307646961495,-0.283762970993389,0.00154097495451958,0.398316979907053,0.24872811960982,-0.270082939822466,-0.821373405058003,-0.416526331249633,-0.646603159610882,0.0322493216714341,-0.299584716792398,0.247656433755553,0.0331256252961598,-0.632080818257345,-0.444523812432114,0.225610437157165
"LOC_Os07g28400","brown",0.564537497004378,-0.230871748730014,-0.828448714353307,-0.446675580269526,-0.294827462911258,-0.640712938713106,0.289377575538531,0.247057964612554,-0.105349049184836,-0.00456162379955515,-0.282607087710747,-0.0904112727936587,0.365343634178726,0.875040469087403,0.384429895095164,0.680699645459529,-0.105958837105388,0.202663707849654,-0.256329561563352,-0.202853159401327,0.529283457278586,0.0996868254540531,-0.325079981091903
"LOC_Os04g47020","brown",0.564116407558663,-0.189798552411968,-0.915150562061319,-0.570939987005164,-0.330124225835442,-0.693548432812458,0.34214828931382,0.320775412571883,0.00613754835626238,-0.0707605054218518,-0.280961276126877,-0.0443806834693952,0.443318815296272,0.957139358906306,0.44228086664683,0.674138452900565,-0.246539794648889,0.155357943367258,-0.302544730695624,-0.275761822030953,0.595521740261498,0.257876493594019,-0.201046062735177
"LOC_Os01g39270","brown",0.564022756095371,-0.183178590605816,-0.817688265151485,-0.534981864568828,-0.400492030862832,-0.76387365520082,0.150681778565988,0.15975958076698,0.0509515250945027,-0.126838579601018,-0.260957119242896,-0.237108712563132,0.329911892814658,0.885495431490971,0.564817244569497,0.707694723519964,-0.0263352130609442,0.316991356921096,-0.15832535449825,-0.131172374295114,0.603703167509127,0.0981410773248854,-0.250089559177809
"LOC_Os07g30670","brown",0.56360851193566,-0.270710563504782,-0.862595117903996,-0.527561644128817,-0.382283652786949,-0.699433374101852,0.265731438511183,0.229585637215103,0.0505139838609519,0.0291524657566905,-0.192247129726869,0.0295102517891569,0.504343959799749,0.926071271753175,0.463106491240789,0.747292313464246,-0.176968246217831,0.0327060724689083,-0.326616404628298,-0.269738981950447,0.533232852338489,0.177603744261133,-0.0951664478805105
"LOC_Os01g48820","brown",0.563433976635302,-0.139457672983461,-0.895949134289881,-0.464443843560802,-0.348120334166009,-0.66260427833425,0.362098156333371,0.237692471512179,0.117817964422759,0.0471710016204316,-0.328882199867963,-0.064888868753924,0.42007987876128,0.92369425523833,0.384851570859968,0.676326579349293,-0.156452214025248,0.186235027743883,-0.338769409729801,-0.200592024240766,0.566633258857175,0.272247275208999,-0.23859156546153
"LOC_Os01g63220","blue",0.563235523182523,-0.252822624125057,-0.218677260953654,-0.634259019509658,-0.555045156823994,-0.761576557541259,-0.515785623005313,-0.0731678248988065,0.0272457604895158,-0.369551991626892,-0.115417569020528,-0.312686246554715,0.439648720515527,0.413787583293914,0.876686995124177,0.553989327423679,0.100156720956585,0.15686335504409,0.321638083475348,0.0547960723723963,0.486734850028697,0.0237025796728411,0.19418323019625
"LOC_Os08g25900","brown",0.56298246304334,-0.131591199211045,-0.8809588683158,-0.522564805433866,-0.303679674797951,-0.719815248162456,0.268755829509535,0.287172931116208,-0.00960420225437373,-0.154906556738543,-0.270764650098332,-0.108186273011943,0.357326880081435,0.919511642051944,0.482278239884346,0.673373726738803,-0.199449556358327,0.175829470980991,-0.172728924264102,-0.171320654042397,0.62675062371775,0.235123823368073,-0.278182833870577
"LOC_Os05g45270","blue",0.562364844485795,-0.21678669132837,-0.0472052940925328,-0.514343559341558,-0.749409644784519,-0.74263624638873,-0.621633179330084,-0.423997658749464,-0.0505569020508749,-0.196238013875386,-0.204290154670612,-0.495240118467607,0.380775956181207,0.269168239638241,0.905553402839194,0.590189421922975,0.413132287452048,0.24767597750869,0.322315920631687,0.238049750975709,0.47948371020334,0.103250212954395,0.262734734425736
"LOC_Os05g05560","blue",0.562252456503329,-0.127378491562179,0.0135272463166986,-0.412237330555582,-0.776735203147162,-0.675218527932799,-0.631607443979741,-0.523290075661875,0.0704092439921932,-0.0139908946144048,-0.137184114013082,-0.462430331694266,0.405427879742005,0.211973984332812,0.824541818764979,0.599167237635997,0.491108584771421,0.182494530280738,0.2409672658175,0.239201100165743,0.371612617912873,0.0745876839914818,0.325937959397618
"LOC_Os03g10880","brown",0.562133745904186,-0.0130758377472556,-0.913352667561332,-0.323050561251168,-0.0198512356321401,-0.540555067348218,0.484412036257875,0.460413452264723,-0.0477471621468222,-0.277612309968945,-0.485435516282624,-0.120832001622971,0.166808510434035,0.848195556222554,0.21117768760922,0.426477777762685,-0.384966140324761,0.306641056131846,-0.174269337623658,-0.141972192381028,0.665336134397755,0.423092982084594,-0.534600885965406
"LOC_Os06g40818","green",-0.561665661659254,0.0533521157238865,-0.293594408278402,0.11842141115441,0.59198421402783,0.51410761299247,0.832550236804741,0.65053492252043,0.0532201273070054,0.277111349312121,0.342681536929451,0.743972037203771,0.0192649466014914,0.13141843676602,-0.647931382085895,-0.310099323937192,-0.627711340359494,-0.505838690974548,-0.559464112226676,-0.570074515678532,-0.362457231539306,-0.107093637444885,-0.0368480472189004
"LOC_Os06g43690","blue",0.561369061337222,-0.230897726890363,0.162558941107919,-0.481359559825637,-0.642292980896957,-0.651473948838718,-0.800333725076386,-0.406128489623818,-0.135581639408067,-0.41509946496125,-0.298765338141832,-0.603027601237003,0.237646446774684,0.0442973882653711,0.868469291022956,0.34444035449203,0.362203200843851,0.373669097370641,0.551716308918008,0.319439783304493,0.440122639957692,0.0905175176146873,0.184347539655722
"LOC_Os07g28790","brown",0.561205662019002,-0.0669910741884322,-0.8843237858615,-0.449022107920285,-0.266489354364114,-0.650785741832448,0.341523425612894,0.26731014654224,-0.00879429781186998,-0.126576315985375,-0.438590568589875,-0.289418904276819,0.225337986799399,0.892688388643948,0.352048451304597,0.552306487930679,-0.120428091244724,0.487625625509859,-0.232585780966805,-0.144549026431783,0.616136544312948,0.220888220857292,-0.453529672029233
"LOC_Os09g35990","brown",0.561094804841512,-0.30223878539338,-0.853246491393653,-0.652001038740787,-0.433974341694786,-0.758191982563275,0.189227935413073,0.249978263289506,0.0474298449024377,-0.0699075606644678,-0.185684456715289,-0.0441876097949166,0.517438853692075,0.938229247387307,0.560774921526738,0.697675701441568,-0.19214558849411,0.138305416135364,-0.274485593902881,-0.292043323280193,0.564755734876302,0.124806259122597,-0.0442910394062538
"LOC_Os03g18620","blue",0.560969615606199,-0.138091151850308,-0.0464472970736839,-0.533793125566563,-0.696736506938883,-0.683709550171496,-0.574163412509662,-0.360657086143475,-0.0230210689487866,-0.208230719143709,-0.222928360946664,-0.454814181468241,0.424427728597811,0.260988635467739,0.821761987082822,0.514896981130863,0.314757452695864,0.246844684118358,0.271021278501706,0.149731853165138,0.390413142342702,0.127850087291464,0.245576525391498
"LOC_Os08g09930","brown",0.560634333450982,-0.274057287233565,-0.744275430905435,-0.674849443062154,-0.298757867473753,-0.694796303668119,0.134974288127164,0.391111345607603,-0.115641183698279,-0.248715882066881,-0.247678802328137,-0.0550445109775401,0.506094640692125,0.834611489814558,0.541551017556316,0.527085144424673,-0.298240545725873,0.183185240571072,-0.102384164692048,-0.296281201906429,0.553802659513403,0.148254581164169,-0.122953569947306
"LOC_Os07g22650","brown",0.560593645669236,-0.210271773007405,-0.914355184728098,-0.525688170463171,-0.194036551931768,-0.645357655617329,0.375297164777525,0.426627046752511,-0.122615587471139,-0.161061258090539,-0.302399243410584,-0.00292078079859249,0.401787929118107,0.937008732784872,0.367572087639223,0.588913849003358,-0.330167960370245,0.163224608441193,-0.228951236933177,-0.279211274279484,0.623247886440063,0.242397671090321,-0.294435569733554
"LOC_Os03g50010","blue",0.560491668764245,-0.259105278124723,-0.0281895121086994,-0.468333859253572,-0.657694249347588,-0.72312193091886,-0.689261841761842,-0.367053103629761,0.0282908704312754,-0.318804710380847,-0.180582994301672,-0.506755662493446,0.268449600434327,0.225794170578279,0.847418917128117,0.543451486734601,0.374462576032893,0.270838142546462,0.399277547297996,0.255610367925681,0.435890146814024,0.0152922463961279,0.19081992519037
"LOC_Os07g12630","brown",0.560113783600617,-0.308955794685669,-0.700899146076827,-0.766835551678148,-0.575575919711264,-0.758046228762836,0.0145294255691763,0.156793434293018,0.166935405365441,0.0125461245377511,-0.240272766121747,-0.128344815841586,0.590386140373095,0.82927993923773,0.623912186906509,0.616051868239376,-0.0618312530246518,0.295626202074746,-0.29935048621347,-0.334119167379522,0.441328224827411,-0.0241056396518769,0.071203748471888
"LOC_Os07g39690","blue",0.5598604598251,-0.254090082142225,-0.241286752837529,-0.574836622257779,-0.663763170934265,-0.783296235317647,-0.510217771896457,-0.282424256217385,-0.0763084544929285,-0.251906796819588,-0.0329346987900916,-0.354554850091562,0.363933442260337,0.428370293300304,0.866898710903397,0.670101570641858,0.255986358750889,0.112313514573871,0.255529169594335,0.109129701250611,0.490457171554519,0.0195515301949572,0.217089606797685
"LOC_Os03g58204","blue",0.559833217393215,-0.0523915856389812,-0.0907582331137271,-0.543259892790393,-0.663745881761867,-0.689328729116604,-0.515605513337886,-0.284028287604496,0.104046813732344,-0.230580048420202,-0.355746814675426,-0.517891750565054,0.342442942559453,0.265953075631704,0.831510306690538,0.451158218363267,0.299730505633975,0.378834242309169,0.267365265923754,0.163922844380699,0.436541029587562,0.128422430762584,0.149943002728214
"LOC_Os06g01934","green",-0.559648170590086,0.1952910721297,-0.288290224531647,0.257251699361988,0.550648566533411,0.522225796666147,0.86206462903794,0.4681802811799,0.160107066652176,0.313586357588453,0.263543795975921,0.497109274963885,-0.172567799727405,0.0802144984341561,-0.684970969166899,-0.30840850953042,-0.424844913418785,-0.307192570875794,-0.523612346949512,-0.364204897210898,-0.286172258028197,0.0225905433820369,-0.191201034812005
"LOC_Os07g41280","lightgreen",-0.559156961221111,0.346256678394667,0.145139904375638,0.56584772016093,0.886802440533865,0.675672678361334,0.465368304795863,0.465982261714811,-0.0866789542154286,-0.191886898567402,0.175608734661563,0.388271798611059,-0.522665567811785,-0.370833931010839,-0.721268543847336,-0.61303169925684,-0.443177789033645,-0.2643998245138,0.0322957387989567,-0.0654909786189265,-0.337647258961928,-0.044505425566281,-0.351494016019271
"LOC_Os03g19570","blue",0.558738871031682,-0.416290564947476,0.0665005607352939,-0.525343303437842,-0.653777078240886,-0.682939576013462,-0.740762267413816,-0.35765283026735,-0.154127374402177,-0.384027517905933,-0.286236030274782,-0.502832181675508,0.335469654052561,0.13794919892785,0.864699874533156,0.38335033771082,0.280833550139589,0.317159916966404,0.467781898997443,0.242623755680764,0.461922151857637,0.087663876756299,0.213864600560252
"LOC_Os04g51350","brown",0.558279897352465,-0.227583926020602,-0.830743503398494,-0.701906125762311,-0.463186947437164,-0.756235631779104,0.171534631145776,0.265098789690556,0.0971827109584364,-0.0543433624755957,-0.17637259234019,-0.0788594217054857,0.544820555676087,0.92506302107321,0.584817812598794,0.659745733885733,-0.183742780190461,0.196031382667699,-0.286761498164778,-0.313048174652283,0.543702470606601,0.103747897720879,-0.0265491375790503
"LOC_Os08g32520","black",0.557872692959789,0.113432374213783,-0.588344518504985,-0.0789083655455513,-0.044222957903652,-0.567400672044549,0.13595342102648,0.0791035593531702,-0.0573331295439529,-0.533379222150071,-0.545176474375632,-0.504811617823978,-0.214690145035184,0.507124922131099,0.374831354068586,0.429739683280782,-0.020369635610304,0.401413214193262,0.362837731277557,0.417171037404641,0.813800411615291,0.585248495187576,-0.684769379579282
"LOC_Os05g04830","brown",0.557710544920964,-0.245653614522865,-0.863488185812195,-0.455166289992774,-0.206877788403762,-0.652614279814654,0.332142557229406,0.332795656810105,-0.0855592644611932,-0.227319507529754,-0.344328450909779,-0.0828464206126321,0.336544427855779,0.866107289394154,0.4093778779939,0.58865681092414,-0.288367105267077,0.165665469771027,-0.12464782750702,-0.131547651151659,0.689824278457153,0.383954737454214,-0.329312421477262
"LOC_Os03g42480","blue",0.557438399584975,-0.253947990838561,0.0551132241038993,-0.525724719484462,-0.684170286127707,-0.68390169782186,-0.688416000593488,-0.376532526835508,-0.0442232706874762,-0.279064416205842,-0.235946713033546,-0.478037610624206,0.36262654091404,0.158829667134978,0.876095877104236,0.452380823207553,0.344965732949232,0.246292041339183,0.401019455637176,0.228945611184937,0.430557149173131,0.116282881998572,0.263605570741326
"LOC_Os09g28100","brown",0.557359330497123,-0.0668077415934854,-0.766405734868239,-0.526529492630427,-0.367023190576812,-0.673145625861501,0.183847751892887,0.205186598061671,-0.104010767636045,-0.0542876154760471,-0.241676247779902,-0.160913555346982,0.361045109905439,0.843492433635034,0.457890837763859,0.651850510435587,-0.0494569619815922,0.264016585241091,-0.212554977588722,-0.193025848410083,0.513417456078833,0.0864546949761481,-0.230561906596768
"LOC_Os04g40530","brown",0.556463786006247,-0.268434788242384,-0.800763559414729,-0.470993026724061,-0.535789284536555,-0.675139876169641,0.247213124150419,0.0170805708604405,0.159163293685183,0.259531688490875,-0.220376602713999,-0.0815577393910288,0.468322581028771,0.885387235851799,0.422158261856685,0.806228312841669,0.0889784404683455,0.171321954286884,-0.443511577192465,-0.209587011834813,0.454244273060803,0.11371453360455,-0.0532904399336836
"LOC_Os03g52130","brown",0.5557129561425,-0.194418640390362,-0.913632786145107,-0.464035241831889,-0.0699563190554067,-0.61692222093547,0.401629141589195,0.505771918456573,-0.132158522900104,-0.323830766196555,-0.473881726933134,-0.0762354629065597,0.28597041089707,0.899021440228304,0.329427020858428,0.464915778202398,-0.421034292864478,0.278473932995379,-0.144343147287052,-0.217629143811353,0.660541024886817,0.331798801789949,-0.462642398522731
"LOC_Os03g55310","blue",0.555198962997382,-0.39241033465647,-0.146310382284529,-0.683777572468437,-0.826965098700867,-0.761643180075991,-0.579605977468464,-0.323376683512485,0.127611629175444,-0.00485477308127637,-0.0701664892668576,-0.254504189188292,0.624304243538163,0.396880806062971,0.881007706997337,0.643758843765021,0.314023385199967,0.121631798940012,0.0636482988331165,-0.0373132084139702,0.320771465306864,-0.106042772244369,0.468567431083184
"LOC_Os06g39330","red",0.555194142650159,-0.262782512766667,-0.349189465603659,-0.259731361984597,-0.686658385466585,-0.648541843756851,-0.166223087852374,-0.452537631261017,0.0760766239367713,0.218516178185678,-0.161992804991726,-0.304764436232115,0.318103261368685,0.494449825734769,0.594059946044692,0.868988306478653,0.465996400904702,0.0274790567187004,-0.0274955486321735,0.228481337986504,0.479783391623075,0.286807960322953,0.102625127430946
"LOC_Os04g49160","midnightblue",-0.555091116005329,0.810886627119412,0.18571538299935,0.350245748334713,0.651607889457192,0.615958671808186,0.402711522166035,0.356483824549222,0.0584485129923329,-0.0755211958989493,0.371846925055221,0.31121605999524,-0.390672737862357,-0.36564995773908,-0.567988551485107,-0.549864098075489,-0.362323433701164,-0.304268864964048,5.97970651330243e-06,-0.105023837916946,-0.364279171314622,-0.0210002992909521,-0.14852126012242
"LOC_Os07g09330","blue",0.554693142036617,-0.230295022002302,-0.072509783726042,-0.643229411271927,-0.784873197610016,-0.738524277351065,-0.61310548137608,-0.337029748560082,0.0297994302605248,-0.102333860741333,-0.121790346916128,-0.391240878360424,0.517582747659695,0.320244631686197,0.898997007790615,0.580292041704775,0.334961627298457,0.201234914867381,0.193077051917531,0.0530515570423182,0.362749763520422,-0.0440719550122311,0.381616974044227
"LOC_Os02g01350","blue",0.554484830714115,-0.17479522496174,0.140507352563978,-0.44082737543901,-0.631093893427198,-0.657241540614638,-0.761088018159758,-0.426123151608305,-0.0815188033220617,-0.417307939567002,-0.325576240176725,-0.607915993153199,0.221489057173694,0.0526483435184392,0.873735204060008,0.372207292937295,0.363963172862617,0.337281526276778,0.556421910620936,0.364694770567705,0.460002524257607,0.181035153722781,0.16024171091901
"LOC_Os04g55690","brown",0.554438335859408,-0.197723605125563,-0.872116220931161,-0.595882837766302,-0.378744027769694,-0.738932075778918,0.22700913334437,0.253599661272352,-0.0222471422034012,-0.103775052914268,-0.211549593792802,-0.100248285517062,0.408650735454795,0.933288032447513,0.510853819528383,0.693103566839233,-0.162561175557768,0.186620240099658,-0.236354814292196,-0.24163271500284,0.603033580359889,0.127947044696994,-0.156745974982918
"LOC_Os01g05080","brown",0.554244267287506,-0.253921648604057,-0.833584112278073,-0.78738555358631,-0.379814825006337,-0.71336289682144,0.217067630699934,0.432269791475078,0.0682497792646281,-0.120164796506315,-0.317838769441478,-0.0536751641568709,0.625030050283884,0.929784319106304,0.534686455133281,0.513038975456065,-0.337158697808681,0.303837684242635,-0.292412841325895,-0.421844227489128,0.513812047582202,0.0954503846106079,-0.0819748168604377
"LOC_Os02g51060","green",-0.554182542560846,0.357723066348103,-0.295825419359718,0.201315825548037,0.446240948410799,0.504450740194015,0.835998140383514,0.441218494109899,0.207516017753171,0.437966992067635,0.385886383367246,0.56039656702447,-0.0997630131490908,0.107512533589502,-0.657175423523062,-0.287631080097223,-0.418220127487406,-0.342550727252529,-0.632578102298715,-0.441339693320564,-0.34471288315172,-0.094008906662493,-0.0352512979190586
"LOC_Os05g11910","green",-0.553557584116163,0.27928299694376,-0.335273073464634,0.132173879286255,0.420021995518577,0.45113832927537,0.810434674032166,0.458361298832828,0.270034386973851,0.480023826144522,0.463178114126722,0.611540088202765,-0.000319594554012211,0.175476501759556,-0.606178141625987,-0.157449850185538,-0.375196534331034,-0.413895903115836,-0.700283191023379,-0.525109384381379,-0.388199113388884,-0.215682067855448,0.0210542041597069
"LOC_Os09g26570","red",0.553407013691053,-0.33223049506247,-0.372148553034571,-0.316933045734535,-0.722901953447415,-0.687679247713282,-0.241330703884977,-0.447330436276461,0.096573366708643,0.232943049806415,0.00538230376949519,-0.219149462255189,0.371184163805804,0.534159180548261,0.621170465748257,0.919113603642825,0.465801375863824,-0.021595580052698,-0.104652844369286,0.11500067676375,0.406367807229737,0.0818251918678908,0.221157004584442
"LOC_Os01g57420","brown",0.553070207236433,-0.236428530424106,-0.84633366825821,-0.725203916305796,-0.378517984270792,-0.658502642621344,0.278565654933104,0.390398584494523,-0.0168846290987428,-0.00734086974434734,-0.219391081852635,0.0647205947863775,0.623596738854424,0.92894480267368,0.438435281680376,0.566763631636032,-0.31808514330581,0.167573226836858,-0.372098509438179,-0.43719829607044,0.481426914168677,0.0880528588328543,-0.0394880507941954
"LOC_Os03g16010","tan",-0.551720623652959,-0.209061751515783,-0.164416632225278,-0.145168329304184,0.272081535223531,0.403923683301544,0.551918077887783,0.452417347872693,0.0772691798626216,0.454196059955764,0.566062050015991,0.844637189019566,0.357654396867245,0.11348656775367,-0.449740237673565,-0.2063898091794,-0.509374917688621,-0.626940058628946,-0.638270866541015,-0.709791440128296,-0.47363061134701,-0.352059940716684,0.410336424828348
"LOC_Os02g44680","red",0.551678292344462,-0.230172274821033,-0.503593180161603,-0.313617703768495,-0.612470375141045,-0.747802145782715,-0.15285985196103,-0.283959879519258,0.165373429795803,-0.0108363142178951,-0.131557178052091,-0.306127835892235,0.239297047232798,0.606692810945231,0.659313361634082,0.841048050833806,0.320218669630259,0.104801020718804,0.00467110659652336,0.196562141734126,0.546288393455405,0.215996617996665,0.0122468854252242
"LOC_Os07g44730","blue",0.551480179597514,-0.163629839374926,0.188086080995819,-0.357638679521019,-0.654360603078559,-0.64245645792207,-0.796917402961831,-0.52554952462017,-0.0407697606770506,-0.36693775794048,-0.262278447391963,-0.616723084147237,0.159763343239296,0.0125356084358789,0.851187794086684,0.408765029851408,0.478377399882327,0.317783071559983,0.564521689503169,0.450717335737093,0.447206854617533,0.187398229848669,0.20832054885424
"LOC_Os08g05480","lightcyan",0.551017233722545,-0.0659051883669657,-0.0215835499070733,0.141973822264003,-0.349204302499493,-0.547941910606746,-0.44286373706316,-0.559700446304881,-0.0512615465493874,-0.467837801282622,-0.378661546688671,-0.702237345480904,-0.286210739658635,0.0583975079418886,0.580340452367951,0.515550870597149,0.476036419138106,0.250847985183062,0.663765392848251,0.80602060268441,0.705012194388784,0.667176642632346,-0.291588124171229
"LOC_Os07g23810","brown",0.550988595687559,-0.243626938609074,-0.86214413028126,-0.679998705064044,-0.363768252270996,-0.6874905004561,0.263288566010508,0.362522171933929,0.03832931554667,-0.0661138651022775,-0.280901378026716,-0.073714509412249,0.523120672408208,0.934250190667872,0.457421073913256,0.553414475800055,-0.265347698752853,0.30223710417178,-0.319817060000096,-0.375883009585794,0.528551815131042,0.0754937303271493,-0.131003598029516
"LOC_Os05g48422","blue",0.550980020311847,0.0552211521678442,-0.0807641192366008,-0.401094297752181,-0.537953128716897,-0.684756545559409,-0.528579238664365,-0.30926492185384,-0.0109039980269825,-0.45782088832686,-0.303619864914737,-0.623821383393433,0.0926108492236587,0.215794069567216,0.825983047772129,0.458095973749924,0.306454579616186,0.338272870790176,0.510319309374539,0.393053318974916,0.578894893960733,0.323792573395175,-0.016150959869516
"LOC_Os03g16440","blue",0.55052961576251,-0.240829760942125,-0.221570641506164,-0.737806797151562,-0.566190242522844,-0.748129637542901,-0.497407176744408,-0.00784970653520326,-0.0231833015278258,-0.369812641794197,-0.175905869386599,-0.299773727374935,0.518627250668305,0.428389444040149,0.875551269911814,0.474061489577855,0.0328547539808164,0.225689330190381,0.246591637337301,-0.0679097356434179,0.441045027483141,-0.03142173942231,0.235232136036555
"LOC_Os03g60400","blue",0.550342573703562,-0.312298211239458,-0.150328217560055,-0.788622967218412,-0.749706886825661,-0.724200287302683,-0.510249100251372,-0.156007331181847,0.015131273244999,-0.116359193721371,-0.161700941642868,-0.261186892014483,0.678733982638658,0.395694737081555,0.87193926608551,0.497462160072466,0.140046227881073,0.18509131505606,0.0813426693503343,-0.135357094109112,0.355223461930855,-0.0301842185743135,0.441692189849333
"LOC_Os02g52420","brown",0.549743776310003,-0.0178279658598802,-0.8016644321843,-0.454910191987744,-0.269368119857,-0.690288562965327,0.211512935796961,0.226447802472978,-0.00722191901483859,-0.247558372634338,-0.390222071709884,-0.373926575959402,0.163778979334811,0.826490933793485,0.467065905407102,0.553177375398898,-0.0635504225144246,0.49147349972574,-0.0940201044301171,-0.0747379039476834,0.63978298349884,0.179604880526362,-0.426124467641098
"LOC_Os06g43760","blue",0.549730832245627,-0.161915378658836,-0.164224035086281,-0.540056738515975,-0.603563679952608,-0.751943108698695,-0.536289168165726,-0.259303439747464,0.0260602997317876,-0.381909868680568,-0.210760048836262,-0.498561549678917,0.244816862674334,0.325853640732035,0.873772188612693,0.534243994598913,0.261587472288611,0.285727682125034,0.395939110367737,0.224764251523048,0.553217391298871,0.121130252779003,0.115239404564595
"LOC_Os03g25260","blue",0.549660917197465,-0.150108656698803,0.162767486946244,-0.339966650274573,-0.61960140856998,-0.610105423505626,-0.747038697820626,-0.483870395461322,-0.116525190105919,-0.292163433769765,-0.1311915807204,-0.475216067754817,0.248692841390067,0.0494264791635871,0.811185244789374,0.480541315311392,0.440798580828188,0.165287140770397,0.480332236242164,0.326166696772757,0.393664589630933,0.0940520914481034,0.273447496064216
"LOC_Os01g22630","blue",0.548900984340663,-0.154592848147892,-0.0183593487276282,-0.498737507991642,-0.656748941061263,-0.682623813284083,-0.634867266240873,-0.352294387819657,0.0788365141984182,-0.26489539409867,-0.103880811322555,-0.437841438459009,0.321952218122284,0.213078212717366,0.847600104110848,0.51510472576179,0.29249041146699,0.162742157836947,0.377436872243037,0.202879717672732,0.445767827124458,0.1138663376852,0.300723335102081
"LOC_Os08g44320","brown",0.548327162868512,-0.135720953046252,-0.859899079922411,-0.540903296282883,-0.415555592983546,-0.686983588595751,0.282522879162745,0.193428698891615,0.079382684915882,0.0851449279099134,-0.279205885238469,-0.158739847379978,0.401687415174476,0.930084817543926,0.425059223681582,0.702759390249894,-0.0128546840391563,0.329677067812829,-0.381013817399932,-0.26150377976571,0.484861239465056,0.0366859909008309,-0.216630193571891
"LOC_Os06g35160","red",0.548054289175721,-0.277135665580448,-0.653592065637468,-0.135155118935612,-0.432020723560905,-0.634033867817668,0.160201047051304,-0.219562161730974,-0.0437592885361891,0.0655757119301398,-0.258658906059712,-0.218533388430895,0.11740812097202,0.69005785486918,0.411007211210294,0.835892053760467,0.244579087876363,0.0570325947787221,-0.106321842261487,0.19551349181996,0.623119971156225,0.411397797063244,-0.2122359920618
"LOC_Os09g07120","blue",0.547593231344572,-0.34194138700393,0.115042954406473,-0.545786933288041,-0.65087359067666,-0.644241436282323,-0.757934096799907,-0.365778824930636,-0.129619616558039,-0.377243236277247,-0.24967064343141,-0.47754982498696,0.32620492236421,0.0891936111630171,0.839132923058261,0.336110936984673,0.281983592693101,0.315241380791149,0.454274797952719,0.215263492943331,0.40959925481267,0.0557445566129951,0.269615387686428
"LOC_Os09g38030","brown",0.547580437069372,-0.28348493872891,-0.659628743622452,-0.596131256807099,-0.597299008798878,-0.666233463618571,0.0708094748065128,0.0068854471026599,0.0817420255294097,0.232408606628361,-0.273277963028363,-0.200308698740232,0.511530151543761,0.80873107497538,0.464671758874824,0.677184178857933,0.157292161012154,0.401918975385092,-0.425477591619819,-0.296297795855463,0.341247541041246,-0.12454086209026,0.00611672491230862
"LOC_Os06g51220","brown",0.5471843061039,-0.382673578170601,-0.790719181071823,-0.462263612189916,-0.402219252573763,-0.609440800484572,0.29285055808528,0.136014535284247,0.0174065784192238,0.145264668183479,-0.335911823230364,-0.0273991874587235,0.475964434446122,0.844363105286887,0.333765442978244,0.626226030666803,-0.102206610917012,0.171507492618878,-0.398112010788324,-0.250533648708996,0.520582474655187,0.214549904878104,-0.0858294386211881
"LOC_Os04g46620","blue",0.54709614127674,-0.149310681566557,0.229117332475643,-0.310841365550002,-0.583365349125232,-0.594576170531363,-0.779118726961285,-0.504934830400798,-0.154984305184723,-0.418779878305789,-0.358480998673611,-0.629798683314962,0.147818979688709,-0.0345387023710688,0.813566027183674,0.365307834930449,0.42367839577639,0.292051799439286,0.634667417872493,0.469527295036068,0.461929474436542,0.271293664857379,0.1262857840401
"LOC_Os01g54920","brown",0.546977286550069,-0.142578456677966,-0.881847865778825,-0.350436903639513,-0.140954438953221,-0.55117302138427,0.444825527889199,0.33714407365597,-0.0861340727939726,-0.138496787073877,-0.552593955081778,-0.178996470241267,0.197916981827529,0.852692134800066,0.2147477908321,0.438149228812065,-0.255467447154612,0.39802205822021,-0.25829288250159,-0.146928351525966,0.597995348292508,0.364991440098755,-0.504481862476231
"LOC_Os04g39220","blue",0.546558977507422,-0.119452392136394,0.129493000370783,-0.38172923726658,-0.625952794677795,-0.674615579770667,-0.785430575546364,-0.486901410768639,-0.107278226390521,-0.431444592831775,-0.210773058104236,-0.626934453274521,0.133393062988085,0.0578650237987885,0.877455975151252,0.442812364440002,0.439677850771285,0.308489075772917,0.60187998225671,0.426876264620087,0.498134436999731,0.135052939314103,0.148049498229113
"LOC_Os02g50010","brown",0.54553950846744,-0.24953462061194,-0.676847438193066,-0.72303301441623,-0.537058592388101,-0.701730023478633,0.0379734390266657,0.194705812758907,0.109808642015116,0.0331556838466597,-0.28047570594458,-0.139373692723524,0.538224824467024,0.820821849094936,0.548383320590246,0.581746704633544,-0.0293412751149938,0.391324502759205,-0.336996972036718,-0.349956604500244,0.37419365241704,-0.108470574539785,0.0342192710982975
"LOC_Os03g02690","brown",0.544863156578527,-0.249908317050289,-0.785085238046043,-0.52970165134397,-0.152132601312431,-0.677781858337393,0.190271944406028,0.414824470568646,-0.177946749947857,-0.356752895978599,-0.240436611700508,-0.0437803066573879,0.363704786747287,0.834302661066006,0.500579375758749,0.581515074710671,-0.320340847163234,0.111517290138437,-0.00387454842564789,-0.188056991962551,0.645291238301664,0.200839158912723,-0.274076525768276
"LOC_Os08g27824","blue",0.543703490260828,-0.210807529783386,-0.00503596594177224,-0.570800264678989,-0.636270050995737,-0.666857297608065,-0.641807845794942,-0.288083408723326,-0.157454914827222,-0.339261778704438,-0.195518074546186,-0.427276290638617,0.354781362591809,0.196135713208126,0.825354180939582,0.384542184969219,0.225260334240743,0.288151274331718,0.359401706851914,0.141488240999808,0.418139570573365,0.0017388364597804,0.22173661957565
"LOC_Os09g25410","brown",0.543683790075145,-0.275148085127746,-0.794828366007357,-0.540661477506985,-0.131294896223314,-0.567416591486327,0.303676983012247,0.475692962264017,-0.0345162455012866,-0.23545116123981,-0.336908899441114,0.00496654694734774,0.40869396922592,0.821699695081358,0.322691682486244,0.424260945777044,-0.409554707703395,0.205969960783129,-0.185956744992006,-0.309758760088576,0.570371452163535,0.257556055218645,-0.22088260491496
"LOC_Os01g29830","brown",0.542425527025154,-0.37882400132671,-0.784172078187992,-0.746126363852077,-0.464714510633427,-0.660096787107624,0.185909082148879,0.317769810175028,-0.0481886635193658,0.0523501068508016,-0.27339120802361,0.0529061165671225,0.648462534667667,0.887803200485762,0.447337732745464,0.516137627576563,-0.273867916708117,0.223733160927535,-0.425867508141455,-0.472385490081183,0.405583134307731,-0.0296902903602676,0.0401028379882701
"LOC_Os09g38400","blue",0.542021555257253,-0.176177163986746,0.211267886431823,-0.482974240797176,-0.631194607145766,-0.57208100210327,-0.746112001288615,-0.385667525344768,-0.046345847795098,-0.298997101313601,-0.262100820025826,-0.457644769310653,0.394230689796603,0.00713499217587707,0.804602877544631,0.295892100822809,0.288185007791115,0.225031190428586,0.458193366590172,0.234177814571989,0.348033471241424,0.170180006112864,0.321287811251561
"LOC_Os07g19030","blue",0.54188315069839,-0.438469552976971,0.0982399717064954,-0.509342005259956,-0.652563414513428,-0.646104836310901,-0.750638202750241,-0.365424367594905,-0.158717150171057,-0.282620856470846,-0.248524563137751,-0.358202731662401,0.394780340169299,0.116656466486891,0.819829528118947,0.388333106780383,0.26506621457186,0.166031610484081,0.384622254509575,0.177730704599926,0.369758394959959,0.00628816519941983,0.320505332914533
"LOC_Os09g21110","blue",0.541538109014646,-0.143723258212343,-0.105717949710884,-0.632007363838954,-0.636155676857363,-0.715726786220063,-0.556911541001724,-0.218426117600637,0.0501335930402736,-0.383398934618476,-0.199228733619494,-0.48747662292413,0.327703926931549,0.290330627878181,0.874443647770162,0.430566671659835,0.1873046694823,0.318677302818818,0.355716389177102,0.135662753774303,0.48643237111546,0.131304622601098,0.213638485210396
"LOC_Os06g43850","brown",0.541500871387674,-0.19398092597603,-0.751673650721951,-0.553411496852003,-0.45393656507488,-0.655604273995593,0.172772912427384,0.142329813279948,0.106773335444626,0.0797582751210859,-0.397576085116844,-0.255961902877197,0.393100080018541,0.831658582120879,0.414770323426291,0.549088880883218,0.00533136265677113,0.493266569753154,-0.378363087834507,-0.268455228884133,0.423106803675838,-0.0382328133354885,-0.193200253010241
"LOC_Os02g53420","blue",0.540859255893639,-0.17894829305914,0.100658949923735,-0.304654456367834,-0.757721627796291,-0.660257730548591,-0.713265198424435,-0.640184802349507,0.0404619666942222,-0.0867642418600403,-0.158121601717493,-0.639288609831015,0.156841144942432,0.120664232658181,0.819306496981831,0.651707692549042,0.70617698016902,0.31162652226621,0.373355919470899,0.41366370841547,0.383256946962444,0.0476748107187078,0.199892413731285
"LOC_Os01g37510","brown",0.540847678741476,-0.373530845432709,-0.669552268197163,-0.75667590344651,-0.509009432086045,-0.760838718087626,-0.01797721648967,0.203960109916548,0.00886475175552367,-0.130099335148672,-0.106483674800951,0.0119964254567362,0.643952310611173,0.804984011518378,0.674957618526117,0.634413762723088,-0.213840324882295,0.0218999596605164,-0.165594444005407,-0.317166684295942,0.498339008516528,0.0899454903177156,0.178090801409143
"LOC_Os03g51930","brown",0.540757000686953,-0.305394311813224,-0.651188452368228,-0.689186574924452,-0.648052328505376,-0.693720524033682,0.0618384469808945,0.0215472669202257,0.169033606602747,0.198442376189874,-0.371404608379367,-0.262779859494945,0.533009501557155,0.800102268060087,0.524281605273814,0.617024980927494,0.139039527643843,0.497847900070902,-0.403658470244436,-0.279919498756042,0.382198413929083,-0.0410054151012982,0.0196075988876107
"LOC_Os01g63250","red",0.539677388472089,-0.37831345267753,-0.369611029234209,-0.336795102723198,-0.7262803917747,-0.689781181279304,-0.227555621228007,-0.431416009767219,0.0989560176715903,0.183727236526232,-0.0958976195745965,-0.246452472899384,0.406647783197449,0.522967317607305,0.640962707684491,0.854383401083203,0.402140347195512,0.0166605071982494,-0.0998743835821686,0.124147611606163,0.459770871462621,0.166120885079427,0.241513570014457
"LOC_Os08g44250","brown",0.539211993082201,-0.309494017070772,-0.72285949306636,-0.684346316945458,-0.495784058042472,-0.680792635711005,0.15246249541948,0.187390748623466,0.0721505796663967,0.0219700467334435,-0.241247619627683,-0.027100840705638,0.590177085677679,0.816429659862509,0.518291627922499,0.550883012283622,-0.170797720411927,0.173441399385949,-0.32838867216303,-0.317820679477448,0.514853036943355,0.179507611541023,0.106436014230288
"LOC_Os07g48820","lightgreen",-0.538822369511122,0.400181891277914,0.21076113658082,0.477237740815056,0.877249990655867,0.612843051559972,0.333589037920323,0.487915673575185,-0.167850547065626,-0.373442933085247,0.287998492373576,0.419994661575485,-0.484694658554971,-0.421800948213114,-0.571163250102639,-0.618091575777583,-0.551843717773706,-0.45523850957701,0.26695809873078,0.0155115163111288,-0.210734281269177,0.103094956798674,-0.251568661674677
"LOC_Os06g17410","brown",0.537801520911425,-0.150005535195046,-0.881086199470217,-0.400114585097454,-0.357794854460685,-0.601250252587383,0.381599024381702,0.188134096921863,0.0948127457065412,0.163696622041195,-0.238913009596849,-0.00898877147766126,0.367032715596749,0.900036982437747,0.289186987569475,0.68913672572126,-0.0971264950558756,0.122195965901829,-0.448198526093568,-0.242050810814723,0.472513002233151,0.177577972603369,-0.19203599428874
"LOC_Os06g20354","blue",0.537444253241055,-0.198277676347353,0.134440774057365,-0.287736847487445,-0.655311116325954,-0.632733117801728,-0.715891433842334,-0.587582580982396,-0.153228560139178,-0.291318429842673,-0.302394712062549,-0.614775565532916,0.109756130294946,0.0407721796918759,0.80231034963685,0.499989898499059,0.526270350124645,0.273629215404994,0.538323404713271,0.481774201364184,0.484024826162744,0.209567789856401,0.108807504597224
"LOC_Os04g53540","black",0.537318657695148,0.208926956322604,-0.656017236763989,-0.161516787823618,-0.11346944077702,-0.588632880433797,0.191879484611244,0.0941732422276093,-0.129454232823869,-0.453556325890997,-0.325620553263673,-0.34975934916211,-0.103982702778228,0.58879976098336,0.423968765394706,0.520560759512661,-0.108740269422869,0.158614927899974,0.24101657366745,0.287358084837091,0.81135618622849,0.568236385014563,-0.492327560454837
"LOC_Os08g43230","brown",0.536916124153002,-0.186008862351267,-0.898586858446339,-0.406182293080317,-0.288937709014189,-0.632720139893317,0.355283610434248,0.232113609383687,0.078204722903797,0.0122472622862576,-0.383420648414956,-0.190154864277734,0.255469243749177,0.912019786962183,0.310576516327649,0.616335373408471,-0.0787192895657231,0.39977889055268,-0.355924952425106,-0.186375302761869,0.538827861689795,0.135443770016716,-0.372700178054787
"LOC_Os04g57540","yellow",-0.536822301155169,0.10555234559681,0.893610509871791,0.573649455259741,0.216054608446549,0.61330249860517,-0.383092545300416,-0.457849351219576,-0.0256067418609969,0.0851134099727822,0.303554540285921,-0.0392121342374424,-0.468845206261483,-0.91012289624168,-0.355909736063084,-0.529644594411418,0.367445214758502,-0.152213926311689,0.324682563446351,0.358282135189164,-0.519196200191276,-0.165009559606241,0.228854761172887
"LOC_Os09g28860","brown",0.536725503896105,-0.209108308575674,-0.820969718505798,-0.67549397336962,-0.415710321128644,-0.66312907390939,0.261588096389795,0.323516140935118,0.240369176062203,0.0566393268738473,-0.30323415115256,-0.0324618563447699,0.578395872535795,0.903111043699931,0.451209867672858,0.554534157741159,-0.223969495196327,0.266179004980414,-0.379306605959757,-0.359834907309641,0.462284846317867,0.123908249711074,-0.038340048050889
"LOC_Os03g55110","brown",0.536531645434202,-0.269844285813124,-0.825355479020971,-0.692711953826421,-0.291092252678367,-0.693102113300552,0.20595488691251,0.439547054452877,-0.0669639336278367,-0.25323259587295,-0.377069771214123,-0.087449795220136,0.468982716238389,0.883741519231483,0.498373864069239,0.440360871013864,-0.368596553123965,0.331603023920898,-0.198597312064778,-0.335036205551798,0.551818740080652,0.101593414339237,-0.208552739316709
"LOC_Os03g42799","blue",0.535649348704244,-0.134505635594032,0.135428371447689,-0.501423386084479,-0.741498972828363,-0.614647535373479,-0.731744472283537,-0.438826774507203,0.0240127809917768,-0.156981257765236,-0.217258079960812,-0.488256772534705,0.387410380511132,0.0949221477638581,0.817248441813362,0.39823874295846,0.41435899416628,0.332002766219938,0.29065803761036,0.172884066216512,0.253026323825707,-0.0460187434939754,0.312181608443282
"LOC_Os03g18370","brown",0.535374605884174,-0.0664677037660754,-0.865197357334753,-0.38535371135476,-0.172647517399894,-0.536977753622151,0.474488382935295,0.348921370931698,0.0482217397680922,-0.0953102922855675,-0.536920645758741,-0.184999298466762,0.253711334422128,0.83658424951949,0.228967277676496,0.412455010745931,-0.282274715729411,0.388790329913293,-0.263031886422093,-0.152645702985367,0.624107621233387,0.455854833090772,-0.416970532630326
"LOC_Os03g60780","red",0.535189659351245,-0.112355475462134,-0.282343905720375,-0.304187274327321,-0.698228798662935,-0.706809767662872,-0.313950313866698,-0.479336586216293,0.0124341178651823,0.00268624676202894,-0.138361342592553,-0.457897291350527,0.186110515495135,0.423429688916342,0.716339826914284,0.80864623602454,0.511144644044146,0.137703337611365,0.142671146327721,0.308802033675334,0.525040746009535,0.188624388961382,0.0741683232696699
"LOC_Os05g10630","blue",0.535002436772774,-0.280600667944512,-0.092755966154406,-0.645208257910436,-0.815728401317772,-0.694529171392805,-0.530296386511301,-0.35411681297977,0.147593924714128,0.00475062756603868,-0.21977728418036,-0.371051080513328,0.531899888903732,0.321135883796863,0.826995050926234,0.53560328669034,0.348720717497493,0.255932702527552,0.0669782306106765,0.018647903607871,0.332757048463891,-0.0064843427945313,0.394974617870999
"LOC_Os02g27960","blue",0.53469703659658,-0.266054897376756,0.147934339033831,-0.372350053133517,-0.790417852985008,-0.649423401171537,-0.770021292987461,-0.628072557516714,-0.105085660446423,-0.121819715770847,-0.191486006426002,-0.520742883070108,0.284448129978414,0.0677795080100481,0.832939004024396,0.529204342854121,0.548505336547763,0.202664145069395,0.367408199025852,0.34527362669769,0.358952996868435,0.0674529057710216,0.310875776249117
"LOC_Os07g36490","blue",0.533466072839889,-0.225916700148562,0.111043539940837,-0.481212751087785,-0.721562092742476,-0.671033995006422,-0.750737845292943,-0.456479594520506,-0.00402266759092082,-0.195078019677414,-0.152220595528397,-0.455219950795294,0.387673475700209,0.124809597240814,0.882617876947802,0.497352248370441,0.411402200348481,0.18120900111396,0.388807682201543,0.247406323891096,0.375003971049564,0.0397793480650389,0.347513627728593
"LOC_Os03g48850","blue",0.532938801213776,-0.0543036516116446,0.0861984760168946,-0.320340273308291,-0.472787304909533,-0.627854317348295,-0.67406825072287,-0.360357190013481,-0.109961381672504,-0.534223505673094,-0.287344248572798,-0.630280264333502,0.0294997219886369,0.0555547825696469,0.810974521700857,0.376652060666824,0.333673727135082,0.312767434268847,0.66714168167393,0.453888624141617,0.553654053765864,0.236236105642115,-0.00426410942303446
"LOC_Os01g42280","brown",0.531781048776936,-0.222258654297331,-0.78526134889429,-0.697964072075983,-0.442696944303978,-0.71228547539673,0.130490719540478,0.279762949839937,0.125560155203726,-0.0141869774927388,-0.0660959434402457,0.0175597849755082,0.559666947029881,0.881257153642041,0.540745480298356,0.657117380306385,-0.187379318199181,0.0927640430680469,-0.310729191676342,-0.374484322780975,0.437267772491722,-0.0367400565049822,0.040935482981117
"LOC_Os08g44530","blue",0.531722721891931,-0.230106550326256,-0.0311888425179244,-0.62314766596562,-0.626299939380009,-0.676081885541515,-0.59850050623062,-0.197063319784821,-0.0462101261802182,-0.262260201356888,-0.130133644565608,-0.275315813747724,0.526622860465444,0.253764346023652,0.870219786356823,0.456521359844344,0.138910861472804,0.0783861906963088,0.311869859282326,0.036767289555649,0.401179768775589,0.0546486535654483,0.385137454049058
"LOC_Os01g66980","brown",0.531215173070138,-0.0977752034821193,-0.912187717088283,-0.388343851564555,-0.0761090301552202,-0.632859870870154,0.379021992468006,0.417728197911374,-0.133849979969903,-0.336636624590576,-0.367181709203414,-0.141280316649344,0.155461008904427,0.88505524838377,0.349680742816448,0.526870825071577,-0.312965478289551,0.264463735374552,-0.0900378608867017,-0.120582973869477,0.70048146375275,0.326790197042956,-0.48078475983484
"LOC_Os03g16050","brown",0.530632185771107,-0.195436104820096,-0.837712493165491,-0.341872141122272,-0.268796393865731,-0.591914216890838,0.354463033168941,0.209130454413443,0.0198939624294101,0.0914329465639817,-0.257315675366916,-0.0152877147792265,0.344458139599162,0.873474200092786,0.305826112126391,0.729736882716203,-0.0723305526136274,0.0900788391789069,-0.340270915757562,-0.19499205423996,0.482405357526548,0.178501046462926,-0.267044383546489
"LOC_Os03g05220","blue",0.530332036923476,-0.0769987193095996,0.100006906223031,-0.302441491984445,-0.534397050997072,-0.621261844187057,-0.700890492120405,-0.417088273167801,-0.10085324280567,-0.409097394752101,-0.174746839227795,-0.54626311239214,0.107835968524559,0.0633653239432102,0.813769103140963,0.423735904948533,0.346494460813387,0.214385343924297,0.575886566280352,0.418878490507415,0.470038346897349,0.157467428497792,0.119277761379312
"LOC_Os03g60820","lightgreen",-0.52943466698984,0.264693574336023,-0.078515048913603,0.326353638133857,0.817318906717092,0.607301405634541,0.616411860501619,0.634255620995395,-0.0312555618792383,-0.0826158928564044,0.197105789144016,0.456631710024532,-0.349225288321611,-0.123828875612004,-0.741271028793765,-0.582001925184116,-0.578166971254788,-0.202432925578425,-0.209332555712232,-0.321083465296127,-0.364096383573236,-0.137101075484126,-0.334223754607548
"LOC_Os01g66000","brown",0.52892067173633,-0.221154629614646,-0.836191352744735,-0.515573986308883,-0.398897371208808,-0.671672018291365,0.255146050050923,0.205240757703859,0.0230690352392294,0.103194461781726,-0.128986584381375,0.0416595695535322,0.494294141814031,0.910928152934823,0.431504952128276,0.750982804540567,-0.0985261226043867,0.0594639192296697,-0.385079357448882,-0.300646493124349,0.47068207880198,0.0438898705872663,-0.0641571584167403
"LOC_Os03g44520","blue",0.528593842078651,-0.210820282576866,0.0216078385864662,-0.489902301716447,-0.786362982193462,-0.68328478345035,-0.660251972845939,-0.496108269680156,0.0204333984777358,-0.0913734170814231,-0.101277121830935,-0.426568602753353,0.386116892600842,0.204190439212576,0.850350476915538,0.585023345020792,0.468951596276636,0.190888708325187,0.243812018780409,0.188661554622581,0.345308961897331,0.0182469153989972,0.373287581619829
"LOC_Os04g57590","brown",0.528272782983129,-0.482904116726999,-0.65244214264614,-0.725425382311615,-0.528755003589226,-0.666155725495463,0.0480319503995075,0.209246151554573,0.0139457092554062,0.14027241463918,-0.158133669912961,0.118186178775677,0.740625243549524,0.819754219051516,0.529718693394804,0.646779059993469,-0.151531680026713,0.0327652948478698,-0.394760486281935,-0.456840392503218,0.316568615760875,-0.0732015952882192,0.204678992162907
"LOC_Os04g40740","blue",0.528272655129077,-0.195596954624654,-0.0576631956184443,-0.49937154905482,-0.494996532496547,-0.677380557886788,-0.575616747993731,-0.220029762154762,-0.193422387850441,-0.541520525336993,-0.247421804496407,-0.458724951391917,0.233402102851391,0.206521009126235,0.832736501511983,0.362745980036602,0.115792461074481,0.224844506287953,0.533578677239037,0.261503635752005,0.594597173196024,0.251089829092651,0.113644307056412
"LOC_Os01g23710","lightgreen",-0.527759010955665,0.258091474188148,0.179159177908073,0.507093607824539,0.856206208716677,0.707638631599231,0.472503315071585,0.490180500958992,-0.208899059542984,-0.132281219988992,0.144925543318696,0.482080656507326,-0.388629100251936,-0.380318910017804,-0.752650160329758,-0.666106386037919,-0.521744170883994,-0.338273689089091,0.0233855186824889,-0.104981065976458,-0.353063885033087,0.0541039652301211,-0.301909431020299
"LOC_Os01g45140","brown",0.527179981399481,-0.138334733192926,-0.844216674233441,-0.481349769896811,-0.435032281089978,-0.65495876325038,0.33053667520411,0.108732489465727,0.0901456463903687,0.0437464635941471,-0.327468537426111,-0.17608021268506,0.336455000303209,0.87214451054787,0.405004238684161,0.627879409051976,-0.0851432425407255,0.268110667032012,-0.34747531854248,-0.159257438187018,0.582832305501266,0.297821827815858,-0.159776890796782
"LOC_Os08g41320","green",-0.526718363124703,0.226406349942068,-0.355104077873855,0.0986060038280799,0.498173334050578,0.496759883456813,0.897274738305424,0.560722833861897,0.161495755286676,0.390569930977843,0.34295381178261,0.702076865304216,0.0536838297277684,0.169519254139608,-0.664937776322753,-0.289916991250529,-0.594815061190156,-0.459293353665952,-0.662513544157068,-0.565938606277404,-0.31822662831049,-0.019433249558534,0.0110729225575687
"LOC_Os05g29990","yellow",-0.526498236298713,0.240603372513745,0.837327002697378,0.539571710137081,0.0967417013293302,0.570460004914404,-0.351499114851831,-0.518949083961837,0.0977634125002288,0.322086771708583,0.555717398932898,0.188781678439706,-0.288734426983742,-0.83272536523619,-0.303929897250169,-0.285979791205099,0.412660645383582,-0.525983577663598,0.160305618140138,0.259968834989957,-0.584669715251077,-0.218825568099767,0.486887369430488
"LOC_Os03g08850","brown",0.526165895404339,-0.184542484965605,-0.817890367478928,-0.37579165326943,-0.375033383615592,-0.595476905181925,0.355213987242869,0.0788212734371527,0.0817793013306314,0.106839504017671,-0.309617265534641,-0.228031021020866,0.272507203773008,0.841652652282434,0.311152229202,0.661614282591387,0.0339165817443033,0.343594778175455,-0.341619191352395,-0.111093080308718,0.542827957071153,0.24890531117299,-0.284545975237999
"LOC_Os06g50450","blue",0.525897992075293,-0.194115829453508,0.0580093977783683,-0.448525963385182,-0.563747963052738,-0.652062245751421,-0.708860539342733,-0.350744582490756,-0.254757396122026,-0.403781640049493,-0.113162760350494,-0.464145793603655,0.216031928465238,0.129949466217095,0.829196099677896,0.456984181775213,0.330424480172544,0.197942090231289,0.500588635937693,0.260562604368426,0.440653238161572,-0.0052275263278814,0.17760651599661
"LOC_Os08g37700","brown",0.525724333881504,-0.270234901268356,-0.75671685588231,-0.766574179435455,-0.438665830619925,-0.735815236217,0.0774229480418153,0.325266816426888,0.0770432185331492,-0.0997962708810118,-0.220322377542652,-0.0751029566152117,0.561301009980933,0.880536567709251,0.588325203967525,0.584272009980882,-0.176569157893417,0.303622018898122,-0.271018656426014,-0.381001205688946,0.43496476524605,-0.0833911189302023,-0.0183131445547096
"LOC_Os05g34460","blue",0.525505803694874,-0.332199331867187,-0.182923415702448,-0.730849898102244,-0.683750633704384,-0.741078129188312,-0.49567517365705,-0.168705853299997,-0.0578504069130565,-0.250479812926499,-0.22174647547126,-0.356905325761324,0.520855645623108,0.390802326180579,0.871690556269641,0.470619268493965,0.137542073944032,0.264689179775672,0.191158731096715,-0.0194260746453491,0.464141719269746,0.0358642428475941,0.300996904914287
"LOC_Os08g03350","yellow",-0.525311135673721,0.0189056692309311,0.861716353178062,0.435006828364767,0.0631239469704588,0.573003754478861,-0.402661851205128,-0.442031479024021,0.102618409818169,0.303895849243103,0.39621095954366,0.147764208475309,-0.18269509344937,-0.831251080831839,-0.298547047375918,-0.456598190121152,0.308460137620633,-0.313547706250288,0.0761559871918382,0.138214752163604,-0.667723195393405,-0.312038863744119,0.495933864224095
"LOC_Os05g51700","brown",0.524896324202271,-0.239670665116279,-0.845473531362746,-0.670968543077334,-0.487273901946742,-0.714393565331556,0.239020677527558,0.230976900472694,0.116401805544816,0.0920466680640872,-0.258001905987323,-0.106922341448786,0.528408075081441,0.940314019674188,0.506015051735473,0.64949037176168,-0.0879828543297534,0.329072121806739,-0.420337851206097,-0.349978420821687,0.468819847201506,0.00184849286037779,-0.0685083578668918
"LOC_Os05g28520","brown",0.524578136772207,-0.0882772253170278,-0.803235513655914,-0.546668366364253,-0.280896228324635,-0.554708605343683,0.382421010548252,0.349057860634792,0.0848513862677487,0.0818009820423724,-0.359170411669973,-0.00231501055141084,0.50902573496718,0.860578583852237,0.297920084993202,0.521512600863497,-0.215363893108725,0.236512470671751,-0.391408311168419,-0.334888213801559,0.467520802997495,0.221144817352953,-0.149369728999971
"LOC_Os01g56460","blue",0.524182729626171,-0.265406500757815,0.240649911338082,-0.468224262570473,-0.669570887840551,-0.584376239904992,-0.822506634444722,-0.438780815453099,-0.0737092659458323,-0.2977285177401,-0.256892630596358,-0.50796873054946,0.324719792211639,-0.0156812496140194,0.807409353337087,0.284082490710325,0.360662295327797,0.322405252967161,0.458012276541354,0.244610849642124,0.327893813927167,0.018649534287931,0.332747781203964
"LOC_Os02g58790","brown",0.524114733980889,-0.180326698125921,-0.898201978556055,-0.458329958326654,-0.233881980916114,-0.659126372825039,0.34990331375172,0.315040758351564,0.00153654858309182,-0.0940661249703537,-0.256019900656013,-0.0682156468329794,0.319785736687122,0.9260451295967,0.393316555966352,0.684279081351409,-0.16946653574419,0.165853353175296,-0.230321485676688,-0.194318252733512,0.580955136392282,0.206159935471239,-0.310319554858326
"LOC_Os06g09610","brown",0.523770043837701,-0.189939471522555,-0.878423723932566,-0.533861962075193,-0.425840126672487,-0.682627731496918,0.314171531609882,0.191409055191021,0.0820413423042259,0.120634630595591,-0.17902149151436,-0.0402710178582598,0.457851082325473,0.946247431251192,0.438659605716596,0.757840348926329,-0.0545754100392927,0.160268995516914,-0.412667620112604,-0.279304413666223,0.484704906849719,0.101603365101939,-0.123035561572494
"LOC_Os09g23399","brown",0.523170613100458,-0.162289029446835,-0.7606153686835,-0.513467794253602,-0.321942740553931,-0.660833916603886,0.205940794597149,0.244307825886676,0.0610264559043207,-0.155197941542721,-0.254764880041233,-0.0992296816951583,0.374409488076001,0.800339258798427,0.487276064900406,0.599633908092822,-0.213501422980783,0.112603992182582,-0.121233314334054,-0.165983614145727,0.580438491211748,0.299367582874121,-0.142987407665945
"LOC_Os08g01220","green",-0.523085704362804,0.125143142277524,-0.388011765655478,0.0874117177549903,0.628718494474064,0.50108251638273,0.893612727792206,0.731127550573881,-0.00265172987143857,0.193399937199924,0.29073994678784,0.759911898394808,0.0169156490722829,0.184155975677077,-0.689883213353764,-0.394035770398224,-0.765388643519634,-0.440719596721004,-0.599822658239868,-0.615672510159886,-0.307843283142383,-0.0647078139990532,-0.0936224092008022
"LOC_Os09g32680","brown",0.52176430301267,-0.169056638839313,-0.756611755334729,-0.641433502264029,-0.304402781424863,-0.659992477971944,0.18733302096921,0.38806739479875,-0.0709674228212416,-0.163449774455915,-0.363717378335822,-0.108189421426503,0.475833496472489,0.840016520003921,0.494773869980722,0.485703492502655,-0.23940793588426,0.361573698951255,-0.220564952821469,-0.323509251701661,0.486609739790899,0.0202727364445317,-0.198251705852367
"LOC_Os02g01340","brown",0.521597011450112,-0.0845476471523549,-0.805783844034086,-0.182925767655903,-0.168111019296489,-0.519204227019,0.388723820087822,0.179936497830991,-0.0477429791193403,0.0322081579574149,-0.363401203160407,-0.126198809952371,0.151254578378628,0.807185476348488,0.196966864223376,0.649686019638569,-0.0225793401966943,0.229744424956773,-0.285977704119728,-0.0704547011249567,0.494677893737973,0.243407430076597,-0.443586548851549
"LOC_Os05g13780","lightgreen",-0.520941744200635,0.308848807443638,-0.103039837270593,0.311525846127883,0.836641515645168,0.628685589479893,0.675738881183532,0.687363448025947,-0.113007601729792,-0.123253550754126,0.0668479060578771,0.450314953313691,-0.337763045644862,-0.133355092533015,-0.783055105422258,-0.712236210792354,-0.666358462816609,-0.0808614154674027,-0.22651801765587,-0.322648831855098,-0.293105160419373,-0.0483254720496837,-0.386657731226127
"LOC_Os02g13630","blue",0.520940992024828,-0.175492318606355,-0.06299670631226,-0.561335951382948,-0.626700219799908,-0.678381461436138,-0.586301900511725,-0.270307099338999,-0.033583454133368,-0.227703463800391,-0.163379132692553,-0.367278603658532,0.423765413603797,0.250568444117686,0.822796633841315,0.47420170302393,0.239679379262968,0.168390213410016,0.289656756498428,0.0933925828896435,0.381433232699583,-0.0304957138096043,0.24290837168579
"LOC_Os03g22320","blue",0.52085369436176,-0.189079372285828,0.130733167729793,-0.456392579881537,-0.572178432596696,-0.623727025357555,-0.719195638730471,-0.34853159590311,-0.100432665485171,-0.444670627462751,-0.224985018465021,-0.546052031855012,0.245115032236992,0.0650957020925237,0.845186421699235,0.375397080295571,0.293799967635173,0.260190804166246,0.557046975260866,0.294410530747761,0.456820099443399,0.17984612258318,0.204042086011819
"LOC_Os06g09570","blue",0.52062633717969,-0.158756048006891,0.163903741692471,-0.493115788005739,-0.679958466236874,-0.631969844236205,-0.764338383937525,-0.42394185969116,0.00512530626457411,-0.304564719454772,-0.199278433582887,-0.498640190700565,0.325264641657478,0.0538482334266498,0.871603474279093,0.39970116782824,0.355236358375299,0.224769206569747,0.449304819799424,0.252906907691768,0.361109716356444,0.102100015885988,0.323762731357127
"LOC_Os02g54730","brown",0.519698927113252,-0.386365439358577,-0.749829895455274,-0.612401242765489,-0.354700177890429,-0.63526953934368,0.197416900475939,0.307677946636947,-0.124743449484062,0.00157160484854689,-0.165472965988754,0.101475123135759,0.596875590669161,0.854386676027197,0.456630435193749,0.635986962585951,-0.252032851586779,0.00866520575125398,-0.274274883222842,-0.355437442479077,0.458476481007124,0.0643384726150626,-0.0225058290942674
"LOC_Os09g32870","brown",0.51878965097968,-0.374959135528459,-0.730491719472762,-0.68414205934942,-0.322039667117274,-0.658976417904812,0.0995724498060008,0.392941436722899,-0.0591351433985133,-0.147949328676763,-0.195578532914531,0.00245701971454925,0.542413346947503,0.818756836145095,0.482992276448713,0.474817595514925,-0.295415616789678,0.224342240871784,-0.212251516706571,-0.372700124063876,0.470913569236676,-0.0763593375217176,-0.0751343065246643
"LOC_Os07g16130","red",0.518611839845754,-0.136089318945938,-0.587429230369118,-0.201036273063111,-0.46815432292652,-0.705756314675937,-0.0153743655366415,-0.265074694204251,0.039275754835422,-0.0667015323626478,-0.201903982715811,-0.379771145083129,0.0596063745440382,0.629831453506352,0.541292823581492,0.810737201453426,0.319494958538611,0.167322659880436,0.0335052724923621,0.24835017326012,0.622162006259739,0.264239938121935,-0.242293061955872
"LOC_Os05g25870","brown",0.518440384010032,-0.24517100415889,-0.76177345230956,-0.586977481812496,-0.364898731976222,-0.723057103852923,0.144147535997206,0.223062278216262,0.0558296944502902,-0.173511700054725,-0.178787160022919,-0.0328094303304499,0.447182837380164,0.830773051227101,0.576734669697153,0.66740915241452,-0.188269750052968,0.0455634194455586,-0.121506396883637,-0.163621347005826,0.607241444755818,0.257579050459656,-0.0434257817123457
"LOC_Os02g09780","brown",0.517347083615335,-0.144357906937886,-0.699012828640422,-0.693774006194531,-0.474326970943981,-0.66409727689627,0.146513197165069,0.213566845116607,0.127739643564612,-0.0330658529462868,-0.346511736053394,-0.215891973034636,0.493923214750355,0.802089964597927,0.521475611140563,0.494221487871344,-0.08212398959433,0.466715734132539,-0.30319549373578,-0.292245629956707,0.4517035727414,0.0641674933073697,-0.0660773650451332
"LOC_Os01g39960","brown",0.516919595039845,-0.262101466401736,-0.808460860214031,-0.706183502944798,-0.239620416413685,-0.58011208157807,0.29136085152353,0.526945090832769,0.00561696401811821,-0.175386934256962,-0.461358815438301,-0.0493521797107312,0.518470609205809,0.849292289593551,0.344439574521874,0.268930763335289,-0.471980097155113,0.429895233998963,-0.330050642157512,-0.464099258038962,0.457837958260869,0.112876012972382,-0.195441102653309
"LOC_Os07g34650","brown",0.516494886369381,0.113357715694355,-0.857652478577924,-0.509438076940275,-0.343321761578307,-0.627186729041997,0.32964333704175,0.232924651360449,0.121168715304538,0.0129754922633358,-0.16769900470793,-0.136052992038406,0.323782353846569,0.876676369733992,0.372320149667925,0.614620744347762,-0.0986983628896944,0.282816395352569,-0.354858430341535,-0.251096743440665,0.505618741147978,0.0979854440166989,-0.217114649116569
"LOC_Os03g21560","brown",0.51578306904881,-0.195641684768739,-0.879155256136239,-0.727093768799937,-0.385734712581678,-0.633977594108915,0.351314891110781,0.406020420897754,0.0704900945322374,0.0342775377231323,-0.346600697510043,-0.0377061954992508,0.582498592368746,0.941226437907359,0.394496217698194,0.466680831380909,-0.319252106806856,0.359185512310984,-0.468297544265973,-0.470913837831873,0.454623875528323,0.081220265546951,-0.112382969367629
"LOC_Os01g43851","yellow",-0.515632338454288,0.0578581953123208,0.95212273234189,0.451932544093703,0.210061886927409,0.583944119512811,-0.496277914380621,-0.346378792622868,0.00435061918703322,0.051528463881607,0.301319340307539,0.03789473012695,-0.314737018501754,-0.91185888151765,-0.277164740847629,-0.529371875645246,0.310169275094137,-0.18145818922794,0.340823617263146,0.238868882414387,-0.625356460526456,-0.329475347385774,0.316403793935003
"LOC_Os03g62780","brown",0.515190977752912,-0.0908674100308936,-0.816539261613978,-0.56729224506807,-0.308623105087637,-0.567797185552812,0.34888039264707,0.34836794903344,0.072636672534165,0.0680605874404036,-0.409513907370296,-0.143981445804992,0.445476938992927,0.879543605173084,0.301679794916258,0.48163552308343,-0.162084142439389,0.470751496556847,-0.433907028506323,-0.374976152354066,0.394280284363596,0.04335244916099,-0.266287368789427
"LOC_Os05g42300","blue",0.51506501126933,-0.256268694700361,0.0608506694489103,-0.552690396295056,-0.660474079947403,-0.667689004705357,-0.712725782167784,-0.33763100068858,-0.108399533286338,-0.315886866795531,-0.137351928412114,-0.412311900648088,0.342680712002086,0.148724980717987,0.873310821424488,0.442096278929503,0.28873003132581,0.175533822030992,0.430115053222796,0.196751929075819,0.398799303904765,0.0134715485554172,0.292281516625374
"LOC_Os09g02214","brown",0.514230206859197,-0.17207063739842,-0.737266551641963,-0.704920278877904,-0.463952495509275,-0.722017081652763,0.0877007938184914,0.235785364085986,0.125165689076879,-0.0362880382704255,-0.160631615483062,-0.134674544908064,0.497210656833351,0.856430569883411,0.57728509149622,0.651717856116914,-0.0750696133820881,0.28374422744583,-0.260667525372435,-0.312934646016121,0.437596009071174,-0.0674470861468072,-0.0435221387377828
"LOC_Os07g31110","brown",0.512988323064484,-0.417985862368899,-0.677490107212581,-0.725387278493324,-0.456145322069855,-0.658076623755058,0.0668614520033407,0.275142902530851,-0.0192755704840698,0.0296671074015096,-0.245828876109086,-0.0260110792745243,0.636315637175032,0.815738250777249,0.485424491467452,0.515536221643155,-0.172032641668111,0.261011120244596,-0.346546012562611,-0.426640892921518,0.362929133076698,-0.102468566039339,0.088605757012685
"LOC_Os03g18020","brown",0.512451385404388,-0.353764930458965,-0.814423188057411,-0.601184229942788,-0.307402784429148,-0.576886448216916,0.305132097953233,0.410383417315346,0.0863775853871332,0.0474227928326007,-0.342208654036488,0.104747860513861,0.583419340911895,0.869487842202738,0.324630309374099,0.46046478028535,-0.363287148482637,0.179548816346819,-0.442326608457695,-0.440760151271043,0.391028152312478,0.101620313057189,-0.0821948831792822
"LOC_Os01g72240","blue",0.512430252605613,-0.311500448820214,0.127043402008318,-0.594270351032548,-0.762935313169362,-0.603699589160763,-0.713039975134749,-0.39242193417642,0.0469967868976979,-0.0583697683073644,-0.164058251649606,-0.306276189642851,0.569673415813469,0.122518562751231,0.803479207951381,0.396392793871672,0.313072256118573,0.156775907280873,0.201158359681664,0.033750044450543,0.224487996254738,-0.0677103331979284,0.50452094763199
"LOC_Os04g57880","red",0.512133446093781,-0.282510857001904,-0.401218775898085,-0.223049108681443,-0.538667346937982,-0.578531915529396,-0.108640360320432,-0.291028465755235,0.011170230838183,0.215521032486098,0.0377344880655228,-0.0205744980060343,0.361796505805783,0.524875160509669,0.478236312052891,0.868810191086703,0.292782298886924,-0.220058939060666,-0.133832037466345,0.0467739945799741,0.372172274676343,0.12467765373161,0.178594965246136
"LOC_Os02g58480","green",-0.511485825881206,0.223358466445586,-0.348562377554904,0.381191905557971,0.658395245039299,0.497472514109675,0.866712024614848,0.511433911162565,0.0937562408691639,0.201475142720729,0.311760220882122,0.553735867292644,-0.298496860537774,0.113226428015766,-0.704680631429335,-0.229893923311389,-0.442789798555636,-0.364759619970923,-0.443197292847429,-0.275578355313427,-0.222807205408017,0.0103632674434218,-0.31396612612804
"LOC_Os02g55870","brown",0.510658672691738,-0.0639485992165903,-0.84107417018131,-0.2519415029999,-0.309274487991458,-0.602190543779849,0.380011764489554,0.0358962616446336,0.0278758526770955,-0.0126013841271335,-0.232793002899771,-0.194442433867853,0.104943360903143,0.808399864968578,0.315309290301508,0.67932986498662,0.00401731408125012,0.168429126255701,-0.23952283005542,0.0156165337027083,0.649515359762573,0.411647334555293,-0.319639898105697
"LOC_Os06g50220","lightgreen",-0.510198045560668,0.359204121656383,0.320941777586272,0.434867971408911,0.895723924446455,0.680366066616708,0.267394169608349,0.546338855195316,-0.167558971325505,-0.318302052357079,0.201623365376913,0.412643451621759,-0.397544719895584,-0.493748902829965,-0.627069731888394,-0.730824595489371,-0.548003326423654,-0.342572562496005,0.231145902730206,-0.0913613636348613,-0.356827726317545,-0.0456910557727173,-0.245846915517716
"LOC_Os05g39230","brown",0.510006496599563,-0.147544381067271,-0.89726142360469,-0.572098397991284,-0.199703994080208,-0.642802064180316,0.333264742609976,0.442685208907144,0.0887112567843357,-0.164805633734864,-0.230462950230936,-0.0200478174072183,0.390106057002609,0.914596589818298,0.384751153677464,0.546629986908388,-0.322288136123679,0.199867596553043,-0.247644835274025,-0.319516305331365,0.54380918256821,0.11649006995088,-0.257028469754992
"LOC_Os05g03820","brown",0.50849720711051,-0.329038776887595,-0.785963334606496,-0.553574470933364,-0.498146484703517,-0.720031401634902,0.150579268331889,0.087961029288198,0.106105832877807,0.0960699767789739,-0.146389836418738,-0.108558376107229,0.450016184639901,0.879159546100751,0.516029516866628,0.73976703477567,0.0282459954109981,0.197159848651247,-0.332187228420528,-0.214504529093771,0.496249017735716,0.0136447164131559,-0.0257564577221704
"LOC_Os02g04270","blue",0.508154560327483,-0.14381796794835,0.139208926494482,-0.43274691634519,-0.657071470722794,-0.626279612975178,-0.749876778071528,-0.462385618842995,-0.0022253261230451,-0.312670448486869,-0.185467941078869,-0.577044590777218,0.213674774275814,0.0607933380995034,0.832185875382774,0.430714010964364,0.424773250604087,0.293135732846401,0.494408464113394,0.339395166986779,0.419186034824336,0.104563526118069,0.231445886623208
"LOC_Os03g47500","lightgreen",-0.507818729293171,0.114152251646708,0.0040372511221714,0.245595242515597,0.836453453172167,0.615711516434878,0.527525329290601,0.737415142115605,-0.14123508302627,-0.115337903456465,0.118949970687867,0.620083410948147,-0.176213860268532,-0.181874473621442,-0.702443047841546,-0.652577511658787,-0.705564075370159,-0.287218009237092,-0.184903190756679,-0.424933302161112,-0.421135397924369,-0.213135359759104,-0.243610339651893
"LOC_Os08g19105","blue",0.506875757176505,-0.0503075963807739,-0.207999921481585,-0.494443403213158,-0.480611666444728,-0.705654363653255,-0.432892248168837,-0.165152556931792,-0.0650352695976984,-0.488454673755306,-0.174595023470839,-0.461866279492853,0.210965666488798,0.325679478639015,0.823855189094796,0.457917078646811,0.116472847328525,0.228687059050283,0.448910553805212,0.239503235798853,0.623219495003524,0.248100600251724,0.0376804903578647
"LOC_Os02g10190","tan",-0.506225120416943,-0.122215433861235,-0.156361396349078,-0.0786730785662603,0.443618701559944,0.415845235097967,0.515235276402207,0.615733100310737,-0.0141346433486796,0.273542071326059,0.557777450111709,0.913444829382488,0.288851864337485,0.0915049529080309,-0.464068965222811,-0.231196638923323,-0.624954698377634,-0.68634701002007,-0.514748608998392,-0.702965031095307,-0.460426276932441,-0.411374778566243,0.314177019574823
"LOC_Os03g16430","brown",0.506200831921488,-0.21062009905457,-0.803522938024907,-0.54663349321077,-0.320921758049053,-0.679756426676378,0.214873301746219,0.280706348224451,0.0412836616115252,-0.0574447913798597,-0.102781760558529,0.03768305519437,0.459703159661531,0.875669290532009,0.496600135191009,0.736369491188937,-0.158165805200027,0.0100023380800505,-0.23566234331279,-0.259364468735591,0.504263683635309,0.0843488887719432,-0.090559923297279
"LOC_Os08g37810","brown",0.506058215888921,-0.187421947865247,-0.832844615812803,-0.379408304379771,-0.31132705835347,-0.549962106435974,0.417885025673272,0.202238367106174,0.103545065154156,0.0734345642692159,-0.337033905469419,0.00860866148914577,0.33380247096126,0.827526164249293,0.267688148372433,0.574999741501951,-0.182287510802366,0.124046035821102,-0.37078421041502,-0.173483453286426,0.525589107222661,0.380712205616509,-0.198311924766123
"LOC_Os01g55030","blue",0.50575376369353,-0.194971130227804,-0.18616899184926,-0.631688489858122,-0.546429888600103,-0.68125883266287,-0.493353959130718,-0.0624541008536273,-0.110740737988098,-0.293651670944739,-0.0436875094782538,-0.191185979751741,0.489442691594763,0.378166531287024,0.801889282287723,0.50326454056772,0.0287863546568883,0.0397058806822966,0.208784307494504,-0.0531573499975409,0.3668464313066,-0.0600833545631025,0.280918219904509
"LOC_Os03g55070","yellow",-0.505597795628029,0.0688849740440878,0.82512306108926,0.393395294603833,0.0396641391797929,0.594837874925612,-0.284025211464029,-0.411328136373134,0.123109583789189,0.384775082199302,0.325182854825421,0.139630999207106,-0.123037845983576,-0.79519176302688,-0.326967416612271,-0.471147760954447,0.292527106042273,-0.279416034694206,0.00267018821972768,0.103557577323921,-0.644326208305862,-0.194929271600367,0.501690237247972
"LOC_Os03g22780","brown",0.505126298373835,-0.180246781385945,-0.824732228874211,-0.615500201471026,-0.43427213758949,-0.635070917579337,0.257679955134234,0.243531684029201,0.138883953328872,0.112813023567424,-0.329059830748508,-0.121941535722453,0.437742752239297,0.883492198784416,0.370403046625382,0.523390035355496,-0.100607489567144,0.43281942460238,-0.473386170755101,-0.368861184222427,0.377066913547209,-0.0652015807136913,-0.167084073287178
"LOC_Os01g48300","brown",0.504583310631572,-0.288745651489877,-0.712397701383448,-0.499014136391982,-0.501788304043252,-0.646649104427398,0.120919155136612,0.0567229301573995,0.104302832259421,0.203492408371071,-0.22826634582002,-0.140516640423021,0.414871050771752,0.818068052262249,0.407986982745905,0.69628020041794,0.124245545426726,0.318319089231609,-0.425702883209105,-0.259895645876296,0.340081146388102,-0.134582918901422,-0.0828547830278381
"LOC_Os02g15900","brown",0.504309547448982,-0.295596496001398,-0.832162128601502,-0.775536288722461,-0.336352918917802,-0.665336382083305,0.236807633154951,0.479296421662639,0.0277063116102824,-0.113844124552957,-0.221000521191614,0.0726284728989089,0.637056100074444,0.915262378921675,0.48208894361189,0.482119246055592,-0.415353855074943,0.185948571030587,-0.333125353559712,-0.481082376051308,0.458809417518915,0.0393909487680297,-0.0221862947704402
"LOC_Os01g66680","brown",0.504261622481603,-0.402780128145065,-0.787410377116131,-0.586097254954121,-0.298890196535217,-0.599307875141019,0.252533822946117,0.348177685940368,-0.152628233544452,-0.0584289728455275,-0.21381949897291,0.0693924964375184,0.520330522428777,0.851267730239796,0.372085413314287,0.532585939081428,-0.306804513003586,0.129692950563828,-0.316804469552054,-0.397413692420748,0.471232404302314,0.0517986816563429,-0.104733249124313
"LOC_Os03g63074","blue",0.503227918772292,-0.42368757126561,0.104506238372283,-0.526212806336695,-0.583843248547384,-0.631096210977611,-0.766801519313651,-0.264114339820937,-0.164572609391442,-0.355889023176166,-0.0953668179292841,-0.329340092081291,0.383027421902717,0.127825724709711,0.816564222644906,0.399580236914688,0.246882232862057,0.157692895966277,0.445289069338233,0.138985280255465,0.338090822110122,-0.0847415574760341,0.320531419800818
"LOC_Os01g11670","brown",0.503210589680404,-0.310362480059842,-0.715413354051458,-0.551196199891822,-0.323373900724926,-0.559839681897658,0.219838311250469,0.327498657414664,-0.0773541300338614,0.102537420129232,-0.14906723020059,0.144335769217316,0.613038288782879,0.812289760528349,0.365696525163517,0.597487620453966,-0.234103537025984,0.0228132891396918,-0.352758277031535,-0.383740194314401,0.366237100051252,-0.00936218043543997,-0.0377350024932804
"LOC_Os04g42030","blue",0.502781516671325,-0.208413039729172,-0.212144707409499,-0.69986644973567,-0.772813769985926,-0.707010934528201,-0.449677570946279,-0.222891630295753,0.26188310577545,-0.0263709104112194,-0.171142477246744,-0.396487334174789,0.513746477244725,0.429683976586157,0.802786299025846,0.515173190045905,0.270319120507025,0.391522968914461,-0.0149753049569841,-0.0771673698145092,0.306405545760825,-0.0845825830470542,0.330616003296013
"LOC_Os03g49430","lightgreen",-0.502232496891206,0.314003123178814,0.325058031294201,0.585552251245533,0.819607884366372,0.589935972115642,0.177767696564438,0.312390154601793,-0.278611567409391,-0.359158568597917,0.159370228414844,0.25966003774512,-0.560758570421748,-0.497345782102596,-0.544563918572661,-0.539875147560253,-0.310059168659167,-0.305781397796209,0.329325135483724,0.119252198959709,-0.300338043887822,-0.0455056447822309,-0.37803210279137
"LOC_Os06g40950","blue",0.500739923136417,-0.25539021571953,0.247727498744548,-0.49109686841839,-0.654394097213229,-0.576080228562629,-0.810703894168484,-0.409055962960952,-0.042039604613783,-0.317714403051702,-0.251965329679633,-0.482528355972396,0.350721084408785,-0.0310839582965344,0.824366139049502,0.280215116072983,0.321161273953351,0.25417826175676,0.4897827868886,0.271090931918785,0.343004984205551,0.104094339670066,0.348002712187816
"LOC_Os05g14940","blue",0.500611681598572,-0.240619366173557,0.0415216612419194,-0.427391262644251,-0.756291677821093,-0.651973622966711,-0.634658845782488,-0.523006240056464,-0.0392281160212066,-0.124357350668097,-0.189865277426743,-0.508200645094835,0.273712602718101,0.157215743856831,0.816463703468389,0.528197248722081,0.469766371149415,0.225808125963448,0.283854828552629,0.265501089403584,0.383002444050617,0.0765458988742165,0.286939732754086
"LOC_Os04g35840","lightgreen",-0.500195711784387,0.341898389152574,0.16816312421257,0.830310800704763,0.832561296695233,0.661530584273187,0.489048096097297,0.175879066643057,-0.107323922946376,-0.127792989970975,0.0943845264897556,0.224815957096312,-0.741909417492565,-0.427042881691528,-0.743217279747547,-0.446259043315975,-0.204338913815263,-0.337852332449843,0.168363225003647,0.284590722913557,-0.171839309844161,0.311108670133237,-0.49086803486689
"LOC_Os03g07910","brown",0.500119980159191,-0.140756328890099,-0.777402303168683,-0.298923667827262,-0.30656635397194,-0.67177726379944,0.177713480520888,0.0664868524217195,-0.0406778822733847,-0.0856939627118875,-0.14765135290685,-0.135228257224005,0.174689720300466,0.800296603017594,0.436796664516168,0.754143952644775,0.0150914083686226,0.0734003989974542,-0.123492744416684,-0.0025742456540399,0.562875869630582,0.133908181092253,-0.277739856774564
