"GeneID","ModuleColor","GS.Time","kME_magenta","kME_tan","kME_pink","kME_midnightblue","kME_royalblue","kME_salmon","kME_green","kME_lightyellow","kME_grey60","kME_turquoise","kME_darkred","kME_red","kME_darkgreen","kME_purple","kME_darkturquoise","kME_black","kME_greenyellow","kME_darkgrey","kME_lightcyan","kME_brown","kME_yellow","kME_cyan","kME_blue","kME_lightgreen","kME_grey"
"LOC_Os05g37450","blue",0.811741303029308,0.509712638877433,0.471132311022137,0.116327870026302,0.288147933907147,-0.283360808505391,-0.0698252514748217,0.344064413760711,-0.205577957546431,-0.222402713948052,-0.616990068182768,0.0330313335969328,0.206527928596031,-0.0475019443384734,-0.671718352267657,0.0695464133038637,-0.129870722794647,-0.28216249310749,0.165267872510978,-0.490651986406428,0.127672135310937,-0.514624824684199,0.257245002167451,0.814261136565974,0.331132820105283,-0.0340112484245659
"LOC_Os09g12290","turquoise",-0.802606896842332,-0.620808202994266,-0.494031871323453,-0.310184363077226,-0.0678733762346993,0.269058217258543,0.116540227859786,0.19604143814661,0.0907650229539199,0.397676599236519,0.886820229471994,0.122222850847457,0.187658779144351,0.146803916756803,0.730672759179918,0.0675094737661644,0.463518737208767,0.503885043553007,-0.142917321578295,0.453041340286557,-0.609268693942602,0.0614078974627186,-0.049075989672507,-0.84278902978134,-0.465701481766335,0.141925897594162
"LOC_Os05g49060","turquoise",-0.800169425228654,-0.6384277337627,-0.422934601529763,-0.17811249804937,-0.198298943684995,0.323115351126719,0.0872734586949024,-0.145317548831848,0.203731818814089,0.373459420608172,0.812084987648119,0.113061198373572,-0.0275914743812421,0.144224611150677,0.741245697617546,-0.0422928202738169,0.221892878409102,0.27217542513215,-0.349781266117838,0.38917105916916,-0.307777031471955,0.430688950788825,-0.225958157364403,-0.89790711197241,-0.489309446363205,0.124555523744293
"LOC_Os03g14000","blue",0.797804903253592,0.659878888170182,0.506041774824242,0.163942692155607,0.241784588694781,-0.259208477540491,-0.0381691740564183,0.140484901323437,-0.156270003475803,-0.315500219415883,-0.743609984131297,-0.0163949483126891,-0.0236519662638106,-0.192256983986925,-0.67764841077425,-0.0138163427128108,-0.286788304827067,-0.445683986463012,0.0487722091861684,-0.609886039566932,0.348770138744123,-0.364650312988142,0.177291821338124,0.834446782151224,0.374601898234378,-0.0572616701731047
"LOC_Os06g29260","purple",-0.796100498859755,-0.741872889218504,-0.77342884734366,-0.391371667027696,-0.29493778093365,0.0411162707976617,-0.0831700875623604,-0.066351910948621,-0.0895616019385708,0.0326024788000608,0.616508520279123,-0.0648828923217865,-0.0144736584629216,0.462865185347895,0.867438207981252,0.159734461353652,0.461118078974456,0.650064665291793,-0.0559528027182969,0.489206590675581,-0.313501570316746,0.278410494878482,0.126668384869204,-0.680564860484984,-0.125751874978559,-0.121127301610753
"LOC_Os09g20020","blue",0.793540278612851,0.626455887932849,0.529446095849725,0.241351410819758,0.0676480917732332,-0.317804161291724,-0.159602943960589,-0.0552411363611836,-0.0565823049577802,-0.352183056357445,-0.787697724825801,-0.139076847079676,-0.0375547655941942,-0.138967000896372,-0.733245261794899,-0.0778486794505229,-0.281237212798338,-0.397180218746605,0.30985696368937,-0.333578306057505,0.423967807589724,-0.220368741096837,0.0143341092392051,0.803585262142186,0.443063696006524,-0.170669788451652
"LOC_Os01g44390","turquoise",-0.785955013034421,-0.597727817429011,-0.543593464625035,-0.352235523606939,-0.0293460517550437,0.202751701372818,0.129145683994427,0.285842910790605,0.0097145613367429,0.362676228756683,0.828244603473414,0.128006883081874,0.179286821833512,0.223432126097475,0.760724669255699,0.113526422670631,0.500478233789743,0.487088180728282,-0.242148937387124,0.265037984547743,-0.596028645314049,-0.0202131135478559,0.054091043352054,-0.755488688828982,-0.417036339866083,0.121653902122873
"LOC_Os03g11250","turquoise",-0.773004177925575,-0.668810556253777,-0.487594346704911,-0.232764644538577,-0.17352987811117,0.201829862539032,0.0665229017480534,0.073441076850444,0.173905204855096,0.383753008173252,0.852761775327552,0.0371969050960178,0.179937679956345,0.285670562134325,0.694453371546116,0.133605645520842,0.474812756990683,0.430398958908916,-0.130422526442837,0.464019894179937,-0.523995306393377,0.179057596632856,-0.153974761297119,-0.855816508262158,-0.448217925260346,0.0496383849374135
"LOC_Os09g20024","turquoise",-0.769394167137945,-0.749955293853005,-0.640768054428314,-0.385535997663668,-0.243668517376639,0.0244409745299129,-0.0693253148161036,0.165586405977226,0.0592018786527579,0.270524038822929,0.825119331160918,0.133423267710189,0.321644344455195,0.248569354221406,0.743338312023507,0.217738565776891,0.677908793738686,0.685945938653332,0.155812950121146,0.643179472273863,-0.650779033264341,-0.00609910328015946,0.0206924947681509,-0.775366855610322,-0.315070728381259,-0.0927563298645168
"LOC_Os01g57956","purple",-0.769142829676159,-0.640768466444359,-0.684076874604697,-0.384831108424503,-0.215468845086276,0.0851603571041635,-0.105626979921223,-0.124939615912834,-0.0439542656474319,0.0204653400257568,0.526070464629255,-0.0106916194808365,-0.142984981842597,0.399266236200028,0.893316314322804,0.000557878603537738,0.293894598699093,0.454955581358147,-0.171074020898669,0.31592228903578,-0.185773707113853,0.331304244566531,0.0495125330919755,-0.609391157939985,-0.122453559259349,-0.038265082585656
"LOC_Os09g38070","blue",0.758611947712012,0.579576428999458,0.393569821819929,0.0168428977967093,0.249900272123491,-0.345799847402245,-0.136066289924234,0.267436396474995,-0.318923446531994,-0.43186426315683,-0.768596876441755,-0.145470263911777,0.0238078916233876,-0.0592478814315008,-0.656931004530261,0.0398029947078919,-0.119838767550293,-0.164955619766678,0.308493112246769,-0.451206025044933,0.246772401449945,-0.51678989394232,0.385782805068906,0.926906613294289,0.549528118707474,-0.108049239149498
"LOC_Os01g49370","tan",0.758238670782255,0.794552074342141,0.961977360125788,0.39114541191421,0.141741262501176,-0.00873643759243217,0.0574788360741305,-0.101337006603526,0.255995270693559,0.00454611545007816,-0.52191423896883,0.111238290786209,-0.0225817383699231,-0.476244922214381,-0.890167687243727,-0.195762075486271,-0.475713372467318,-0.733220826980113,-0.0245183696311879,-0.412883781945615,0.36565696558709,-0.093524671019744,-0.318391504172333,0.514726499726482,0.0401302746667949,0.066257004322387
"LOC_Os08g44210","turquoise",-0.758235039795223,-0.651830689540415,-0.430175635580931,-0.128310965733996,-0.129648758083745,0.296821769496693,0.218321346979324,0.0635418719785903,0.318202264401037,0.556628573045161,0.927412805981383,0.232027381754475,0.285482489502669,0.178464464506932,0.668123934293792,0.0275797045156823,0.4072863704175,0.343474070629716,-0.111615412027027,0.523761185537785,-0.591543849870274,0.178875924247362,-0.321052785860027,-0.934799372924439,-0.608317970379726,0.133883300054988
"LOC_Os08g15258","purple",-0.756178030938143,-0.662487166195612,-0.774494490116633,-0.212858096153364,0.0151342844838321,0.220215230904294,0.137865541135049,0.0822980581248803,-0.0406368307648402,0.173477182984264,0.555292742944023,-0.0222368992741785,0.050182461134507,0.350895125261316,0.806688135844036,0.239838377526923,0.271905899037982,0.528141905212072,-0.0353616061703966,0.373454588121828,-0.349054558240017,0.148709981785384,0.0862225056986068,-0.568749962001698,-0.187589042187258,0.142294185600546
"LOC_Os03g17730","turquoise",-0.755490104052943,-0.651324930032737,-0.49720672510733,-0.102823133553637,-0.0616826353479263,0.334515800756744,0.185878290188946,0.128963210813712,0.186681203577414,0.498055657830453,0.90137008300554,0.178432300719482,0.287046865512131,0.116667030795228,0.650213483978273,0.138285542422614,0.387741454297994,0.461059830896461,-0.0312176085485939,0.589000769868371,-0.622284634880119,0.113686451348871,-0.190232109690255,-0.881008108989061,-0.544971828618562,0.179563668018779
"LOC_Os09g19952","purple",-0.75431974402665,-0.66365614831537,-0.706710168896015,-0.40455410480583,-0.205770070043391,0.0759426030300796,-0.0340036081475904,-0.0636650304854229,-0.049626681289796,0.0865107324679158,0.55823837320717,0.0197940914173347,-0.095143606565991,0.424371640948634,0.919820991441968,-0.031150492962904,0.339596733892166,0.45513741517796,-0.197195891699695,0.281916248291444,-0.247566596185081,0.294717784136921,0.0563783816697387,-0.624289319544599,-0.176885212284098,-0.0381694332507401
"LOC_Os09g07910","purple",-0.751389806533305,-0.667987607225264,-0.795331980065644,-0.439281566991512,-0.222126493037872,0.0294655510204772,-0.0905598629738034,-0.0631498567011355,-0.182154593711186,-0.0234562671274679,0.487743543457882,-0.0311895153332771,-0.123251670012467,0.45268351478465,0.92933049583745,0.0134401234156731,0.340100813187213,0.569978330673686,-0.130812321456083,0.326732433405979,-0.212727756432032,0.284118224897207,0.194746905320427,-0.552199563703271,-0.0658780968254416,-0.0824198286567862
"LOC_Os08g15278","purple",-0.751055640046799,-0.768650672176,-0.784159840530174,-0.331129790188917,-0.134700452163401,0.114546168182049,0.0520424395870512,0.0282618792738738,-0.0809886432943979,0.1107209411343,0.575502824558521,0.0490478937085883,0.0464515871088793,0.448260431671978,0.912267594804205,0.00533403071721313,0.398850415053729,0.589495114130934,-0.0361214059499821,0.402305798645563,-0.34971095156624,0.196741235589442,0.108879542703097,-0.608256214029849,-0.157616967349186,0.00466554644142769
"LOC_Os01g62760","blue",0.749659792830064,0.575717128451505,0.403300670607814,-0.106706011762865,-0.0727550100570644,-0.539031041745139,-0.403679205751271,0.0169827643350843,-0.309715385953325,-0.5047585083617,-0.771252063759835,-0.214250987445405,-0.106566061826348,-0.103221050103259,-0.65105732228697,-0.0973327511654501,-0.125758899487884,-0.238621984400278,0.167166123098287,-0.400489667703827,0.388416744901748,-0.279949249466069,0.30811488783986,0.825433601078059,0.537318510492856,-0.358818791836495
"LOC_Os08g15840","blue",0.743700624250439,0.569776299690658,0.395362949676265,0.105980433647571,0.0768542947658614,-0.351347762235138,-0.245311679975278,-0.043895743448286,-0.176258410607918,-0.513066966498366,-0.802612228423794,-0.339348632971266,-0.148111197349316,-0.162308137334983,-0.668563744185642,0.00625005322347456,-0.246087354312124,-0.230210113247049,0.336362413685233,-0.283374964634509,0.452997359816751,-0.224136174982096,0.189540860929751,0.833464005373257,0.594777021656174,-0.171570416004369
"LOC_Os06g39700","purple",-0.742072516128656,-0.750305327253732,-0.807931460104845,-0.328971862810683,-0.166869374292838,0.0901686404020914,-0.043887521486346,-0.0392153641066854,-0.133362506137695,0.0484997763309659,0.517599105586149,0.067471983548066,-0.0235022245163056,0.511791457889982,0.927448247288424,0.108000044416552,0.33752222292115,0.556216644891104,-0.126414904502119,0.333556530914987,-0.2505717261894,0.260831045873623,0.133698144743687,-0.564320763691606,-0.111984620678965,-0.0255262740802786
"LOC_Os03g18220","blue",0.740343794166184,0.626163595634252,0.408352213254694,-0.068722038942011,0.178919786237868,-0.382551037796076,-0.140216693818871,0.185963169480052,-0.323359218686628,-0.393894846677495,-0.776855057548733,-0.0753229025027278,-0.110637042673844,-0.0277371853615983,-0.564663364910528,-0.0847002092638274,-0.222795075480736,-0.363146206482963,0.00180761893924941,-0.674508855343931,0.346699769160381,-0.38991654199045,0.332949204771765,0.87927850848673,0.455962838342764,-0.142079767545596
"LOC_Os08g10550","blue",0.738962567025171,0.586188004308888,0.347557967152099,0.143925128275001,0.161843726146366,-0.324759817507914,-0.15856058149926,0.00496777648676155,-0.265363899288796,-0.535194910926413,-0.859931006185168,-0.342107963473761,-0.17166215200411,-0.164224190129004,-0.664382110147029,0.0574451537370887,-0.297481574315454,-0.191357234882713,0.354791012936852,-0.313480483731054,0.466202066614186,-0.28289151690144,0.284551586439072,0.908881102813802,0.637530505911386,-0.123730220442205
"LOC_Os06g22960","turquoise",-0.736878115886025,-0.694209334781928,-0.502506227097031,-0.271066328523489,-0.216649025142197,0.155540583423201,0.0225645957372184,0.105811907128289,0.19840473564105,0.40228537407796,0.904610148363044,0.170528035454655,0.299582518778105,0.129784282089576,0.677221840044404,0.0994954066238284,0.579723977661462,0.520480968994958,0.0257083485975619,0.606426844051063,-0.641894425011886,0.0771737546061757,-0.148511724114076,-0.882745843772446,-0.471224936663047,-0.00668563106667013
"LOC_Os04g16874","tan",0.736711214151425,0.731037859566353,0.919612077228706,0.329850309899428,0.153221123375046,0.0105724467092864,0.0526040911326326,-0.102577378004276,0.234898841984361,-0.0229095224825055,-0.486005051694796,0.190374040721013,-0.0285070252266486,-0.460868262414687,-0.774507870657727,-0.209727611169727,-0.478017633328398,-0.703776700844267,-0.0858002342814377,-0.424536561741623,0.357268349766449,-0.0740090853027329,-0.293670310995115,0.480650552412407,0.0529407585744907,0.084927273469261
"LOC_Os03g57349","turquoise",-0.733433173777504,-0.693414532129185,-0.472003297178031,-0.257951267417091,-0.170567356049171,0.17919070764854,0.107465776558612,0.182204980112389,0.155083993544804,0.479556855952615,0.929004889210686,0.255472180230493,0.345540369485711,0.222439357229874,0.690224375666496,0.0658683968444416,0.576412995863407,0.478061475494377,-0.0828939406626656,0.497439056920487,-0.679355807272325,0.0414402611276427,-0.136838115357506,-0.884420157378144,-0.536226063287124,0.029842686459034
"LOC_Os06g37610","turquoise",-0.73335317189373,-0.585278331097922,-0.453743101154832,-0.288924784338508,-0.0507353135776446,0.249542914474959,0.135118627153069,0.223025373288591,0.241974026044652,0.489068169059473,0.922125655828336,0.208221801933841,0.28791056244927,0.126018743366287,0.67572186533117,0.0528471470372827,0.467448928512809,0.392842121172176,-0.1088773259532,0.447688384505927,-0.669041190202749,0.0109297736820734,-0.179219754867726,-0.85901575484908,-0.568182228781219,0.156225213024819
"LOC_Os05g43310","turquoise",-0.732888864148121,-0.700874553613778,-0.406380362640232,-0.108482386474811,-0.253524984578143,0.243890558704727,0.0961985698280717,-0.0347891329213938,0.291263139673603,0.469646562555398,0.907575998630793,0.198308729391597,0.273625302185597,0.103895296994828,0.621204258824904,0.132921721542733,0.448745798978063,0.403021311609154,-0.0661877409884369,0.620330959084995,-0.530442829150259,0.250799746384312,-0.284443684267745,-0.941474985539333,-0.545338893278933,0.0272629518507991
"LOC_Os01g62770","blue",0.731555939656321,0.741923632725588,0.56954607980641,0.152118767360715,0.139023806050532,-0.219020655478729,-0.187541498435914,-0.110692522400781,-0.133466785590819,-0.483469576809463,-0.848410040851701,-0.228212545805149,-0.293257542024434,-0.230315586068419,-0.73082720609002,-0.242252562924781,-0.429208525477723,-0.393733884628867,0.194465259890362,-0.409722302481102,0.568662644101096,-0.160480653330507,0.139476085280131,0.848491024103034,0.545815526189457,-0.0604405944325182
"LOC_Os04g48416","turquoise",-0.731100630713419,-0.56945134258121,-0.427906713786504,-0.148250493506867,0.0223887877091124,0.359551153202843,0.218599631462567,0.185654222671582,0.207649453124516,0.472360148666444,0.851447652251818,0.160463244760886,0.254514436121236,0.127604875608584,0.604253468446117,-0.0769412780411929,0.381810013038915,0.44887023631491,0.0462505396874476,0.554863716713242,-0.62786907841464,0.00974820142648003,-0.173158134071811,-0.810816760177212,-0.496721822701402,0.243474690370904
"LOC_Os04g16838","purple",-0.730406321324782,-0.680749460709983,-0.796377578705049,-0.458785558656518,-0.169143920990481,0.0350070628870284,-0.110188553288252,-0.00960347852286741,-0.197113694439655,-0.0553711618658366,0.463477654806636,-0.0644854258368509,-0.121497242538155,0.507872877847894,0.925009508480755,0.0687198181510344,0.360885948057201,0.578101304358566,-0.11446066076868,0.297804671389013,-0.226918511002446,0.223472196432349,0.225113484851265,-0.507810238373803,-0.0232674004955361,-0.0535592060696097
"LOC_Os05g10930","blue",0.73035284282472,0.523257215456953,0.289128648474658,-0.0110532863487682,0.167593603167514,-0.4049578367578,-0.207187276686526,0.143268903644246,-0.408617079240071,-0.539532550966516,-0.845886961406471,-0.161650918547665,-0.087652396059041,-0.0635272386078959,-0.549716919961859,0.0485576409028609,-0.205708681347774,-0.141098583965949,0.227467866963335,-0.466729092806594,0.393552936167454,-0.366194583385582,0.456257224243008,0.95409297255889,0.627668356033942,-0.171801339327198
"LOC_Os02g03250","turquoise",-0.728913075390265,-0.725133692369688,-0.443275906494848,-0.261088472754805,-0.241251611658115,0.186260424936008,0.0383059769272823,0.00448129227177625,0.108155416312084,0.369372383911154,0.86576648282088,0.144602484787647,0.18599273702445,0.210702831932798,0.715955960290017,0.0424845164199358,0.466619380835043,0.429209975894822,-0.187151284073313,0.469970867186482,-0.49446024042948,0.251353359904155,-0.125589888300694,-0.882240103687171,-0.461278344751164,0.00165016630056709
"LOC_Os03g43430","turquoise",-0.728719277010145,-0.717034838188098,-0.451466906709428,-0.00881287946182121,-0.309918710868888,0.282923559817079,0.0989658250118252,-0.264123324589167,0.353960757767499,0.405087980847154,0.810658889031373,0.11177678699537,0.114046168511557,0.138411993690437,0.641436348338621,-0.00343934683939553,0.297496466879699,0.322266335403377,-0.0390047744829475,0.667304614189744,-0.344671132742356,0.461978318542579,-0.390287157343722,-0.937480091079081,-0.498396004984081,0.0261606197071717
"LOC_Os06g27860","turquoise",-0.727216757345492,-0.711892627559666,-0.392035645943008,-0.0556672943799924,-0.251847164275929,0.280059795880604,0.0976901053126016,-0.129413454816313,0.311078227472411,0.474950307309902,0.853475064061329,0.16624729770053,0.182120630854815,0.156238748960096,0.607683757174352,0.0705731762630342,0.338490350853128,0.277397755933861,-0.165311881250969,0.53283071426408,-0.416394921619076,0.361778791200178,-0.332812190074191,-0.926787789772064,-0.558382774760801,0.0535595910246571
"LOC_Os05g51500","purple",-0.726738774975055,-0.699317480492661,-0.759370514753961,-0.322327542130915,-0.319689061002187,0.0492299070211242,-0.0858995636090943,-0.234792798525494,-0.0974027507468105,-0.0205112688558031,0.468342311467733,-0.0506029498101057,-0.125590448252551,0.407781365662778,0.851427040069029,-0.031740602658786,0.324474335746107,0.558058997904547,0.0134621812903172,0.508330353700096,-0.166094152887854,0.390192236195649,0.0661333762106749,-0.608358882861317,-0.0717137755226778,-0.134533858510026
"LOC_Os08g25624","turquoise",-0.725919389547702,-0.530742837515289,-0.396894106034376,-0.190269293555891,-0.16563662790974,0.240678336113812,0.135103864516579,0.0241789356451833,0.394911056574886,0.484844952100084,0.880419980876427,0.0799744672634816,0.172974087522063,0.0745700170056063,0.594183501846619,-0.0476294589212725,0.414528991310275,0.300295933954441,-0.0246740419826522,0.550931259285559,-0.556584352789866,0.142857672058493,-0.369696422581318,-0.90385275620641,-0.556459180778927,0.0989697679117547
"LOC_Os03g44620","blue",0.724662017808986,0.741518082910788,0.526216972510706,0.0455390631360873,0.135215668309723,-0.28612538453599,-0.0939344431139453,-0.0241513171060421,-0.211778785586202,-0.481686252452681,-0.818011110487114,-0.270588552261297,-0.296252936626383,-0.196011011751834,-0.653440005857406,-0.262680854117809,-0.314479511020038,-0.345876221629641,0.152219136028005,-0.484151888275776,0.500125091447974,-0.245285564672111,0.221363721841358,0.838463005647974,0.553733019200597,-0.112590313441173
"LOC_Os08g41830","turquoise",-0.721034763037393,-0.692739688916454,-0.520624167584633,-0.160836581653198,-0.187434507489693,0.226225736060436,0.139697218294167,0.0479944932910245,0.315408140887166,0.480972195623946,0.908397160248865,0.179277610887886,0.315667412747024,0.128215940732448,0.666779453099084,0.149869553617542,0.443933021595608,0.420142885268097,-0.0236690688692262,0.620817096491505,-0.604929373100416,0.172615577140022,-0.28691666342159,-0.92006869017689,-0.566549264015405,0.0613573004286166
"LOC_Os06g02370","blue",0.720940589764949,0.613203706007419,0.465141204235889,0.0779461169247548,-0.0202666189024116,-0.405997068847087,-0.293993807724511,-0.109039416663252,-0.184231544570727,-0.493672268475949,-0.814353555181046,-0.195599200440244,-0.13004152426805,-0.178265965438321,-0.695462740029636,-0.0502955458465737,-0.200710029218414,-0.221581114624188,0.43927148730608,-0.207323254397749,0.443693117040879,-0.232550438547853,0.160044662294726,0.816058403387848,0.578278729311295,-0.265215274636727
"LOC_Os06g03930","blue",0.720872813510598,0.587214751403346,0.322036293444997,-0.166004977942647,0.271937120869446,-0.36711484424247,-0.11046408322453,0.378202090301184,-0.230213823313281,-0.386948572276991,-0.621209333846063,-0.171725231824384,0.0461531020167782,-0.0768069246753786,-0.549548190644952,-0.0648826165879813,-0.00128629354402108,-0.111658467024074,0.312435518213949,-0.402331809180125,0.0826241006437982,-0.630834974781294,0.337018546245606,0.821486903824673,0.46000393372677,-0.0856040335088522
"LOC_Os05g22716","purple",-0.720553155761218,-0.754886552496023,-0.804275548807768,-0.400540667139068,-0.152847702710698,0.0699811074767245,-0.0536299556729714,-0.0240648703900888,-0.142956110441139,-0.026724175464203,0.480088212452138,-0.0388138671965823,-0.0843177243754703,0.499172188452895,0.939881570105936,0.0124772371476774,0.370910611761428,0.607692145261201,-0.0597937867176513,0.353354302348063,-0.238024814340165,0.23844610858519,0.191173555003716,-0.521915962130173,-0.0228148756324833,-0.0287860040148206
"LOC_Os04g36062","blue",0.720547051527632,0.582181438836695,0.33191348151286,0.0593312031493676,0.0524258419342575,-0.381941484285366,-0.30670789587977,-0.0685521537864099,-0.317192358526923,-0.609205030045829,-0.870276986859901,-0.298651905858358,-0.214329730671201,-0.236989659654112,-0.66290743624782,-0.0286094387900225,-0.27444844526478,-0.117956140586068,0.4294310812494,-0.215391118235789,0.483096106779653,-0.252490007312324,0.3464412758555,0.897037047525627,0.679225188956092,-0.210178821104165
"LOC_Os01g58010","tan",0.719794745499919,0.784110871627339,0.929568077744443,0.382063701896619,0.128795613318744,-0.0113276819804877,0.0191770836760079,-0.158584784420523,0.205435677125262,-0.0697731409372172,-0.577523203706852,0.116783105662797,-0.0895032752343116,-0.430210052708231,-0.839779428923298,-0.176116507281763,-0.508482318561741,-0.710872194920901,-0.0202296261169231,-0.422977078119308,0.445667632478085,-0.038350604445272,-0.277550341751695,0.544762353331429,0.109929786547689,0.0567173214665134
"LOC_Os06g08670","turquoise",-0.719376552023841,-0.666197251354062,-0.502782288657683,-0.227069852841108,-0.181631130891137,0.192773907810946,0.0296839975486304,0.0791644816017114,0.0358087252435734,0.392821607493331,0.823631341608509,0.235204545205669,0.228612010764547,0.157379628773446,0.661503544608936,0.118219110617048,0.414480217789097,0.485432858481716,-0.0905061531959636,0.510328879609441,-0.542287939406811,0.137750666663954,-0.0586666955433775,-0.81680226832601,-0.481466084950824,0.0404829849578272
"LOC_Os01g57960","tan",0.717982461288231,0.801747181230857,0.957596707587004,0.396350177875053,0.141329236809587,0.0106700739390821,0.051813345602715,-0.125908287980313,0.253249357588092,-0.00972424270655019,-0.522997265658816,0.102625810673639,-0.0559070967419165,-0.492761008522614,-0.880602517787915,-0.210112789209707,-0.489278957483832,-0.722735380912131,-0.0178752736461039,-0.397741378268092,0.386309423266142,-0.0728112526194724,-0.309620375722758,0.504397129295318,0.053941976746737,0.0771159003378581
"LOC_Os09g19954","purple",-0.717272853459433,-0.632139725965339,-0.67052313822565,-0.313045112281078,-0.190830339084204,0.0991504717121235,-0.0582371423582404,-0.128908209509705,-0.000111454047133766,0.0446299441212992,0.4725076354872,0.0524070763533352,-0.137263709278465,0.40346335029629,0.866173196336093,-0.0218735540938293,0.232659607668864,0.380568532676371,-0.219768510078521,0.239901834391587,-0.134696140035383,0.336674919944784,0.023572618763871,-0.554138137752077,-0.125952906673986,-0.011039710392387
"LOC_Os05g33520","turquoise",-0.712821141748844,-0.655498290955631,-0.471833240168766,-0.335666639637597,-0.237531615142077,0.123182954242617,-0.0260330097441839,0.092298131001677,0.160398948287921,0.378753422052222,0.873416449463528,0.151109108764729,0.228281900993108,0.106475807664689,0.687610904312752,0.046824819910615,0.50505104900359,0.467097467404336,-0.107987355525012,0.518677091448805,-0.57701367508378,0.137748325042673,-0.120914382677411,-0.853967517349421,-0.476187774601899,-0.0117642168137583
"LOC_Os01g50820","blue",0.710476308259448,0.633048029366268,0.471862155870654,0.169194004069683,0.276643525967396,-0.127862668640908,-0.00603717516770159,0.026065152003473,-0.239765167471072,-0.380379726780896,-0.774046607879624,-0.100163752635798,-0.206654033671717,-0.148485206452662,-0.586979240398726,-0.111081744571973,-0.444694270760201,-0.421042636105302,-0.0199214245615095,-0.582372365437171,0.488532794537852,-0.181448070274683,0.235456774723774,0.826804560867197,0.40579926538916,0.0391771639258404
"LOC_Os01g24480","blue",0.709628969470323,0.632719565817607,0.443333727815929,0.0058455351195756,0.0830592262719635,-0.366263702031782,-0.153606362906821,0.0203343840200137,-0.340293100929756,-0.423910223333313,-0.779270442758468,-0.0908887413049176,-0.159225913257196,-0.11481597370438,-0.562779518447359,-0.0445782186230455,-0.304309278978088,-0.386539042815503,-0.0832701203435844,-0.622521940528567,0.458684189869444,-0.20956143962116,0.276862345178503,0.806760796742568,0.446899979990761,-0.186246123299929
"LOC_Os03g09100","blue",0.709224624403363,0.641989119473428,0.351250619309548,0.0523297421494441,0.130590435531334,-0.3915994337429,-0.228001015998237,0.026622918672193,-0.307107824658445,-0.562403818247833,-0.904152459553149,-0.338335446889996,-0.238944003579808,-0.140396270688925,-0.648852853999528,-0.00532573341031713,-0.287337933589894,-0.236973523655908,0.231357273732148,-0.458760036845637,0.50145295420655,-0.296079242396708,0.347224000296091,0.950155657784681,0.664844158691167,-0.174254861204939
"LOC_Os06g39708","tan",0.70833954171774,0.789807313759885,0.968751183393336,0.380777089554187,0.209344156411834,0.0435049633028283,0.126597168696601,-0.00510045383911614,0.275797665124999,0.0793907395000285,-0.44785774523862,0.196827581849817,0.0388863869820443,-0.479130443164877,-0.834049224619273,-0.20470058144385,-0.455125776268924,-0.724517863159414,-0.0749223156882158,-0.443180275030973,0.280197405446612,-0.1492836522026,-0.320654264558367,0.46787457182293,-0.0266651211972958,0.13203636676309
"LOC_Os08g15500","turquoise",-0.708215604894726,-0.623967972130192,-0.352823802860385,-0.00514287760013791,-0.226660619838842,0.327364714305331,0.133637324930597,-0.175342807291715,0.444298737838813,0.527355221756524,0.847218972238004,0.2157746379701,0.159872429108199,0.113214225414371,0.595097182947948,0.0402567216514004,0.21999772409995,0.154401340960899,-0.215332339150315,0.509106362127775,-0.384150261192206,0.40816472853618,-0.479703162373934,-0.94506877335885,-0.626693929939854,0.111283181769162
"LOC_Os01g32090","turquoise",-0.707615046343461,-0.654946959108254,-0.509374906795765,-0.148474960244051,-0.0581449721235238,0.296528898427084,0.263434658858784,0.120944136616584,0.263479929601429,0.500409621697178,0.869196206754902,0.25953339326604,0.270151814143927,0.231737961291959,0.72702968596944,0.130849630578751,0.398336438411884,0.373768472998766,-0.125274310676303,0.458844604085519,-0.578348247926351,0.132407294159027,-0.232351673220866,-0.84822818105215,-0.562602386791936,0.163409324863871
"LOC_Os07g13590","turquoise",-0.704908363952041,-0.58843040904518,-0.413398821772058,-0.108998283309364,0.00581621203811034,0.32042820495788,0.282167909660381,0.25990452291675,0.125552913502299,0.577613788208454,0.857369400881816,0.285894516394538,0.302571318025485,0.0715640242075059,0.618622620668951,0.129640765699681,0.349699203398625,0.285142444992215,-0.344915171774659,0.225038935233511,-0.60874704589841,0.0505903185870242,-0.112749304135862,-0.813208862502004,-0.627388703826704,0.199173862619345
"LOC_Os03g42530","tan",0.704578651549949,0.78367937314435,0.948243468173926,0.38180497131867,0.136860279959394,0.00459405877488289,0.0601051968715149,-0.106299670754485,0.246793315359143,0.0299052165124212,-0.488202413391456,0.0902354086434849,-0.0493930437119874,-0.497690261569113,-0.877496960155495,-0.187370822208896,-0.475044646448072,-0.740407657235869,-0.0600421915694973,-0.42139329629279,0.362431943794785,-0.0770852995820343,-0.309564676891677,0.479144760846198,0.0129710952044375,0.0765205221151242
"LOC_Os03g37470","blue",0.704090468564914,0.517980841204435,0.413153074653719,-0.0783253436202118,-0.00267692475904053,-0.425378821483237,-0.363250049147431,-0.0642639761193451,-0.430804383267525,-0.621894706450606,-0.84300305884503,-0.173899876597804,-0.211650918970479,-0.0311161930532684,-0.514175621561229,-0.0997069966252035,-0.234903380958642,-0.192671775913011,0.148528462017794,-0.423764819374265,0.520969705734113,-0.153964788439989,0.397266234354312,0.868805863602536,0.659322813483636,-0.272608978855342
"LOC_Os08g35420","tan",0.704052618685046,0.818377746637848,0.960740270480514,0.386750151918746,0.135798546410928,0.0104652701727225,0.0619080499226749,-0.118165795689394,0.276580670879807,0.0200883157444655,-0.490094894996255,0.107929088218482,-0.046951618297598,-0.496260176433916,-0.883814703212096,-0.227336124646188,-0.480598858808232,-0.733391038874142,-0.0221097819852154,-0.386358752596753,0.358746218901908,-0.0846240717935282,-0.341083808235181,0.473596369135179,0.017856719041726,0.0796216978183309
"LOC_Os08g05650","turquoise",-0.703047547638977,-0.667627633667518,-0.581708903746982,-0.271775296584471,-0.0888693266922856,0.197346454810829,0.140290694887475,0.239928926621452,0.146187302724402,0.427801598269224,0.888486621382654,0.130053171090185,0.336662489162448,0.169325290312263,0.693071024786183,0.148978096783845,0.538246273117817,0.547265838437428,0.0110064686663987,0.551536268003408,-0.700693575353349,-0.013110576568034,-0.088222197387316,-0.825774519757745,-0.488919157546079,0.0860060716765668
"LOC_Os04g58390","blue",0.70209159093916,0.621681729886848,0.314716523188471,0.0640447677015966,0.264791188668088,-0.311294673486657,-0.0888865239471906,0.179752784866037,-0.365320281174451,-0.453599023194691,-0.844419674587156,-0.162853964844464,-0.138345525173481,-0.114894669930581,-0.574225431453348,-0.0794479313810247,-0.292856057845577,-0.236742923605484,0.175641317927763,-0.553591660567218,0.395227596992053,-0.389587428306378,0.409147861885212,0.946624224360037,0.568858439923792,-0.0549052437041938
"LOC_Os08g33390","turquoise",-0.701491341504611,-0.532599823961047,-0.302736935473641,0.013495709278229,-0.00219020973237409,0.458917860292423,0.315585028921499,0.090524785054856,0.334001464407638,0.643528086037116,0.926307077208371,0.292610365228952,0.256573330649208,-0.00815582604070892,0.560991898086948,0.0464807579606673,0.232452412954987,0.173937196077699,-0.296552904898238,0.367678944827741,-0.546238114616728,0.2077654490164,-0.332938508090561,-0.923548330864907,-0.731845486693261,0.289830690338004
"LOC_Os05g22712","purple",-0.700468749669313,-0.675124208768567,-0.784204539997494,-0.428837434474312,-0.15422645531721,0.0248778613431752,-0.127677078421284,-0.0212651975141766,-0.227036337832088,-0.0830161003198303,0.390818019018016,-0.0305062556406091,-0.149099364798099,0.469829033083456,0.899667817180283,0.00215314687718196,0.301238080677215,0.545544953354654,-0.165039139346139,0.204727292367331,-0.157587295684965,0.234702139147091,0.286666902657246,-0.435816095150586,0.0102377902239364,-0.0515608555693726
"LOC_Os04g16822","purple",-0.700152420256156,-0.68048105225592,-0.72633473413644,-0.422376931950193,-0.128093859036044,0.0874347178135508,0.0168823623970905,0.0362624098581899,-0.038597146335097,0.0836495850828325,0.577036064618073,0.0186655803351596,-0.0227114071798078,0.437554737104718,0.929875326320359,-0.0434858137823319,0.380834195839525,0.514734283924422,-0.147219783464545,0.306506305157203,-0.330574647327075,0.198523663312714,0.0827583102120776,-0.599017467056288,-0.161988486233321,0.0024283923601359
"LOC_Os01g53810","blue",0.699079157880315,0.550440312947792,0.383578970818388,0.200590917239626,0.171169010701636,-0.246213985149014,-0.041482866940922,0.015346614534274,-0.25856709660442,-0.352758327989448,-0.795252723628261,0.0774925906640353,-0.0720847385990703,-0.0809592256930638,-0.568252690105146,-0.0805711108764867,-0.350595607295542,-0.332352029325605,0.136040305140908,-0.493243786577443,0.440824259727731,-0.237295181461067,0.237619735409083,0.82874860240876,0.434266730440946,-0.0814990921570267
"LOC_Os09g27210","turquoise",-0.696590930341267,-0.464036176108499,-0.32816930549763,-0.248995582592456,-0.125775845002849,0.218343741169171,0.072056617573841,0.096678845884972,0.338594191042984,0.40365792371986,0.832280701233194,0.128717557349878,0.188434284954264,0.00374961165222672,0.581299338875972,-0.0747097491367485,0.461184358386753,0.361864635776434,0.0103078095946242,0.514227552148112,-0.557898824586307,0.0573086881933146,-0.259275760715852,-0.819457074520089,-0.466575561437519,0.0981046033078675
"LOC_Os08g42850","turquoise",-0.6952417556703,-0.607187388572898,-0.316507719567167,-0.0359921944698554,-0.192051030378125,0.334501162967393,0.188573512358099,-0.0603937029917394,0.394408407772807,0.586583997479816,0.911423735538177,0.25294973180305,0.210252156921047,0.0335951966206317,0.581351675134167,0.038079670750275,0.27726391608781,0.154370465952407,-0.309556124038073,0.419808430305778,-0.470952167509091,0.328415238895153,-0.408582101800403,-0.971164507172648,-0.695494085315114,0.125545902728506
"LOC_Os02g46970","tan",0.695167295135492,0.48215968571711,0.82297815690106,0.533828857929313,0.0571113339790066,-0.0137615149158917,0.101750858993946,-0.0640075760108824,0.36373735952014,0.238878801703021,-0.300666650010833,0.361049597042582,0.289821804077524,-0.440013647990137,-0.790335823618772,0.0754237916460216,-0.342194087955499,-0.713452251836505,-0.0948365870054312,-0.334601584116961,0.183295424941943,-0.0600935710562972,-0.427107262213251,0.312874664182133,-0.193425860668896,0.00953077137997624
"LOC_Os01g73420","turquoise",-0.695141341610011,-0.486941408006178,-0.283700036714628,-0.15345049669666,-0.180543138086748,0.255100752962059,0.215323546372912,0.0388049428819668,0.306903069084724,0.557679178177304,0.873444630711819,0.272752079526274,0.218951596776222,0.0824916641824956,0.590751809714363,0.0261546158132799,0.380655750128999,0.172895900031072,-0.29769791860838,0.308623201538338,-0.518686353571382,0.19739780915064,-0.331812386868579,-0.908199404507191,-0.653710529559564,0.0725532466452774
"LOC_Os02g46690","tan",0.694779466545341,0.704659635146161,0.902033657168394,0.405606698104811,0.0809708193464476,-0.00509512044242927,0.107860055867084,-0.104803070579047,0.415115868725136,0.136691499906271,-0.373480592017381,0.104736076041846,0.0399773916708206,-0.470838503904029,-0.846578647873169,-0.216019014027486,-0.400790021281811,-0.745954637900438,-0.0686509024259406,-0.349107929033232,0.265479008700755,-0.0707246683737325,-0.452811289940612,0.357706644586492,-0.0917050801777222,0.0469181205461375
"LOC_Os01g48180","magenta",0.694433254248247,0.842023517544129,0.651153763142346,0.107353765852764,0.274192929671956,-0.20786749863018,0.0306112119204489,0.269667299753702,-0.11280942025268,-0.142624570839294,-0.583275263258724,0.0463990408148325,0.0283392092110006,-0.355982507845831,-0.708885972678933,-0.136053004567603,-0.245908853960114,-0.45063914013005,0.00426915575627626,-0.58974576304686,0.182047822148172,-0.481075081478785,0.114432255820887,0.705733494916755,0.218275850992146,0.0114324971066164
"LOC_Os02g42600","blue",0.693747838998051,0.637841625682962,0.371858966868662,0.198383701603809,0.357077845281338,-0.0617956350151917,0.0872423528208774,0.0589846590212841,-0.211289005631516,-0.397015845105441,-0.803741185845364,-0.26540308704847,-0.288282395709826,-0.147135582115764,-0.572405787064048,-0.153349737578034,-0.493110401527515,-0.390028556119915,0.00436433805460942,-0.58658208242478,0.50995002125124,-0.177968162018376,0.238375906385693,0.85046273156749,0.450384519240902,0.122926056457844
"LOC_Os04g52130","turquoise",-0.69219422126681,-0.628798975741603,-0.330091607375124,-0.0925655589444869,-0.204188767994245,0.322503510145012,0.157659568816846,-0.092521894076798,0.350245149660494,0.493423676625257,0.897677416267603,0.208094288775919,0.171015641599499,0.0960603970479512,0.62047120844856,-0.00854331080725897,0.320322866100821,0.251003020989644,-0.21008820318282,0.506246148985094,-0.45123330208723,0.328546312110458,-0.37176390920472,-0.950123525497324,-0.603438288830291,0.11016456873302
"LOC_Os03g06480","blue",0.691984456475306,0.336895078855642,0.205319764332409,-0.0564760337174015,-0.145744430272109,-0.552497146046634,-0.336492693127095,-0.115230249305122,-0.286323052025388,-0.591043379155294,-0.790924379806611,-0.280384962539257,-0.163904282540753,0.023384751487327,-0.497405963703173,0.0166569073142621,-0.0687290672306562,-0.116090787620234,0.282121585399186,-0.293608082226352,0.487791431209637,-0.132384485619745,0.344597711167504,0.804415317554584,0.641387511432781,-0.408873546655458
"LOC_Os05g09728","turquoise",-0.691402534773182,-0.627084409436491,-0.38634578298137,-0.218846783447762,-0.160555295755805,0.170767239647697,0.0952991558190371,0.226528528123784,0.169308386744985,0.521678495644154,0.917587201576535,0.27774642241896,0.399236668509449,0.142737899740403,0.592960660415287,0.10751317857493,0.555443471244624,0.419034151693181,-0.124712056507179,0.445549293436623,-0.689040049713246,0.00796142381289209,-0.144170519670013,-0.850200398533977,-0.578950843363667,0.0350973927857986
"LOC_Os06g43950","magenta",0.691105539677863,0.81768395389387,0.698080573673505,0.108046702262379,0.128976962616809,-0.235088404714862,-0.163485925149351,0.0853071311176296,-0.111256236385837,-0.267685170982455,-0.627520386123259,-0.125305932950075,-0.035575730243377,-0.368763187495931,-0.798927901415919,-0.0198891513723651,-0.259319256538753,-0.37191567876405,0.228667479655488,-0.330059296849562,0.256835201663697,-0.354636756261571,0.0467156686841383,0.684956830345548,0.320248920689819,-0.0882426943174844
"LOC_Os05g38170","turquoise",-0.691040411823376,-0.613648462312373,-0.417520660750221,-0.165230720745303,-0.0390762901726795,0.318778537066126,0.23176399774709,0.178344847258802,0.312655353031884,0.565123863950647,0.949705092278714,0.268773816332531,0.292032972766616,0.143081489279811,0.669801200929953,0.0462559234691828,0.385660695131343,0.288803810628332,-0.246133090461506,0.384081305191641,-0.630801644263459,0.0996931708889247,-0.269119313964667,-0.902594507383193,-0.664146592411159,0.20133427178914
"LOC_Os01g57954","purple",-0.690919720145006,-0.755035291221717,-0.817741242046889,-0.407000924814996,-0.164596478564846,0.0553588186344358,-0.0579546803615958,-0.0412037080084889,-0.144475878351454,-0.0385966137165775,0.471197795007518,-0.0500265218904429,-0.0954601316866161,0.482840442897914,0.938108890392399,0.00390852323130926,0.345048534490354,0.574314592840179,-0.107974979346718,0.326469477871844,-0.219551194169139,0.259171352074416,0.186036456765212,-0.519229980970832,-0.0413577883590633,-0.0419006656643966
"LOC_Os09g08910","tan",0.689327356997954,0.754655664665376,0.982358542129589,0.405635034011912,0.185635367125542,0.0681360424223829,0.155850089125247,-0.00404113051446829,0.351522241434495,0.182645165364928,-0.347212609335313,0.279410873435142,0.128922111604746,-0.506654968584676,-0.831592398073142,-0.151946816245819,-0.418290848272629,-0.748910008979258,-0.0906679151797945,-0.402983730726252,0.204953406129862,-0.144884209645236,-0.412758044300486,0.369472774514993,-0.140503158276932,0.134533796250481
"LOC_Os01g20940","blue",0.68929034101197,0.602842484034246,0.469801977713579,0.184976521797407,0.00247260739712547,-0.33554668425934,-0.207031402821987,-0.159616422889208,-0.179785656354338,-0.469226078047549,-0.83816004275498,-0.184188599636535,-0.229698801432855,-0.19442517331775,-0.6698545633018,-0.0227639541601078,-0.333583315207291,-0.357754394263629,0.134707094264737,-0.419065720860215,0.56890372826276,-0.113094125730456,0.162200945959684,0.811906925910954,0.544856859857908,-0.22168046211554
"LOC_Os06g21410","turquoise",-0.687881372665244,-0.606239148703827,-0.368420917162342,0.0907147224958891,0.0898059847032741,0.473317906133769,0.27255114894354,0.171949879074966,0.306812542536168,0.541922876853773,0.84467959325793,0.368497108724983,0.386107922068457,0.0133162408833544,0.540965097656054,0.226666820181804,0.306879869874468,0.396011607335788,0.0583114793386362,0.571433146745216,-0.605978748491863,0.0345182833522319,-0.257944208870288,-0.796951292017063,-0.537440428728182,0.316681613916986
"LOC_Os02g02520","turquoise",-0.687444316661632,-0.646401282903463,-0.502599035708419,-0.211621468768209,-0.21375704558767,0.179557066590122,0.0897978774190778,0.0358360471220828,0.375357885726642,0.461394297875498,0.895683255548194,0.165795630801631,0.274189629867654,0.122157793409621,0.663037744162416,0.0479126742224383,0.467044571977469,0.390610367230682,0.00473063887107807,0.61450072003923,-0.590060270359836,0.158965094370389,-0.313052980471387,-0.902747763875386,-0.555189633382937,0.0393023723213083
"LOC_Os09g04680","tan",0.686984580138606,0.803658087673689,0.973547130742401,0.362034367141389,0.215672530547343,0.0560200909785484,0.127265721849491,0.00393939808840303,0.256113623634949,0.0883177544213978,-0.428743874012703,0.207974520967405,0.0328407683600831,-0.454021728822869,-0.822864449345753,-0.237099873843721,-0.455979152602679,-0.72041088094406,-0.0866023104639418,-0.445023097119959,0.266808916751668,-0.153591049076232,-0.31604629508244,0.453722284046843,-0.04072078737495,0.14622126386222
"LOC_Os01g10450","blue",0.686778232202875,0.350760291282835,0.201479729505474,-0.238907502305215,-0.206465383908788,-0.658639728928807,-0.448487273906301,-0.0265736131973968,-0.417618057757866,-0.640927028335232,-0.777883161617972,-0.277990547359281,-0.082070415122004,0.0107359651084437,-0.484381583604154,0.0517946615274214,0.0581361579833526,0.0224538223696795,0.371220718138282,-0.21533288664113,0.358629760154721,-0.252452632330148,0.434539672084332,0.814459317544949,0.672625245324214,-0.510542603805763
"LOC_Os03g15690","turquoise",-0.686621405625436,-0.687233860139733,-0.464710099706301,-0.230033069654631,-0.209611515449523,0.176086029468142,0.0701763457759903,0.115642770847819,0.158110269135189,0.496147027071326,0.894369727964168,0.321954695287838,0.325933311873611,0.17281310644639,0.687533482850204,0.173513426315546,0.463852024679624,0.357035744983511,-0.280186543443393,0.379623876715312,-0.582570169808515,0.171309048920273,-0.149754665879546,-0.885326889572425,-0.6059167427255,0.0171772465215152
"LOC_Os04g16834","purple",-0.686401512148403,-0.743858751160982,-0.810591492701594,-0.429859044327999,-0.176690004748427,0.0390748723922948,-0.075693702644526,-0.0441489114251339,-0.187886064560788,-0.0511418144431037,0.460337398820315,-0.0512048468884467,-0.107741538145284,0.505967545344657,0.939292237010041,-0.0210061849971042,0.352241031987403,0.572808796142154,-0.120700847684536,0.301318270874831,-0.211473747665055,0.26500266440277,0.221214207135769,-0.510338082802096,-0.0311259449331452,-0.0611715369275805
"LOC_Os07g48420","turquoise",-0.685690889977959,-0.484260374804529,-0.325709177550741,-0.0882844669265145,-0.0144983050327863,0.329698769568934,0.309314107707879,0.196660939309279,0.40282898918716,0.676600204043395,0.906399335728214,0.335790942229474,0.333467058099471,0.0770528041699985,0.585390676668975,0.0840962176699304,0.348901242839592,0.132833738934935,-0.265242251701671,0.283184041820812,-0.642488909100392,0.0487085253202541,-0.389958257246273,-0.886875380889704,-0.7351381350825,0.208665932820711
"LOC_Os08g30020","turquoise",-0.685608005412188,-0.506896326293916,-0.370082660013267,0.00623443987753227,-0.108871642752472,0.270847492678009,0.143778227443901,0.0542173293979339,0.387911798780325,0.483258999384124,0.807268288095843,0.0448365404885217,0.247049552956567,-0.0449623651850172,0.448442973353251,0.208372181033164,0.370622954424011,0.314053626742659,0.0620275936315524,0.575001502484914,-0.540043044490989,0.0833525887074967,-0.343224542446599,-0.826803639342378,-0.496061046427895,0.126144073384398
"LOC_Os02g46900","tan",0.685295676523927,0.765592143660422,0.913407271306801,0.425420446451674,0.163390619752053,0.0149990524680606,0.140209511520335,0.0183245779909178,0.324098478348114,0.158569539075966,-0.379996722943732,0.131894957852219,0.126007010972681,-0.496506698371519,-0.859589012582978,-0.0845193778683292,-0.371245136065967,-0.692347050481705,-0.0133865033203287,-0.360769410945465,0.190507764770445,-0.183691660470842,-0.380556317890451,0.400289835382824,-0.079731738997503,0.0844760764509322
"LOC_Os02g50270","blue",0.68518549795534,0.625204712471764,0.334713036733604,-0.0220914841609815,0.307638998144554,-0.325169631878073,-0.0552534988550125,0.374679880456866,-0.274721570247446,-0.359136664659778,-0.682184012896126,-0.113672555469708,0.0540081976052744,-0.0991878347127352,-0.556016753489197,-0.0601625407591322,-0.0931565504087538,-0.133046517328464,0.289115633750407,-0.451068274011491,0.139184923698795,-0.587408388912882,0.364500731505542,0.860783788982858,0.467826371256785,-0.0508109612570297
"LOC_Os01g60910","blue",0.683927414107012,0.591117605721552,0.44226433989889,0.164725135023587,0.311560516662162,-0.130126067627026,-0.0384747990671238,0.0661903026875292,-0.290549079899789,-0.411339839555895,-0.813406805468305,-0.118348407197099,-0.203666367046051,-0.123042151266508,-0.55869400022017,-0.045929883965772,-0.477246115904064,-0.368574103046847,-0.0255528836889378,-0.600084879778401,0.496952290161535,-0.198308717862617,0.287132804077776,0.874758810562406,0.470326231272383,0.0555952865448171
"LOC_Os01g17150","turquoise",-0.683828832353584,-0.653476873365199,-0.350858367798202,-0.0873662436686602,-0.163372755050143,0.304221979417886,0.191981645622071,-0.0075132661454839,0.350231819556379,0.543341132831865,0.900631670632768,0.341664025124603,0.260678712775647,0.137216998325541,0.63254646508114,-0.0561253096177421,0.357434183647406,0.243640892608646,-0.193970170992675,0.45152772419703,-0.515809920704181,0.243578508378779,-0.34270560708724,-0.918448510259851,-0.632878753296695,0.11803343430107
"LOC_Os06g43960","magenta",0.683649037101867,0.892483789787986,0.769843093280826,0.193721231256528,0.307923258396813,-0.10098535085819,0.0241125581553683,0.170056107908187,-0.0594375491403829,-0.196748317034292,-0.64707658594711,-0.0265381492215813,-0.0514706671461257,-0.386094560529358,-0.813519108028332,-0.205775726464139,-0.3668026577592,-0.468907290123774,0.11064200477299,-0.485110500523524,0.28332211715246,-0.395576996258285,0.0521727931791474,0.737378210496731,0.291246033262299,0.0913273406535869
"LOC_Os05g37460","blue",0.68303478484534,0.416623083769115,0.317915269580742,-0.0494830897286849,0.102394169812989,-0.449757894389707,-0.232347632070275,0.2452126209115,-0.403998691693313,-0.402189277506555,-0.667738123590269,-0.00719973493390804,0.0931237198730296,0.0484422631239406,-0.519343781811319,0.0770265946581618,0.00362714116911042,-0.085814142817669,0.227260503849684,-0.422415680478613,0.193533475302813,-0.466874369581258,0.420782226081885,0.817472297343097,0.507221794044687,-0.233799106275267
"LOC_Os03g22370","turquoise",-0.682031447530933,-0.705151373057166,-0.483111053713101,-0.170427875973157,-0.184347137618074,0.158272126290986,0.110420589735722,0.171182067985564,0.25529863813778,0.466252883295589,0.915939831845879,0.19979214890404,0.425237430411328,0.166057459629487,0.613470674814475,0.165763261515397,0.614286293306526,0.531124150460449,0.0900539031383929,0.64437504112977,-0.698422096017267,0.013769465990145,-0.190755876979354,-0.864534001707317,-0.50173944090201,0.00742510463695385
"LOC_Os01g13520","blue",0.681512243591112,0.497286805346874,0.244881982375914,-0.232286221135978,0.185216462206024,-0.494919673236823,-0.239684121301679,0.416598229083697,-0.403773739845937,-0.45220771980443,-0.641510033597834,-0.147981109936741,0.0793730625553632,0.0102335161742948,-0.446665796163023,0.0582580896600755,0.0871713157349804,-0.00287426990399393,0.268558404313383,-0.445033636761747,0.0782354989843525,-0.629728451311972,0.481620874521847,0.847884543703151,0.548097181883537,-0.204941006115872
"LOC_Os03g54130","blue",0.680791928493933,0.512082099632332,0.228752326759211,-0.20424278483813,0.247302876159655,-0.443677902133291,-0.195097544902053,0.419604875539219,-0.393228553090347,-0.42382791036684,-0.660554862712206,-0.145816406078576,0.0587445492156854,0.0199830801710639,-0.472492986923608,-0.00471039823761202,0.0266891923328713,-0.0524583999304886,0.269059763049836,-0.467796667649549,0.0871310402654687,-0.634287686345186,0.477680193148602,0.869405444681017,0.519763077574319,-0.139475434277096
"LOC_Os01g05080","turquoise",-0.680455082803014,-0.643983197420584,-0.395714506768663,-0.130621828307107,-0.192221940068251,0.250211074804576,0.181559438113164,0.0571904093925008,0.385971866640761,0.576875077435186,0.958653403437354,0.256196420607213,0.333393463344669,0.0933360245252833,0.612653653683251,0.0942626881780102,0.443683508785792,0.297979864240493,-0.155849220244136,0.520191200660592,-0.61480594947203,0.17798128119016,-0.35851369311247,-0.961536334183527,-0.671054975708821,0.0741783240717982
"LOC_Os01g68140","turquoise",-0.680184205351552,-0.501874118027284,-0.472280491651665,-0.146587457704418,0.0739532515982628,0.299458474844058,0.332797410580566,0.326474850524242,0.24426189300876,0.531631803195315,0.863810742097088,0.104941504013673,0.303235819072448,0.126964931569897,0.577255300171582,0.1030528586226,0.470407757015487,0.413664761292796,-0.0103922228234178,0.423332277900414,-0.711752487232654,-0.136682256817194,-0.184748865232936,-0.778443104768721,-0.529012824776797,0.2326554453474
"LOC_Os05g15280","turquoise",-0.680130132454688,-0.682359398180674,-0.549333549023197,-0.161963957570186,-0.127766700366196,0.157340929287613,0.100759940942086,0.194118709277778,0.132077439703507,0.366964505283689,0.833330210621026,0.19406246647965,0.389191977675985,0.155153775011945,0.612220288812711,0.17016383696073,0.590635885969092,0.629910824225316,0.17992327149015,0.652748196468402,-0.656957749620532,-0.0364608105831919,-0.0418917110598996,-0.764406377654203,-0.39141675502199,0.0324868473317089
"LOC_Os02g05890","turquoise",-0.679920306290197,-0.58733896615122,-0.330955140515567,-0.104707860847597,-0.132307588761904,0.316582313151122,0.22878479031615,0.0381291792375875,0.402078056644663,0.588491448447244,0.931210199877292,0.269983993650921,0.235325497000019,0.0493156831353027,0.597288719784856,-0.00799513527514235,0.350582364255585,0.199839622885524,-0.248814166479563,0.407186343879715,-0.543064480108329,0.204805498461156,-0.376756490282424,-0.94113727296053,-0.680102393542293,0.153833841435798
"LOC_Os01g52980","blue",0.679917344001138,0.62346594978331,0.430574489557014,0.119410235016126,0.0813770994926419,-0.292957570234956,-0.140578645083265,-0.139639058863042,-0.203014320110031,-0.485677839962574,-0.841690469577432,-0.257731818209813,-0.299041246401712,-0.0338697819916603,-0.619279219411587,-0.217474669332031,-0.3534947907353,-0.365077839746262,0.20747374054403,-0.409833371344535,0.554094899312846,-0.113344866505828,0.170709317790092,0.820072637079664,0.551419863971668,-0.140412270806135
"LOC_Os03g53920","blue",0.678197354567015,0.680237418815321,0.540079640189564,0.182086572647596,0.0457270759620091,-0.212464057098181,-0.183664456453113,-0.281538280586672,-0.21280932586346,-0.542168765681926,-0.914385103191754,-0.210052840753164,-0.400753127080123,-0.170096929515066,-0.632858568538719,-0.115568111055345,-0.497704368477542,-0.393007548164228,0.123701031608773,-0.41944143264591,0.717203523478729,0.0253509199548899,0.150319748781205,0.831105856348197,0.615256807470342,-0.130498732153045
"LOC_Os04g16770","tan",0.678129726090282,0.800428158704137,0.950472964775016,0.382490952180943,0.129363663557403,0.0230892652225213,0.0384715793976917,-0.156176466126414,0.224641172754206,-0.0288411178435737,-0.523987254704776,0.0630119765268515,-0.107759450890145,-0.454234018734318,-0.858695949285401,-0.258199666116576,-0.508018082976925,-0.710974603233365,-0.0254913264351926,-0.384607266124512,0.412546290056355,-0.0354499757534245,-0.304594266618831,0.491004405985195,0.0705228361475894,0.0807842555137677
"LOC_Os03g04169","turquoise",-0.67809538211954,-0.651418510398377,-0.366967749369097,-0.10988903306973,-0.148215988901347,0.287469666616176,0.169671784100613,0.0931244925449077,0.336596519256065,0.570286192370142,0.951990689055623,0.274211140425448,0.363766028080356,0.0550073879692748,0.601797308128069,0.132409131884261,0.415874050774159,0.330829889908572,-0.144346476525706,0.536041611015322,-0.62639186929168,0.162309681516265,-0.318400981384028,-0.940748990581914,-0.655736806026638,0.113016764410639
"LOC_Os07g33660","turquoise",-0.676547517706859,-0.630739089318876,-0.299095387209535,-0.0381319819838385,-0.300297900373276,0.29318199998474,0.113869393138382,-0.230943424436988,0.41009708795713,0.49201073617736,0.846201439922052,0.185097857336925,0.123085648085035,0.0845343871273063,0.579156123735385,-0.0245241144487982,0.25635094464461,0.147954643673322,-0.240252040591781,0.495712895934438,-0.345105402280388,0.467672627955057,-0.446423015502969,-0.959399488728682,-0.612480489373283,0.0466986893840704
"LOC_Os02g46680","tan",0.676487495014987,0.761449244468674,0.941902207967799,0.420568996555084,0.142482123867652,0.0418613006530651,0.119961162066817,-0.0950203187204556,0.362287188011674,0.105219294202731,-0.407383674670309,0.100134508169628,0.00752969188995341,-0.497101618153901,-0.845867110740634,-0.164833781228677,-0.439147272485628,-0.74053138976867,-0.0339969416535273,-0.354135966516364,0.296486650406865,-0.0840904778686841,-0.417980258457764,0.399087946470139,-0.0526035446565718,0.0964348382939578
"LOC_Os01g32730","turquoise",-0.675734469216908,-0.604570898071009,-0.379072584063213,-0.184815651378626,-0.168494859672249,0.248926570983908,0.151178284988457,0.0593626043103727,0.402570735732462,0.517473595255614,0.932625498641272,0.213919959136664,0.287365267472841,0.0939097846948571,0.632329473853803,0.0399312846453333,0.448216790477782,0.316890155734091,-0.0866176670135748,0.540779047277151,-0.598374216799411,0.152008811326796,-0.364692905384355,-0.928384289696709,-0.613211800198458,0.0906741827960531
"LOC_Os01g51140","turquoise",-0.675727237508468,-0.601912896624973,-0.45691849863448,-0.35340524417209,-0.0503157513022445,0.144551621047095,0.127221445926963,0.373199589498704,0.045603285785146,0.45919740960635,0.870507502115953,0.238975346188266,0.392799925103063,0.168302112322374,0.636183519095585,0.188167758126471,0.604239439829868,0.509169611308899,-0.0861547593207819,0.366723497633547,-0.746884517018373,-0.153231282609253,0.0146790054777967,-0.753347048403252,-0.497616632885089,0.0684109648434256
"LOC_Os02g46630","tan",0.675454248915849,0.774400047905119,0.934756454827215,0.365824024377287,0.128966410269704,0.0108573355875459,0.129547522610147,-0.0453475819915839,0.413234515984121,0.134061284550122,-0.351101514089294,0.0524883811103285,0.0611808037668442,-0.488112012609767,-0.848292159758891,-0.166283325577402,-0.360312876206496,-0.713858099363233,0.00531290584987387,-0.314739340386319,0.206794928531808,-0.138405374284225,-0.45783273909055,0.354372644487013,-0.0784757741720486,0.0774204487712418
"LOC_Os02g46780","tan",0.675430160029097,0.742084746126332,0.918312475647963,0.346823347859932,0.0260953036603659,-0.054986981076753,0.0568926485709687,-0.181618255142102,0.369982325933552,0.044284285986636,-0.419230871757243,-0.00703873578837841,-0.0271434222269463,-0.481149826436286,-0.839376051069115,-0.200561851320848,-0.3879567349733,-0.713178362884878,0.0170892044719728,-0.282252552613331,0.322301780562319,-0.0195078517258398,-0.429255752031296,0.367196036259222,-0.011108707803482,-0.0122496079164868
"LOC_Os08g32970","turquoise",-0.674779083304558,-0.5668702891663,-0.427489249663,-0.206213264607475,0.00290860734265038,0.248238873265843,0.285864416131415,0.314090410805084,0.273008273130139,0.583482238551399,0.924872995114051,0.223253570332579,0.347329077524749,0.1628895616133,0.643465251629422,0.0660617529031776,0.486245942195791,0.323278458181344,-0.209015989262969,0.306279918905921,-0.697904939463167,-0.0494663908284168,-0.209404464880117,-0.833120930943636,-0.631332317666806,0.18363743793658
"LOC_Os01g12560","turquoise",-0.674645671534417,-0.584949102285,-0.367943107858435,-0.0990258662046045,0.0149730672956496,0.349811058939292,0.285050925907065,0.242441785072441,0.26954935625503,0.627847213409396,0.937067665005407,0.247262841201725,0.329738543659142,0.158399538330355,0.605969199233648,0.0723713925186457,0.353590264298178,0.209416811512246,-0.352540130574111,0.264623039763642,-0.645258536732951,0.0770112395033007,-0.253512208800674,-0.880849327180782,-0.713156203274204,0.23486042341442
"LOC_Os02g31100","turquoise",-0.674301445036393,-0.686683984600263,-0.436767886381439,-0.122005682590331,-0.085486165436095,0.27521740686927,0.219817888411091,0.19713813698741,0.195187495882074,0.57824406059074,0.925109891855831,0.341875728224584,0.435033507551589,0.121986976786792,0.616736492076442,0.156126630875358,0.477549242258961,0.429461716303504,-0.0340163848181074,0.532870387235574,-0.70125473101415,0.0395778757574011,-0.197784269032227,-0.874538073542181,-0.616170586418716,0.126713821705861
"LOC_Os02g44642","turquoise",-0.674243286795149,-0.342030729907097,-0.239935191926785,-0.195969105052344,0.0900497594892161,0.366436469866955,0.234653839288453,0.229991740104606,0.249613663117597,0.539425175288999,0.801547407538488,0.265438835051653,0.148197661182981,0.132036007719794,0.566272077418817,-0.0114182832159291,0.240013510028804,0.101825005026574,-0.363072784323806,0.133656997755686,-0.538059944281754,0.0238916839391061,-0.244407574580669,-0.762295814574928,-0.620159618246166,0.288882055324722
"LOC_Os04g23180","turquoise",-0.674190563894166,-0.54133945127495,-0.274996571710723,0.00129071948545791,-0.0989770318931792,0.398580527420759,0.258774893654652,-0.00227976965832024,0.421340374314454,0.617331137991351,0.863532292050338,0.317076068686976,0.245006730109096,0.00773788552729336,0.558259152309002,0.0330799165952833,0.224632035974566,0.148042908364085,-0.255001864689874,0.410513623556528,-0.487990325370999,0.275998835380793,-0.421693609217179,-0.910445260352695,-0.692300841960064,0.198876814876185
"LOC_Os05g08570","turquoise",-0.674106672459718,-0.614940894318007,-0.436923438181455,-0.136367552091354,-0.034997734132905,0.293737644528691,0.212645679643578,0.206105588037829,0.364570438509959,0.538476486785869,0.931723262066595,0.139227414002484,0.364330248496552,0.0924925135629397,0.581546906097861,0.0791765497885244,0.465573830889056,0.385752874468991,-0.00736568117940171,0.557519455036398,-0.690632628527458,0.0172667665429128,-0.28623393966602,-0.870425830166707,-0.597931039921215,0.179141106896652
"LOC_Os03g22780","turquoise",-0.673593798076984,-0.614297780268454,-0.38994229997909,-0.280420884332872,-0.262514546058172,0.112907148651942,-0.0232717578681991,0.0450059498268883,0.20175508706858,0.345884833901967,0.841024591441932,0.149257703048289,0.282267357017938,0.115521548755374,0.586024772171049,0.0275057739659745,0.561786330178253,0.517113193467574,0.154771058205773,0.693967187743479,-0.596587665548982,0.0882229895227183,-0.175963136504696,-0.832070511309022,-0.406114978016558,-0.0485302451933648
"LOC_Os01g43350","blue",0.673553242144746,0.558933226845809,0.391420397440858,0.0978508912915765,0.330403124601435,-0.175063098914786,0.0331197637390831,0.23656568396735,-0.374515602658658,-0.356386750302748,-0.714519317492045,-0.231201287412168,-0.101625768352831,-0.02700238354338,-0.566196053083233,-0.114221365051895,-0.271420089278048,-0.222160268530416,0.103598759803359,-0.532454083355298,0.309625873218923,-0.356898415190036,0.361735706447789,0.842326831230282,0.465835513491768,0.0392031772980031
"LOC_Os01g52560","blue",0.673273353725234,0.667553248420184,0.387888786147981,-0.0894631536340672,-0.0376348025711932,-0.464091174896974,-0.382537717071967,-0.097442984641679,-0.409225201859342,-0.667627488233355,-0.903167619977055,-0.412692127047485,-0.374200093497421,-0.190705360868843,-0.624540762754703,-0.0522402247622789,-0.260369319233041,-0.204230206961215,0.160730080725335,-0.433912862075788,0.577258912319682,-0.18091819085542,0.397370617996049,0.891125140049789,0.71210080155174,-0.306399529949634
"LOC_Os02g33149","turquoise",-0.67325492149536,-0.599652224822429,-0.498518633798857,-0.299748617477882,-0.0622801468548717,0.171917050446795,0.125223378932631,0.261774646495558,0.282492471865365,0.413235237816525,0.877103226240522,0.146327331029289,0.331516436221941,0.170144287029875,0.682066910405098,0.112694255506703,0.568949694986056,0.449055865740349,-0.0390791053698612,0.451480781642448,-0.68365964063255,-0.0657402191228353,-0.171240859691245,-0.797833976044569,-0.480709315565504,0.0922414235589396
"LOC_Os01g68790","yellow",-0.672995881273523,-0.569463634727182,-0.417389194359628,-0.137477802793377,-0.496266735918733,0.133324452676436,-0.18785684790801,-0.65788873592548,-0.025249086349628,-0.0832470765161146,0.335760288181927,-0.191784118777987,-0.442645641989728,0.270909204432489,0.626470834648404,-0.107466990592566,-0.00595526547316031,0.242190705583072,-0.238921769764967,0.423274233245616,0.254986126194383,0.83523435209638,-0.106627483744659,-0.627037928588696,-0.0561594681966481,-0.162213448469751
"LOC_Os08g10440","blue",0.67267919165735,0.65952896722291,0.431411788147412,0.0500470884832773,0.112092122633212,-0.267690379374493,-0.185727611666475,-0.0803234680104474,-0.314035922177899,-0.529264680557626,-0.836341382980161,-0.200298675437968,-0.336690872463262,-0.175461817796496,-0.592213593813622,-0.111757726513868,-0.376447920810928,-0.307082211303017,0.0809489399434556,-0.483612229273545,0.551405831140175,-0.165218456130245,0.310464134313106,0.835214730429179,0.558493735686538,-0.113464996471357
"LOC_Os03g21900","turquoise",-0.672507351749664,-0.599651879585099,-0.323612309057138,-0.0668284665921027,-0.289590832432496,0.276583300647196,0.0969346684383533,-0.222031052775368,0.41491952275777,0.425759555242706,0.83126025187301,0.109372183721439,0.128831073583455,0.0296440811378612,0.567356627621077,0.012855166294256,0.303295789444653,0.258660322712643,-0.060030654737088,0.640632514783612,-0.374821586931971,0.405071062472902,-0.436674697572229,-0.935611514505405,-0.534449713078636,0.0386204515721621
"LOC_Os09g34140","turquoise",-0.672058312453134,-0.682743604663755,-0.462020851469724,-0.154306560118479,-0.109139327385159,0.20933414967902,0.157400822015468,0.235534781960499,0.260508423105926,0.514814250219974,0.936468935809161,0.207549449760245,0.431322882619657,0.144051333195062,0.594208114132851,0.172547479079159,0.579810515179508,0.480521088534191,0.0109874217943735,0.568675226584279,-0.726477603302997,-0.0266996813122398,-0.189839775733187,-0.861098563171137,-0.553316015481896,0.0771558471311916
"LOC_Os01g60920","blue",0.671734856963212,0.51931841595788,0.342310382932199,0.0921158470025502,0.0438081770239502,-0.310170841661084,-0.236131459478461,-0.179301793859925,-0.31036149679419,-0.593211138874546,-0.856303212590428,-0.411386829727776,-0.362921321229595,-0.102926146427431,-0.623164271927748,-0.0703925152667366,-0.347809761590579,-0.208221922797063,0.26463606868634,-0.306644848303561,0.601683417800045,-0.0856499122145704,0.301764857946345,0.842558940886037,0.66359626304245,-0.172078592451618
"LOC_Os04g16820","tan",0.671664689340035,0.723641972570613,0.958522972135265,0.422424758383684,0.119222644636205,0.0446276822782082,0.048710068329681,-0.136100083460818,0.294467397535152,0.0507224806257244,-0.438700442578834,0.156585012033929,-0.0150492712263328,-0.492258051197272,-0.840636823737606,-0.203091430383142,-0.461931249677795,-0.705251351649387,-0.0438507519014124,-0.349315802607588,0.34504179587025,-0.0415175305752949,-0.35740133328508,0.418210976728872,-0.00348790398060721,0.0863069901703826
"LOC_Os09g37020","turquoise",-0.671494733563552,-0.624012008761899,-0.360327391809169,-0.0102587547043731,-0.276525589962668,0.298717540081183,0.142436141961969,-0.223865732710836,0.45946460823514,0.495870507678741,0.825068617152072,0.200726112045003,0.142365598085103,0.0594663634913876,0.561922435818014,0.00785176834058178,0.269096396782549,0.184125396488558,-0.0992661209814181,0.563514041747722,-0.376111500407092,0.390485769990173,-0.478408548693804,-0.941902697966735,-0.598642924795028,0.0572051324677318
"LOC_Os08g02060","turquoise",-0.671271366583761,-0.63857259188702,-0.302860587313984,-0.0016475868391655,-0.188555545476099,0.371971436879378,0.188729741545922,-0.172024938333944,0.397167527726431,0.5285823941918,0.842716913758338,0.246978937677732,0.142707272125422,0.108582559313084,0.599497124133621,-0.0368342241315498,0.198902884503109,0.132719256596128,-0.2718004038705,0.440067277379277,-0.356058576419826,0.432382041375731,-0.42457899226338,-0.925458318793559,-0.628590718785874,0.152244715071191
"LOC_Os02g46880","tan",0.671105810185664,0.758300552656886,0.942610104818525,0.400256170475088,0.142368854527824,0.0320816280402784,0.0997431439089597,-0.0694304700688474,0.316776014109456,0.103953253679462,-0.408587917555122,0.0651545545568688,0.0100052751391584,-0.497871854715847,-0.860430771586282,-0.129218805798809,-0.423641657662426,-0.725378307811039,-0.0462120977399266,-0.376153254849235,0.283397891496874,-0.103254315392094,-0.381257931611275,0.405566719187965,-0.0446011680413082,0.0909634591333064
"LOC_Os09g38420","turquoise",-0.671019927702928,-0.440637329045453,-0.219668011282806,-0.0856423323919236,-0.115271881528007,0.379232517607044,0.212184746315271,-0.110688641495915,0.40708094693579,0.513155362945882,0.81807003153579,0.19976001766991,0.0405671825655953,0.0643859723697636,0.579943067973861,-0.103664337842776,0.136518058533818,0.0351546569839568,-0.375183064226845,0.302119839511834,-0.341882747625682,0.3712922542695,-0.444182168259163,-0.892453452905137,-0.642620090449458,0.207445876092689
"LOC_Os01g22870","blue",0.670448342594434,0.498311658270862,0.284423437113353,-0.00953374345030693,0.094832811037916,-0.407119317054074,-0.286784874943721,0.0795729218817406,-0.316876919429113,-0.530196547994877,-0.821106994580518,-0.17303401404675,-0.104161854200276,-0.0835211094923962,-0.539036329667307,0.0978419594803616,-0.168816641334016,-0.148667519290695,0.283257903504742,-0.399821925383226,0.394878424070201,-0.339802750831139,0.362719486752552,0.887344690972047,0.630408327272496,-0.209739549776671
"LOC_Os05g05830","turquoise",-0.669985765777045,-0.685955026513039,-0.435737041058763,-0.17156091404916,-0.132172724820831,0.223524385137686,0.168123273180747,0.213662866803394,0.261395235906985,0.593753234222421,0.965576124897927,0.323453680635172,0.438559808425881,0.131542430836464,0.624989201805932,0.163635574074605,0.525617964607717,0.371904899973782,-0.136326688651969,0.470063070602157,-0.722552123031559,0.0362953581363624,-0.229430510332955,-0.906510014138747,-0.661304085723641,0.0798757279604707
"LOC_Os04g38260","blue",0.669939726135107,0.603751921065638,0.415280401391344,0.102655532671291,-0.0070941587720084,-0.28288040749376,-0.307305678814736,-0.303125632375011,-0.308052671762669,-0.650592559974464,-0.917595843375463,-0.372740965195602,-0.474851801856977,-0.10690735003396,-0.602997819900598,-0.152404954024061,-0.480477257794941,-0.320645133513639,0.117303369758265,-0.373554790190415,0.735067684601278,0.0529567116167361,0.237250440109232,0.833416244781389,0.661359228754813,-0.180766097596838
"LOC_Os02g15900","turquoise",-0.669899099457779,-0.648525026788943,-0.384922155652099,-0.149337133609014,-0.132309013426425,0.265715514521816,0.199652541014973,0.136709991273457,0.355241158283679,0.585682084735105,0.970556497330997,0.313256890667922,0.372628372158575,0.126061943548995,0.638202957611604,0.0138032223029689,0.473709304332258,0.324687358789742,-0.134501354923609,0.49754074920424,-0.666911860214414,0.0987675433875467,-0.324438971853842,-0.938654999920757,-0.6677390387657,0.114272260793989
"LOC_Os01g23680","turquoise",-0.669430236468127,-0.675528186204717,-0.486275936473234,-0.067516723008525,0.0241852847926276,0.343568106839191,0.241204745331569,0.222608207494387,0.299316645438865,0.529430983020779,0.879841567614105,0.180288248581582,0.334002547995666,0.0784706546658178,0.618398375688301,0.173056429361857,0.372051607297074,0.36945290865888,-0.148721369626303,0.43219090954421,-0.617405821307331,0.0716871054666975,-0.196231501640669,-0.816161476680591,-0.572762915835002,0.236220239495202
"LOC_Os05g31020","blue",0.668483500971419,0.619971731217566,0.393221858321546,0.00774147802573772,0.262371703768754,-0.235082064193588,-0.173041506897257,0.127830524988594,-0.19666739758719,-0.442620904906121,-0.72638192176544,-0.211931453545087,-0.175041948060415,-0.265257543205634,-0.576572053033928,-0.089939336962932,-0.318991043264861,-0.23717448276631,0.217938516232022,-0.394921817267808,0.371157797184668,-0.334277776425951,0.276606264668252,0.83773909404598,0.509878246447653,0.0127373952721558
"LOC_Os04g41150","turquoise",-0.667723187093995,-0.640206126987288,-0.399840725865819,-0.187410864352559,-0.0564195683398723,0.260640783355932,0.198441639590663,0.273758190752678,0.271115829061325,0.606081546518236,0.967412305585229,0.355177048043103,0.439249073356534,0.12368248525633,0.64869658521449,0.0904547438769563,0.50500707423821,0.360855620744262,-0.153158318538555,0.42212764021511,-0.746001535422036,-0.0199371213170611,-0.239507637310512,-0.888705239272552,-0.665723105995391,0.142491311983131
"LOC_Os02g04610","turquoise",-0.667320218669626,-0.627118475037135,-0.380857104769698,-0.20120743704305,-0.327334050845838,0.140666255597879,0.0589784978196543,-0.0764581632272264,0.246473343593537,0.432448337528251,0.811490848768982,0.225745979568041,0.208388689920684,0.310150051150416,0.633321600142502,0.0296540956568424,0.469963540709814,0.309157552594161,-0.139069090208157,0.477603877902486,-0.463557594802737,0.268414334441653,-0.289930797833344,-0.869367169552422,-0.522047480033639,-0.0822502589389748
"LOC_Os07g44790","blue",0.666589578636022,0.488700871365591,0.354178029856183,0.184798815502385,0.0582680884527071,-0.275846675646614,-0.24692145798147,-0.172103549923362,-0.395918133299822,-0.583050170980343,-0.912360936897877,-0.266357035811051,-0.311461403233893,-0.0783939183141948,-0.59861008766553,-0.0444680315307534,-0.408344613143191,-0.221306897541364,0.156705988090109,-0.389915423440518,0.648796965046272,-0.0513086669968656,0.34748665255831,0.885643781644684,0.669822964134448,-0.16197850074685
"LOC_Os01g40690","turquoise",-0.664972466383979,-0.735609848013699,-0.554553410089416,-0.307978986174383,-0.216754746809117,0.077966871851175,-0.0339796946941208,0.162854376638432,0.0896004065925004,0.340674071577255,0.827190067548767,0.157488693537361,0.3725425512534,0.165845227005228,0.63963134441082,0.185754082076583,0.585499261105018,0.615089338214723,0.10492280047235,0.643132130818206,-0.655452408890427,0.0283853323770414,-0.0263336379152492,-0.775945028286058,-0.392623868373142,-0.0547400209697189
"LOC_Os06g49160","turquoise",-0.664663230348362,-0.67326818900464,-0.392521439714846,-0.123729535541884,-0.0910939854284097,0.272004684648773,0.215754140163083,0.22770230504247,0.297956760064384,0.629677610001799,0.985735791949039,0.351484176171327,0.455385788990191,0.152971257334145,0.618757660230125,0.128263806399904,0.492326777924081,0.338388670878809,-0.185606132831012,0.443285149463502,-0.722177205951876,0.0469348954851897,-0.266589559387612,-0.922051041855799,-0.698268285186125,0.127489419862274
"LOC_Os02g37109","turquoise",-0.664318839378633,-0.495126196892759,-0.461238830541456,-0.334569814170155,-0.0672483122611899,0.118006623516706,0.119920492726214,0.289737638167187,0.14017129248789,0.364304770383245,0.818062612699279,0.13511362726386,0.29842725730551,0.1432760234543,0.602657507681375,0.136980949193816,0.580562705595404,0.542098762009898,0.101200538319622,0.508407078152296,-0.693814022169295,-0.161187744099715,-0.0632223174594118,-0.719383724546632,-0.395666379330394,0.0620041989201888
"LOC_Os05g01270","turquoise",-0.663649566029156,-0.613470477682866,-0.283811251093866,-0.0112223743679631,-0.178451697295225,0.361978299019312,0.217418222393957,-0.0840109595703334,0.419327311510144,0.586914194742789,0.911593388179171,0.306776209974758,0.235630127797234,0.0687556546264378,0.594185569634707,0.0264595969307935,0.260116823107177,0.155121721740247,-0.279994984481752,0.454060383981416,-0.458962749761557,0.352877131562938,-0.447513937771106,-0.968099068858941,-0.695605554313191,0.146697831111718
"LOC_Os03g18020","turquoise",-0.663492679477446,-0.647192374537037,-0.415462363405405,-0.197959808742971,-0.0956564810650664,0.194276980610832,0.166046324706339,0.259991530528667,0.252002680438625,0.538666956783674,0.932630029412292,0.304036251049939,0.440116684890405,0.165852547968273,0.610303000527036,0.095830102576084,0.595077184503843,0.441319566062457,-0.0078426883158986,0.490755634184329,-0.73132952445579,-0.0588669916168895,-0.177394565564351,-0.840537979094873,-0.574117141808538,0.0835638976415801
"LOC_Os04g46880","turquoise",-0.663434449696468,-0.558292491369791,-0.344501776364871,-0.0669493999960975,-0.0933187507456858,0.301644324590907,0.208221198191598,0.101360719708529,0.257659274721931,0.47489814207054,0.828258672560718,0.17449705119548,0.285697557969049,0.0209369273229319,0.48625294410866,0.0662954515574289,0.43581597197709,0.426446093351834,0.0615918389692073,0.590319405456471,-0.585688263704183,0.0408494415004358,-0.230028730063904,-0.813291861190696,-0.491149949278243,0.129660955814258
"LOC_Os03g56840","turquoise",-0.661947923136898,-0.511915379209931,-0.280500796516375,-0.108114701370162,-0.167474192430545,0.332159383845762,0.154306806986797,-0.111864175025819,0.434697024273021,0.490343930331821,0.835075998189751,0.166818771847362,0.0852411011402175,0.0550323733815072,0.591836092601087,-0.0302034566684539,0.190348734366185,0.100142078452277,-0.323456816547467,0.384351703379087,-0.37552688686779,0.363561142408343,-0.439068426969081,-0.909437389874319,-0.618878254201457,0.153866048610107
"LOC_Os07g05270","turquoise",-0.660675540070395,-0.693595142349567,-0.499723814834505,-0.100926873730946,-0.0316320153885381,0.250938686558336,0.184795786171134,0.247331639118242,0.151777589891588,0.459048082027891,0.843130317731303,0.335215448353309,0.447181880130981,0.193169379128116,0.647980410351725,0.14052392779468,0.493282337361525,0.520094231006249,0.0262030485325646,0.518312010511166,-0.665103739509326,-0.00906787549272168,-0.0877667514791562,-0.763020810074082,-0.474521097259219,0.126208629971866
"LOC_Os02g46740","tan",0.660564071105249,0.733047628752131,0.912023055986046,0.413654843401933,0.166859205033789,0.00828594866127996,0.125844027864333,0.040865612726448,0.37965432922682,0.172968208185908,-0.321105280803099,0.177518615740167,0.159053098386389,-0.584295567254626,-0.85594199573912,-0.0269382033149264,-0.334174416105337,-0.668291111805084,0.0121857562312419,-0.325048578215521,0.148580624884562,-0.230769958873389,-0.387474496857906,0.367214840360664,-0.103778883764668,0.093023222700303
"LOC_Os01g52010","blue",0.660551943948444,0.463748064205957,0.224190389753126,0.155269481994911,0.140323561111705,-0.303593027086139,-0.163982728840141,-0.0326991618176618,-0.312578499639525,-0.520959134539687,-0.857785480740981,-0.156626208958033,-0.147991539305239,-0.0786714689717665,-0.53846306054188,0.00370573914651483,-0.302988362091429,-0.163108799044415,0.350347934545677,-0.320708538172313,0.481917729228767,-0.21599150715712,0.330276457117651,0.888747606375917,0.615114247572278,-0.127665714694626
"LOC_Os07g22600","turquoise",-0.660315277543363,-0.537634005270097,-0.307388220907891,0.0621460958493815,-0.0970361005370221,0.410859921923793,0.278999714733319,-0.0622125338367557,0.416354990780127,0.61512528994967,0.841322734029821,0.183591168394254,0.167897904096249,-0.0114755886052354,0.526959419192201,0.0777873021109769,0.154035977764665,0.0772071020883285,-0.317221236973519,0.373508359155586,-0.417121425587888,0.352926869655117,-0.436000111097986,-0.910538765017916,-0.695207031510761,0.218746755506187
"LOC_Os01g53150","turquoise",-0.660077076119372,-0.591804460741377,-0.339870115325181,-0.141166916497761,-0.119936504967074,0.287452536841018,0.222659118719738,0.0702439758803666,0.348046223710901,0.538051068668376,0.917716672116655,0.20270324797065,0.226503730740182,0.155466374082309,0.618673081740881,-0.0717721650779912,0.393976274314986,0.236054066506981,-0.229050490548617,0.396182028622487,-0.553353773632913,0.176402550461776,-0.333079612396764,-0.913102595629265,-0.634026222686673,0.138018539192759
"LOC_Os06g04150","turquoise",-0.659282691077131,-0.670485210293684,-0.313644510866188,-0.0269550244672622,-0.263050222286694,0.282862783592165,0.153795128293262,-0.109589817622606,0.395687704562758,0.547918705282983,0.906791881131796,0.27819977835355,0.281826190764791,0.12311684596446,0.57786992181455,0.00707844653860932,0.360475968416526,0.243464547206527,-0.138283469386231,0.566206562979669,-0.48388514910408,0.341191614654962,-0.426719260008731,-0.965053959962407,-0.645012055246139,0.0509128178984028
"LOC_Os04g33490","blue",0.659152322926874,0.471485396793469,0.378146634453704,0.0773854276243443,0.296361961819703,-0.202634807882216,-0.0808206205679721,0.30029163088966,-0.459671761225821,-0.318783014760492,-0.677763841336465,0.079565451078623,0.0556382579205269,-0.0706932494871914,-0.499907247873062,0.0580212708436546,-0.257250116545129,-0.194978727801877,-0.055161705194317,-0.606553474601825,0.261821934197635,-0.369021819588936,0.460845280873281,0.826036742914168,0.405437362278483,-0.00674039928336867
"LOC_Os03g53270","turquoise",-0.658836594257381,-0.717731622794051,-0.479986186929071,-0.190525488029632,-0.160500202383609,0.225477345945864,0.0977667103745468,0.117942716825348,0.135455110789485,0.458519451692411,0.852801643062191,0.280651015187245,0.336003300820731,0.22858203604691,0.650889428178908,0.149663155489475,0.450406748087734,0.470224153305346,-0.0615130813835793,0.542677172896458,-0.612504538987747,0.114108386251403,-0.136125283340348,-0.830181776807104,-0.515430681009081,0.05481940131974
"LOC_Os07g41630","turquoise",-0.6587801228232,-0.649910308570642,-0.340968121457245,-0.184294089581682,-0.363941442541028,0.108976356537209,0.0326011009494267,-0.0884071138404955,0.232692313105598,0.430816934826427,0.824919869301859,0.224674034049151,0.2248725370363,0.167370692569472,0.593725342380018,-0.0225561630338816,0.474281740762237,0.309590457286783,-0.127755710500441,0.490151199006553,-0.457710512317487,0.295741701653672,-0.259762559691726,-0.877780089720777,-0.516725706455542,-0.0991612299747707
"LOC_Os07g49410","turquoise",-0.658405267270264,-0.541387196514069,-0.315874880461786,-0.0655537260624429,-0.09210943136362,0.31742394070718,0.216256255641369,0.100218110641308,0.438277488140024,0.631107588893599,0.929168754970256,0.309505723140294,0.354617066969481,0.0570735545163071,0.551393437374918,0.00851169679488995,0.355550622275877,0.216948424865546,-0.0932760277081985,0.512585430294918,-0.644424301244004,0.112329346336421,-0.439744264045614,-0.926928711996863,-0.699195790865856,0.170191435883523
"LOC_Os08g37700","turquoise",-0.658234141362874,-0.570366920386184,-0.30759741969047,-0.0094468625590183,-0.173600141011583,0.320498821988278,0.207342980689748,-0.0298910375735048,0.461045808328467,0.615115365258063,0.919129024055411,0.236821904090346,0.272598353985194,0.00834063779344975,0.543472783070252,0.0439990158482895,0.300297669640546,0.174892672279691,-0.175292069949172,0.515360411770082,-0.532454970140638,0.262866468722992,-0.473908406652411,-0.9620949712954,-0.697580146112184,0.133110832833572
"LOC_Os06g42720","turquoise",-0.658170030986291,-0.591263508116954,-0.360752609566037,-0.118824963187344,-0.0619826048717368,0.248981383584922,0.170094110186352,0.254594734870404,0.321298344538463,0.543427068506279,0.920280201376063,0.320651106728253,0.461669280214428,0.0560215694824898,0.549605856870528,0.0831713815402094,0.55070519807249,0.438086269375907,0.0656303802794291,0.561886661556385,-0.734916761859538,-0.0783700995127086,-0.234185398345034,-0.838278893077808,-0.562070839255827,0.123124521547829
"LOC_Os03g39830","turquoise",-0.657329196029356,-0.654399004433489,-0.380891050252457,-0.126856398128336,-0.198103967961515,0.218018625282696,0.153050483759087,0.111528539247947,0.346183683987779,0.603478263886234,0.967535770875396,0.300046274129674,0.410812296252151,0.092052267446431,0.57926901379208,0.111865788016369,0.485145300172114,0.318633956510264,-0.124395578648621,0.525886077117946,-0.672738233659252,0.120928910771573,-0.332552568935772,-0.951604283485778,-0.686085184252847,0.0479485961050479
"LOC_Os03g41612","turquoise",-0.657295685518496,-0.640673214645951,-0.329636800777618,-0.181939951373338,-0.21410292009544,0.237261670700369,0.106449124062042,-0.011043918792431,0.27155632328793,0.509532411106087,0.862126138082054,0.343131372047962,0.208144703491692,0.160580518171827,0.657458696672998,-0.0238065080697278,0.330609475556824,0.180288222510244,-0.384426331638359,0.296292910862588,-0.454564663706876,0.288021868216989,-0.286749538136792,-0.890986208910914,-0.638341666263631,0.0646543060225168
"LOC_Os09g12300","turquoise",-0.657177027872454,-0.661406622466577,-0.492217317666363,-0.37775881113037,-0.296253907003785,0.0108522387471672,-0.0384919062437844,0.118671378148393,0.228685585487224,0.371152171901124,0.880195882750645,0.134284259010522,0.316090653150437,0.110499692804752,0.636670343444763,0.147640656918992,0.659926469567574,0.506407806457205,0.0365845704859903,0.583927611924503,-0.647558816157646,0.0212878977393829,-0.144663150808252,-0.842607381154369,-0.449952683366802,-0.111119149512646
"LOC_Os02g38470","turquoise",-0.656812173892045,-0.526738600248142,-0.283707351569052,0.00715834455995455,-0.0304538925927588,0.411592627029849,0.358194628828285,0.056913398666458,0.431042562815043,0.681845790347498,0.869475064844325,0.401951551677785,0.268583327402004,0.201552225903121,0.603785593023671,-0.0160517604511936,0.197298847182898,0.0346323292405234,-0.405876633560894,0.238269336540517,-0.501439554317927,0.242177901737678,-0.452737411797084,-0.901306022619963,-0.767107411909794,0.24658760719049
"LOC_Os02g57100","turquoise",-0.656788638368017,-0.711828270701909,-0.490704595251669,-0.159929163262696,-0.0555955825087098,0.225479223368086,0.167150592788483,0.291552872022163,0.186787355524432,0.558121934844182,0.912644900994947,0.382502524363178,0.49827499614626,0.177329342425877,0.637156434232044,0.213225894955109,0.54338580848644,0.477267992193138,-0.0095860599763211,0.505257292966349,-0.749608229766002,-0.0488237142788539,-0.121274358856559,-0.81120561835934,-0.575724013608247,0.114628870057702
"LOC_Os01g24090","turquoise",-0.656568097745349,-0.511029206802231,-0.351384798617558,-0.234944842267518,-0.0519154355725269,0.231441029439445,0.184723834453708,0.260250875769999,0.278460349143821,0.555638670450292,0.92519226462747,0.18455392796135,0.308092642725826,0.0599023484213542,0.556418684324696,0.0801035828409238,0.478631805846095,0.293553574194049,-0.203193087228078,0.347581235038217,-0.679199090055811,-0.035622970896683,-0.221402569116225,-0.850335371090248,-0.6267700117782,0.144486265907579
"LOC_Os02g49870","turquoise",-0.654626563807361,-0.65659757070116,-0.422116902109743,-0.156507191738908,-0.163264023239002,0.192300448442142,0.177145181538894,0.185543654321912,0.306921048022655,0.550927814841188,0.950835238999013,0.244290696024537,0.448269768381876,0.105155992727431,0.580690748624926,0.119729073454405,0.573261988043185,0.439929429549646,0.0178912619950747,0.595500943592599,-0.726408479795768,0.0165022048739634,-0.256660588943035,-0.903241587753869,-0.602582144794093,0.0436590581264973
"LOC_Os03g45710","turquoise",-0.654509874030359,-0.63521521759183,-0.292918700207908,0.0427105188230238,-0.23134673088023,0.344839293330463,0.187964562701526,-0.223521994201953,0.360767303766064,0.488249507171593,0.801195913027074,0.270065514552691,0.102933490822382,0.147998539765467,0.587914697923107,-0.0864653711369693,0.212885274574117,0.132085381980274,-0.269523631508528,0.413195223828813,-0.296423287408945,0.455371689017335,-0.405142363753969,-0.904232700281692,-0.583784918875362,0.104540382415505
"LOC_Os08g35020","magenta",0.654389703043446,0.876024104716284,0.728670964370085,0.204506632827048,0.241023238778271,-0.0909460876574947,0.00436694862437734,-0.0449142960082817,-0.0904415428408749,-0.289423683127055,-0.734862007079802,-0.168855349219162,-0.296085675393773,-0.361552920234793,-0.769402853795696,-0.282633599815264,-0.496023859254637,-0.530374390490431,0.0712172401016808,-0.497781914766054,0.481790010625521,-0.203850838173706,0.0315147643203694,0.741322539710921,0.362131873245414,0.0693795658097442
"LOC_Os02g33080","turquoise",-0.654238184818398,-0.583285418623286,-0.483956349903786,-0.194573684068163,-0.0933176479068586,0.187106838820586,0.176890130191969,0.220330007863133,0.182380863739554,0.547653224970025,0.826830511938867,0.298381782203461,0.31131776432024,0.153671451800177,0.604891440718642,0.00701971696565364,0.437806431780305,0.313008659961979,-0.169717326410003,0.347346305504513,-0.639854054781113,-0.00547874279461004,-0.161870438170281,-0.789659314647441,-0.619081485917675,0.0857496009988234
"LOC_Os03g59470","turquoise",-0.654056275981614,-0.427301663549037,-0.257081846326708,0.0247823632760144,0.162632126252002,0.485747979854997,0.438740564477146,0.294321983970748,0.347377391529554,0.739621333223663,0.907706002208172,0.350887489370136,0.379378489601361,0.0546012593187381,0.526316896076701,-0.0241218031753961,0.247482635893935,0.138134122640274,-0.246247728606266,0.275332279131116,-0.684915356758472,0.00273437042273686,-0.355718599576378,-0.849982988571491,-0.766832098259895,0.385512702833591
"LOC_Os08g40160","turquoise",-0.653723057292252,-0.712628943745892,-0.39118150371201,-0.0367746667435621,-0.251434601479118,0.256059143833621,0.0873118926343852,-0.0652606718813244,0.31302412815281,0.495365380398522,0.876800836099024,0.229431827615176,0.323512930578441,0.0571376953003402,0.556956852910408,0.0752633165651024,0.390335284020643,0.377270585214656,0.0133046884779536,0.68437749970105,-0.526354456672201,0.280442258758417,-0.31988193414069,-0.915066967131186,-0.569251666908187,0.0403238046860346
"LOC_Os01g47330","turquoise",-0.653336595267352,-0.584619024695152,-0.276308479731759,-0.0520272228266027,-0.162712778990165,0.33868896476801,0.211130506346614,-0.112953580806443,0.385138931219907,0.502355787913365,0.835445187013949,0.322575738332771,0.148565571449565,0.159936558774444,0.620824851101551,-0.109398055905516,0.242169362631619,0.123779927443505,-0.287505744272864,0.360246943483693,-0.376655270894565,0.35248002128753,-0.397743570265608,-0.893469972833156,-0.618366021444332,0.14446919862835
"LOC_Os05g19380","turquoise",-0.652481148010578,-0.392547438205207,-0.192114684292212,-0.0281731441797383,-0.0342860019644034,0.376418010244383,0.244636529084083,0.103204909831103,0.409162403759758,0.578213176223005,0.855903273245856,0.276092734238873,0.295178156998318,-0.0490686896723417,0.454589790982701,-0.0468826825366102,0.308017417194713,0.24540728344523,0.00153343214827108,0.525282032817668,-0.572197765230565,0.0844862560545938,-0.387264369939754,-0.840706367848944,-0.609974748056535,0.229970110886454
"LOC_Os09g29890","blue",0.652323461189462,0.490703184882481,0.397831238663874,0.20940213442672,0.0133587705809174,-0.261615409367445,-0.250836544940206,-0.263462041093468,-0.270567068027206,-0.58148730896409,-0.877638636345303,-0.305412596063451,-0.312884165239022,-0.0706861878394135,-0.617427571098439,0.143721863342947,-0.400757811075093,-0.249631984817835,0.227661108251518,-0.283310456820302,0.65467301223601,0.00495073340470208,0.202701031950152,0.819929995612195,0.652570809033433,-0.187710500674026
"LOC_Os01g02080","turquoise",-0.652283732132034,-0.641905873962351,-0.392393167482299,-0.20064641287442,-0.14318575738107,0.185956250509352,0.161849962915403,0.231787819401509,0.275476847895627,0.566497961838383,0.96449610230688,0.293063817372168,0.434441383096168,0.13151205279724,0.59747225124805,0.109767039624192,0.578532216257943,0.387106237210354,-0.113587599196294,0.466526357441521,-0.728223177591418,-0.00780918801928858,-0.224835372274907,-0.893873208149461,-0.634028980740984,0.0511042439465652
"LOC_Os04g33700","turquoise",-0.651749156807323,-0.55398970574912,-0.432407638918646,-0.276727700529326,-0.101388702886419,0.191006755524045,0.098467748420561,0.184127294894024,0.223720918246691,0.419652982295883,0.837379543469874,0.138493982425502,0.25807078846033,0.112582959329921,0.632453891658898,0.159882762258868,0.413754479506946,0.363104435402327,-0.203905472544708,0.390767323949468,-0.585482556980392,0.0651370499203855,-0.153210225038615,-0.794256421365274,-0.516923971810581,0.0789072526543314
"LOC_Os01g67220","blue",0.650919173987751,0.367195454780519,0.257400572778844,0.0954706358371606,0.153577853859965,-0.322389293496298,-0.253901518645966,0.18385613636596,-0.404225171351745,-0.435467349424584,-0.712259307697976,-0.0133761071358144,0.0823023748571077,-0.104792516522948,-0.54466747682264,0.235239206506283,-0.155600269707151,-0.0389792316281534,0.232299113461843,-0.33036242069148,0.276969878393514,-0.359787935753625,0.456683311020823,0.832213197583519,0.529343703482801,-0.153287193977668
"LOC_Os02g51610","turquoise",-0.649177419511336,-0.525926921015999,-0.422904128487232,-0.0857846557034009,0.0653406245455426,0.327716896084289,0.268141836536921,0.297287616590897,0.17505769093774,0.523201301660562,0.833476223938954,0.235383494103654,0.354274521994598,0.0502152480022562,0.525267000021345,0.13614374186974,0.411095925872395,0.456348685279092,0.0483429065902657,0.499316046670245,-0.695352337316313,-0.123579487743398,-0.131834780328532,-0.753014390944629,-0.514029681791284,0.226501871010586
"LOC_Os03g55110","turquoise",-0.648394771133786,-0.631745072228804,-0.416887551717881,-0.225185423190406,-0.169114362204766,0.181362506901407,0.126180015600985,0.183795436254241,0.32902955350623,0.543300799603561,0.958145319772418,0.305580810859451,0.42438367060252,0.0318757713447612,0.600397387333218,0.137705333512049,0.559761820861896,0.400715819766947,-0.0335253962330032,0.547877045029437,-0.720121460634539,0.00952650682354964,-0.257243356835565,-0.904362418168685,-0.629005293738569,0.0437180707563082
"LOC_Os03g36540","turquoise",-0.648277367042957,-0.640804319088149,-0.341910781451005,-0.0920505137818867,-0.253540499612358,0.230191558347157,0.125504573672755,-0.0353095663629163,0.374083024423308,0.505733320890297,0.908172555520304,0.246120720190539,0.326262794174915,0.0786369865295397,0.572394744935108,0.0701960760362651,0.438198421749065,0.348730661623562,-0.0328225489108205,0.639405149158195,-0.552542814657178,0.231645457681013,-0.374444520584075,-0.934362976963571,-0.59604493969661,0.0234729238850923
"LOC_Os01g59090","turquoise",-0.648046459503115,-0.654939944658366,-0.359360009003265,-0.0857352691967102,-0.240730445520205,0.249403551808464,0.146730221675746,-0.0223851446386779,0.391347326866768,0.573584342530723,0.928087774023343,0.259712438649038,0.316207965100996,0.083913945127269,0.578360780228707,0.0869951007241734,0.383121795369924,0.240866105104585,-0.19633676987176,0.514761744964971,-0.547986795187718,0.274349050516528,-0.391477505966238,-0.962691988261546,-0.684735741264979,0.0482996549202762
"LOC_Os02g15750","turquoise",-0.647958981781493,-0.655328296298692,-0.393580675733087,-0.151697396308803,-0.110813926620332,0.237027022131288,0.18436944866583,0.218843131856599,0.266792453394236,0.579714398599911,0.955931906958686,0.310317155767846,0.443222434577897,0.144702293917551,0.613584743052417,0.158021829651968,0.502051742984284,0.383718844044258,-0.144852383137292,0.477722561937032,-0.707264022256289,0.041088486330114,-0.235979759138039,-0.89439340460806,-0.646497108442918,0.0948389396657648
"LOC_Os05g33390","magenta",0.647816643242597,0.871418003758108,0.634755115964021,0.367940933238623,0.231846600320797,-0.0145828550206943,0.0777037450553633,-0.0963002933533829,0.0223652102371574,-0.18414579545193,-0.723027835805514,-0.113073842885047,-0.243468322064755,-0.456742192394555,-0.787123995946237,-0.121099148094257,-0.585464096346824,-0.588365274657284,0.0508126135764208,-0.452451314005839,0.488188659626293,-0.135638869628885,-0.0869132084402995,0.680953741736031,0.258963593764393,0.0997177723648189
"LOC_Os07g40700","turquoise",-0.647786235937315,-0.715465523161674,-0.424521988767603,-0.142467248415587,-0.294253116421082,0.178089042696127,0.0725813764922238,-0.0819388657185759,0.186022773399575,0.447717055212411,0.810458402681756,0.225603164974304,0.175801144231703,0.266092911702303,0.65682759090729,0.129243733167428,0.336135691440453,0.213598048462639,-0.386294325683272,0.316091693779029,-0.394377001095743,0.375894745446304,-0.237319213464597,-0.875627084179678,-0.58206349454811,-0.0299218263977948
"LOC_Os07g48810","turquoise",-0.647742135482492,-0.572522250743216,-0.25677880138746,-0.00606856760742716,-0.173766860200171,0.368980913492702,0.207749185985413,-0.13226008637393,0.447916114591422,0.57027106340613,0.869138331729891,0.279370216705499,0.175578471774612,0.0827952734778148,0.578183548387069,-0.0267057906401362,0.184945468904895,0.0959876618443352,-0.282190049639891,0.442249349326439,-0.405746907646946,0.393128417189003,-0.489207690787016,-0.945928998062068,-0.686481796371984,0.162623442909926
"LOC_Os03g56420","turquoise",-0.647386318193379,-0.501300061884053,-0.316536416238977,-0.133042519731732,-0.320009418648505,0.140054397067583,0.047681108489749,-0.102133898667401,0.436593905298925,0.419274558846235,0.804153929296857,0.120594563437759,0.230029015816558,-0.0561697707600187,0.451053420347847,0.104510745367242,0.480008677169696,0.32781619714384,0.163779409410694,0.696095743310081,-0.508507576733039,0.15683404291873,-0.405845887274918,-0.872850950159369,-0.487824993313026,-0.0634218853777355
"LOC_Os01g18210","turquoise",-0.647359991039355,-0.574772722605748,-0.253834500345783,0.0199002747954073,-0.176695703363509,0.379501475571565,0.219043184283556,-0.128155022256441,0.413290997699517,0.588307784775737,0.877525725612855,0.30999703445822,0.194454312928737,0.0418187762934158,0.567661048674758,0.0111307201015324,0.18467181624539,0.0866002244653565,-0.33662439096111,0.407002604811285,-0.40376529138403,0.402654900844297,-0.464836752177337,-0.954459847129539,-0.70949659806174,0.157986302081242
"LOC_Os06g28750","purple",-0.646949586341083,-0.646433691804525,-0.707074576349867,-0.289107804030617,-0.126987317026789,0.177191492228467,-0.0716594282212413,-0.226020678358712,-0.128557789924847,-0.141312437480059,0.348566092618779,-0.147731493205739,-0.297761540382927,0.489949612712387,0.806977908687978,0.00380116752450619,0.150760761247861,0.470568310937935,-0.0822806514443893,0.325108342825715,-0.0104071856732069,0.379305059391377,0.119532352164315,-0.454402495002835,0.0541389004893359,0.043056211106885
"LOC_Os03g63360","turquoise",-0.646640158009523,-0.724901904868526,-0.532406359776089,-0.228378375324985,-0.237377428715131,0.0860215635320444,-0.0190198399112695,0.111090400513066,0.168936845821252,0.342035712922195,0.825711830867228,0.0749402870758072,0.389873344467848,0.195100247838776,0.592823684233152,0.153446299170745,0.616167303028525,0.597920301980807,0.224467584169087,0.739566866626071,-0.653646362918137,0.0387241805312074,-0.134950877595973,-0.794891771688111,-0.380349413241031,-0.0588274560760918
"LOC_Os04g16818","purple",-0.646290644202832,-0.656173095844008,-0.711343429981065,-0.458675774621549,-0.0907273893370416,0.0695852747751588,0.0106715804538205,0.094103445978519,-0.0980516515157273,0.0768546378129064,0.544109417278991,0.0233657426206527,-0.0048813645991601,0.460977478537447,0.913096926569233,0.0019692147527868,0.374471063525382,0.48671865152624,-0.195564198885599,0.222751312209002,-0.340039395672673,0.147567352044858,0.124069777712665,-0.543075047219447,-0.161149606211296,0.00869912477334189
"LOC_Os03g51930","turquoise",-0.645483118531799,-0.674193927492141,-0.297164800615263,-0.0359292496345254,-0.220494374822528,0.279998646572596,0.0904586588097048,-0.0308704652745112,0.308301375878464,0.544059682657876,0.886536472157737,0.313492841666242,0.34153717222493,0.0578467403140969,0.535274488732636,0.10736141911141,0.349932975810152,0.272909315384888,-0.142901712646671,0.545289161315542,-0.525088670369956,0.276281117228307,-0.335063282232909,-0.916981727115072,-0.629607983861013,0.064129295515282
"LOC_Os02g46870","tan",0.645042895751349,0.762930380705662,0.911959701906968,0.416156057730865,0.184313751497551,0.074453001631167,0.168969996830811,-0.0331374965737769,0.357844783952619,0.163976171854256,-0.347746275186088,0.170940081133711,0.0440602942440326,-0.538549283092802,-0.818217095366926,-0.0960462368611908,-0.425692850814545,-0.745000403468191,-0.105908516953516,-0.41435717788317,0.234212940968283,-0.131055922234194,-0.403591325306811,0.353592792263308,-0.121996891173362,0.138878377590577
"LOC_Os04g16728","purple",-0.644966636974932,-0.811316622192608,-0.870410576000845,-0.411442376974556,-0.129486096089392,-0.0164541638598251,-0.0841269158387342,0.107196684422765,-0.296913281720371,-0.0753706716306602,0.436633299589417,-0.0419014943812078,0.023802101814735,0.560056805008789,0.88934160048298,0.106749622535278,0.460327992956942,0.739212213555278,0.0150428827309158,0.367426854699768,-0.3140343096685,0.0956513678054552,0.361028295038722,-0.414666388332993,0.0523088275417258,-0.0808175385966478
"LOC_Os07g01030","turquoise",-0.644655245599155,-0.639229211249733,-0.377879264188032,-0.185958432626946,-0.176992715454341,0.173462306084326,0.0853814186926714,0.171706352571422,0.310783848951427,0.50587396934184,0.941418364173223,0.244387824242466,0.440500219533236,0.0967440144437927,0.560059051410968,0.162062456229157,0.585184745358501,0.451059671228398,0.0519264960607226,0.626416906346114,-0.717200425297797,-0.000393723639870776,-0.263637283864289,-0.884942650212463,-0.561362763007217,0.0251529909371019
"LOC_Os03g09060","turquoise",-0.644245343845657,-0.548408081084336,-0.311971271248982,-0.146653790332339,-0.0532288475096568,0.304835770497063,0.231048376632625,0.20606825806375,0.312995376437464,0.61030984910139,0.957173155702939,0.265127007242794,0.319134673501989,0.0802159365785837,0.577378301380201,-0.0104433432893417,0.402799159189559,0.240302385210743,-0.291033478990813,0.340867285874304,-0.647278195057773,0.0719421783217457,-0.279330494906729,-0.898710334759975,-0.698449624190874,0.18308602298477
"LOC_Os05g41190","turquoise",-0.644070295444424,-0.673522018709189,-0.363869113102664,-0.165449172041155,-0.22988399245549,0.163209969976299,0.0878176756646655,0.123049459760714,0.266931775803213,0.537805580291282,0.933935929605063,0.267639369868355,0.393650184863241,0.0954058894111014,0.578399748601233,0.10076374476061,0.534379977561549,0.35586837834147,-0.139998845792989,0.482777085638242,-0.647850355746938,0.108282666464921,-0.242732877911738,-0.905186101295502,-0.611771152946937,-0.00350420155915213
"LOC_Os06g07200","blue",0.643490723883162,0.583293657404863,0.335043674043806,0.135533775637564,0.121008534506447,-0.206498216601088,-0.0934016381203322,-0.239661983900381,-0.210635235115426,-0.542143336235155,-0.916689861174973,-0.340264919537228,-0.468489350601766,-0.0394648900630052,-0.520948538965146,-0.158680322406526,-0.523063686513571,-0.419111304013199,0.0266621690241065,-0.523885523194043,0.725447474173164,0.0457288990937174,0.187484870897075,0.850191387178903,0.590323236983587,-0.0699343648466235
"LOC_Os02g47590","turquoise",-0.643149666276301,-0.637742876437046,-0.273743685876097,-0.00154684515757243,-0.197851171460049,0.321428983774054,0.21486433858806,-0.0547399697640956,0.375199309147914,0.574857403520115,0.896214618139905,0.303175863468543,0.270776734095718,0.120441141755245,0.570198001322234,0.0434527923948226,0.308937507526017,0.174882702409992,-0.288844293597523,0.425946707242952,-0.469243957600961,0.324195983433359,-0.406531702059127,-0.946507672888973,-0.670520590102702,0.0998927746933392
"LOC_Os06g43650","blue",0.643063018902656,0.428768373359528,0.280129811608671,0.17610944724619,-0.0703506694183598,-0.323323176875324,-0.251177246644541,-0.334325074212981,-0.263240815655569,-0.620932505162538,-0.890248022706182,-0.267423680678963,-0.370206910196077,-0.188208727556957,-0.523139897428846,-0.104537536808308,-0.380504954843662,-0.202661836240985,0.253285331815518,-0.258299551925119,0.70584483886939,0.0703544349079006,0.262408614792439,0.802554768616681,0.672668137910371,-0.246603051698134
"LOC_Os04g51300","turquoise",-0.642542613989985,-0.592986371445551,-0.378778911221143,-0.162510324076692,-0.0410804853601398,0.249583322042092,0.235417234723171,0.318446503168988,0.293476914486133,0.640217022800275,0.981955009618088,0.306601457338304,0.483829982065449,0.0884184118050321,0.572180361447433,0.15851704435611,0.521465625778023,0.344123599947713,-0.145996136738643,0.426801575185933,-0.784202181440957,-0.06091974334542,-0.246611712077712,-0.886865432486368,-0.699522955066123,0.143247194181642
"LOC_Os05g22718","purple",-0.642296278278762,-0.750369904339606,-0.762032579308779,-0.336730122184291,-0.210252154381342,0.0561123908241846,-0.0355153812695655,-0.0788653956498418,-0.077830799528285,0.0334977891981979,0.491960523211846,0.0251371296121682,-0.0298666166961598,0.547799577762583,0.901662301930587,0.0706295868950236,0.334490837609319,0.487524603586748,-0.152575241942353,0.313475887033854,-0.21634147468024,0.304522993243395,0.0774455774007382,-0.553545846373593,-0.124323830939192,-0.0730662670594996
"LOC_Os01g70950","turquoise",-0.641916038628555,-0.336894109554063,-0.341702689135058,-0.173730251590476,0.113219233678723,0.32206282113265,0.337709233313492,0.328220421241195,0.349285385099923,0.583950744922993,0.851846052118765,0.130603833253877,0.272573036996516,-0.0381482318188843,0.523357859856088,0.0792698520894559,0.327459484510315,0.208238452303906,-0.196668423044418,0.275257617432414,-0.662060791518645,-0.0859315145312487,-0.271547571507323,-0.768803778615874,-0.648810767450901,0.286340016904197
"LOC_Os05g33500","turquoise",-0.641680617186922,-0.518508087148654,-0.212893871926403,-0.0820432191240889,-0.0962032502727398,0.339383223664167,0.187325736144641,0.0721871809251679,0.377959244460588,0.603041790814962,0.918624023058418,0.309036046744385,0.282277705726719,0.0912180820113071,0.540750112341477,-0.0406597029423442,0.311819449532628,0.1792067855145,-0.23043549674986,0.418416050848202,-0.567025338433752,0.169364858518177,-0.40375042292243,-0.911602908084091,-0.691301580779779,0.180006094783535
"LOC_Os04g52900","magenta",0.641257986708984,0.838481382404217,0.539829774950014,-0.040401535865713,0.374670759233377,-0.188311697224289,0.00572266314841543,0.393053297677194,-0.194643096846652,-0.195489726682435,-0.579432565409362,-0.178413939336551,-0.0919911973257781,-0.335756665659292,-0.645784929390248,-0.142710572199677,-0.262171490953287,-0.386246082876187,-0.0355614691504008,-0.640899093990194,0.147438853182003,-0.550006813230114,0.232930813039841,0.741665126628886,0.279526178621001,0.099425064329633
"LOC_Os01g51360","turquoise",-0.640901281306395,-0.612513897333766,-0.317437008217505,-0.0558627690441325,-0.0415622814841605,0.323792215065605,0.266113049858391,0.244602593293693,0.270534794895125,0.658045317592882,0.959399901386214,0.368810323795576,0.460807299116558,0.125085253954841,0.555892849731756,0.130001322294959,0.454482483196411,0.29435656274871,-0.20005178580888,0.389686413835841,-0.709898733892216,0.0291557521804972,-0.264454692021882,-0.896668121394755,-0.700903231801519,0.170599307005627
"LOC_Os08g22852","turquoise",-0.640477279712761,-0.405163656803071,-0.17208816186845,-0.17264319834857,-0.192828503049438,0.261044886030334,0.11366331461486,-0.0516434213033013,0.277792199584122,0.459864303865504,0.800863365655004,0.148681427669202,0.092548741631357,-0.00317354243267282,0.479553068398149,0.0680422306715497,0.27855267952649,0.104967211340757,-0.327027241776135,0.297310621621934,-0.399892755077076,0.256434853057422,-0.315123585989114,-0.851939499142413,-0.580689496976063,0.077925711633668
"LOC_Os03g10060","turquoise",-0.640343350270549,-0.584478344306836,-0.259135963005917,-0.0049128646486485,-0.208636843195278,0.340057008923959,0.215806062314175,-0.151941526513552,0.450842235928084,0.562908647518753,0.866576670612158,0.336618229529438,0.193539591728369,0.0681105758573197,0.562196075393794,-0.0711131346015429,0.249524808951941,0.117633425954753,-0.209265726719423,0.465146295474028,-0.411259106541643,0.364021552775803,-0.480698367176747,-0.943624328393519,-0.67111652810116,0.121913886101456
"LOC_Os07g38850","turquoise",-0.640189102663639,-0.544863683245055,-0.293674299871933,-0.0797112443092647,-0.103709393932116,0.305269965335388,0.252434608671425,0.140308774881965,0.416543643753238,0.672714145147883,0.960330180286569,0.356659990100623,0.398740994848893,0.0323014601259565,0.560873399463928,0.0948138392342214,0.381286958761321,0.182744423859565,-0.243681549978163,0.398343454546938,-0.64868809006303,0.130221091615413,-0.400947832693544,-0.94454255054058,-0.760330567143521,0.151925172198424
"LOC_Os09g02214","turquoise",-0.640145352683823,-0.536779079277858,-0.285182332280098,-0.0741054869716715,-0.141922702183019,0.288821479822351,0.167989518354912,0.0546774947531553,0.3761699219294,0.613542677571257,0.919646621456566,0.272167956883985,0.297073749732631,-0.016457630516748,0.54003887126038,0.0749646249131943,0.310680719293412,0.158626155261546,-0.272743099040963,0.403967193414734,-0.558935556531014,0.199932118143585,-0.394022815734013,-0.928040584090541,-0.715490328403222,0.134111824291719
"LOC_Os03g06730","turquoise",-0.640049961541868,-0.52530848717601,-0.442272875654966,-0.269377852601632,0.0723751646633132,0.197749303615126,0.192789898256519,0.457466069739679,0.0689549100495786,0.469363078833685,0.852139472006559,0.198464071469417,0.350662844210988,0.125406711814929,0.60567425671102,0.109104150238981,0.529860205970739,0.419475344023596,-0.240693868922662,0.202358834950859,-0.720941704211924,-0.197438152340257,0.0315900964391791,-0.703720166005228,-0.505328811472099,0.171149927594786
"LOC_Os02g09440","turquoise",-0.639772035649309,-0.5411683827387,-0.375324546516571,-0.248798842594908,-0.010534558968213,0.229868266508253,0.137572716933498,0.275590031241862,0.290832264988738,0.513449269025549,0.882745924287248,0.21285359228788,0.326657182319898,0.152407952908086,0.592415840707983,0.0783421324470903,0.439601600331843,0.306897495227531,-0.158734457543515,0.367585320289593,-0.672224475082277,-0.0388314129030545,-0.22841775779167,-0.792314234981103,-0.588822806894304,0.168572075291293
"LOC_Os03g39860","turquoise",-0.639321768104303,-0.625380593738208,-0.344347727749316,-0.0958132759645563,-0.129187093816274,0.289256139198702,0.190280852703435,0.047871724812276,0.372603989497664,0.554722517338267,0.872901089204137,0.284518108896456,0.281055601472128,0.161735729624333,0.605246705025136,0.13131675681391,0.316865021353419,0.206882640187995,-0.283949668561545,0.389154925554896,-0.512546212802272,0.236461803407537,-0.347052098734454,-0.880574164801698,-0.651959191177682,0.127487181891329
"LOC_Os08g41790","turquoise",-0.639213123337901,-0.513878273620589,-0.48468547191593,-0.237904780776756,0.0398774218697039,0.228771292930603,0.241423614960054,0.341412050687472,0.308495027484708,0.501592358332284,0.86688457837342,0.124290771404516,0.331380694753162,0.107817538257381,0.618365338373349,0.146245337299737,0.48469410922261,0.397655897826606,-0.0582005001476271,0.405942732791216,-0.711579267258883,-0.128604425142284,-0.190444573553358,-0.760577840333446,-0.535364479747704,0.194090883480656
"LOC_Os01g43680","blue",0.639003768466077,0.548509502011808,0.258613370148857,0.0773812716966086,0.203672062763468,-0.26996175736835,-0.165393421461585,0.00050302970755842,-0.387425932964935,-0.602100896387929,-0.898340864869419,-0.374359009873195,-0.334850244497733,-0.0442737119724915,-0.532923884918,-0.0643688709761422,-0.342895584753359,-0.157281094568216,0.214532110780774,-0.435923491561406,0.551744558428528,-0.230429772152507,0.416599875651223,0.94004406418598,0.703317079894756,-0.0745035757667434
"LOC_Os02g46580","tan",0.63820792534464,0.738069769495112,0.886809138360285,0.345668252497283,0.119346302210506,-0.00518270486650828,0.095016928097853,-0.0655275352195439,0.33921692890549,0.11100041566621,-0.367811825647053,0.0361362984766299,-0.0301662000302988,-0.540506715125068,-0.829549186717256,-0.18038015103253,-0.409783989589601,-0.723835199839916,-0.0955785088595682,-0.388367277322206,0.271466512627614,-0.111425933868726,-0.367413331871213,0.37261113427226,-0.0707119352820868,0.0792537646712073
"LOC_Os09g23110","turquoise",-0.637676572573575,-0.489441225619389,-0.384538470860929,-0.129654758925429,0.0295089279734035,0.257619417517244,0.224079659669259,0.365353688294723,0.265857900892634,0.58092378731823,0.911455932929781,0.200888992821171,0.445121662478207,-0.0192635966614257,0.483397998708432,0.117854798924015,0.515606688885696,0.434451357838366,0.0834698317024922,0.535388991505115,-0.804666592247011,-0.197150607787831,-0.206325384381414,-0.797920342930409,-0.586805988962674,0.191786124663592
"LOC_Os04g08034","turquoise",-0.637627786377517,-0.459046753290247,-0.477097680657231,-0.110542400134359,0.104068900821498,0.325323988464355,0.252817536915288,0.314616739904542,0.234156190829637,0.570665624680997,0.808233605012869,0.237359964572033,0.316654597273894,0.0203688657534743,0.582016775867907,0.162327438861818,0.287373353216107,0.229910478563865,-0.249601701368959,0.23814003780616,-0.644355303775784,-0.0595576634116706,-0.190833192407364,-0.747628857898213,-0.629955306815028,0.267432156495718
"LOC_Os05g49320","turquoise",-0.637376687958686,-0.613207751513987,-0.257764897759664,-0.00109092268869562,-0.135284929980933,0.367111360283758,0.248852176885926,-0.0198373454820672,0.415650658801553,0.617475025743881,0.919029049475771,0.382803010870466,0.281548787483607,0.0890553759143367,0.579323263972936,-0.00637907981224711,0.284681238727259,0.135868043523458,-0.295700547332919,0.390314485522311,-0.49000882269542,0.289935329858694,-0.422753652885621,-0.940723962881669,-0.715745045437089,0.172254143058158
"LOC_Os01g66379","turquoise",-0.637122815722522,-0.547591798022761,-0.296670225866359,-0.0109392309973289,-0.00857112374843773,0.377683004780482,0.302393968112955,0.0861777541887419,0.388597255344465,0.599233282139899,0.859215988810111,0.367811598658291,0.266360691744334,0.216139116091562,0.615263399871637,0.0346833785173674,0.228960885691926,0.0936037938811628,-0.402692700224622,0.220648485199809,-0.475524368856192,0.221477733586399,-0.368195878818115,-0.845085476024025,-0.690016919135335,0.245101423479948
"LOC_Os03g43890","blue",0.6370455815357,0.545348716225799,0.352086088876528,0.208685327461318,0.0708243483300791,-0.20173063843451,-0.12733125472683,-0.282149335451552,-0.277659119087601,-0.565424951517053,-0.911483858068476,-0.267646394923089,-0.408585964087269,-0.004039766277809,-0.518326973814512,-0.191129529872097,-0.507417697136435,-0.359380246822531,0.0885928231611699,-0.440951004247858,0.726802351514746,0.0856199283520566,0.1993698865164,0.820597201733598,0.599530928376594,-0.112466207838706
"LOC_Os05g22724","purple",-0.636907326097122,-0.706124670855539,-0.627560660912755,-0.271223602330748,-0.218769740137066,0.108803852699841,-0.0453885900844669,-0.133495489990124,0.0454856838058521,0.132540867167549,0.554205647188862,0.113775062972556,-0.0267079880856458,0.428329078807675,0.836745218404558,-0.0213512078809652,0.28190033711981,0.327660166268441,-0.23548257358635,0.26919328026091,-0.202008355426976,0.373595508379975,-0.0389873810757408,-0.633141474580404,-0.261222843646571,-0.0305051729519225
"LOC_Os03g60920","turquoise",-0.635465704276651,-0.488865487263642,-0.349349422746857,-0.289999367727687,0.0744753495606141,0.22947179777348,0.214083653614313,0.437044552441718,0.0885543053244012,0.527736751704055,0.870402250123287,0.288903876025689,0.377980095262504,0.219815207782805,0.631608532225615,0.0711647988790095,0.494831095000823,0.389039059749233,-0.193784011456691,0.259495214846762,-0.756185007131846,-0.174454838915761,-0.0514461964489797,-0.727453990064403,-0.54918477856688,0.191486458956471
"LOC_Os03g47754","magenta",0.635460148294752,0.907394054711216,0.575319926900552,0.112855375498052,0.357905850930614,-0.127907520422981,0.11490370537618,0.254936590981646,-0.0590576618587124,-0.148721452857777,-0.606387861078738,-0.177418428360447,-0.133901139901581,-0.31019792052996,-0.684462182910688,-0.223860328662423,-0.386944199008064,-0.516643321617324,-0.0591198084471795,-0.622525358199939,0.239556012007218,-0.425653496218566,0.0479519255623043,0.69464196317367,0.214297387428299,0.125380028645902
"LOC_Os08g41100","turquoise",-0.635008772669881,-0.603952603954918,-0.455094984663664,-0.176238403542164,-0.0312298415662514,0.202425195092862,0.18820291688731,0.318608121326937,0.225815839753056,0.496168079758011,0.875944769356463,0.356512948302761,0.450803756505696,0.12026589613246,0.601362486763533,0.1555114780687,0.551880207467062,0.488818559393555,-0.00347587390113873,0.469366259433436,-0.729885368422004,-0.132258099687225,-0.11645321384167,-0.76856922118758,-0.517349476517589,0.106278806622268
"LOC_Os09g39180","turquoise",-0.634900900331139,-0.595326115849758,-0.220909638437006,0.0173420110906989,-0.272829453898701,0.302333166879816,0.141127646124152,-0.171567116416083,0.427823351698012,0.554647380552681,0.868911240745117,0.275357609451237,0.218814719080106,0.0646177253433791,0.519612572229714,-0.0463920574165593,0.271988269081561,0.14759985670391,-0.192397386732769,0.525341085183393,-0.416532103743581,0.391716720736176,-0.487904333317118,-0.956913376105646,-0.651056920411954,0.0631124039877346
"LOC_Os03g42110","turquoise",-0.63484221971788,-0.499966984775767,-0.323906551609353,-0.12743472187724,-0.113040944075054,0.305009217618355,0.223194592201965,0.000832319611489073,0.389928396691767,0.529680015089559,0.831905037563354,0.193764106226131,0.166871788885151,0.141606546116089,0.601809799652332,0.0914790601869137,0.223146125679455,0.115836235611593,-0.340051194243184,0.320552332471895,-0.453497075901071,0.26790358188965,-0.398177997296097,-0.872288880865222,-0.645221619106784,0.154505855933963
"LOC_Os02g07250","turquoise",-0.634592197278983,-0.579087304906506,-0.426922878077267,-0.226673345998454,-0.0841247243902503,0.210730283537013,0.11774604680933,0.14389505225157,0.299030982387558,0.426278553680142,0.847654106969737,0.175703636253301,0.248911868615373,0.157758650521442,0.656327098566345,0.175497193218871,0.408971765140101,0.32068154698227,-0.204378827288557,0.375047692423162,-0.555690944982832,0.0811545887672792,-0.22812517573409,-0.805238675408494,-0.532681175551444,0.107399119040297
"LOC_Os08g39430","turquoise",-0.634308772709504,-0.629315911264698,-0.310760637535404,-0.0782486175700194,-0.365182524817369,0.188569038906721,0.0736492907266681,-0.185266091665923,0.422588804625371,0.476615228308823,0.863828750476808,0.169731151050378,0.224061345039253,0.0469184386577938,0.526679733506698,0.0571382587116242,0.39299402802438,0.247465536921858,-0.0916503700112677,0.613094498699487,-0.436024729759045,0.368236439506675,-0.433993447111534,-0.954412853724132,-0.587132267635338,-0.0543933688767561
"LOC_Os07g33270","blue",0.634302814349866,0.533496565735338,0.324045959719139,0.114400573095307,0.460840211627318,-0.093223213639363,0.0732457346002668,0.321173339629522,-0.370574539377835,-0.320290738340098,-0.683730892345183,-0.0936815562477974,-0.0220952921435287,0.0561104230360612,-0.478411792784235,-0.1285949519205,-0.298563788017033,-0.166278929552049,0.173204022581775,-0.481401661618945,0.222237698495459,-0.452831179653559,0.365260218011963,0.843591319492527,0.453437359809247,0.160299014776472
"LOC_Os02g56040","turquoise",-0.634181299460521,-0.510695918585756,-0.250758648525178,0.0281731567313755,-0.187714566004641,0.380537551391246,0.227810748157923,-0.192401037709936,0.429671590832016,0.554240989070294,0.814203174663283,0.224969608264309,0.0895648617071014,0.0222731098707587,0.550801832436207,-0.0225912433917648,0.104996385083324,0.0139013244064735,-0.389739524315277,0.357166270182583,-0.315522009567631,0.462583004540627,-0.491707501591263,-0.927608590293039,-0.686114578790183,0.157538278278837
"LOC_Os09g33850","blue",0.633725051398617,0.654224414039168,0.33936973254241,-0.130923187142851,0.0215761654924357,-0.434690489823061,-0.363728570721804,-0.0530419996312822,-0.321503542018591,-0.664286675294152,-0.834114102609017,-0.44299183307248,-0.333021405906701,-0.320245638704658,-0.582729280024177,-0.0521796029558782,-0.209179006118811,-0.124965704529698,0.338062432767044,-0.290150294056466,0.479766117497979,-0.267411924741686,0.359251142656839,0.856203582287407,0.725947570174731,-0.243574675983651
"LOC_Os01g73900","turquoise",-0.633452975365478,-0.470491234496441,-0.43247656731536,-0.174372409206971,0.147907934015523,0.298922856432571,0.2344012850637,0.415223564296826,0.272484726900807,0.551430537115095,0.845175029036026,0.271807958374388,0.416967636931525,0.0905464581735041,0.55595360282402,0.153636369321475,0.418638077964117,0.38920320544685,0.0241875061343579,0.417193415383984,-0.763689803593103,-0.208140623029827,-0.165403451704559,-0.705164473782397,-0.561883124059585,0.281514399486901
"LOC_Os07g49210","turquoise",-0.633093942132259,-0.454634461432612,-0.359836160267021,-0.236945765261597,-0.0560350684113023,0.133889957310659,0.125402044486695,0.345525569644173,0.125253653895721,0.489020719565521,0.815115863464451,0.299576073685789,0.404285100119187,0.207866332706699,0.55713886661625,0.115197919560851,0.571902783538495,0.364821572694049,-0.069090111645935,0.307080966470079,-0.715156895211887,-0.165419330672569,-0.117812297466886,-0.727797787150258,-0.514812274697594,0.0566069485515546
"LOC_Os05g19010","turquoise",-0.632845067546298,-0.520026306081747,-0.295312233712606,-0.0805216881112275,-0.118511984210803,0.25821405866774,0.279467140930868,0.0821695459095422,0.424581637071602,0.620551044557399,0.876041821204146,0.26161202730714,0.271155766349269,0.167814436651051,0.563533142839127,0.000264440536776017,0.360797098171883,0.116218469083016,-0.276488430760238,0.284982461774981,-0.532618428836015,0.168063366139342,-0.40823604911028,-0.876788821155409,-0.68718078492034,0.134657598938737
"LOC_Os09g28100","turquoise",-0.632722936430306,-0.595622957209809,-0.351332940037055,-0.220006201885442,-0.159956596015369,0.210171237774427,0.10382731038801,0.130393477015579,0.144309066872191,0.500311268806,0.852507978364485,0.216017250917601,0.233546821010986,0.0886702358851296,0.587020675738815,0.0197302167418082,0.378810128100654,0.299248767921147,-0.319365358481126,0.328036442755062,-0.544412471893627,0.153445755296906,-0.146250911402503,-0.830476831699851,-0.576892199164899,0.0747581223977066
"LOC_Os01g48170","magenta",0.632583064837761,0.816389029997693,0.756855320697228,0.184211066763884,0.334984592009232,-0.0177981529630514,0.179595596372766,0.302553501367444,0.171998964279828,0.148494726745392,-0.339470817979603,0.0877136076409913,0.137057183001371,-0.414258112515839,-0.744744634579986,-0.121020014278833,-0.263623787298068,-0.619470989880946,-0.10848207022893,-0.558811690096053,0.0305936375147061,-0.43466375651823,-0.168057273188482,0.469781347026081,-0.0955537773584125,0.16432821131187
"LOC_Os03g14910","blue",0.632575442598645,0.41565154281808,0.215780809433462,-0.0569837263011156,0.108556576757196,-0.395033944795553,-0.302182567300862,0.101561382903859,-0.442700311927366,-0.552332619436973,-0.790863001284952,-0.0885651621622791,-0.0793330521512697,0.0333260937003262,-0.452420374075284,0.0906635058747568,-0.188602919642194,-0.0496117094490363,0.255363511731473,-0.351944415417338,0.37042957380808,-0.315627294553684,0.465706658218991,0.878388605688964,0.62808528735459,-0.192348872822608
"LOC_Os08g43140","turquoise",-0.632233280317486,-0.512478615572428,-0.224731589649396,-0.026197752567793,0.0661281065003818,0.379241513692483,0.275988213712156,0.267447910349034,0.273265254243036,0.58120712983262,0.855371141385771,0.392706556702036,0.406616524820127,0.101044482739022,0.51431432336583,0.182535734720117,0.368451690638983,0.242712460238634,-0.208622448767064,0.283607135663195,-0.620842007654628,-0.0148818847360675,-0.238988560838325,-0.772343307599894,-0.611408234256649,0.257852056624134
"LOC_Os02g55110","blue",0.632068668015647,0.692056725173239,0.422912460613404,0.408202177335682,0.453008204358966,0.0788105255525427,0.179144882328516,0.0239052106321486,-0.103252518745801,-0.262048017328626,-0.784091296662959,-0.0961921332172073,-0.225876614146661,-0.267108440664842,-0.619881492414065,-0.10515051645376,-0.63066873023234,-0.475813554384077,0.0400899640525266,-0.536818057158805,0.494195783870185,-0.206715819016606,0.0863340760401722,0.809424832817973,0.367433182638512,0.24750848312786
"LOC_Os08g39970","blue",0.631973098807725,0.465742465014218,0.287198769954711,-0.0575247841585741,0.0567632366299239,-0.440661611681751,-0.191475841848811,0.103489997850407,-0.265150820997101,-0.502374233772114,-0.724748887982074,-0.200002728799133,-0.0928594547625779,0.00864099050299954,-0.479113690124843,0.0563702940056928,-0.0817959436708475,-0.136420823892618,0.192327159946459,-0.422710800037734,0.341263283778019,-0.329889025449085,0.332783280248287,0.802664900424815,0.56584545441666,-0.256760027090025
"LOC_Os01g62584","turquoise",-0.631859544162445,-0.58808565450127,-0.43348884743446,-0.240357774926511,0.0636768555949762,0.231774747021255,0.263095464555422,0.442497730171908,0.149420105001082,0.541696518399798,0.914403160483496,0.239727619106024,0.453922367810735,0.175361175950165,0.60990632471472,0.105419865939971,0.555966098653161,0.423318137628063,-0.151857431363621,0.309181442197644,-0.786114536931309,-0.170306633411878,-0.0642881250329458,-0.758414006164455,-0.578938215560092,0.178590550979737
"LOC_Os09g39910","blue",0.6316422301445,0.652923715495105,0.38472068984477,0.0534456392935562,0.0907066745719567,-0.265402110816091,-0.28534837080817,-0.205268501120956,-0.289881468671846,-0.623948199080056,-0.93037435723043,-0.382346605179731,-0.475169801363636,-0.195880592584559,-0.612899685689935,-0.118878002059106,-0.464646300591251,-0.301643394133359,0.197277483872926,-0.392833866206524,0.677346108582459,-0.0731810110118055,0.285766335531453,0.889108686077907,0.678602636999403,-0.117153585367184
"LOC_Os09g10750","turquoise",-0.631553304331552,-0.647670371395202,-0.513506523302425,-0.184605728944397,-0.149996829934094,0.141583134384878,0.114348898932683,0.182511887758197,0.293530224908039,0.430620683443591,0.881073727116733,0.109045147233165,0.399626477833341,0.0802098093914386,0.581648550227393,0.174226372680464,0.587945445615778,0.534533989673876,0.164656717710709,0.683459665945668,-0.698981972967241,-0.0262558106361834,-0.202830876612815,-0.818012853128996,-0.474494289617876,0.0270773733775493
"LOC_Os07g25430","turquoise",-0.631549659818113,-0.678384929547284,-0.472800263595412,-0.198179567494811,-0.0917753686537746,0.154159307451347,0.147894379788911,0.31527193521933,0.19812336818114,0.48324607184053,0.915241047864735,0.230711924491706,0.490369585614615,0.167801183489944,0.593192705990061,0.17466764107945,0.647396971939064,0.548367766889797,0.0724387387965384,0.562613297746272,-0.774466238645577,-0.11765942146964,-0.110933853080246,-0.801350424390779,-0.507782586156599,0.0493892600195692
"LOC_Os01g13280","blue",0.631466979039215,0.394037540942766,0.0815143510960347,-0.214954626101703,-0.0188199632159608,-0.568222840990038,-0.36362384106529,0.160513562562511,-0.44278299962678,-0.561723539990833,-0.725044155713874,-0.224113472404894,-0.0696803914286368,-0.0727185925272569,-0.394510626807172,0.125433232985173,0.0202931318058632,0.0161381874004352,0.228196828079331,-0.375012567521415,0.264004257971744,-0.398985232476633,0.524669580173376,0.820329000283977,0.613317197242168,-0.362772714202736
"LOC_Os03g48040","turquoise",-0.630937635821018,-0.633190467125833,-0.373836649082593,-0.165236855790023,-0.11280436068826,0.239368751513843,0.180163699698967,0.212681733898839,0.322920623225206,0.606593319634638,0.974839822212277,0.293859656056406,0.408288782325577,0.0853498563882007,0.58921126630528,0.0884430759320642,0.481645111566627,0.298460505275964,-0.220797924211889,0.411093035018484,-0.699985578015027,0.0524288457721586,-0.269529486692824,-0.913663937597121,-0.694267117193756,0.108461827952074
"LOC_Os03g62630","turquoise",-0.63093530937676,-0.635441443464125,-0.26834978121858,-0.0511273542717955,-0.163382848598859,0.326892022546791,0.212936985471621,-0.00620701856669609,0.40746408882913,0.605770254388639,0.935053699344481,0.359089979139611,0.311445397032032,0.118928141997038,0.587987394860647,-0.0119327973632124,0.340962807442538,0.180489283646491,-0.234864493939994,0.448422798154443,-0.538520966030757,0.257908847824155,-0.42556344709647,-0.951626987027082,-0.704439931439837,0.131507536903908
"LOC_Os05g09400","turquoise",-0.630881673300705,-0.59981926475646,-0.263720676128015,-0.0416078447329736,-0.189021086665257,0.332045123967547,0.182286261143379,-0.152629722856785,0.386962307048202,0.492240925887187,0.822796313786779,0.332702351582293,0.140242898640388,0.158366144607437,0.603872651233777,-0.109184318031267,0.223874983430626,0.104365460507144,-0.286392717205888,0.373175942810124,-0.351274801199321,0.383349017387903,-0.411778955843984,-0.893923118089215,-0.614230611345426,0.129084300686291
"LOC_Os08g14580","turquoise",-0.630816869397036,-0.65455305293978,-0.404098275147197,-0.192750631667964,-0.0600417649251081,0.2841318967916,0.176398239484681,0.173952503404625,0.164964211784865,0.501523491614866,0.86124431547239,0.316631858799882,0.309644426992772,0.104422899246877,0.669097832793367,0.0200958088489053,0.363088256347249,0.335763288304367,-0.285850767043997,0.328659681287747,-0.563343215267665,0.14407958023315,-0.125621917343807,-0.810946745739845,-0.585796746237214,0.157389817666885
"LOC_Os07g42420","turquoise",-0.630127476013728,-0.556448924203208,-0.421025308766295,-0.10311474842776,-0.0446567247270399,0.23543977785767,0.178702747731363,0.278045117267882,0.225981705133296,0.496885822123119,0.85647248229893,0.224835581202093,0.434860496483391,0.0424806857412067,0.508269415077446,0.236561631882695,0.481829786456992,0.468231272455852,0.00494541132694769,0.529964513414607,-0.702993058188282,-0.0805958277708915,-0.150206540090143,-0.773280660911319,-0.530222039801605,0.119144885472363
"LOC_Os09g30410","turquoise",-0.629981054919198,-0.645018060327963,-0.398614027382144,-0.149733052570971,-0.0975052361868256,0.207063272233941,0.157298120113784,0.240371773906723,0.235505617520211,0.557942677588472,0.919766789679171,0.296093054612677,0.456439166211363,0.106686283291895,0.572377255855297,0.397573625915332,0.52623677116817,0.357570160605162,-0.14231489621427,0.411461665879183,-0.699134263645733,-0.00526244898141512,-0.209211848943204,-0.844359877621024,-0.613385129209591,0.0754043329906681
"LOC_Os03g21560","turquoise",-0.62993242217238,-0.657911127139744,-0.327791924127174,-0.074441627203558,-0.203583159484597,0.235815351732594,0.159198843796089,0.0887215720114643,0.383749899379451,0.609992942704182,0.96103982907283,0.308364238366653,0.429943791733127,0.0876411848318362,0.542316388130543,0.142895348422756,0.477058588852784,0.287784893298675,-0.137682259132216,0.525288823278585,-0.647329656505267,0.146584998075253,-0.366595018429563,-0.947172819342143,-0.689430973250685,0.0493526018372112
"LOC_Os07g33850","turquoise",-0.629556936418106,-0.506398879063994,-0.330762448854286,-0.157983066116875,-0.0241041175928042,0.24994782401865,0.221137395324252,0.289174760648189,0.218044060649641,0.577873334619241,0.893870794108651,0.233189750810355,0.349352430588288,0.0510814165233976,0.503680802215197,0.0185709457766191,0.47465060803258,0.329864472275918,-0.114990722472478,0.389890726278355,-0.710485780755673,-0.0896735099581789,-0.186746382980503,-0.814262035097117,-0.605291372587152,0.158207183230814
"LOC_Os08g34220","turquoise",-0.629366987793391,-0.600658431913892,-0.283394879529949,-0.0124038796484195,-0.167102359497689,0.335226341194036,0.215207485045828,-0.0460152542452111,0.439243137845966,0.611456724128577,0.891602961746894,0.360080682557773,0.295608964794161,0.0379589076491556,0.576264196245344,0.102205222540755,0.242289636155495,0.119445737625756,-0.307131103481415,0.410295723512535,-0.478080337670562,0.326170793251693,-0.452309623804903,-0.940299733590805,-0.725829153471585,0.136081666815458
"LOC_Os05g36310","blue",0.629116134767363,0.650018046579884,0.301847523048769,-0.0227823244285347,0.151484963093,-0.284080445987911,-0.182484785663309,-0.0801329821709517,-0.28509465564712,-0.613006585811588,-0.864228606325094,-0.496476269091374,-0.413497676104641,-0.130988011643601,-0.530825808227131,-0.20691931240503,-0.368110334247464,-0.241948213230677,0.231127526169864,-0.382226116151054,0.552931272041914,-0.160538557681233,0.297705582960031,0.863438794011806,0.662735359266072,-0.0916815795618281
"LOC_Os05g44020","turquoise",-0.628155836814258,-0.590949662385416,-0.410367141003894,-0.304292101867272,-0.14969641318181,0.0958784403897232,0.0949432508234625,0.297731916545256,0.168891353990759,0.477735929811993,0.913333276365777,0.161411513151883,0.409303354571749,0.123732687152632,0.570212885523778,0.116520869613408,0.642798025142555,0.476601065059523,-0.0251855886722675,0.47683902399329,-0.750141720777843,-0.0999727698268091,-0.118778236223574,-0.814154270716423,-0.519277408454764,0.00161507519728669
"LOC_Os07g28610","turquoise",-0.627819756581249,-0.632233257368976,-0.357572719621915,-0.149110593618668,-0.0908514157500086,0.229779267389693,0.190355652771662,0.27820271394848,0.256793745127218,0.595398112650623,0.960742890721432,0.306071429356205,0.48352048314501,0.110993114479046,0.556285341978129,0.124169108234554,0.556988137687371,0.397133794299708,-0.0842096174990807,0.484108434617526,-0.760701515252201,-0.0441302597994984,-0.219443244364054,-0.875456509185562,-0.639940721200487,0.0974421500049042
"LOC_Os01g44430","turquoise",-0.627779041639498,-0.588271163102506,-0.33177492719647,-0.0341454296570597,0.116952587620395,0.401735358672998,0.314742118973027,0.336379894081935,0.255580993407795,0.636958214133214,0.90773453802545,0.39404125458835,0.485769538183726,0.156091696232891,0.524845040430926,0.101353083136721,0.432392975198048,0.3649904895638,0.0153584084568477,0.460234867629226,-0.75400091784845,-0.107784714010022,-0.220918529830804,-0.784236917043221,-0.630447945712609,0.299936760370281
"LOC_Os06g01290","turquoise",-0.627489370258029,-0.673926950788506,-0.466547764476602,-0.395439874075039,-0.347546261154298,0.000703095490025609,-0.115983449315582,0.0301781439623963,0.178548979573808,0.294823805238451,0.837278016512524,0.106798853203065,0.234606741617268,0.176121811985362,0.652477254222322,0.0302219808924404,0.609783182525761,0.494970381744028,0.0204320973432133,0.60171889315759,-0.562811555886464,0.122865177548647,-0.133283353633951,-0.824581614291167,-0.405112060736973,-0.144309180813887
"LOC_Os03g48170","turquoise",-0.627449577069649,-0.475729499257666,-0.274901146799645,-0.13329996208449,-0.18076474982642,0.207661074426983,0.13568048025473,0.0972613490083639,0.406581402809493,0.576968346043589,0.908963773640866,0.213689027011636,0.33808256892255,0.00609932594980591,0.49557006325166,-0.00840837356018349,0.460930469797785,0.234157404794752,-0.0844254339322767,0.496684059303983,-0.634927848017303,0.0855591453222727,-0.397950095718173,-0.910887276303354,-0.656214547914734,0.058383421214784
"LOC_Os05g45660","yellow",-0.627445222729315,-0.566051700234431,-0.495581968860852,-0.15783711415805,-0.50367035258917,0.0546487579825531,-0.201473520014491,-0.662582202448967,-0.0217273932870401,-0.143811837563452,0.236927698953498,-0.236473584527665,-0.470710317364556,0.318054051666298,0.651987732047027,-0.178889056326476,0.0046936727689574,0.205440874675118,-0.220282298121173,0.352434765914549,0.293320918956648,0.81495529070987,-0.0914617569314974,-0.547274632162043,0.00569386388152109,-0.216575235710852
"LOC_Os09g28810","turquoise",-0.627218757241892,-0.5472642635225,-0.292706993250109,0.0158019464009909,0.0865086991878323,0.42785963652541,0.361402202381006,0.234017936336323,0.387572833659386,0.696579035106599,0.904619006087742,0.409185799936262,0.379240110378216,0.143392492408273,0.55698596662836,0.126270644755304,0.257662209357716,0.113388666301992,-0.361932002976781,0.222122860003718,-0.601328580505163,0.0851389673659262,-0.335181172760986,-0.838197607290735,-0.762237632694165,0.320226014334669
"LOC_Os07g06990","turquoise",-0.626192478729325,-0.602781716343735,-0.355967781159511,-0.122372588846383,-0.027613589075687,0.32854592992167,0.256496736627764,0.195672928947969,0.272439334931476,0.604663363968928,0.938375995444086,0.285040224135765,0.355005145559405,0.119265210136196,0.602071063102749,0.0497478167249833,0.378319920573335,0.232712090511142,-0.292562853093434,0.321845989931574,-0.633848286643498,0.107446819594827,-0.260683556717737,-0.877868160396857,-0.704613371107906,0.201680430443476
"LOC_Os08g02390","turquoise",-0.626082662808275,-0.525774177071338,-0.217277257027322,-0.0440740323622783,-0.226224678885032,0.30312443376722,0.185625722721782,-0.0928521613687117,0.430793718840744,0.603337062325173,0.89256625590795,0.294037323931167,0.222483734027973,0.0453561070787005,0.528673325288915,-0.0541949556955112,0.273499508170595,0.0821447465829479,-0.306537930290864,0.401652302732688,-0.457973166312157,0.340713002832771,-0.47127704196966,-0.961221650801799,-0.721370656800993,0.0912281226674012
"LOC_Os02g07720","blue",0.625925226659312,0.548528004430859,0.24367309237747,0.0337458491413311,0.0764449821713847,-0.375918170256731,-0.236292117955276,-0.0598431035612035,-0.404186939445324,-0.61099653712779,-0.891438713798661,-0.329588308808916,-0.35385025829042,-0.0455883731966312,-0.506672648456842,-0.0840064485264015,-0.320691555927464,-0.230644175279684,0.0722409853793607,-0.525982507551223,0.579666014323495,-0.165500260552732,0.414506589208227,0.884424223210668,0.670036108310063,-0.197126283439502
"LOC_Os01g48690","turquoise",-0.625816205830512,-0.591743279334948,-0.273372928549004,-0.0514609604318527,-0.1445315574533,0.321585051250674,0.229662143174306,-0.00894614578376777,0.459374588685821,0.59840630209961,0.914824173416278,0.339071774154048,0.291431226273139,0.106650420213388,0.579573019676295,-0.0649326224776001,0.329617276419364,0.138031677259112,-0.213589030951198,0.423596804807829,-0.523122319087951,0.245052573597838,-0.453228656933623,-0.934954643420039,-0.703620214778153,0.146596114754936
"LOC_Os05g46000","blue",0.625592683128672,0.446953951087952,0.245164731372821,0.112167197171682,0.0713397122096253,-0.238414619452399,-0.210464013552336,-0.231960957642036,-0.307259689286337,-0.617494584110031,-0.88801772994546,-0.345124737317246,-0.406728868390018,-0.154094672233226,-0.480786803722868,-0.0766482656018262,-0.439670801302584,-0.182078488173032,0.239203460517958,-0.293268922275241,0.662055128007065,0.00914480121109278,0.318020168024294,0.838968795895825,0.678659170355415,-0.113559826057585
"LOC_Os03g48920","turquoise",-0.624811997746491,-0.632336185754624,-0.474982652698416,-0.339713241413539,-0.179344053442944,0.0595909623463605,-0.014175024540381,0.255219620551215,0.120700535489695,0.403395811850292,0.865464063721459,0.184538626208152,0.403140935366463,0.179461671157321,0.597874397545606,0.117446084499998,0.619923363383214,0.540342343416369,0.0863191245048206,0.583428793583178,-0.743613929374274,-0.0894437328233491,-0.0866712530578882,-0.780679646971615,-0.464525865985896,-0.0334957288137479
"LOC_Os05g20770","magenta",0.62454800108949,0.809100869841169,0.588659340567046,0.352772256822876,0.365204398701982,0.0523932384026558,0.211230600456183,0.0765223308646746,0.0389808022736236,-0.081029835911327,-0.611489409821552,-0.127180827845526,-0.178765233882721,-0.3525068943781,-0.748758588017338,-0.230580360219951,-0.533113550272568,-0.568307431648656,-0.00803833449667328,-0.51210772113272,0.358806968553528,-0.220451982822429,-0.0436584823337775,0.645574283253829,0.167803714851291,0.231345358534478
"LOC_Os01g57962","tan",0.624483100859311,0.725697731166956,0.939566259313963,0.345684299726978,0.0672332609326293,-0.00121937569206519,0.0924653040373797,-0.122702876068192,0.293149833767503,0.0846727776352639,-0.393434886118586,0.197265287062602,0.0229559528022009,-0.410467917130208,-0.756814696792577,-0.252787310078874,-0.402588871697674,-0.681750421053535,-0.0362663301908184,-0.325483576084586,0.289475297969758,-0.0308568838532121,-0.3897506719553,0.361375625319727,-0.042618059524,0.0402550464747053
"LOC_Os06g38056","turquoise",-0.623453186278317,-0.49857036919426,-0.22522527055573,0.0623378505211473,-0.0682450928099118,0.354677213076287,0.327493395234355,0.0485342548661772,0.384243866123894,0.611985594016245,0.857815090758439,0.230363100032418,0.296191455058655,0.051683168901617,0.434653639062878,0.0478546823111869,0.31923291331697,0.161613803517105,-0.12434078854488,0.409418983066467,-0.519280904159767,0.154889977582908,-0.392399977121537,-0.858178992728523,-0.652421645259467,0.196565161133576
"LOC_Os03g53640","turquoise",-0.623303433203797,-0.613605631400501,-0.403123293808656,-0.285802134430229,-0.032716756084121,0.174624073693827,0.179681762582642,0.371099329713,0.217751659272215,0.539279549565767,0.927204970624577,0.296546936741347,0.431599598960679,0.206458145259177,0.638145728058769,0.0567968000452056,0.577983014698663,0.378477380512383,-0.192890748176466,0.30721814117881,-0.752076457419196,-0.109836822515604,-0.116718577026485,-0.79766310060711,-0.592890220886589,0.111580988714609
"LOC_Os04g58200","turquoise",-0.623191202757831,-0.615137199745831,-0.394922830764688,-0.0729163110306861,-0.273842323346225,0.147075799352184,0.088818662297531,0.00601171684425345,0.368652006666443,0.465712694948439,0.85788210053058,0.174671943370212,0.387976569571131,-0.00665477898818033,0.484692299193424,0.132407746744397,0.536263257917358,0.4535518386465,0.212427211507925,0.767982818381476,-0.610138849880494,0.103305638955811,-0.332115989245902,-0.87403941687405,-0.503627766308769,-0.0387260746886938
"LOC_Os07g04840","turquoise",-0.622865630571196,-0.641996319931912,-0.421281261254535,-0.173041906318901,-0.145567301662954,0.151937389309323,0.140291524376681,0.23569426945161,0.27614422535342,0.49489419729099,0.918578376587287,0.204510819412905,0.469041898652083,0.122958417961564,0.550347758243682,0.131893564093774,0.629989846060847,0.505886152670472,0.114344269153466,0.627126286701264,-0.748790546330473,-0.0642503958839606,-0.203129606384356,-0.838310179318407,-0.523080171519759,0.0260791659094791
"LOC_Os05g47850","turquoise",-0.622325096418461,-0.295187137662847,-0.149564200336296,-0.0881084722580483,0.0113781366420065,0.373851481648975,0.293244769819026,0.139860429376807,0.440972900609612,0.64066970222697,0.860940718501015,0.237224273084257,0.200103940708991,-0.012325736000961,0.466526824093744,-0.136659738722791,0.22049050745745,0.0300147043142951,-0.285800304471249,0.271563974965621,-0.554041515945581,0.0912948840508974,-0.4513407243673,-0.850967908919923,-0.717282986866592,0.274771172133156
"LOC_Os02g09750","turquoise",-0.622272046973503,-0.693698083916673,-0.373546150831308,-0.167008678879856,-0.274058895978434,0.12687739296044,0.064651716053734,0.0591352920627276,0.208366186227247,0.478688127256771,0.881110455057465,0.325546580640718,0.403953607085909,0.237735167825845,0.595081561420098,0.113241408626487,0.527407565259748,0.411675917471741,-0.0473763114974059,0.557911930643872,-0.602856546341657,0.153287212953525,-0.226384929615233,-0.866827155520843,-0.553298571361671,-0.0536342059785825
"LOC_Os08g43320","turquoise",-0.62225342245994,-0.489888444808976,-0.269731668254942,0.172146180976421,-0.0560531419852282,0.401960918256147,0.326205780510218,0.0276556007763962,0.403473117962198,0.668019796583403,0.816886800504223,0.375495893746447,0.396693037639945,-0.09467926016177,0.411127411762507,0.142681799187965,0.229773873024486,0.178978059088494,-0.0172427484619773,0.527698067657697,-0.544763569261058,0.151537442465434,-0.448032561523053,-0.855504430368336,-0.670868162924654,0.213926660478091
"LOC_Os06g06080","turquoise",-0.622047569817094,-0.502003259640759,-0.300269714954028,-0.13964754136711,-0.0385630484501798,0.341377886707626,0.204046150637592,0.101276778478408,0.31484080696629,0.543864409864779,0.857466367154595,0.210586106386675,0.158937877336866,0.0340441119034382,0.557595386389447,-0.0397497610413419,0.235735340667753,0.114382015644798,-0.389120857123879,0.243996333998625,-0.496132682651317,0.176880850205266,-0.291520473979552,-0.847003885973843,-0.669381878666456,0.226699859931724
"LOC_Os08g29370","turquoise",-0.621508783516828,-0.603609905848201,-0.400173330096059,-0.179447174087959,-0.094090788506594,0.185724729479021,0.201042158479319,0.288288305264293,0.341019125435501,0.580931085446492,0.958397442086782,0.239565538631159,0.465440577905251,0.12645584284356,0.563775487477927,0.109317360211945,0.58656834952577,0.400198378847387,-0.0386616377672304,0.501808315075227,-0.769051062252166,-0.0762697395889739,-0.259157394883156,-0.866932644499653,-0.626008920345447,0.0832057303557707
"LOC_Os03g50440","turquoise",-0.621154265345627,-0.596720055868255,-0.462394592619719,-0.217986588985882,-0.0583910924305791,0.112744910783784,0.0870007481338698,0.37632082802178,0.19196947119217,0.480689358459327,0.841931900327646,0.40719887815572,0.554820249192583,0.121296820531826,0.586763436361935,0.277289546697079,0.633353756135437,0.50471515928295,0.0880616915676612,0.484354232197492,-0.787627258463197,-0.216463362053798,-0.0848843047966936,-0.712556216264501,-0.486611111984406,0.0361604207130022
"LOC_Os02g05910","blue",0.620797980414529,0.580457173526217,0.334569939416439,-0.0662231412942655,-0.0353252928066861,-0.450238470828242,-0.334976862861742,-0.129958748254314,-0.218350248171595,-0.607144752912724,-0.832574222237232,-0.403093110909329,-0.320684910425618,-0.0962664839556984,-0.535948407933735,0.0166183810808478,-0.231516846147334,-0.243200692321757,0.172839305381755,-0.396142180493044,0.560277290751311,-0.132705279635875,0.256426368071275,0.815607587514049,0.655505959136173,-0.281027016636611
"LOC_Os09g12560","blue",0.619235798037643,0.619874134853602,0.266688599560974,0.0844456374280085,0.201418675574957,-0.248227668496566,-0.09719768132563,-0.0473264584252226,-0.325993661660078,-0.55093261937835,-0.890594784322963,-0.454919919070827,-0.398387384458,-0.12651267580284,-0.583318076702233,-0.0693156374861947,-0.42793863063404,-0.281640569125317,0.125868034926603,-0.487602931110506,0.584089050213427,-0.166079792209623,0.342201489407123,0.894684169947836,0.622045942409709,-0.0468009845022813
"LOC_Os03g17580","turquoise",-0.619108506962718,-0.620085437130786,-0.265743960966289,0.0309378222051959,-0.1605275069411,0.336512186957871,0.26236694436542,-0.0350938124062707,0.464247362613251,0.621768535267299,0.911172643904961,0.355839969919137,0.324755599440199,0.103129652709099,0.53292862032335,0.000299893114258092,0.343247473571736,0.162390724047395,-0.148220187845783,0.481056696137005,-0.523278791466988,0.250358722369752,-0.469170244057885,-0.937935952886518,-0.694198724500984,0.135884572409497
"LOC_Os02g26700","turquoise",-0.619016659467109,-0.548704543597734,-0.387722663727963,-0.190954690308364,0.0745695156479623,0.291020552605148,0.276252585075212,0.403079375074534,0.222620197776202,0.569407668732918,0.917531598650595,0.299688436202925,0.444385361568881,0.196586718826949,0.582833432388192,0.177048916907444,0.498335246093386,0.411781542719706,-0.125544639410048,0.368162920311364,-0.775369461904433,-0.158087274344576,-0.143942430050608,-0.782149922423004,-0.60305864255793,0.215561884388583
"LOC_Os06g22690","turquoise",-0.618468853796402,-0.587562760339977,-0.258047467344504,0.00654602379390132,-0.131936447341358,0.352829371476309,0.235752324273263,-0.00574819000601661,0.463134072184201,0.658661846580901,0.915327398855703,0.421793183659992,0.316669920835616,0.0621704282586882,0.567723781281923,0.00335781987224788,0.264709303992901,0.0869807393185255,-0.292860446255394,0.379735067697257,-0.51519710888144,0.267322274882483,-0.479527725271851,-0.94011881742217,-0.756461350203797,0.17171721198969
"LOC_Os05g35470","turquoise",-0.618220522862513,-0.657262693525412,-0.492808536500032,-0.280174636161115,-0.0885246814837117,0.0921782109580101,0.106471538791021,0.379656967761171,0.136345774324567,0.471334409916658,0.898687323850039,0.164101483135792,0.502419929687207,0.191317299455072,0.586368074800616,0.194595196466693,0.690769738074334,0.550010190156938,0.0597549918269116,0.508648924476329,-0.810509000548481,-0.176628086267431,-0.0588789790636202,-0.762939593470592,-0.489884038850326,0.0225131610178756
"LOC_Os01g54020","turquoise",-0.617819781165402,-0.508364573580696,-0.32232873864955,-0.135842111544897,0.00280825038990468,0.307933935495345,0.27840031998535,0.266492297018457,0.385854545116363,0.664281172417482,0.94866487888943,0.277033286596693,0.374623280829481,0.0853505156313645,0.569207863211938,0.0345230052167797,0.377936940573065,0.182937928119229,-0.294049619419642,0.304202621559354,-0.688853067045711,0.0208977107542033,-0.346380549342772,-0.879098990453781,-0.74051710209571,0.221746586196663
"LOC_Os07g37240","turquoise",-0.617620494596438,-0.64560642539161,-0.393542105456132,-0.141629470669607,-0.19082537772739,0.139840499526935,0.0810630982165661,0.168937039980193,0.292774989618503,0.461224356595315,0.894175427874292,0.201502646803898,0.45312392594087,0.10066660362843,0.520704115960896,0.149754711461332,0.605781621932339,0.509923186455508,0.155953339562114,0.682311797191163,-0.69842777616629,-0.0190274494299521,-0.224991862645363,-0.833207954930228,-0.48942117514735,-0.00150042844615398
"LOC_Os03g02680","turquoise",-0.616348526042468,-0.545682283331111,-0.41529411606104,-0.293085463269416,0.0632183712985512,0.186549178332784,0.218329063139112,0.490552125997841,0.0606662787900355,0.538464112697091,0.873299114834078,0.269137722111569,0.43274402036663,0.183509538183864,0.596013251498223,0.0977743820492865,0.542555204619988,0.401780952093326,-0.23241691943872,0.220997398232818,-0.783910093047103,-0.222446768612664,0.0056659409158898,-0.713721459420953,-0.576954758230405,0.157101030795924
"LOC_Os05g51700","turquoise",-0.616039224075798,-0.619705659201426,-0.315714529431978,-0.115271524233279,-0.169925841666734,0.262696517597569,0.171214211866422,0.0894726518617265,0.348642077534893,0.623967081296888,0.943009700458939,0.364921189043721,0.388722084194807,0.0827612284151944,0.576617216631095,0.101940333233229,0.392921919260077,0.207248093195591,-0.263482195750353,0.415320175315276,-0.620837406041729,0.180376897237324,-0.357849436880582,-0.937580703347335,-0.729349971302932,0.0865318448930763
"LOC_Os08g37600","turquoise",-0.615767797137966,-0.481813951959503,-0.213911089376616,0.0266836617152363,-0.057350310030291,0.39572873666474,0.313276383960007,0.0792479472624719,0.403370333043904,0.710179970841466,0.910484006605466,0.406838069390351,0.330614747387737,-0.00917096532188164,0.504008030035217,0.00417993357627647,0.230815284410437,0.0619926563803603,-0.33348785835352,0.314271360415999,-0.565105049863783,0.202093795379392,-0.440451026812535,-0.925774380715767,-0.798829789725581,0.221896726865412
"LOC_Os03g31180","blue",0.615723917450178,0.663001524980941,0.325831881284925,-0.0369804940313317,0.156319843135811,-0.352750173866539,-0.205543401612817,0.029333129552783,-0.409024085776423,-0.603034978817233,-0.909064533021845,-0.318151933333707,-0.344547681465732,-0.0840082564472408,-0.552089642094768,-0.170556109263496,-0.302366967011594,-0.191365524135554,0.206749315564856,-0.500219897352261,0.530311278168613,-0.282835550105072,0.439988574815585,0.949034975983079,0.702192828655282,-0.134188203435112
"LOC_Os04g33310","blue",0.615071614547283,0.428661762995251,0.25583804327313,-0.071543982974562,-0.0771506302754566,-0.518777489618099,-0.330054972508251,0.00160911865964758,-0.462041471769604,-0.571753096620106,-0.80334444170145,-0.232019695731685,-0.139498035048574,0.0250771061717497,-0.510913929145193,-0.0246132208107375,-0.0318011063864295,-0.0414450525148675,0.296099639095332,-0.338843424910027,0.408831552744811,-0.269095192269379,0.464872870980161,0.834961003215295,0.670981764668369,-0.375402556539911
"LOC_Os01g25330","blue",0.614987319487328,0.648787557366035,0.318580968631797,0.108106264606244,0.0910432701942553,-0.254020564522933,-0.160350350888133,-0.220799999301247,-0.258325145530107,-0.62734791681714,-0.923917068989444,-0.480726036144336,-0.48481444339093,-0.194732032271377,-0.567753711157382,-0.0813802508734347,-0.4673095213225,-0.273394400014081,0.190770801454093,-0.37334894466152,0.690225731039866,-0.030635440524654,0.259843771434652,0.857977932559188,0.684984463320556,-0.112199503561279
"LOC_Os06g39370","turquoise",-0.614548732524294,-0.576245290341199,-0.325294839813396,-0.0692450691236743,-0.244991542984102,0.204410348624084,0.0601365468687382,-0.0508203861225334,0.416857527822979,0.464159825490672,0.840909973301161,0.161974316788123,0.305327027065978,0.0346285419692566,0.468269438097614,0.00346474007523562,0.456748154493772,0.366211760930324,0.199268570639848,0.748245574207856,-0.561902090017084,0.145588431369784,-0.399611335105844,-0.869840155656448,-0.5024896038357,0.0163730873112267
"LOC_Os03g36960","turquoise",-0.61434133399176,-0.479698017648537,-0.30765551723882,-0.300820544916654,-0.121178000687022,0.167591794584105,0.0427195930213984,0.153672490678914,0.306139589013416,0.387886440204446,0.817825327332226,0.106252132693357,0.232225825928762,0.154045454887107,0.5656864801585,-0.106428402252576,0.462492690020742,0.338069880896335,-0.0486270743544869,0.461022593359857,-0.573568196589614,0.0385158952929821,-0.231091942144195,-0.761258680660095,-0.467194290810723,0.0819337772500741
"LOC_Os03g41229","blue",0.614028670983651,0.624178525268159,0.355985246978662,-0.160346500825708,0.195301273197265,-0.348237995233746,-0.192907692773242,0.211210840439128,-0.327878401163659,-0.451192746962561,-0.719323331054577,-0.213764711365544,-0.213847754056501,-0.100070049443261,-0.539345332680375,-0.0326494660249293,-0.181955067711143,-0.256818947931427,-0.0116541551435282,-0.62570727072515,0.327245210120926,-0.415122066663678,0.406006485930195,0.830431107529144,0.505918252488359,-0.104595248083829
"LOC_Os06g12600","turquoise",-0.614020242624267,-0.548086426695937,-0.295628691177068,-0.0863874792940635,-0.0833270162365286,0.324687380783983,0.24396158118104,0.108038606236708,0.42462994933789,0.63046184992138,0.923100349222638,0.336013591928195,0.331927920033182,0.0735094922401539,0.586581966193871,0.0106563998975053,0.317472780009236,0.167709698348122,-0.266221201623135,0.386290830207623,-0.590346680702046,0.167619041720173,-0.423760583369439,-0.908556935236063,-0.717368056180517,0.186093231733667
"LOC_Os03g31150","turquoise",-0.613743179169543,-0.400777969765295,-0.223099036384349,-0.17290486245802,-0.0899176865551781,0.313674970834622,0.212302208976429,0.0346091821117614,0.314050858633797,0.535120684943909,0.833408930525585,0.199478099421101,0.0864523861508517,0.0190697579598624,0.562908971149683,-0.128022858939998,0.219437534116719,0.0562733777878626,-0.446627613357624,0.18940636324049,-0.429682635635944,0.237981411434076,-0.329263108019036,-0.853899485638571,-0.660667627039729,0.182110388951473
"LOC_Os01g67000","turquoise",-0.613430256189186,-0.651583552521145,-0.46892764042495,-0.258157611622071,-0.0864192865785872,0.15277321396219,0.144269570005586,0.324084151460311,0.234405957853926,0.541339612909494,0.944830627507552,0.285993650449275,0.480881066275955,0.106763169497219,0.634801603560317,0.108387495319441,0.588473687272824,0.452371257542451,-0.0454862464890432,0.483824291813229,-0.794242148344065,-0.094796898867219,-0.166535073328664,-0.83882296179293,-0.608826269174013,0.0685436686828934
"LOC_Os07g43370","turquoise",-0.613269154261642,-0.642670625170547,-0.353197085110888,-0.112675620468755,-0.161890191680746,0.213473941378304,0.201926763451878,0.182788263635234,0.303282613687352,0.614653567282248,0.956130283775418,0.331822256134887,0.454613924292604,0.145149537494454,0.565662925914352,0.0959483645032874,0.523055509710191,0.328175124001091,-0.152119814684771,0.459826049553915,-0.697409895996587,0.0581249584717183,-0.295015935866439,-0.908087909868655,-0.681805104037354,0.0531600806311346
"LOC_Os08g25900","turquoise",-0.612624888901516,-0.542698600829552,-0.431526327117036,-0.21298065119588,-0.0125054073309112,0.204495169640618,0.259202015093237,0.37195273671139,0.300312646360657,0.617527654111471,0.940561053817972,0.265347300755484,0.452535741469603,0.106973565089383,0.590750947759584,0.112844459547084,0.534812979977698,0.335762541538508,-0.139302008822011,0.361126969872277,-0.792516698521657,-0.125410240248814,-0.218694622893235,-0.828965300900416,-0.668619554153444,0.145189835708595
"LOC_Os03g22060","turquoise",-0.612232202288355,-0.642311389698524,-0.377074159266762,-0.0805333450644817,-0.24741080975828,0.187448011571668,0.0978836362540057,-0.0183308876965755,0.44411654298908,0.490745565939574,0.869080082441105,0.185464143993118,0.355247676495877,0.0345050013588136,0.529723348075623,0.224700010662912,0.461399756016256,0.333639027922526,0.0499374354459774,0.659405652950425,-0.566883033261218,0.173449727307359,-0.401765895722005,-0.887424152565124,-0.553884514423457,0.00299219699417979
"LOC_Os01g37510","turquoise",-0.61222201800091,-0.572234457213487,-0.290846716376484,-0.11818769830426,-0.0564113817598258,0.288264965549289,0.265134383295957,0.199699151737604,0.411575167380271,0.653743679674478,0.94598741442476,0.403525396359068,0.399061439313218,0.127975334091606,0.589835291109737,0.0773366819758654,0.421915191185153,0.170014306631898,-0.277799927746113,0.301507474791884,-0.647384270753647,0.0628047775652982,-0.36131572792976,-0.88751436215511,-0.729935147597784,0.169189657993905
"LOC_Os03g03020","turquoise",-0.612166618458044,-0.584806008093889,-0.271798179509195,-0.0962304158186514,-0.115366791786711,0.321178037144841,0.216854909460236,0.0301555093500393,0.427353449005594,0.570646785030635,0.905271060870193,0.364415552009884,0.273043229719815,0.0913616482564157,0.600421505978839,-0.0608066527040629,0.316338165818442,0.140985515762347,-0.294973052801803,0.355402250771036,-0.515036849004917,0.221339467200496,-0.395831027864872,-0.904751465606654,-0.686746160650748,0.160186810014002
"LOC_Os04g38410","turquoise",-0.611650956095896,-0.637377742532558,-0.404480823159442,-0.167803711062274,-0.1477746255159,0.142313097236086,0.109126096106603,0.235514061612852,0.270086046204032,0.467962081800206,0.896942157521391,0.195939885742482,0.48051422094929,0.123403136895232,0.531006180693273,0.167995922808485,0.63256774278121,0.522255879841286,0.149892482929648,0.646670692988268,-0.737266424974969,-0.0706619874656359,-0.193443255537926,-0.814369844716896,-0.490984229846907,0.0168081883469617
"LOC_Os08g08205","magenta",0.611509385650847,0.948909135815188,0.778228938568489,0.23483777609535,0.292942662178639,-0.0183732030377849,0.137312816598259,0.143425423742712,0.0975462773417638,-0.010597253975542,-0.494585534032989,0.0191546134379295,-0.039618710617608,-0.441956879840503,-0.777488858262324,-0.283365680419954,-0.402220274812931,-0.594514911277933,0.000194132625370338,-0.484170182239461,0.210970897215321,-0.325189574656209,-0.137579306681301,0.549194434736664,0.064701121441011,0.147956911967746
"LOC_Os01g74350","blue",0.611392950695272,0.480877454493751,0.225689046207093,0.0319700918883522,0.119676807023987,-0.283713236631582,-0.239335355045338,-0.118053743011025,-0.459285695828126,-0.709992312421381,-0.911897530828875,-0.358504483021704,-0.384764569603147,-0.0867415688070489,-0.478488807354279,-0.0344931179138633,-0.365856567266323,-0.115815229282312,0.175606937526957,-0.406864796978194,0.63614676886355,-0.103756512136642,0.482500768059434,0.908151450462904,0.766901170251818,-0.134533088888653
"LOC_Os03g12590","blue",0.61129064469271,0.563950234618643,0.346964593465987,0.102743278434128,0.0191140580586111,-0.30759798155877,-0.275735098078016,-0.208578084200105,-0.456490586571133,-0.612457674093022,-0.928645433398884,-0.343983256529256,-0.423809166526515,-0.069425863096192,-0.567098043685616,0.025316429912506,-0.454455906772914,-0.298791662230715,-0.0145584917561307,-0.514806327248157,0.704021921347439,0.0139865418976389,0.367074623189604,0.862697230673383,0.651476878146537,-0.200495528087724
"LOC_Os08g45200","turquoise",-0.611091855736622,-0.516664841951513,-0.335283292556462,-0.0961651222072776,-0.0134951195620463,0.308593332995088,0.222397879702033,0.201191387069511,0.30893670748621,0.554640571727332,0.846340664048269,0.263667686941689,0.320824330861187,0.164068453659696,0.505685544643918,0.160136886060333,0.324356532812199,0.254195138487294,-0.19685670609506,0.359814361943509,-0.585611835230157,0.0662121436536658,-0.244641195650585,-0.788818667167279,-0.631897040140508,0.20260138769806
"LOC_Os01g73070","turquoise",-0.61094704871157,-0.550545742987869,-0.390127184178554,-0.297426267607564,-0.02230695541805,0.165623276716266,0.143153575210803,0.359495757040987,0.136044203586677,0.401528777397058,0.849226465992265,0.161856457632213,0.38013100399203,0.216122429076406,0.586032733608837,0.0849797639821719,0.603040609099141,0.529133407058112,-0.00196446478702673,0.451733969447786,-0.725243273332594,-0.165543879710487,-0.044869174658809,-0.724468121322477,-0.423612541764758,0.0951880543025465
"LOC_Os01g48444","turquoise",-0.610893917432273,-0.641343207081997,-0.451908808644988,-0.162259198490852,-0.0805418797773573,0.170080822410651,0.0829168023307958,0.219734239837284,0.217870042601821,0.419915240221742,0.802316853161314,0.362444339060423,0.473733598950841,0.193330228264329,0.559031577036033,0.136690900797152,0.548460425934077,0.553597940463797,0.264362938959458,0.668771741999044,-0.704802212475586,-0.121898876452949,-0.146929515735672,-0.717082285936871,-0.419240230379588,0.0675804881239119
"LOC_Os01g31690","turquoise",-0.610630612456059,-0.647743159798846,-0.377458304597227,-0.122529638772136,-0.151885800330292,0.181132299268377,0.142124892513277,0.200504814023172,0.287387498280354,0.514918394848937,0.920001995100392,0.228704293054734,0.46659541410582,0.115531753318562,0.525439289663249,0.131625869087522,0.592387695456347,0.462245518624007,0.0742255226247967,0.611817829570018,-0.717190501969044,-0.0183669097155388,-0.234495590505669,-0.851485823181483,-0.547658377799477,0.0372741494539865
"LOC_Os02g37060","turquoise",-0.610389582266742,-0.668883741315199,-0.436806062732165,-0.171208365049253,-0.0567464822063525,0.177641260958978,0.185425291636403,0.351964958977732,0.231767114265203,0.540720565250222,0.933682893881524,0.273176291399088,0.526141412176108,0.16789040426212,0.584311511203304,0.168619117020563,0.624423892954771,0.481457157992229,-0.00507199378953806,0.491709684456911,-0.790424613972182,-0.12510688363079,-0.147150115546673,-0.806878549928019,-0.56436434373582,0.0859614204078476
"LOC_Os07g07250","blue",0.610289527069968,0.5867565446016,0.270265387901861,-0.0726672112394382,0.108598402298951,-0.38543563147994,-0.311612571175544,0.0118851048338105,-0.437936489859687,-0.637630783705634,-0.880796103935492,-0.334275552677937,-0.297784605316079,-0.08686524353078,-0.525546423408075,-0.0573392462153719,-0.263108398210454,-0.0896504907815257,0.321775568823268,-0.339752527726818,0.475435847694506,-0.292743019321507,0.449098163424235,0.917115009758577,0.734586446537303,-0.178188723503687
"LOC_Os03g41080","turquoise",-0.609857033482036,-0.600400562939499,-0.420495651385124,-0.179439697036355,-0.0686388097268561,0.231053181070277,0.179906615573457,0.249062171760721,0.31808623132182,0.554654880474032,0.931567939425905,0.276239195249143,0.454646140156752,0.0912183976159026,0.591465850846273,0.0895598006560024,0.51538218009365,0.417314738279967,0.0436563020399936,0.567848239908955,-0.749168073836011,-0.0328537793675189,-0.267740561845347,-0.849730828357322,-0.613830560062256,0.123880373056575
"LOC_Os01g53720","turquoise",-0.609457512868851,-0.493381020643489,-0.290387925801418,-0.154438026929697,-0.0308841131289489,0.282298233071362,0.286125326317468,0.243689710330648,0.320904070134976,0.635549654462523,0.926295965392753,0.333323383500709,0.363095872243962,0.0789921174344562,0.568410057387217,0.0461247321516773,0.364619501262379,0.189605997982034,-0.343688660839613,0.264889152718315,-0.648715428444398,0.0484903480549594,-0.289621281364489,-0.864191502428832,-0.727924341649142,0.182222949322953
"LOC_Os03g61260","turquoise",-0.609168693963645,-0.550594423188086,-0.2772062279093,-0.0974311621298484,-0.0529033329722235,0.334841863708189,0.268283190211143,0.117276501146906,0.421881093488789,0.609734203987311,0.926268132078229,0.341427603951053,0.299629776265313,0.0847217313444245,0.58126196679507,-0.0324981024433883,0.35094051078003,0.152123727487644,-0.2634143919891,0.333088696457782,-0.578250790879475,0.12931940619505,-0.384312904445247,-0.894260120162438,-0.70651903140597,0.204074653004291
"LOC_Os04g08350","turquoise",-0.608225307541691,-0.624416790455323,-0.347641312386471,-0.0211782413999908,-0.110048061616381,0.264108091688661,0.174752749784415,0.174369083883374,0.390031437513771,0.592051443385541,0.929341590742003,0.344661972784542,0.518287908035007,-0.00682973316064439,0.480258337529968,0.145949237377322,0.501309757980359,0.396632165983551,0.101801178128397,0.64819586623989,-0.726739760913845,-0.0151539446892529,-0.336938926337692,-0.876308634059183,-0.621254342400176,0.107771198205151
"LOC_Os06g01210","turquoise",-0.608098828468231,-0.667332126624185,-0.364444591393196,-0.103973882324513,-0.123767361281319,0.20774179060332,0.172422058368515,0.230287593062614,0.318292672013797,0.570972927262447,0.946474613903627,0.311403099701283,0.50753235977904,0.138176185948439,0.542037001641321,0.133300453463909,0.570861770456968,0.417881524131758,0.0107709043525895,0.562976367691912,-0.739201924536941,-0.0185738829017018,-0.262256270776067,-0.86485412893695,-0.604879283876624,0.068870368313776
"LOC_Os01g48500","turquoise",-0.607956807855097,-0.607641148437856,-0.254436493618814,-0.127165362230471,-0.327933012956959,0.158910031426396,0.0655355853768184,-0.0850518525908418,0.302078050321683,0.48805320802789,0.847096491565008,0.270847622563818,0.258921410364939,0.173712545126559,0.523262562308321,-0.0114727980799798,0.409486102399031,0.211737581851508,-0.204303029263942,0.45469142164835,-0.46666543885995,0.292637584029498,-0.337610632160869,-0.895787116962812,-0.594701176291405,-0.0543338568063831
"LOC_Os04g55060","turquoise",-0.607740069109419,-0.5110113804319,-0.253918295082446,-0.0293547413728242,0.0125883301797548,0.421197559621179,0.318702873157152,0.0991438726813371,0.269679933247147,0.602297943645666,0.834386010164208,0.356543028043113,0.242338402412287,0.125048079006012,0.60501896006236,-0.0243039317962334,0.204050868666112,0.096082358421501,-0.42039129403888,0.192534303364492,-0.493851580081615,0.213993556864486,-0.32494665792756,-0.843306789003736,-0.683703390446708,0.25114578562153
"LOC_Os08g22864","blue",0.607242543443244,0.746593693659452,0.417710401545593,0.227171492550846,0.229046022810079,-0.10065800160778,-0.0653567497749685,-0.162593010962788,-0.238011198358486,-0.471182266637147,-0.899070017858547,-0.365980383950565,-0.481854539688858,-0.265860053888298,-0.635420433168585,-0.136852625703719,-0.631680835896384,-0.45590698661926,0.0114957822629358,-0.540121252124633,0.686616484950296,-0.0357476885234899,0.191307481539608,0.838781373764976,0.532972407769608,0.0586958343796963
"LOC_Os07g38380","blue",0.607107083370782,0.330103314194262,0.123011591556053,-0.131186489117203,0.202417640030868,-0.391259238491866,-0.249010647692432,0.381171700677925,-0.466604832771365,-0.4153744727993,-0.610899590164323,0.00782519596386233,0.125242393288994,0.118975286512333,-0.376705666582421,0.215633034788956,0.00202334680653589,0.0220050272442656,0.134089141334332,-0.452358817483934,0.104172377771164,-0.528508710556759,0.532941122743837,0.800551174356109,0.480573905404885,-0.162469728141224
"LOC_Os02g56200","turquoise",-0.606928301880999,-0.485159992188956,-0.256712080162377,-0.0833152363066205,-0.0281357080478562,0.325441949793682,0.245740323202108,0.21938909224474,0.362612217105814,0.657503514613644,0.943109326826013,0.309810864634716,0.400216595110153,0.0327368089977829,0.511793758829569,0.0136571484393927,0.362460779590754,0.229160209244867,-0.174090728867832,0.434333462275424,-0.692016916403923,0.0361897833415094,-0.363561877325067,-0.888794427473185,-0.72443236480595,0.21005023165552
"LOC_Os04g39210","blue",0.606847731420819,0.569026704116097,0.336434884060845,-0.148654193629869,0.386364144310799,-0.237424281903695,-0.068584665723303,0.474934419449244,-0.468901879892055,-0.319419032699619,-0.603265122588243,-0.129488288010072,-0.0209653020719293,-0.0711650599763156,-0.444717269477807,0.0146298245845837,-0.161008812081882,-0.171917220894445,-0.107570957521128,-0.690390312661345,0.130449998038371,-0.545583035183079,0.506163116429029,0.811274146439102,0.396295130944513,0.037381698931333
"LOC_Os03g14040","turquoise",-0.606801763366267,-0.59181183847284,-0.35059797819655,-0.152197878198096,-0.0651396333225497,0.229526872263192,0.223891614450413,0.314349504922735,0.346582970798951,0.67173084380309,0.980134834208681,0.354666760373544,0.516920921846611,0.0928169996235717,0.538373929957934,0.123114631050967,0.524024338740371,0.30381407067602,-0.13596775031237,0.424953713840667,-0.797725674806051,-0.0717136618499942,-0.295979893132309,-0.888023897702514,-0.726808572507143,0.125241085941644
"LOC_Os06g45660","turquoise",-0.606612650248833,-0.684805847050801,-0.404909068048249,-0.156241221041966,-0.123052782793464,0.243504144552336,0.162894060448108,0.144818682482687,0.300789084815587,0.539023394422416,0.929707988500527,0.397695726796716,0.387038478380916,0.199457127889204,0.666395803892316,0.0095303750053928,0.443843929547253,0.320633111045738,-0.207808486709856,0.423670004043024,-0.623999813196725,0.118437530435824,-0.250986458563803,-0.880766530208973,-0.640448456748518,0.106037697960103
"LOC_Os06g41100","blue",0.60636266204904,0.613514528623528,0.363897258717827,0.0666985206698906,0.180114661670104,-0.224440194781939,-0.164477987639682,-0.045906478958904,-0.252631559498692,-0.51903311141217,-0.845232932699228,-0.308761678573977,-0.325642930222129,-0.018216439894321,-0.519555471670506,-0.0744610604364463,-0.397089519505802,-0.275840566252199,0.107557918264277,-0.462363016768152,0.560405503953667,-0.141600064891113,0.253170305664711,0.858477734181823,0.616603104618987,-0.0514988716813424
"LOC_Os05g27100","turquoise",-0.606176112699693,-0.606078447148347,-0.249265378518016,-0.0473958730877544,-0.124799192140346,0.313212410847413,0.232081285322208,0.0972972872237068,0.409067982362142,0.665463191626585,0.955120625495732,0.438547762672361,0.404340664316336,0.0650914705675004,0.559836627101956,0.045648932021421,0.36884297583612,0.167980062855227,-0.265784698010285,0.385207862469107,-0.605012833389941,0.173406295340861,-0.399502909478345,-0.933821785340624,-0.752321871145947,0.148615890685832
"LOC_Os05g33280","turquoise",-0.605899092638427,-0.656243551597009,-0.398410434549838,-0.163563937401634,-0.155116225177986,0.158928923725026,0.163052898549338,0.249495737584411,0.289613252300822,0.574287037733611,0.959435502771226,0.292985300144846,0.505503402510082,0.108795886729963,0.558127913380587,0.154553061791252,0.600667171239197,0.421605948960462,-0.0417855232150738,0.527854124752462,-0.760053718819911,-0.0345804716287731,-0.23209973890505,-0.878606686680429,-0.629073910485314,0.027610966327794
"LOC_Os02g18090","yellow",-0.605719318135473,-0.53953931197742,-0.275380806998704,0.0702134665186779,-0.418011491341722,0.207350505697496,-0.0488473818313284,-0.638541631690584,0.101759402361014,0.0780776733222652,0.359863994962855,0.00600291111764182,-0.293686555299825,0.22500681582422,0.516390106557025,-0.207616908131492,-0.0637017539762865,0.0891668655421527,-0.232523453563584,0.378708829692292,0.224797289521612,0.807769631133855,-0.255019949409692,-0.634245124155661,-0.185733651973581,-0.0811502338702914
"LOC_Os03g16470","turquoise",-0.605544628178621,-0.546239517151387,-0.30280573671403,-0.139308140137342,0.0254702330083747,0.326452663478845,0.225832796396392,0.257792669655909,0.25674531182053,0.603035625630267,0.896324164680521,0.313844569636648,0.315962293570113,0.15268100952563,0.597593483887707,0.0719657716156541,0.333416624439483,0.15839213778756,-0.422311799132524,0.171747702192333,-0.607650082516792,0.0705078290907731,-0.222177535727341,-0.816041446205161,-0.695907164528723,0.230254031513466
"LOC_Os05g48630","turquoise",-0.60517767136422,-0.662740245773351,-0.483172535716487,-0.216523742122796,-0.113092891907353,0.112790242861575,0.134323193326252,0.304040707161483,0.175603717097468,0.437343158472346,0.873951860493348,0.200835546427179,0.483103098430375,0.171511510363136,0.5748819097241,0.154120040518517,0.677858272799373,0.5930994490358,0.16511149620352,0.608047540320501,-0.766701402068166,-0.143292007139436,-0.0883819789445163,-0.763744383588472,-0.444736648236088,0.0127103255234121
"LOC_Os03g24380","blue",0.604755325211833,0.525773212729013,0.227421598820391,0.0489979084670386,0.404086174214268,-0.100459554857919,-0.00758947565616847,0.118327381724103,-0.366634516605212,-0.502153302343063,-0.802620866174919,-0.35454978909945,-0.361011945723722,0.0289914273259445,-0.422883953584452,-0.141925138471499,-0.435858260558401,-0.284856218587172,-0.0104307897522712,-0.630348370034531,0.486209430047646,-0.233844355135653,0.393628884614126,0.879417266176463,0.567095588740869,0.134209780046523
"LOC_Os07g38300","turquoise",-0.604458885858529,-0.579347075219521,-0.310838856292669,-0.119482343151461,-0.0709081910412299,0.292832929331366,0.214219120403722,0.164658097451953,0.39696675434307,0.615835508872006,0.952895877634184,0.31994889320824,0.361130342121875,0.0913214594221825,0.580115817160933,0.0498941393775555,0.387227002466408,0.211612727936791,-0.234474266406551,0.393611646889491,-0.639997555436783,0.0928662503379221,-0.362616194993133,-0.902795041593819,-0.708090948707784,0.173267740533928
"LOC_Os04g24140","turquoise",-0.604229647889892,-0.443687026390162,-0.226090086864795,0.0464155837724742,0.0252692034149641,0.433220821859878,0.405517450407059,0.0986662607201715,0.400491074581558,0.663295295535278,0.871010943194836,0.223311232517942,0.216570127814755,-0.00849410121290266,0.476067280838267,-0.0572883773848671,0.243137683283236,0.063417243405751,-0.296586096324773,0.260871824439653,-0.524455190019503,0.145809292915659,-0.403982869007109,-0.870694317672303,-0.717184857090143,0.286174561730697
"LOC_Os02g15660","turquoise",-0.604116054764749,-0.374990171643173,-0.21099566724729,-0.0671168173165961,-0.183042947311214,0.288962395626883,0.189377713939207,-0.0758971908773513,0.462495852802665,0.545707832004041,0.834009819300054,0.150708985573746,0.132274000194643,-0.106949679512919,0.448548975485163,-0.0700825547477714,0.257573873944779,0.0809800813717997,-0.214754960998054,0.417662230009622,-0.446857715963573,0.242414933271143,-0.474339689694922,-0.903446569219436,-0.652926416538724,0.111419153605747
"LOC_Os02g44155","turquoise",-0.604063264899626,-0.587749072105492,-0.421518577221289,-0.395127951841086,-0.0941960868665387,0.0384303238653269,0.0471563186456523,0.389617310223739,0.0132813306590493,0.42258180203465,0.826804980069707,0.322168429047872,0.397629555144705,0.246356714024004,0.655671909350877,0.0614709408819586,0.609630070034688,0.416722668244597,-0.266674438577199,0.198743328349808,-0.695882976578365,-0.13806125150822,0.0548423186825331,-0.69668654860847,-0.480130347079946,-0.00554228397593513
"LOC_Os08g03630","turquoise",-0.603415532687255,-0.650476116610707,-0.416579872095687,-0.33472358252258,-0.344185777658019,-0.0118337071585891,-0.0154289181546985,0.10632476473159,0.258528622647889,0.416207102909462,0.869737450792331,0.24569834278313,0.35372411369334,0.0594327151397504,0.601966345718121,0.0716988932904963,0.638747407530271,0.437274043286166,-0.0618456901812546,0.52350337790729,-0.622335045714289,0.0594233132039668,-0.171958840846441,-0.844694152714276,-0.506402350868518,-0.153739955007234
"LOC_Os03g16980","brown",0.603175413946585,0.461979969312759,0.414568392215841,0.344894763864253,-0.0917012977159168,-0.179308569181315,-0.19454383142021,-0.477213109742129,-0.18875524516704,-0.46908591099105,-0.860909067355672,-0.0647602775539302,-0.410151974312508,-0.141736187455328,-0.557355966575279,-0.128124362920016,-0.590723285348059,-0.44091959113567,-0.0232707769152913,-0.375387933167883,0.82029826228548,0.274104623939561,0.0935846687862529,0.701786697544872,0.490895800137876,-0.174938585696086
"LOC_Os03g03470","turquoise",-0.603008883568692,-0.44961434427969,-0.272545820220809,-0.285592525454938,-0.107386117865785,0.190446175503915,0.0691928483920366,0.129789939095006,0.292692636412872,0.455136729795331,0.816193538603313,0.23918245795629,0.18015957501206,0.0465544171583712,0.575460606592567,-0.0931577117771314,0.352679734573304,0.176877645132429,-0.299409505219025,0.253719563725819,-0.509094784184519,0.0950357213784282,-0.231358838262723,-0.773617805255901,-0.56577261227244,0.108380238540487
"LOC_Os04g36640","turquoise",-0.603008134129484,-0.606921069252419,-0.2713835472047,0.0522842936087577,-0.177173498996301,0.287295944440637,0.135545751706745,0.00433284592950334,0.384683239608153,0.596531136997729,0.849132794231683,0.430558070970826,0.380441734277412,0.0612739712500285,0.515024994585325,0.195123243122594,0.317638335218323,0.177498161774075,-0.191399555874133,0.430336410584309,-0.520352547565158,0.219103623873602,-0.40038420532777,-0.875140010984707,-0.64881630165728,0.0866488813143072
"LOC_Os03g21370","turquoise",-0.603000201637096,-0.66272308019015,-0.313804773700697,-0.0152730853233575,-0.128490454718969,0.346749859703513,0.209439738983474,-0.0476523321536007,0.417219144232197,0.528000183135153,0.879421355845048,0.302115881707577,0.262361004208569,0.154622963336335,0.596287906396687,-0.0375387340518941,0.294682681517707,0.209980511731483,-0.157309778875681,0.488453333134353,-0.468113083877854,0.293644816598343,-0.405812307604274,-0.89433807386459,-0.625553097511004,0.169162197932419
"LOC_Os02g03230","turquoise",-0.602842292234435,-0.642588049303802,-0.380761230439439,-0.147818627487328,-0.160838067922392,0.17216764291387,0.107977000799032,0.209170328196845,0.338631019322955,0.559689331199828,0.937867692726792,0.334439259615018,0.540557679666462,0.0467512097864635,0.525994885678514,0.204659810660198,0.57703853760686,0.442769291760683,0.108320797406067,0.655220918716766,-0.766953318734146,-0.0391350234784029,-0.283303893887245,-0.870440352334068,-0.610316876710022,0.0320193298251853
"LOC_Os06g19750","turquoise",-0.602202480078363,-0.673198616769712,-0.266907693070772,0.0635291093845126,-0.263001383891278,0.300979732132315,0.119418783268289,-0.161873754072888,0.367974537716317,0.556184313374189,0.835504132179978,0.373947737390869,0.309818752121521,0.126579360137319,0.490664860698878,0.146255557007217,0.288760385760446,0.179481644642435,-0.124971970222522,0.535313030181953,-0.41520869845746,0.373018501115613,-0.429872489409597,-0.900942852805081,-0.641289123465133,0.053186136663
"LOC_Os06g30901","magenta",0.601837422958297,0.911660274136321,0.644786214182502,0.193307194939246,0.212579467221896,-0.0820291139254618,0.021352400483907,-0.0778512054822437,0.0531230387093581,-0.272939595431732,-0.697149877944847,-0.287758210380676,-0.348117126904586,-0.323466812780344,-0.701554847134746,-0.275725986272077,-0.525940095907507,-0.568370148134746,0.00752606555853871,-0.478834444126379,0.494592027481412,-0.141075456109972,-0.0908646476110316,0.664405896030524,0.32254037357313,0.0813004492129595
"LOC_Os02g48560","turquoise",-0.601662684188123,-0.578148121476621,-0.252788920208556,0.294663899055727,0.0943184957399635,0.555978010794641,0.425411800907152,0.0947348399486503,0.45327060821101,0.684670380598703,0.849033728802901,0.390000798721195,0.407110802005442,0.0350564791188122,0.424227851495766,0.082019893048734,0.204974212173131,0.214320825908125,-0.0211579719873328,0.522504875064676,-0.549458342177341,0.140600460179544,-0.43451434203692,-0.828431365285772,-0.675007838338552,0.365894016365538
"LOC_Os04g23820","turquoise",-0.60154802370627,-0.590393517597782,-0.234712151743261,0.0270255856587724,-0.246689163141064,0.335572704851656,0.182509168414901,-0.196859973920167,0.462738425260371,0.571211081024908,0.840230237971888,0.293354306671051,0.181298463151361,0.0860374595882412,0.518697945668616,0.00631772592811991,0.18762985151431,0.0389688940455134,-0.324170170907551,0.408191589781956,-0.353048110586898,0.455177903799339,-0.501833557356571,-0.939685645090561,-0.70548651276492,0.0973148431448031
"LOC_Os01g53520","blue",0.601279166824572,0.453988396771647,0.312691019893266,0.219531912097914,0.0762697154304631,-0.17934373247721,-0.175801901523595,-0.283891678050342,-0.35899388039859,-0.610431649403998,-0.932914464729904,-0.253898198023666,-0.407133350357713,-0.0426274344627467,-0.520090260746705,-0.0312027268760494,-0.516714808703206,-0.239336478337701,0.13613309491335,-0.364063219156486,0.749086299265451,0.0925388778285245,0.318485786177668,0.857923964762408,0.6791143684063,-0.1048489944771
"LOC_Os09g24414","purple",-0.601153778347221,-0.683296280103182,-0.668448044269912,-0.322034613894322,-0.125895094374933,0.104674731533592,0.0872717632485026,0.0586506078799919,-0.0721602584025314,0.194908455223756,0.577674033959945,0.102594180262743,0.0898465145922694,0.354066906484376,0.829148751449916,0.0979690617426116,0.367445623582055,0.473184554244231,-0.150842250706888,0.30664248773979,-0.372071949059312,0.174753124836876,0.0560703451159929,-0.587164585158759,-0.259456260794087,-0.00646730871440333
"LOC_Os01g61630","turquoise",-0.600575061376533,-0.47342714706556,-0.270872940120535,-0.296364359657728,-0.133023998756691,0.1441376087075,0.0805830904794517,0.215542681581445,0.258630300318886,0.483816361618798,0.886594293345793,0.200216846639057,0.334501021142474,0.163389106265778,0.530627201590243,0.0131450449726302,0.532558191684657,0.333862350119642,-0.0503428268472984,0.451214877468659,-0.686063490940909,-0.0462055233999932,-0.253792769059388,-0.811751849184742,-0.547245152400901,0.0487223185893928
"LOC_Os06g29180","turquoise",-0.60008754174239,-0.478973967410339,-0.323068275964645,-0.0505189303250907,-0.118848767587356,0.240754558667118,0.224170056032086,0.0979975971250118,0.53543794857467,0.585149619283039,0.883540190373821,0.307316969025171,0.391913770436355,0.00141063788731869,0.479110333554807,0.0122257218028043,0.432139216136927,0.236008936286121,0.0570514508818269,0.568964648819446,-0.646332467714743,0.0316015794467844,-0.458276940304269,-0.868494885851004,-0.643377884628355,0.11142373457251
"LOC_Os09g27070","turquoise",-0.600087477789175,-0.48626127351286,-0.311314948516823,-0.0834204875078105,0.139695342400695,0.378988538059053,0.363450110343329,0.398750266870998,0.330424980809927,0.692438148602279,0.93499191467379,0.363683293910498,0.48178966190491,0.0773712353218393,0.530091569313383,0.161576451360137,0.377517126147491,0.228667139043698,-0.196122650422876,0.300983813466219,-0.771193888280065,-0.122400934758372,-0.292244391537857,-0.811898702418302,-0.74305454834736,0.313200971320179
"LOC_Os03g49220","turquoise",-0.599734916096879,-0.486852928183145,-0.328374814581605,-0.267216734510735,0.023611863364989,0.25555059349493,0.259746315353819,0.274770809394217,0.228543469696703,0.531837923499495,0.850351791812,0.25216676620056,0.235038892575585,0.21788605946681,0.639694317719963,-0.0198893529930545,0.337194686575123,0.155918853865984,-0.486718008993707,0.0801941904454821,-0.567880038117182,0.0524637094558841,-0.179667374411518,-0.772823161725779,-0.642021518486565,0.198858867315134
"LOC_Os06g47000","turquoise",-0.599628012629438,-0.452063627520748,-0.301682053706679,-0.163945351745358,-0.247095245673066,0.115587720048466,0.0945129237133489,0.0595327431365469,0.455060393111072,0.548145874062678,0.851743166465827,0.265953093573941,0.356190564087153,-0.0449101380001643,0.463257046108836,0.138529686377169,0.483291600047953,0.199268657394323,-0.0231892873988098,0.49032218876371,-0.616322432493166,0.0426046289168458,-0.427982350472412,-0.870347694076774,-0.631553429709705,-0.0271831960730273
"LOC_Os08g33320","magenta",0.599576427693421,0.839833118893316,0.661813782743531,0.253730897259708,0.23511330306401,-0.0829341700957983,0.00305035006335002,-0.0126559908962979,0.0399589008510197,-0.2323143685311,-0.682042717539769,-0.115793884379387,-0.20502283012755,-0.386196059124465,-0.744813374119589,-0.189450937248541,-0.417757902015662,-0.45247133441607,0.244100615337111,-0.348048958773315,0.384541111106045,-0.284265189438185,-0.068686345907204,0.693504135036314,0.346878748802372,0.071043276167496
"LOC_Os09g37610","blue",0.599366628150338,0.539657953872503,0.238172777754035,0.0200455180425228,0.335716860206029,-0.206268117960857,-0.0952009228043483,0.241555677705815,-0.422586605263124,-0.437201059315259,-0.737386772758571,-0.151311378665509,-0.136549260598729,0.0218765447093714,-0.418654816773251,0.0084209898899352,-0.323969234299417,-0.193083507839919,-0.0330813804711002,-0.594280848095865,0.347507136614422,-0.342542778823882,0.435211254516275,0.860496254967206,0.49803100812974,0.0352436830829274
"LOC_Os09g10204","turquoise",-0.59857335246971,-0.439090563734767,-0.217134645990883,0.365974451478466,0.359548636465788,0.730713540925755,0.657804403194535,0.236811589879293,0.481799140163398,0.783222480860804,0.84315415415119,0.432666147027236,0.377481695328651,0.019620277415453,0.440167995423355,0.0315237409516823,0.0363134899723861,0.0673352724980141,-0.176674955452072,0.308248278478586,-0.571877744683257,0.0498096933589649,-0.464436531998966,-0.784237678651264,-0.75950109275032,0.613278391407203
"LOC_Os04g31010","turquoise",-0.598349343331872,-0.525915012689551,-0.275411252675635,-0.0357935082785972,-0.0383402705089833,0.341711059387036,0.312208663042822,0.183152394373996,0.497871643397887,0.69224898499049,0.957573899640471,0.332289926531821,0.401466518786032,-0.0306592483459637,0.496063961126814,-0.0106566776007956,0.391191409808476,0.195192459879408,-0.129129938637877,0.441873439719658,-0.682692450743042,0.0322047840694129,-0.428513252022935,-0.911837378627736,-0.749256857063442,0.215376573669284
"LOC_Os03g08080","turquoise",-0.598221137035363,-0.553817660128027,-0.272093105780913,-0.167644686871569,-0.210856145591341,0.198911446844699,0.16307638527385,0.0585708379548556,0.356178302575343,0.551685436083149,0.917453496248738,0.23996781707625,0.326894485835408,0.0956236250837075,0.549929747114861,-0.00267988035702282,0.445226455629763,0.225143493702432,-0.186224079098696,0.437604766828878,-0.589281628719227,0.171614684214357,-0.363169401679476,-0.919596614912201,-0.655300793590286,0.0390547031483438
"LOC_Os05g45320","blue",0.596992008780141,0.464704599534198,0.168669665188198,0.00159859234416304,0.234823572990688,-0.26743227661185,-0.0760356065750829,0.150142793291146,-0.396766603224418,-0.482949988539202,-0.757642469347413,-0.159001218829345,-0.171903502925802,0.00746917501969416,-0.414608463583283,-0.0525341497255369,-0.250523327281945,-0.128551808405648,0.12117349669836,-0.486050894026956,0.368874674092009,-0.315635567318117,0.446769142238883,0.844286828180252,0.556595672699434,-0.0655499383005664
"LOC_Os06g45940","turquoise",-0.596238740209708,-0.437686493720403,-0.30850088965049,-0.269224096140506,-0.177254267888727,0.0734068793640671,0.0682908869066205,0.218387223233798,0.276218670750748,0.501862019188236,0.831597478523041,0.299083413854756,0.429948539393644,0.0375195322074868,0.485600946329684,0.138832877178115,0.603200757696649,0.375167512378673,0.119602600665994,0.522818866388988,-0.713188113313137,-0.126424330995303,-0.252390615211416,-0.775821131907276,-0.533449163025971,-0.0243010017802328
"LOC_Os06g51500","turquoise",-0.596194066497365,-0.481064726168419,-0.256647762255799,-0.150793887767867,-0.0877747984862644,0.242859570654325,0.222938754754128,0.214313682006445,0.354443102568583,0.617350749742456,0.925263340715955,0.308789827521966,0.355346255175427,0.101338051727426,0.527602713168584,-0.00605756071757901,0.40793286124831,0.177820666867649,-0.298774273622238,0.303337217130093,-0.657514945722521,0.0375133769964933,-0.334021239233348,-0.877004531898799,-0.714725750913061,0.127586188604587
"LOC_Os03g57300","blue",0.596053232520336,0.689039853236571,0.367210129446043,0.0488971419009227,0.126175542079148,-0.242850739140958,-0.217968704605964,-0.157319382394545,-0.418761727566244,-0.621441039564569,-0.913132125329238,-0.478487403842702,-0.536012301979816,-0.189785680935898,-0.579042473112039,-0.120774033585429,-0.500183239182041,-0.332087261243924,-0.0137198448105567,-0.542471839119278,0.692391593479834,-0.0453234807320451,0.363516941253232,0.867924582472342,0.651881040617138,-0.0889591495476667
"LOC_Os01g14820","turquoise",-0.595996354149199,-0.468649811649388,-0.34223103444881,-0.0979219532445186,-0.0679203338690298,0.260898645394894,0.239976427559125,0.160297117008047,0.413616922412519,0.586058528184196,0.871633770054328,0.29848856318259,0.315169078659705,0.166506225753702,0.555110601319933,-0.0544671834038587,0.376726327970069,0.157913743592242,-0.236865989481446,0.311217229972096,-0.594950862037715,0.0617891165054008,-0.371218012262783,-0.842794451896559,-0.680125806424196,0.146573058909891
"LOC_Os03g50530","turquoise",-0.595767555245495,-0.562991250143083,-0.278700748285578,-0.0820167625777509,0.012503536608591,0.33958144434256,0.342166624229885,0.251922810835117,0.386307994668115,0.69532761392086,0.953764960053717,0.407803000266367,0.429917590314627,0.181524651426241,0.562119566883681,0.0435926124078363,0.409681412658516,0.17574518010485,-0.246153855805398,0.29953352284275,-0.695952600251687,0.0116477346463556,-0.355810729210526,-0.879641995610742,-0.757269029057237,0.224969364958188
"LOC_Os08g33100","turquoise",-0.595213749284928,-0.523849871146574,-0.361796483304806,-0.19779039159179,-0.253484381145718,0.0780924861853503,0.121695700987224,0.0933516528356508,0.233925840991493,0.487929056376695,0.830981725560093,0.209156579485321,0.328526935654581,0.0324613844570904,0.528052857606428,0.0182016526004555,0.488927699912772,0.32793750145441,-0.0729215261365782,0.474886548818236,-0.595404388030289,0.0890921027306647,-0.220404056017026,-0.8292433604567,-0.56651279686974,-0.0509341558269874
"LOC_Os06g09130","blue",0.594746927771227,0.599686581625871,0.262871325537736,-0.136917244872402,0.0303889280894677,-0.426505714304236,-0.320712707589002,-0.0607921911580045,-0.472252200891635,-0.69514933017282,-0.895374258379881,-0.481636289477572,-0.436381405365577,-0.118846398768634,-0.508996635332338,-0.105606298564645,-0.266803516958792,-0.150356684368078,0.110492227645403,-0.471448817296368,0.579780895380095,-0.181418443196697,0.483923415542899,0.901533140889956,0.745149297377726,-0.245446703132146
"LOC_Os09g35600","turquoise",-0.594488335891704,-0.523675383774638,-0.256620879432841,0.0032883197700511,0.0351530700883503,0.347586920549345,0.295445723756179,0.303122851132836,0.342113190684762,0.709161185805672,0.927097247590534,0.448477776765463,0.529299448827067,-0.00555857485613706,0.451540800015732,0.359124854708088,0.397371927888459,0.224828301716222,-0.170177163860362,0.355955723277335,-0.733166456700759,-0.0693615481070773,-0.309871821881289,-0.834686799444242,-0.740403202057812,0.227383789166513
"LOC_Os01g08290","blue",0.594444154082539,0.414577387437809,0.143962649108808,0.0122376985215374,0.100061179167345,-0.305799398919732,-0.202020526606601,-0.0333572375497048,-0.234691928977071,-0.587623659481648,-0.78135665292845,-0.334411189230987,-0.264033510144816,0.0563435914726663,-0.432593174082132,0.0617581542562358,-0.226633089623918,-0.0745006327355932,0.25207986762359,-0.286236214559936,0.468063391298614,-0.204244283990138,0.321593946580475,0.812368620900213,0.648866119317001,-0.146832942922935
"LOC_Os09g07830","brown",0.59436477902491,0.584517992739108,0.410719084799614,0.183859568999049,-0.0381352938176948,-0.242835173260462,-0.248717007224424,-0.419407317651241,-0.227677728575792,-0.592000723939747,-0.935452471195853,-0.34583489073276,-0.548472032803064,-0.118082161865765,-0.570323185734644,-0.204267733080719,-0.561095815520015,-0.455470076247057,0.0101202890909391,-0.458721635056101,0.843067547262204,0.203334735814268,0.157348006022252,0.793675775408741,0.620441837567585,-0.172589912702128
"LOC_Os04g43350","turquoise",-0.594124296496018,-0.602503246708478,-0.243336028992742,0.0273397787889188,-0.157090266483879,0.361216296053372,0.238416068056275,-0.0357431720146831,0.42469969832563,0.634493623538252,0.88950462967065,0.374705057854007,0.31744665586517,0.172109395902531,0.544894572148897,-0.00530314154985947,0.257168559506463,0.106058513452878,-0.298750571089997,0.396673045955512,-0.487767158776015,0.316323169986307,-0.468315396847867,-0.932867695721662,-0.733475348055939,0.149990020281503
"LOC_Os03g07370","turquoise",-0.594019640695681,-0.677470303098807,-0.489655428770589,-0.390303072320261,-0.275216646458773,-0.056723244750429,-0.0593217853147504,0.221494504117363,0.17046933309704,0.374177063307108,0.840192785250183,0.194940021819794,0.447082202755473,0.159066594552236,0.598822731966196,0.1965380301315,0.72036214887465,0.56428485115755,0.138679538752548,0.592367115549837,-0.718381184098505,-0.0740369976564902,-0.0800615885795825,-0.752208498615818,-0.413254653599374,-0.139809375889741
"LOC_Os03g14915","blue",0.594004511410576,0.401375843175369,0.181792771445865,-0.0634052263310146,0.110154600186536,-0.388734426526157,-0.309999336585998,0.0939012607802618,-0.520362834886327,-0.599833895635815,-0.810564524688742,-0.118199567626585,-0.100692331180514,0.00200241774433417,-0.431574442463949,0.0980068582435759,-0.166428285938271,0.0303634271918185,0.32118275067891,-0.315765261667633,0.375769418221005,-0.317898874321456,0.533082060843882,0.887674896672501,0.691388143369931,-0.200456240931297
"LOC_Os03g44210","turquoise",-0.593756795874386,-0.572017139552647,-0.363390683167029,-0.234327410447492,-0.316076750593176,0.0501801020372094,-0.0803764708008353,-0.00108953296822594,0.314757248733515,0.372475576303617,0.807694503850953,0.0896797466819937,0.256727859340126,0.0738003559437165,0.507631966926597,-0.00704535422506347,0.48982422847373,0.372145654270091,0.0566122316267223,0.630614531274365,-0.548212742240267,0.11909789078557,-0.294408716239125,-0.82319041236358,-0.466079847691249,-0.0930901228940075
"LOC_Os01g31610","turquoise",-0.593288924480439,-0.419276774412888,-0.172619757587264,-0.09417229346718,-0.231964541060338,0.254307854278541,0.115123395284503,-0.122231024863802,0.429701283103264,0.529765512121759,0.800164276281101,0.381968258638105,0.184878142536978,-0.0611716840926036,0.508965625849556,-0.0104375135478434,0.205820845165291,0.0331370306537185,-0.290973170746557,0.360867329380256,-0.398201840938006,0.311283199810512,-0.472701996213459,-0.880069341333782,-0.66985233828034,0.0688995623757416
"LOC_Os07g32880","turquoise",-0.592424416543959,-0.640919157298023,-0.336059959121177,-0.152401826113569,-0.124166207738445,0.190128782558532,0.173765156693071,0.266256105886028,0.201516865117132,0.57801295746482,0.932047010903604,0.391678313575154,0.513137404066058,0.158149425892064,0.549103280321655,0.1141909397143,0.565935234364939,0.402957114320575,-0.0829684923792669,0.46521820204893,-0.74933594689906,-0.0403907834862124,-0.187273247522741,-0.844566462725238,-0.622946327086855,0.0507903738721632
"LOC_Os01g60230","blue",0.59195194127833,0.456904896012936,0.259887009731247,0.168291814635736,0.0491219263635712,-0.236904159927172,-0.236558740169856,-0.244444738301552,-0.290227409647134,-0.627785348803549,-0.88427401983169,-0.29077916181493,-0.31641565280173,-0.251537112427903,-0.546792868588375,0.0215043706466333,-0.394044859143348,-0.0958120585112788,0.403398637179933,-0.145464742649459,0.623712902900681,-0.0458995649805655,0.297750342779719,0.8295044185574,0.715609249355621,-0.14372985994764
"LOC_Os06g40818","turquoise",-0.591614675869639,-0.515650080166537,-0.337218558286698,-0.0353416745534602,0.0672708140802273,0.309391403316671,0.343228281293276,0.397855250304464,0.364514652747616,0.718286303295002,0.934581085217174,0.43858076519232,0.568400400046364,0.00385828141077246,0.48188118639117,0.203791119687434,0.488147846877137,0.278015520610215,-0.0779029777044165,0.362951104769122,-0.815814466828222,-0.182175722059765,-0.283251996968436,-0.812806770802487,-0.737439637938249,0.228262785128357
"LOC_Os05g33020","turquoise",-0.5915217436553,-0.484637588960481,-0.271457445503101,-0.260381753936501,-0.106921606441212,0.201472163436038,0.0474333344590607,0.169648147744554,0.26493777571326,0.473859737406461,0.835110631229231,0.236495215059861,0.260466105127895,0.15289129934069,0.555673225585681,0.140938436093,0.355754145108307,0.192644097384762,-0.343204405816222,0.251926965910965,-0.551839656666349,0.0899806110557354,-0.251165756690952,-0.798881450248826,-0.593107021196138,0.101138807453893
"LOC_Os07g47640","turquoise",-0.591131309225696,-0.673034745896083,-0.416912871526806,-0.173435212595584,-0.0978041350905749,0.158999936698906,0.167661885727123,0.330977426022357,0.264026232647293,0.573699903863642,0.953627937577646,0.315944402336848,0.558811743967253,0.166950816776842,0.559227459213481,0.179140352465902,0.632632625200796,0.452243081329969,-0.00787996155673757,0.511681834727758,-0.810701340757139,-0.11685907857241,-0.191715106215829,-0.837629558426476,-0.613526310913064,0.0524538742694557
"LOC_Os01g43895","turquoise",-0.590855983913327,-0.606438918299375,-0.263681621310782,0.0582621032828792,0.00742685696820249,0.379590263100073,0.26684952037526,0.203444093854024,0.308000351583693,0.647439320896365,0.916385788178744,0.380138886077229,0.476521452454647,0.145151883395118,0.461342810477852,0.180000162401797,0.378364648442217,0.236795636647025,-0.156935229081499,0.402915312468379,-0.65834230321569,0.0486107369174109,-0.314917501013859,-0.846685397845481,-0.693811762926657,0.221787176245394
"LOC_Os03g56670","turquoise",-0.59050833003182,-0.678906550345118,-0.46947416562994,-0.196005823015996,-0.0958086809069522,0.124675651858792,0.125538659795601,0.335931555559427,0.118916407969078,0.460246087095308,0.881673729278837,0.250358522182145,0.522746556855205,0.179135347197886,0.563711859098046,0.182408104497472,0.65918668080832,0.584250857741429,0.107751144777675,0.568295370701128,-0.781916754937785,-0.148731615225549,-0.0529204189858302,-0.759200689627127,-0.47716107514188,0.0238114957157212
"LOC_Os04g38750","turquoise",-0.590302147446588,-0.599740977542619,-0.248203591705763,0.00722707884335969,-0.137229530669069,0.336623755209931,0.246899938468708,-0.00633479369631989,0.472435372185608,0.643410073444868,0.91959037120744,0.396972327158646,0.332738125509124,0.0809590767040754,0.543348714806889,-0.00908689996816781,0.29524351996107,0.106291174803818,-0.246754503845434,0.410873356803706,-0.522626194799409,0.253610317633271,-0.479190157362818,-0.932806798294155,-0.7457259244956,0.15934191634007
"LOC_Os03g15430","blue",0.5901903540833,0.51384996024117,0.199862361383865,-0.199469049777805,-0.14772931329939,-0.562193504500874,-0.419831338973253,-0.178318562852839,-0.384350855761714,-0.745488114248195,-0.883986052686866,-0.442779359623724,-0.420107967050443,-0.0220746939772706,-0.45877614400327,-0.046938896093179,-0.160973079347928,-0.0677423283703848,0.28015458105422,-0.29798254079223,0.588907922616378,-0.115404461145931,0.42376963545384,0.846833903599714,0.779877243355491,-0.40573686797353
"LOC_Os04g58900","turquoise",-0.590176228219881,-0.543711637053065,-0.270498489485829,0.00626733118620942,-0.0300931759569817,0.394401669531828,0.329025980418505,0.13304385160141,0.410028346838924,0.711067821140733,0.950365259538678,0.414178869151474,0.382060707484461,0.0452457790683086,0.540003897475368,-0.0366820506727038,0.295444859466704,0.132000862301635,-0.265643120950579,0.368293104923539,-0.629556059164953,0.138371641239448,-0.420833407882424,-0.928735636557666,-0.793731519679065,0.238609962818305
"LOC_Os01g04950","blue",0.589182826965263,0.549231447968592,0.274966043525201,0.132018670208984,0.357235537909865,-0.129422415546968,0.0682499181546778,0.126118280552853,-0.302700049026443,-0.390156769122715,-0.800306660162786,-0.173751965667807,-0.226237662986782,0.0636280095732773,-0.459961729126685,-0.0847214384142933,-0.369720313045514,-0.31797735774251,0.0572875395842893,-0.631277960626742,0.443744092716043,-0.268543121543804,0.311956317472427,0.870062379077464,0.497656708040642,0.076198991080374
"LOC_Os04g35530","turquoise",-0.588943010826368,-0.542679633738051,-0.275197043501841,-0.124644064536696,-0.0378209716750142,0.269990774896127,0.294711748788029,0.287816161012639,0.348022892486452,0.69363542361747,0.962252121522644,0.417575663954013,0.461079836325945,0.0996932403032951,0.55217800927723,0.0265652944692385,0.459129374952335,0.202429108884953,-0.263474809715208,0.291788577951353,-0.729167623790798,-0.0258707937054479,-0.314937193332888,-0.87756005672523,-0.764449621885978,0.160414208353443
"LOC_Os03g19930","turquoise",-0.588299665266588,-0.573550457419895,-0.281745046364017,-0.112882980535527,-0.235708556700908,0.219465530435493,0.114266042238317,0.00211889291617528,0.311434928544257,0.566871205813464,0.862990364102827,0.318616826641616,0.281702686293302,0.112460847454305,0.556958420460757,0.0190319813736727,0.306734970011089,0.135781788077048,-0.369283582621838,0.339784732055213,-0.494387840684637,0.282354941411603,-0.345337382339069,-0.896611517049282,-0.687694680234884,0.0391429932887871
"LOC_Os02g37050","blue",0.588173221833071,0.570828004625068,0.306606284037807,0.0402343481313916,-0.0740851782340225,-0.403354846160563,-0.382684082177753,-0.247810041569732,-0.409576822689006,-0.689383864400549,-0.930250875071605,-0.378393427175911,-0.37619701426302,-0.196932547954071,-0.592789931429001,-0.0363613444036716,-0.333325486588859,-0.132555104260185,0.325795213267937,-0.240180039188392,0.652248880964671,-0.0482364627468037,0.372630865933449,0.86159011847455,0.759111342375389,-0.29633283452994
"LOC_Os04g39610","turquoise",-0.587708620208812,-0.454750813021944,-0.223921196615762,0.0405658217800289,-0.000367058440562929,0.29496667964771,0.296190549812349,0.259687364204457,0.390209984703484,0.703875036539121,0.878988328143381,0.429936595729225,0.527701479927753,0.0721871115000325,0.412903644526935,0.323046934436903,0.388178373780611,0.152421034774788,-0.161157437476827,0.329334215458017,-0.693983829252892,-0.0522242376473018,-0.387912578156959,-0.812917706518502,-0.724549086880881,0.172556943618341
"LOC_Os01g59060","turquoise",-0.587419787174252,-0.589935743686088,-0.254808979261273,-0.0405178698397805,-0.159707612856134,0.314256839413598,0.223752222404589,-0.0341781936617966,0.456823405291195,0.584313671553301,0.886990335556121,0.356276278765846,0.284162658617989,0.0737274711186146,0.547272492550643,-0.0617538867799753,0.314458485731684,0.147254389924619,-0.17746389609276,0.441308248542491,-0.502296314252213,0.242852093141124,-0.462176134894647,-0.911554806102495,-0.680771885934471,0.13407702562098
"LOC_Os04g10530","turquoise",-0.587365289053322,-0.507934063619676,-0.324629932680861,-0.0384431656902211,0.0540083236640533,0.351779962404036,0.375222143659464,0.284706439760248,0.362508398866021,0.693298147495242,0.915898187190082,0.349070472128543,0.437250136184971,0.00799169911724178,0.535137692617634,0.206102752575372,0.365455593460065,0.183461919339786,-0.232846274286594,0.287310744443869,-0.695884780651123,-0.0149063741334689,-0.338433710716411,-0.841671087980447,-0.749480368591954,0.247112281867037
"LOC_Os04g59000","turquoise",-0.587238716513436,-0.537811774966167,-0.512689965704315,-0.260189936186145,-0.0998909131664623,0.121649799008094,0.0779286952272105,0.207544797501716,0.331219012692557,0.401225593399395,0.806762096295289,0.0795798731313539,0.345086834775545,0.0428929464340216,0.553218304301923,0.210664609534275,0.516673549947208,0.451373860311201,0.124806735095108,0.588157145307239,-0.667541417526009,-0.0670852289100961,-0.212367098497078,-0.740164413755718,-0.456472856765765,0.0538553620690921
"LOC_Os05g15160","turquoise",-0.586712029728293,-0.608961363703332,-0.430853447515315,-0.273705548343279,-0.122217869629689,0.0849957410813762,0.0511468959157555,0.357706577985272,0.201984580456746,0.507012086558169,0.905999354947164,0.282473135744152,0.533843046366691,0.00691680773659405,0.536020672700346,0.151189252565934,0.650589503954336,0.506131022677907,0.0742036319629505,0.540806990731948,-0.824325357364553,-0.187739697536055,-0.116784703011664,-0.786143080214357,-0.541457964219685,0.0088033956340214
"LOC_Os04g57930","turquoise",-0.586674621936628,-0.673179870594142,-0.40910727589164,-0.160946829185214,-0.125020014905605,0.177361241774803,0.114612490596948,0.250852045696223,0.267747210582439,0.555311504312285,0.92868619711303,0.338038024291195,0.521831833595792,0.162725497421005,0.561027219541144,0.118712139760065,0.566668912785202,0.432157731736263,0.0456014785893422,0.57393490096347,-0.7738149594097,-0.0545592317701365,-0.233756531845446,-0.844089085069763,-0.602056816377864,0.0562396260348323
"LOC_Os03g37250","blue",0.585911008877655,0.638238176936427,0.413092954598865,0.0437310197358229,0.220796517045751,-0.156162615734145,-0.180341476025235,-0.0627053938191649,-0.39677280122488,-0.578989164921308,-0.832749030960329,-0.281479410005388,-0.389745312015918,-0.145285126695342,-0.529477711568213,-0.186514280889255,-0.458629355811288,-0.263517048734167,0.0641622726575861,-0.46120303740979,0.573781732198835,-0.120231370377249,0.355982701867944,0.837811469605102,0.603828184294429,-0.00372891797985871
"LOC_Os02g58120","turquoise",-0.58541823215563,-0.492609595943588,-0.219884672260543,-0.112027445225902,-0.157061517020162,0.272205109890907,0.190824998310041,0.0149447490831994,0.460561439017941,0.579144438349563,0.894159219221404,0.25464246207188,0.232601564564928,0.0317222634298204,0.522938871735691,-0.0252903632476534,0.325587408594177,0.0889276884203556,-0.297358605764185,0.343739204737843,-0.502820762766868,0.213391646846955,-0.442354958995489,-0.907067617682885,-0.688914893126428,0.121602867424632
"LOC_Os02g57240","blue",0.585172572025199,0.510149614381953,0.302518718288196,-0.127786741607609,0.326088287930892,-0.294774779325325,-0.111190863756223,0.403346282275667,-0.487719393242536,-0.377699337107937,-0.645025450592733,-0.09962265573634,-0.0340799678440927,0.100577169411485,-0.401429442933713,-0.127490611670325,-0.100956536737271,-0.104882343463057,0.0693161045244043,-0.591824878233769,0.16521371614265,-0.532658018868867,0.503577017990786,0.835977746196007,0.496804353297626,-0.0178100967399841
"LOC_Os06g47940","turquoise",-0.584830365804244,-0.693779550150527,-0.41278665500588,-0.0871307660824159,-0.279310353611485,0.118718366954621,0.0236472119027076,0.0432411467480987,0.345418475863869,0.470137784508978,0.857760052755196,0.246479320868752,0.477509975539081,0.0682804605551585,0.481099589618025,0.147520369751959,0.577703838082735,0.489002400628255,0.279276187845972,0.798995287804981,-0.657477964115319,0.0652079619771361,-0.306438079618007,-0.842618715966746,-0.502616567406611,-0.0611288932947405
"LOC_Os04g59610","turquoise",-0.584619292070271,-0.615250690916767,-0.372384850499946,-0.0859058945316779,-0.0748689809243327,0.212915547797164,0.194385814048512,0.281170908907553,0.378258849289818,0.597607144809244,0.935729413624366,0.316881951921557,0.582586825515048,0.0551455828039574,0.486775505885654,0.223837088500296,0.576699411265638,0.438870559585088,0.160063405718186,0.644133834497017,-0.80639096183042,-0.11334766660031,-0.302897010685539,-0.840008682645575,-0.617484088120173,0.0972525153303015
"LOC_Os07g17130","blue",0.584256834565854,0.364836938980665,0.126548339216826,-0.182972066049629,-0.0736903733086601,-0.516784626542004,-0.407639430036388,-0.0225341045235536,-0.489099262373377,-0.658067881724996,-0.806852435437439,-0.295189743980411,-0.256606256564027,0.104078787560979,-0.428449618114973,0.054977544578453,-0.0463223591885187,0.00576702610062995,0.278088114021795,-0.333559637923929,0.439591690753968,-0.254714390202767,0.505207671011794,0.842017489169707,0.720881003952035,-0.367370957215759
"LOC_Os07g37250","turquoise",-0.584193011847914,-0.596505754655633,-0.344189552311437,-0.0846904053294173,-0.101968461742773,0.229367881787394,0.219384967458697,0.244115531934992,0.411406224227698,0.643558510328632,0.972525744387405,0.306550282495256,0.52692863642332,0.040178615638856,0.493691078826591,0.149862441332661,0.538417250313234,0.345685347931644,0.00901789028397167,0.564225976709678,-0.781379816376225,-0.0507773530849684,-0.354792597371898,-0.899502701604424,-0.690539373002884,0.101772499608347
"LOC_Os06g21980","blue",0.584025222260258,0.513803872057739,0.197060771989832,-0.0579661444085486,0.0308821925067262,-0.396608551923892,-0.322423345940058,-0.0776745401917869,-0.513448615244358,-0.628218772385043,-0.904731642672794,-0.352852742755624,-0.378972867983645,-0.0868694696980295,-0.493743035761,0.0319622354370949,-0.31942442929879,-0.160057836098188,0.106643506150304,-0.470292895195315,0.585519883674138,-0.12680240749903,0.497435201714853,0.897122919965496,0.687517223311473,-0.231613542564618
"LOC_Os01g67364","tan",0.58392375719531,0.577146951703238,0.814012714046738,0.342916221646993,0.236774920899424,0.0911075097548509,0.262571000318831,0.119711836107452,0.278168724590945,0.200209411065152,-0.21772692373208,0.136194205124151,0.180772557859761,-0.200343411369384,-0.674153281721611,-0.195958527921885,-0.2733973130688,-0.542881448838362,-0.00300579033927064,-0.29425736499728,0.0623618450235303,-0.200173387504307,-0.336517062077159,0.29472118919511,-0.117805146908047,0.183927792370638
"LOC_Os03g60840","turquoise",-0.582718136348459,-0.470807924117492,-0.17314160220304,0.156982248413647,-0.19072992383595,0.394022796881743,0.219560729995181,-0.212482836718867,0.537090399283168,0.578651436866607,0.81442594906402,0.185676789995321,0.170746067112276,-0.109438214508762,0.385409905437215,-0.0363367110792663,0.154527016922886,0.0567885611280487,-0.119138044463908,0.555717448618871,-0.372476421558984,0.377517201647307,-0.588320844233303,-0.928505642862376,-0.655781253394526,0.156629464824544
"LOC_Os02g18810","blue",0.582613042719283,0.691976198111616,0.437012748520491,0.0414968431420337,0.0290589713418831,-0.312720644843338,-0.279916084565464,-0.161974176872221,-0.200454686610964,-0.55039831093416,-0.850666482209787,-0.419322511096419,-0.439798981387765,-0.192811643874835,-0.626557531466608,-0.193774641770019,-0.360179031363945,-0.325918737216691,0.197978163444114,-0.387467791347215,0.599275996024616,-0.125411131688117,0.203909635977171,0.802022341941992,0.626777817918336,-0.161488686291457
"LOC_Os01g49900","turquoise",-0.582431264490541,-0.692701375321255,-0.340830645722401,-0.0621807829649882,-0.225687887786422,0.245427276488846,0.100247274666858,-0.0487532548874065,0.288228122855961,0.49318431956643,0.834412146124112,0.29171829915743,0.283671435817128,0.00970869194318079,0.582302286295686,0.18931125082618,0.305810639412733,0.237721011988349,-0.287626823592195,0.424648173802589,-0.441201934952136,0.320479262259649,-0.294316515195861,-0.868741947549901,-0.597975451628469,0.0508551095224372
"LOC_Os03g27770","turquoise",-0.58231679318869,-0.471892281509378,-0.135968437196516,-0.0269988693818617,-0.222579232364102,0.317666515737142,0.177123463139833,-0.173351615535699,0.512397390112162,0.559173998521986,0.833177018948817,0.235907770258691,0.134701414487153,0.0717151063124236,0.489200651577952,-0.106083620631537,0.197342902972383,-0.00616513963680664,-0.298846191142144,0.388438544905668,-0.365467315197225,0.390114813333065,-0.56418829438406,-0.925583684823886,-0.682688319433177,0.109662758702828
"LOC_Os04g08280","turquoise",-0.582311313278286,-0.601843898761804,-0.31989561093853,0.0213236492588207,-0.000114761097340894,0.335531165115448,0.344418865001781,0.27725002554655,0.367431519932145,0.729635935189416,0.957876466384773,0.48353410333947,0.550625845145537,0.0704986925560981,0.50878469949323,0.120587947265234,0.43296579223582,0.265106542800543,-0.11961463532318,0.419885865943664,-0.755886229335716,-0.0347519794141607,-0.332710044914477,-0.874898334998282,-0.763137875088033,0.207752640001902
"LOC_Os03g52660","turquoise",-0.582042263454331,-0.638719965958429,-0.314883391955805,-0.0142626529653823,-0.27980761233664,0.220794896365739,0.118351921058942,-0.0736925457191336,0.3340696145198,0.542898228018569,0.867174617440885,0.253881143775443,0.309204626202854,0.0333588032564173,0.492763083985953,0.0730679806966063,0.371363549381208,0.256212323920353,-0.137021162934973,0.547980357080206,-0.49524763040049,0.288441133523054,-0.354861991664716,-0.913900842940651,-0.631346557522592,0.00575207591984754
"LOC_Os09g32680","turquoise",-0.581902026573835,-0.638553310569119,-0.335303000009507,-0.0641339516017092,-0.179263099277209,0.278394303940006,0.178957660529744,0.0220530985324639,0.451465778580586,0.583557734375317,0.91573593752677,0.300331987517891,0.3607286785048,0.107363214630862,0.568562369951488,-0.0522941514184499,0.389231095039801,0.247326080370582,-0.0954745518233062,0.551375950108315,-0.591849809832464,0.200235331196805,-0.432626336438521,-0.930215022652254,-0.672005482112108,0.0969039555804292
"LOC_Os09g39560","blue",0.581890417437944,0.545761051051374,0.160107992149353,-0.15246608894628,0.175834471684686,-0.436961683898509,-0.253671182692144,0.241976107376494,-0.50847616514726,-0.578421805422177,-0.792993262809756,-0.287974294517867,-0.153375752765926,-0.0329050186647112,-0.481228317741204,0.00306537874259555,-0.0770791408017984,0.023728175764369,0.333730228312675,-0.39701309077034,0.280368510652923,-0.500813607876831,0.568624495840704,0.919352736723031,0.681652012809623,-0.182964751154704
"LOC_Os02g12890","blue",0.581537502485599,0.520530609517408,0.230089605407475,-0.0121556874911709,0.171989175961957,-0.287025661636761,-0.0870016300110098,0.0536973971016445,-0.392931909609325,-0.454939079031402,-0.806776506136988,-0.0723784126813223,-0.249348203575676,0.0333588223199088,-0.396003686829827,-0.135255138483238,-0.308443223446179,-0.263377783750286,-0.00838490075139562,-0.621758215396908,0.478629645599928,-0.212964284552425,0.406001475113087,0.846245479371541,0.509749772003623,-0.0943233252368394
"LOC_Os08g31980","turquoise",-0.581509166470901,-0.417147195460757,-0.23702947421553,0.0708782292810623,-0.0632971387581839,0.345181509065987,0.335478517285873,0.051385936741796,0.583425332935898,0.650257421820818,0.868945977858376,0.176607166996353,0.304987704430102,-0.0695016135544136,0.37929566937109,-0.0174309594210947,0.290723747771352,0.131028660933651,-0.0275015530629947,0.520749679711495,-0.567136325701233,0.117493004192285,-0.536742771848442,-0.880395420348851,-0.698085888303221,0.208432746287519
"LOC_Os02g56270","blue",0.581500879799043,0.612687241894422,0.422065008545879,0.317860359562525,0.284188670042123,-0.018026775807485,-0.0169183626181037,-0.119960656411406,-0.36635710174356,-0.460547476171467,-0.869318748800149,-0.191351498135325,-0.399783480117547,-0.186144629607334,-0.606484070602048,-0.0463488291986721,-0.606330844047897,-0.353243721311537,-0.0154393057634019,-0.543354229256776,0.668653744582016,-0.0507666946555989,0.31537056418638,0.84971503009413,0.552529455048316,0.0962046081046091
"LOC_Os04g51350","turquoise",-0.580977168026435,-0.495158458406613,-0.237625084583843,-0.223039339855126,-0.159639118740933,0.151026880715221,0.155806410661574,0.230467290063359,0.362735059197654,0.623553505245258,0.951158179168038,0.328898040016376,0.442312644241973,0.0170314357169222,0.505529215509657,0.0723023702674658,0.544798009960924,0.243269592611934,-0.167034490333238,0.386321843614578,-0.720601756351758,-0.0201369368514091,-0.323702716235412,-0.882119826720762,-0.697935773284095,0.0384138232174896
"LOC_Os01g58020","tan",0.580703962537089,0.6215346753496,0.943794970643032,0.372793870654494,0.22411980418465,0.124461229571753,0.243520344198966,0.174105400169549,0.385787117544921,0.36400520225495,-0.107945954585691,0.394591045979198,0.31525710600331,-0.396282124598117,-0.730471819070501,-0.183201261099977,-0.256211469086392,-0.657832956778418,-0.12520722232725,-0.344605219597107,-0.0413277916666267,-0.242975006023674,-0.427949356283896,0.198159489592044,-0.312235003694092,0.188664501959456
"LOC_Os06g24730","blue",0.580681222677792,0.633972098628781,0.297162751330923,0.260561290695568,0.307091142935353,-0.0732959815524221,-0.0337859770109294,-0.120077475005506,-0.29373997462293,-0.538341858644785,-0.912422436413082,-0.370189592049503,-0.423378520713741,-0.169665025954016,-0.572599770639495,-0.081295733012279,-0.574367036325652,-0.290397762883606,0.214667134913253,-0.406057335769837,0.6388195650104,-0.105890657815962,0.26562495815746,0.888558761837176,0.63882607643367,0.0961225001593078
"LOC_Os09g10690","turquoise",-0.580608092762544,-0.574667484437388,-0.385015505047126,-0.28473119615794,-0.0321082523243773,0.0977125996905751,0.137771737235603,0.467799908678554,0.174666124809013,0.53993856747624,0.905893751230224,0.269482157457841,0.549044371274041,0.200097943097846,0.529606497474563,0.184927583863532,0.674733745203691,0.436075666864583,-0.0407792012444961,0.364513977948063,-0.845162584594987,-0.253849932134879,-0.0830314147967065,-0.73760657885882,-0.56695652392789,0.0574823269149214
"LOC_Os01g46510","brown",0.580285657617225,0.653969340880959,0.501113416772907,0.329372859253123,-0.00781106560922394,-0.145870334588365,-0.158532757804423,-0.432824245383273,-0.125698082669757,-0.497511877061861,-0.890187090287501,-0.273164131087592,-0.477416250426055,-0.211291674631714,-0.653427958520101,-0.12393032860903,-0.606129445427598,-0.470465977839939,0.0758848810603904,-0.365381894755911,0.809427229762332,0.193212425659096,0.0329783969963608,0.736216675806573,0.539821608475369,-0.106389414411792
"LOC_Os04g36054","blue",0.579980648041818,0.590591056662053,0.219536528598999,0.063547989017138,0.43742148981261,-0.174401308511697,-0.00497713916991151,0.304747282176428,-0.428742208627997,-0.443686756272337,-0.774720552256282,-0.223999968081201,-0.169231796778446,0.0495064832164221,-0.463502409634051,-0.0136699938231647,-0.303656752547678,-0.15915011166997,0.100781799107693,-0.600676684355143,0.327155970032295,-0.458045141090002,0.475690360279979,0.922391141295271,0.574689233268609,0.0975765996852939
"LOC_Os02g51450","turquoise",-0.579261367771176,-0.578844529040062,-0.271344415040347,-0.201740395125807,-0.0771591486998008,0.202508512240486,0.184710900285088,0.31762128455417,0.206689167812374,0.624290439193696,0.93650765195464,0.425706575755368,0.477209619921022,0.162270810239755,0.570584404090702,0.0947938797336243,0.509815596798662,0.275374105672819,-0.29394073648788,0.267563039857052,-0.727387953277276,-0.0364385538982987,-0.195502577478389,-0.835363226189733,-0.688485503801882,0.0951216417141053
"LOC_Os01g68680","turquoise",-0.579190733593638,-0.453092421606089,-0.200398173036261,0.0391148915607369,-0.0350676756807035,0.413202832851001,0.266978551313959,0.0644427660393845,0.401618030851876,0.62923955996764,0.84724979550862,0.252291202717781,0.260495690562296,-0.0533479850248021,0.432480284515747,0.105085307107211,0.192338931800892,0.091569999066435,-0.311162363494603,0.345822291351879,-0.50579501165726,0.199114407350334,-0.406058346376565,-0.861822374836885,-0.707336428632223,0.239078366928273
"LOC_Os04g31040","turquoise",-0.579153834719721,-0.563544512971425,-0.342525198507522,-0.217224076606364,-0.0624277018932356,0.198832044474836,0.244169789662541,0.324813231606719,0.29350135788074,0.633675777000734,0.959984056923582,0.353411503179994,0.461066164671245,0.136199464145752,0.59511191886515,0.0789135643585988,0.526697769092437,0.277368741834006,-0.258248387174648,0.303145168190249,-0.756112829717944,-0.0553506404162181,-0.23964576713792,-0.858521511478996,-0.703027162745681,0.109893834024731
"LOC_Os01g11040","blue",0.578501728920777,0.55051013109934,0.352055177198125,0.0133419752284094,0.170650112431811,-0.276694648592091,-0.201630992891819,0.116346278692388,-0.331902486397871,-0.430798948988861,-0.743825524560235,0.0481532308454912,-0.146944473556486,-0.00134351540947775,-0.440262077448818,0.0150447271335598,-0.286104335361853,-0.280709656348458,-0.050465647865946,-0.603170819173198,0.404445852982596,-0.276830277017372,0.354043288221067,0.80465557360927,0.489004245548432,-0.0997303497061472
"LOC_Os07g33450","blue",0.578495250609288,0.703256075024473,0.367801516344163,0.138997837404112,0.21589678887153,-0.188682357280297,-0.0922893584228818,-0.0842336693033888,-0.260161918046006,-0.533152234001153,-0.898928579723597,-0.395835312817621,-0.422561485049958,-0.145322537494513,-0.616562178868508,-0.165402757400547,-0.432482145909876,-0.30700249586169,0.224869791809945,-0.448151295577093,0.596839149293784,-0.174909882556232,0.264440239506274,0.888070726884819,0.638473884254952,-0.0156970101745686
"LOC_Os03g02960","turquoise",-0.578249917844156,-0.510860653969937,-0.191771085314546,0.0144357159650902,-0.0876505827170521,0.357756802318284,0.322407151364815,0.075538574808075,0.463149639207991,0.718290339094168,0.934617939447435,0.361948378913144,0.349658702987327,0.0663546130540978,0.489438513883708,0.0187597992632527,0.294216203185469,0.0293883885663429,-0.342671528108256,0.30173802917479,-0.570719416712615,0.199793809348228,-0.484663214019879,-0.936492179380607,-0.811509969150969,0.190408931480743
"LOC_Os02g46770","tan",0.577521204301927,0.60809847921811,0.876992543682095,0.415339583264739,0.0132481002026341,0.00863708073791982,0.122831636536817,-0.116847294630134,0.419342636153872,0.241747575501486,-0.246929686345388,0.175013911482856,0.125655486363031,-0.374510878517135,-0.762226473284316,-0.0827036825744076,-0.311622259928815,-0.70084837789872,-0.069015269833142,-0.265716466956074,0.185968029310473,-0.0205611835070969,-0.511840049134909,0.222936242978957,-0.187781898567869,0.0137361784604511
"LOC_Os09g19734","turquoise",-0.577072811773651,-0.551138059526149,-0.408237779255004,-0.208426823858963,-0.062804010439698,0.201258013177972,0.136478004221209,0.252953858389311,0.315495546896949,0.518447561831227,0.902371014407389,0.156971692939104,0.375894049712848,-0.00328355252687403,0.521915010794771,0.120852837695036,0.48337064257416,0.359651722967658,-0.0530434659613264,0.485028801121813,-0.698509274526695,-0.0494315045339439,-0.219755641730304,-0.811595358360104,-0.595950316483694,0.128901432182571
"LOC_Os03g50080","turquoise",-0.576847817459911,-0.681395059972203,-0.287368547917815,-0.0707171539865282,-0.253419868350926,0.197024875412897,0.0840537392051086,0.0150065768154552,0.266315807252187,0.519651317697829,0.88061588060862,0.310557859120882,0.362418421399561,0.14276251437538,0.51889787063846,0.0679077881102226,0.438326927218886,0.28823216358961,-0.179934067961828,0.473048812720478,-0.540544732419574,0.217965940207674,-0.275806964706719,-0.878566852743392,-0.599847979341105,-0.00218275152185639
"LOC_Os03g64140","turquoise",-0.576314364059768,-0.504713565700474,-0.310319912013413,-0.275726617203828,0.00327244807431117,0.255922525530376,0.184641401220561,0.243660500554752,0.29479303927696,0.476602658815023,0.866448145994919,0.204421957666012,0.259099407091564,0.197187325245869,0.629851254392228,-0.0637170190175169,0.399307177350246,0.244741673885083,-0.268404683345497,0.270363641659672,-0.597399715944981,0.0318491208404463,-0.234387416159593,-0.77878161157828,-0.572288225794398,0.194958372686934
"LOC_Os04g43916","blue",0.575895128918932,0.696402068989258,0.411336531635185,0.14950970738291,0.312700369651989,-0.09711600447874,0.0299810159266568,0.00502333454830669,-0.261559964469158,-0.379390695574869,-0.816712085223051,-0.223444869337302,-0.407063408934978,-0.023106745007824,-0.49471029927226,-0.223882521915645,-0.564584129989656,-0.478111699838366,-0.140874221151605,-0.706177265573171,0.573251300278535,-0.121483833786782,0.21719188384128,0.818619238160485,0.443457539944604,0.101799995181735
"LOC_Os02g34810","turquoise",-0.575809198656718,-0.573506158055106,-0.340584069610409,-0.165848769393737,-0.00555281907244896,0.225922234983793,0.232746859332486,0.398180806471335,0.282789438534074,0.625267044449431,0.961431309608787,0.321014724362584,0.543591468660095,0.126686134532189,0.53035820392665,0.138565372333716,0.559965237499568,0.374186157247101,-0.09914659869309,0.421287921121644,-0.827304139818026,-0.151755105739697,-0.216086945804147,-0.826605729446157,-0.663859505251711,0.144765331252957
"LOC_Os02g36590","blue",0.575574769502407,0.316491381934382,0.101505297474518,-0.170397106877891,0.188445830502881,-0.416128774786567,-0.234932546471556,0.326012525422161,-0.538470988828831,-0.518517576938463,-0.658503773092974,-0.156895592176805,0.0444922482177108,0.109311341762302,-0.339663274858532,0.00466765817488428,0.0461816658375899,0.164951609993343,0.382186830167042,-0.286011520003494,0.139683013052134,-0.508026128565604,0.591154337364343,0.839141505402566,0.634764380852164,-0.168198130770482
"LOC_Os03g05806","turquoise",-0.575269234192469,-0.530764657210699,-0.260855204122724,-0.227904080179826,-0.209122656049035,0.182417022019778,0.116278861439942,0.0187093087564812,0.336903548679058,0.481001559626855,0.867385888927471,0.255912238631651,0.23709610979016,0.0974657456326006,0.579700820954606,-0.0911301290004922,0.375545220798897,0.209900116359329,-0.232910002330326,0.395716286065168,-0.505135506967261,0.204082850469438,-0.335847740552724,-0.868050937846167,-0.603635027499217,0.0489691672751351
"LOC_Os06g06560","blue",0.574872444999599,0.358104495620151,0.198741513547571,-0.148323783398377,0.0689303808579977,-0.415619019579287,-0.367850811001035,0.12038739635526,-0.614192886837731,-0.606510004691487,-0.75661588876698,-0.0773801542369656,-0.0916730846752938,0.0599978877776158,-0.362481388633717,0.0654879327712149,-0.13392840916862,0.0439186790607362,0.144555753553363,-0.392635187290166,0.362025675635773,-0.274396509790743,0.611717078786843,0.850514901575921,0.661475755870816,-0.24185221283642
"LOC_Os05g38570","turquoise",-0.574773286485973,-0.494766997547461,-0.4514425197439,-0.43384216411491,-0.0569325429267709,0.0316443515442746,0.104259029381325,0.451142039552184,0.084328091557988,0.409734693671042,0.839564337825947,0.0897358320278322,0.360326616287017,0.148960232880494,0.58312211218875,0.0381959021845308,0.679132896526724,0.507195942720027,-0.040433180742831,0.342692825972906,-0.787845272195241,-0.268903367427385,0.0138915447645783,-0.691177641902147,-0.441935320863261,0.0169406816799303
"LOC_Os02g03460","turquoise",-0.574654390130256,-0.491554017906096,-0.152844074691114,0.113200707077639,-0.1259829569133,0.404548666178975,0.278933941100555,-0.047880252681545,0.517197323957007,0.703176102848662,0.88519400588927,0.380786678275898,0.308846912010929,-0.028420395526305,0.447999186187789,-0.00729190000928538,0.178910467349275,-0.00417209148642915,-0.303197596514564,0.379201061132271,-0.475829641525683,0.313614306037841,-0.560757631772374,-0.943173083643102,-0.802466444263689,0.203898224064621
"LOC_Os01g61910","turquoise",-0.574545333679748,-0.45827805852883,-0.254336537419232,-0.31796752224726,-0.107071008604998,0.0992151517666639,0.0267333472611199,0.32196877744396,0.147321331280151,0.482419638115971,0.825359274109894,0.297035097562521,0.431196590886462,0.159112068913716,0.462247853226397,0.213202598189003,0.530598188442921,0.349905398420191,-0.116205035413757,0.349046945164233,-0.711641530066279,-0.134346933360973,-0.11192955760377,-0.726122819269705,-0.534271273184656,0.0178951151254393
"LOC_Os04g58730","turquoise",-0.574103372523495,-0.476116576979907,-0.253944388580772,-0.169530749523472,0.0845425522804115,0.293714141370288,0.239518037372206,0.428258531420195,0.0841911995992519,0.59909049045221,0.873817756679814,0.359733075796055,0.427230705203916,0.139444111690719,0.504678038166162,0.0303412685349245,0.451195366246229,0.295430575941015,-0.251761245170274,0.201600204354904,-0.744512141967493,-0.160370544227341,-0.0839260928605812,-0.737410755028109,-0.6287121074525,0.221091681455295
"LOC_Os05g22614","turquoise",-0.573759304824291,-0.604324541087921,-0.361150416035017,-0.161524739198737,-0.0366586597175346,0.190634095668807,0.223862380615012,0.386013803516223,0.288053267534475,0.611819228703458,0.957126619202047,0.331680407784468,0.578935514881906,0.136363131016872,0.529562823926857,0.17240954083499,0.60972168996818,0.411015227621289,-0.0294564039059794,0.465500106994076,-0.834316991859996,-0.161597119921977,-0.212101951656833,-0.822811343419405,-0.640777689819291,0.103896170423318
"LOC_Os01g58470","turquoise",-0.573738295709096,-0.4920886177118,-0.238214716595809,-0.156051347148398,-0.0575221673139652,0.266218128067575,0.189597309593012,0.144006686374879,0.370064081172647,0.520142556298835,0.86700200307194,0.244525780808308,0.260835443533295,0.094613918448031,0.559142494283914,-0.0918771853285202,0.357335191920589,0.168982631802312,-0.257458595805961,0.299708638786696,-0.552455940790916,0.0955854082156473,-0.330729980947788,-0.819590975446313,-0.622651820761779,0.170521823639489
"LOC_Os02g09720","blue",0.573331939378926,0.544645677039445,0.313028802402437,-0.095481097535167,-0.0800399544767858,-0.411704847213519,-0.397865598774175,-0.294968674013317,-0.352651714223685,-0.744209052147052,-0.927877527957971,-0.415715549596312,-0.486159425100008,0.0450917770470021,-0.467825816433597,-0.169176805331311,-0.319072770057749,-0.210749714696112,0.225253092920638,-0.347424180967716,0.702871678522468,0.0184149275477533,0.319434096524922,0.843837680982301,0.774230358261412,-0.295723817367908
"LOC_Os03g57840","turquoise",-0.57282654411918,-0.439889957388314,-0.142544271506324,0.0265467959279012,-0.281139915653312,0.296514759340463,0.118928207204758,-0.221454471110244,0.486301614116972,0.539032087896286,0.804639808061031,0.173599416222412,0.158862575333495,-0.0679700650901611,0.400519457599435,-0.051630234134426,0.19625085593307,0.0648998044206275,-0.138912370043665,0.551817077707886,-0.37170065183951,0.395591002379425,-0.561964560130254,-0.923818711778595,-0.641342884573521,0.0645339584296065
"LOC_Os02g39840","turquoise",-0.572394859141093,-0.440856430250447,-0.245069928927423,-0.181734234057955,-0.108013594699135,0.263591461367593,0.128937747644245,0.139010781519165,0.37588818094556,0.554558005074087,0.877104179866181,0.242720063815393,0.305394924618937,-0.0409031300760612,0.489679368301177,0.056800229577971,0.382136991756904,0.187363229673949,-0.181438204389107,0.405735260452024,-0.613759384997724,0.0679367844477791,-0.354341174625286,-0.856443193197365,-0.658873508009435,0.122220021519824
"LOC_Os01g39960","turquoise",-0.572254256317677,-0.576803874248468,-0.377323829881455,-0.208577668377015,-0.251427688589239,0.0767464058208338,0.0416497876838114,0.1326531114807,0.336605471052914,0.450565752899876,0.884620271016095,0.160983770545203,0.428668851876726,0.0360406831758298,0.489096692184206,0.152929565041431,0.615587683672323,0.462298969990506,0.159992865044691,0.693382922330913,-0.692151899374647,-0.0128106943710552,-0.277263213596517,-0.840190393594985,-0.512026928460254,-0.0594925766677785
"LOC_Os01g57968","tan",0.57215554225851,0.562950964835348,0.926399454397095,0.398173595286727,0.0787906116462099,0.0898922046805281,0.140914411499804,-0.115254442744401,0.347612307264157,0.183788347868845,-0.253802722472555,0.263590738557548,0.0940809210205404,-0.431795638832096,-0.70519160462635,-0.130216417212248,-0.347259371788581,-0.639960479701652,-0.0751680696830755,-0.26314452765253,0.217418945686655,-0.00352851708210623,-0.429370936308902,0.243171233597553,-0.122934900147316,0.0855174470784304
"LOC_Os03g63480","turquoise",-0.571836643265311,-0.737088936000749,-0.37722083594829,-0.173860411405362,-0.335957310735573,0.0781217521526049,-0.0256072104237653,-0.000777276654642795,0.128193030662101,0.412224375670448,0.835527543058955,0.286570610134918,0.366008729554296,0.123461945486444,0.532272025362141,0.177980662357079,0.547986356769863,0.405739648214764,-0.0723186860769506,0.521092657964531,-0.534164245585813,0.183116098056496,-0.130047911399716,-0.830593774796531,-0.506280739168711,-0.123339458873
"LOC_Os05g33510","turquoise",-0.570581115963494,-0.591386529244497,-0.405543557995642,-0.214981873777928,0.00749162917973226,0.231030578518019,0.209452375852623,0.321600670035119,0.215331363136907,0.547909611488194,0.880908197739179,0.368811245249518,0.396177452559508,0.201879935689657,0.618945268216335,-0.0181191614948506,0.448683386885978,0.292354875333486,-0.241098495145612,0.249189693294802,-0.682195854396706,-0.0523509887541797,-0.149524102934463,-0.764274327872675,-0.636701718441891,0.169245590859757
"LOC_Os04g16748","tan",0.570414633074641,0.60382474332607,0.883590662706232,0.255223293342717,0.295782799884643,0.108472523097943,0.268050352722015,0.32902916168252,0.352228402288654,0.376175116755613,-0.0490455964404048,0.406196387292659,0.391994242973216,-0.354383433596687,-0.661319457843044,-0.159100538753843,-0.14999610775012,-0.567226995531659,-0.0841184028458837,-0.34375574247606,-0.185077158942125,-0.392832185622486,-0.375530707123925,0.197641917574761,-0.318559758772026,0.214009108333475
"LOC_Os05g01970","turquoise",-0.57028971946916,-0.534776537204083,-0.225042519203833,-0.0835294038822544,-0.0793620931272931,0.307212770849501,0.244358098104252,0.139560210760145,0.469449801040452,0.649920544015871,0.951838215160863,0.334390863095206,0.371134313289177,0.0555203838626749,0.516731969724778,-0.0116320987593386,0.377108873683519,0.139426109826379,-0.232241839978667,0.378793276698825,-0.627146453804373,0.103954605176982,-0.42714593427375,-0.911247560875301,-0.744274389320744,0.177035932344627
"LOC_Os01g57964","tan",0.569509918930626,0.639151708689247,0.870490987827908,0.328975101743132,0.0962255784370509,0.0494154945692311,0.11856489813536,-0.0897004440089284,0.29422083355293,0.124874219792596,-0.291220638674562,0.172575390117193,0.0151121939073787,-0.284018687264426,-0.690680350527559,-0.334483633816151,-0.365050989070363,-0.683836450236873,-0.126155337915514,-0.343465231542815,0.237907472817719,-0.0167265418383866,-0.368752983012817,0.280504488585495,-0.124479767036429,0.0822340487240094
"LOC_Os02g22260","turquoise",-0.569488212110318,-0.616730468573889,-0.316275301461188,-0.0978301899376955,-0.121527966451301,0.239981022750646,0.20613717209205,0.200979843960573,0.380483168012987,0.616558081676737,0.970007534660207,0.362689456716505,0.501674823151844,0.0585004765186591,0.528141896439423,0.0987657731213354,0.519003531857824,0.337612806225116,-0.0405457928205263,0.544787191790359,-0.736878809001985,0.00710481154595953,-0.342630363858274,-0.904340275264889,-0.685353154782137,0.0959826118001919
"LOC_Os03g01020","turquoise",-0.569467804073978,-0.638546332350196,-0.348090597260193,-0.187147190486206,-0.175943733411941,0.134145693525269,0.163287388379941,0.18462937627025,0.283717996622661,0.557004849367472,0.899500541935077,0.378553602790339,0.427667810101553,0.240814621029614,0.590796615027223,0.0636540172550314,0.532947616800758,0.268240897401577,-0.211884753831089,0.335033645031191,-0.649415672707954,0.0506175030726494,-0.256411664364172,-0.840925864258506,-0.64087343219324,0.00632867679371916
"LOC_Os06g48600","turquoise",-0.569337791778909,-0.662643810394144,-0.290628268835447,-0.0550925802856539,-0.0803011653983554,0.30112749474916,0.221893091198155,0.162966082182386,0.295016592219518,0.616699377603209,0.918569159913713,0.454881576381052,0.427472725169521,0.163086816276771,0.568393419034097,0.0695177122634239,0.388284437103959,0.196298239145566,-0.340860451744802,0.286963361366881,-0.595912651643892,0.126449758386582,-0.276013941744109,-0.860389402551576,-0.705246093377212,0.146343559973187
"LOC_Os03g05200","blue",0.569249423241298,0.676586003030317,0.296478969731382,0.163980336423868,0.329858890408868,-0.164139591945117,-0.0350912033008607,0.161148894084259,-0.227627018128577,-0.392931984952499,-0.757646521244561,-0.383631876275322,-0.250891751587189,-0.213456779170331,-0.605193559705367,-0.0761983914042469,-0.378339727005969,-0.247055267762175,0.169011650920452,-0.44791544325005,0.380252679331004,-0.345566762792171,0.296451138631775,0.835455886799279,0.506818808151517,0.0732779015469793
"LOC_Os03g41510","turquoise",-0.569077708204022,-0.545925482799451,-0.369386449826504,-0.169461999447872,0.0405905071543103,0.277530657305486,0.254963346017567,0.369476071012784,0.256726665855827,0.633946148531367,0.941746581984477,0.336704085649625,0.454592445223751,0.0650326933308316,0.560990523257904,0.142062606515034,0.443375613942399,0.259815145517456,-0.278924249867767,0.258928579656008,-0.743362013812167,-0.0759485729665009,-0.193299379384326,-0.815425179070074,-0.722874823757705,0.210413861944891
"LOC_Os04g50110","turquoise",-0.568986828545,-0.534742787372575,-0.249159650280093,-0.137969665000234,-0.0269961438206006,0.279507342784678,0.238131635861972,0.273411864636467,0.357672298315198,0.645953062290026,0.961779060123385,0.335122025342908,0.428252545864995,0.0983581346179679,0.530803094671552,0.0289459516368793,0.442290660232968,0.21389402989094,-0.253615232402516,0.330179919754979,-0.710411752565418,-0.0101126159956493,-0.315410008225054,-0.868641435877972,-0.720561678789521,0.178071612584753
"LOC_Os07g38590","turquoise",-0.568891973439056,-0.564610265141009,-0.331108473140653,0.0152526378589851,-0.0176243474946819,0.315977232764453,0.300795668699848,0.241074862911886,0.451069498444693,0.727329460095984,0.941240032165959,0.415746873531713,0.50602198105176,0.110832522342777,0.491914076231661,0.137931704166083,0.399364956029888,0.191591236161604,-0.16230593452643,0.405484033648204,-0.726082931928211,-0.0161055395500703,-0.416863088820373,-0.878413404791234,-0.774927949501626,0.196219966517236
"LOC_Os04g47130","turquoise",-0.568870596996638,-0.464676229907728,-0.261244654546237,-0.0452968256729157,0.208446901016219,0.421870287873913,0.34294330468172,0.368368792261755,0.323774310174018,0.558684772920167,0.823298406141336,0.331092442923728,0.439404616429495,0.106913699055105,0.497568866427623,0.179625897211715,0.370957539455114,0.317452296110934,0.0196623835042409,0.399395290358385,-0.709518396117086,-0.15248843870591,-0.241975453086171,-0.696534241386371,-0.56480499043276,0.350966955684065
"LOC_Os01g01790","turquoise",-0.568518230765509,-0.50928466271378,-0.220718978379976,-0.0998002178280074,-0.1511307414096,0.278702507494248,0.196781517077693,0.0641671252055405,0.42580092658533,0.629846468055774,0.914004768024462,0.271391285409908,0.307899148720638,0.0532557923954525,0.507149733952458,-0.0231876121800703,0.326928645844537,0.108183657040158,-0.295130777461832,0.372009597844429,-0.567764442725751,0.195308049883933,-0.438896972882603,-0.915124435523834,-0.736096456301508,0.122580822198978
"LOC_Os05g06460","brown",0.568239620752129,0.4774980834082,0.319132651575577,0.178900962385665,-0.124535282165364,-0.255099096112581,-0.238878524401606,-0.488597619516575,-0.174960595191327,-0.608274988320408,-0.878244266751255,-0.314784898853668,-0.502166028237635,-0.0493191464113227,-0.476941384698414,-0.0970054244063228,-0.512087965301091,-0.334983753499851,0.0607958558864894,-0.306060375281522,0.834642668394107,0.280121427504718,0.114223172799678,0.709046305030284,0.62363018369137,-0.227176775075462
"LOC_Os02g06500","magenta",0.568178012801799,0.814230906809944,0.542610122997934,0.144179323864336,0.287874657083712,-0.0793956411399899,0.112172434438127,0.115655209183632,-0.00358453279844645,-0.103624851841485,-0.583180280558852,-0.13249427400246,-0.202983785450199,-0.323473872423632,-0.603594315452532,-0.138817702389758,-0.424857773870697,-0.556777252741586,-0.142878478353872,-0.618280927311424,0.316061088422355,-0.272759185392406,-0.00842676717830603,0.615401389843643,0.189959270762682,0.11133689129119
"LOC_Os01g67290","blue",0.567923323830359,0.587897336575875,0.246975608042157,0.0969458400987366,0.466040463406017,-0.0916294392372012,0.062292660737828,0.339942783788372,-0.383599444692987,-0.345249638125728,-0.702588552867304,-0.18279950955868,-0.158035746113754,-0.114832280199347,-0.47507169663334,-0.00443158357093012,-0.378087668664091,-0.245597195635403,-0.118121977879249,-0.698175634168876,0.297999162755774,-0.419794555344559,0.447275587478601,0.84143014014549,0.426574166663952,0.161010695414292
"LOC_Os06g15400","turquoise",-0.567653898507079,-0.664348575197799,-0.444251723021323,-0.203390842124721,-0.059752990251612,0.132805587304236,0.174366983885044,0.407560543073389,0.219749515494407,0.555079657555726,0.933006843198538,0.311831732342303,0.601989613298817,0.178249843773563,0.558934106576797,0.200542287380551,0.671074064598035,0.503037795742681,0.0448464564395555,0.505240114014771,-0.853793098252304,-0.195032575434094,-0.126564915172888,-0.785900492860114,-0.57910140884145,0.0547416692112547
"LOC_Os06g37560","turquoise",-0.567218510600593,-0.532920383818604,-0.329416727146397,-0.120826505932378,-0.0392242914314452,0.243312174035716,0.28151594487298,0.303170296335838,0.408563509510997,0.691323028299282,0.948399377487878,0.426235850042411,0.551974295319832,0.0506548339280565,0.519645575827807,0.157525909357429,0.51883264494992,0.270655451140644,-0.0461257916500146,0.443786114086703,-0.803135493877487,-0.105010115158222,-0.360282578819997,-0.862926498245181,-0.73177086108437,0.140095874944679
"LOC_Os06g28970","turquoise",-0.567193236417413,-0.643539348901236,-0.307818102457764,-0.0376351467054652,-0.15342559150476,0.268594752465592,0.211964407675797,0.0821416912967694,0.38692873912485,0.660400136970287,0.918606182462008,0.481744896357664,0.432949947316694,0.189870615208757,0.564999391934969,0.0332815028489292,0.363900259831557,0.16549876894517,-0.245103566791363,0.398072877990288,-0.607914382983842,0.174948353143029,-0.398264244835537,-0.904333971853059,-0.752231980089053,0.0994394974546135
"LOC_Os09g32760","turquoise",-0.566988643295448,-0.574954021467124,-0.33319801024968,-0.11405756893509,-0.167607189908575,0.158318662162472,0.0814155251375541,0.132276529335188,0.256253637239984,0.528593256499444,0.813567750967534,0.310658179105915,0.421947244608928,0.0409302861385332,0.487838315248655,0.554652052870598,0.409112333795549,0.232922397059308,-0.208621266979121,0.357893479800617,-0.57550475268318,0.0967092925428638,-0.257243499717841,-0.787080439340911,-0.608001957638915,0.00912225053137224
"LOC_Os04g41020","turquoise",-0.56684016846702,-0.416375284996288,-0.229215817977698,-0.0889834908963643,-0.0504165903600456,0.297758514866156,0.211369158140487,0.10594228687884,0.389156500961263,0.628282822542888,0.835256498936824,0.319021747473839,0.278613700635971,-0.00190512048336228,0.472925343199502,-0.0128339628510014,0.236622823891269,0.0342253456583245,-0.292700458872859,0.265428298884657,-0.54786588448103,0.123746770004849,-0.399144660533472,-0.83083115114776,-0.717566869540149,0.187848002852728
"LOC_Os07g15670","turquoise",-0.566735443040125,-0.631605483096439,-0.51150251741879,-0.277629535267885,-0.0104079067842966,0.127267179109332,0.109217938621612,0.408627267200642,0.187002605487846,0.463547145475054,0.865274155850701,0.189205262236128,0.448798603600494,0.14311795705053,0.617327532927538,0.0819291349414853,0.58718388640018,0.489898209643291,0.00104619047149464,0.431052760909629,-0.781299645697318,-0.181934557443672,-0.0675200568091323,-0.714517245297876,-0.502405288849948,0.102381813861431
"LOC_Os02g55630","turquoise",-0.566694011834192,-0.516325419676476,-0.243445220856339,0.00266272349311156,-0.25891369962538,0.285633085458293,0.167543264310835,-0.199522478308445,0.48882686892966,0.528574158840297,0.81248667332069,0.180610533707955,0.165628075086683,0.0396174109277112,0.479640162554444,0.0255028321099542,0.196923632519809,0.0671343812851885,-0.227562000441218,0.485161386239966,-0.361859318232379,0.419339160960873,-0.530080868128548,-0.913375348708125,-0.655885661705967,0.0697320626082693
"LOC_Os06g33330","turquoise",-0.565990749163891,-0.556345768653164,-0.300568787669126,-0.182173563888227,-0.166774828805269,0.138149840647575,0.149373424221398,0.187897113469645,0.210268492291042,0.468726231313995,0.852072780062149,0.133240184325936,0.345132212886707,0.137407371803076,0.504099611591458,0.0832805381175698,0.524706652513155,0.37990901805382,-0.115734084299899,0.439333466352274,-0.618926525519851,0.0188389629998797,-0.191026913220497,-0.796598698792783,-0.521876071767746,0.0103026604112926
"LOC_Os08g15268","purple",-0.565745956791561,-0.504436272677177,-0.642215801677139,-0.432264383345488,-0.0512133229147664,0.0849822452649302,0.0978750809418488,0.0402594978657044,-0.0610301010279827,0.0234691531309741,0.389656437840123,-0.0626123456993117,-0.117807769442645,0.495486910513837,0.807228327987447,0.018305376406494,0.279943691143365,0.403615370251265,-0.136434931274773,0.158725076147681,-0.218857596860631,0.157893550685585,0.0938376398796798,-0.422776017483434,-0.0727664055238501,0.0276630491859121
"LOC_Os03g27040","turquoise",-0.565578792603203,-0.612305639954828,-0.289697498323182,0.00228930305436213,-0.22344885338663,0.258376147635492,0.138583083040437,-0.0824097533882644,0.433940015802741,0.579660382178352,0.816970463675277,0.322837525836907,0.323547229405263,0.0743252559323174,0.493536551130221,0.145041397399144,0.23872569069907,0.109670645467714,-0.221720447318243,0.45104802052431,-0.447420010555371,0.327134418112708,-0.456281797930308,-0.87277318095228,-0.677789352140644,0.0697500265160581
"LOC_Os03g10230","turquoise",-0.565158913749935,-0.475949923451357,-0.329475357619536,-0.224351571267916,0.086852919174858,0.235703460236613,0.252964885401273,0.477231480151579,0.284596064314387,0.658210608344311,0.915161313270395,0.398466060500806,0.507896467008662,0.107633122460101,0.549682272799879,0.0838697035666071,0.486177874510563,0.250667576840144,-0.224136985622503,0.218054553966916,-0.822375763184436,-0.220700129480154,-0.197970129062062,-0.764505577940649,-0.708567032247653,0.211289645886081
"LOC_Os03g48030","turquoise",-0.565019609236937,-0.653623363267865,-0.419448008908242,-0.18380822513617,-0.112830932874562,0.160614713610065,0.0112659659310914,0.219623455474661,0.196479492634116,0.412694697391889,0.837943001006583,0.226687113565591,0.416384878433427,-0.0610121239310349,0.503266075114042,0.169434442839985,0.52945797716457,0.496389760599515,0.0507406156365181,0.561040916338237,-0.665095769416085,-0.0507748324508438,-0.083382668543238,-0.744527090877492,-0.463814843073798,0.0440302372973938
"LOC_Os03g04500","blue",0.565014157551764,0.624936596382159,0.399577319120466,0.233779561183224,0.445544440666654,-0.00261642891830215,0.127377738227467,0.165001786236784,-0.276241868771577,-0.263886338297852,-0.740112943705586,-0.105717246956326,-0.255586266966457,-0.127596809205773,-0.508575851875906,-0.206353705709493,-0.507087709898828,-0.414355052008179,-0.134980568906364,-0.72042064339637,0.440084945912844,-0.268756275647483,0.282885788870095,0.819391643772617,0.389029163616807,0.209305010593861
"LOC_Os05g04120","turquoise",-0.564603940666295,-0.490262110946665,-0.178815876601042,0.0368262322081497,-0.0211482208313924,0.430159905934333,0.293511908211197,-0.00959484008259749,0.490950990115201,0.59162670138298,0.845126529303722,0.317247242480686,0.205600026005943,0.0985415667074162,0.504452008836194,-0.0728371900842324,0.177758259347092,0.00167277427756583,-0.327043477473432,0.276899710373405,-0.420311401067425,0.269385458743856,-0.479056778332658,-0.859719451651415,-0.697085737690126,0.273980429222314
"LOC_Os02g17330","turquoise",-0.563952735778658,-0.526224000364621,-0.360387105582751,-0.209974711109844,0.0242073591323115,0.186152093553474,0.267118415075037,0.468287984913695,0.228521376225599,0.638451895815158,0.926185415604691,0.402585368398964,0.541657784563323,0.119928247808234,0.552126299796874,0.120192513795241,0.568449182507091,0.31547700455607,-0.210618311006608,0.239828556782946,-0.830013345161485,-0.22220135073828,-0.151877659490483,-0.779906520203037,-0.684256122655148,0.136411790004233
"LOC_Os02g42134","blue",0.563687298096037,0.566587585054483,0.338118970029271,0.0751474386302936,-0.0494062675116049,-0.326779972911658,-0.330165180567575,-0.286794041642158,-0.388075801762981,-0.652516662922815,-0.91161941554213,-0.438500420522643,-0.501745587009945,-0.146952787607634,-0.56589817292822,-0.0434492851928782,-0.436429339871043,-0.278529289398918,0.0420263939586673,-0.423568376339373,0.737557739297458,0.0598744423504642,0.335525572446424,0.814562896576786,0.681242517675495,-0.235058422292857
"LOC_Os09g11520","turquoise",-0.563040468555386,-0.586189817178295,-0.377464709972759,-0.218645477432849,-0.00332748060490125,0.16877941400973,0.161041571565668,0.412517429287931,0.261888830744137,0.557684095443973,0.91428255642257,0.294200123064306,0.517006048196903,0.198727161546057,0.559656703817702,0.121591123091674,0.584428146486143,0.40622885394464,-0.053405768601137,0.403969500733736,-0.813106997444629,-0.198074606696636,-0.183906512829165,-0.76343017056524,-0.581070920055496,0.119143155521692
"LOC_Os02g33430","blue",0.562917586304866,0.462224637192517,0.230429336013987,-0.00893578892658737,0.169114721377277,-0.320349075652302,-0.1618161416317,0.129248929653973,-0.355974607593496,-0.532746107711727,-0.785434574125493,-0.274078329434104,-0.171979760507866,0.0310819609479184,-0.485230694781633,0.0176097169775627,-0.159037288232131,-0.0191034204453166,0.288047632511573,-0.356694317972261,0.378678866151828,-0.341589347076264,0.445768720586784,0.868784900236712,0.673400867710416,-0.133134624345037
"LOC_Os02g46820","tan",0.562621156760049,0.626805220846122,0.823683802526259,0.324876081838644,0.158072738128818,0.0363939508140632,0.167170055737046,0.149604239889571,0.394600383926916,0.313920678521172,-0.13953737503427,0.315591021693158,0.270513386879826,-0.532337782502509,-0.696160615183825,-0.0473997740554639,-0.18931841227078,-0.596711668469225,-0.0489671652216339,-0.318954324950288,-0.0286231318849651,-0.271464076971991,-0.395308340012942,0.225821965515539,-0.248848659847957,0.101952094072959
"LOC_Os03g01920","turquoise",-0.56233463336976,-0.660619730462591,-0.356749046532236,-0.0945612874955678,-0.0840194929764121,0.252914298979576,0.185479698290237,0.23517667590744,0.357523462770824,0.643755867817064,0.954598081844939,0.400894248882114,0.512716634110561,0.115065630684941,0.558241232840961,0.153275822560448,0.46032998543742,0.290398221480593,-0.138146135685922,0.45842699390731,-0.729773708192716,0.0207356983174989,-0.317042132806241,-0.876291121561546,-0.715799565118434,0.128429183104492
"LOC_Os01g69080","turquoise",-0.562318113524186,-0.62494423812611,-0.306245750677425,-0.143714636499949,-0.155687270575449,0.182942024541835,0.159424808033944,0.22153372357114,0.31542403947925,0.626932665428284,0.94961019663999,0.417651006184448,0.496452800970643,0.13175956771205,0.562952005169868,0.138574931130136,0.499995337621314,0.245086911231308,-0.276484598119896,0.340773681128801,-0.694551657893247,0.055524224801036,-0.289069317368538,-0.886506498964482,-0.720684136111667,0.0442899302706895
"LOC_Os01g02600","blue",0.561724116110971,0.348296580295404,0.148833046640724,-0.203053515093233,-0.1811273866574,-0.573581475454186,-0.442666141503844,-0.159347947808157,-0.435097310080414,-0.757606681710204,-0.820479462815172,-0.343603304593762,-0.301995504299449,-0.0324634594128609,-0.361013445625627,0.00490889896992549,-0.0610873077057911,0.0692081825275929,0.290131445450834,-0.210400783836368,0.535299730685831,-0.0975064072382773,0.489266785501522,0.80574855470896,0.816198706786993,-0.442774547817238
"LOC_Os01g67120","turquoise",-0.561617910545618,-0.577532446694945,-0.440155321149898,-0.310096887786173,-0.0321662600666846,0.0895382913077269,0.0823104510190213,0.468569472965932,0.0315501350290607,0.441388902711679,0.866258242410054,0.211335294580083,0.511327338467166,0.10464118176108,0.528970271883612,0.176394922817496,0.668227281810292,0.577381751809774,0.0433985896608309,0.456821915178294,-0.835904010265333,-0.275997612438046,0.051746128507116,-0.694838650364012,-0.468719316378629,0.0447015237724271
"LOC_Os04g39270","turquoise",-0.561606612199289,-0.535777942002221,-0.28230937488684,-0.091390001133319,-0.0157786522111341,0.320299772719356,0.277417462007478,0.230981424530614,0.380818697381473,0.671803061286343,0.95456603643153,0.366607005196357,0.396801510764668,0.0270629265868405,0.540974001921932,0.0448654247550609,0.357961919511549,0.151675163454421,-0.326907742112146,0.28931805061288,-0.666169838483718,0.0558373083544491,-0.339921407147198,-0.88339009679401,-0.772564439167361,0.211849576646924
"LOC_Os03g49450","turquoise",-0.561327267584254,-0.547659664460729,-0.244618727357158,-0.00298668062760215,-0.187520347367329,0.280996571068113,0.19765357273427,-0.0594523749104978,0.45254992153378,0.575240920988172,0.844136315741792,0.222622301580997,0.25159657954434,0.0353012088910305,0.479775560686797,0.0414911495487762,0.275429031668627,0.120537871149656,-0.229975129063586,0.424476704120299,-0.45231072173498,0.284792879239514,-0.464758974834675,-0.886851876951948,-0.668430881062183,0.102013427871724
"LOC_Os06g34040","turquoise",-0.560742902145438,-0.489765037543341,-0.312164137298734,-0.0256233950036275,0.101655287314212,0.382566824643847,0.307064896360469,0.252350140696504,0.401470288775574,0.604081295737953,0.868742139996037,0.235898895032193,0.32389835306267,0.0309362105705261,0.511910046368873,0.0869155848765833,0.267407346422566,0.174498348219279,-0.256335460623268,0.303862514581933,-0.603279418827558,0.0315021913335878,-0.326198988203883,-0.784656669204411,-0.670828209214446,0.312391131496913
"LOC_Os08g11450","turquoise",-0.560348998463383,-0.44113046041942,-0.353489278619442,-0.165001033665828,0.152179813099275,0.24665114408307,0.253933351285731,0.471845814810615,0.13673119141201,0.495283606720359,0.8089825948384,0.244563845231611,0.409673578071431,0.211483468066993,0.508803836844514,-0.0540784703238867,0.46323311341422,0.333478213896246,-0.146001708968988,0.209284566972474,-0.724471508830282,-0.236808844453077,-0.054635669116935,-0.635317509482209,-0.532269999027992,0.246366925212558
"LOC_Os09g26190","turquoise",-0.560322341573986,-0.448178210683039,-0.327988408810201,-0.207549109344507,-0.0177322491815915,0.167211927870927,0.191993774459406,0.391463262381277,0.311630974012653,0.570842807438781,0.917095039898469,0.208497002696403,0.480396277988149,-0.039346276212098,0.4733079767559,0.0778610588016876,0.594706864830956,0.397674448184893,0.0410497601121383,0.472873935045505,-0.82042420581605,-0.21927881719014,-0.215339151576966,-0.782643213621138,-0.595014981476465,0.118194327916535
"LOC_Os06g12630","turquoise",-0.560194257523713,-0.673454847827961,-0.435716768283171,-0.113740364906256,-0.115480045917726,0.20411464999815,0.233777994678115,0.212008098147263,0.280250312654968,0.602360204360451,0.911957528983259,0.375875114668375,0.504286482416042,0.164228788396303,0.597773947217762,0.12924041360364,0.478127200060778,0.356468691450202,-0.0922967655833817,0.483985515924103,-0.712464932230993,0.0361958545610246,-0.267066959457381,-0.849088020566293,-0.664277604590414,0.0762019863938985
"LOC_Os02g30110","blue",0.560152545293665,0.526954187088452,0.327511844789815,-0.0311552825325472,0.181877103098406,-0.22226450580184,-0.241997854316772,-0.0880841792726489,-0.513506348400669,-0.652770392671518,-0.892588400599284,-0.310861833759618,-0.462454006251569,0.0148969659486888,-0.423777698902828,-0.146269275945607,-0.424249460316749,-0.204902558429992,0.0266994620840491,-0.546318796448155,0.654692761368122,-0.0776573791807514,0.475759979085567,0.8997324936626,0.71935379744018,-0.05442273615163
"LOC_Os07g12630","turquoise",-0.559674418659222,-0.511798899816743,-0.229013493902295,-0.145193530454594,-0.249124170354957,0.192572645424267,0.112035469292804,-0.0321957268248393,0.406549262295782,0.528960242170286,0.844536580291095,0.261177690315132,0.279673215132065,0.135034988214195,0.514274689563939,-0.031496720460268,0.387898095271829,0.147627484732961,-0.17973919668963,0.421750998345402,-0.504705479667555,0.231820920198612,-0.427263515667337,-0.884134221819353,-0.644366139404722,0.00674519999756098
"LOC_Os07g29240","turquoise",-0.559470979528937,-0.643575875981727,-0.313968478384497,-0.116386487422787,-0.198099528891494,0.167295801684713,0.0861432220389523,0.158979385459129,0.330011058245131,0.569822520245002,0.923833077588689,0.324342625153169,0.479028861382703,0.028398522359879,0.49097943533509,0.053534060027714,0.537633030632832,0.371817372449663,0.0218144427975593,0.588459956378072,-0.70483494448194,0.0244958120106559,-0.295975719597027,-0.869816181322554,-0.618076503140005,0.0221161980911583
"LOC_Os03g03450","turquoise",-0.55911916613081,-0.503766706604815,-0.147592113172861,0.165934399815734,-0.153162840187483,0.392013561605693,0.289076445030098,-0.109016256329499,0.546341453253065,0.686092343721565,0.857952505244859,0.354887354321113,0.286106750665896,-0.0435655946792599,0.422318884985838,0.0269442804625528,0.159609045848979,-0.0226146393060474,-0.302237866555533,0.389263855463057,-0.417553001996758,0.349043697073086,-0.583698373994868,-0.932593169932196,-0.769146731471173,0.176522612885788
"LOC_Os02g21520","turquoise",-0.558964402823913,-0.497291506945211,-0.312827388616236,-0.0765082927209522,0.0462259993918737,0.317679648849455,0.353847945602798,0.310735619274702,0.457620347857373,0.73287151303904,0.944443402220209,0.348757033290088,0.441902227816519,0.0398749439604788,0.519794515426129,0.0584775027420082,0.379000624268001,0.131288061476106,-0.243879751380454,0.282445368257297,-0.732408378141762,-0.051548546249256,-0.392902426970262,-0.860053922721305,-0.799085305201956,0.247365904073337
"LOC_Os02g33450","turquoise",-0.558930295565749,-0.592762727402548,-0.226080488946506,8.334725900205e-05,-0.122636999255729,0.308249369205688,0.255240163740189,0.101502201030201,0.42119625433156,0.696205257244655,0.952309546787486,0.451893612802141,0.44834729825499,0.0870642937095898,0.517686332395918,0.0524721743735019,0.357537636773184,0.130940449225066,-0.267660357315419,0.38391778423904,-0.620753817799357,0.167307110099874,-0.438256776471064,-0.930343312816129,-0.786397108324471,0.137893146696263
"LOC_Os02g14430","turquoise",-0.558422249729096,-0.476728847666562,-0.374569648519357,-0.161022280380604,0.163973793027621,0.260195540314693,0.361828294026535,0.543556166144087,0.0682502439898007,0.60392069885477,0.843095354295061,0.317932580931929,0.485975730179219,0.207161469134232,0.517314819839755,0.100386806304349,0.503618767809185,0.3495164622168,-0.187449761188478,0.165958135733704,-0.805734583456644,-0.286706738287188,-0.0271002857270113,-0.669637146497399,-0.602870724551321,0.23386144173673
"LOC_Os08g10600","blue",0.558351893781283,0.615472001750673,0.37916205621123,0.112760431914009,-0.0487190465758421,-0.303828588959473,-0.317713948952519,-0.323510582304224,-0.280178277451321,-0.632328936199789,-0.917729076903199,-0.32806285323144,-0.469260671783346,-0.171682345497969,-0.571502654725915,-0.118443978028376,-0.442644479394516,-0.300597137248572,0.168457521793664,-0.346362619951269,0.731313208749032,0.0465137900728153,0.224281900994011,0.805618480346243,0.676194230125024,-0.217244292077649
"LOC_Os02g57020","turquoise",-0.558236795597695,-0.649407732853612,-0.384271227087861,-0.141569307905267,-0.251643325537398,0.0465910456192757,-0.0251956229131107,0.151219833913391,0.299579541740045,0.399968892441286,0.837327940005098,0.191256649674568,0.512412569630538,0.0319393354752183,0.438268518262521,0.254995031151856,0.659289521211119,0.535772209295888,0.265738122205398,0.736469859563593,-0.691469563815233,-0.055724388745189,-0.20513908764169,-0.773095562059048,-0.42969399216229,-0.0957633041389989
"LOC_Os03g06120","turquoise",-0.557625518745678,-0.524304639998023,-0.375940625801717,-0.109471188269939,0.0902074158533581,0.207631026707086,0.265651659110608,0.462638579031866,0.125973399484454,0.627589344070261,0.804094326751677,0.466441029942395,0.540388122251889,0.138524953796646,0.515457555889398,0.277950524183826,0.436519120439467,0.25912851820846,-0.26138479303014,0.131020272527466,-0.739334946295822,-0.21152641492079,-0.0823312541348728,-0.666148479805474,-0.64774201692218,0.181499690912262
"LOC_Os09g37710","blue",0.55751499289353,0.433772865023116,0.126179782973779,-0.281906270636741,0.172077088532008,-0.492210632849807,-0.27277626140044,0.395472762939441,-0.501252267833914,-0.51817608473589,-0.632181585239689,-0.206829934944428,0.0407065058618839,0.0551449563818718,-0.362522345727535,0.0117235259517771,0.132514418000628,0.178366134183298,0.427257707121325,-0.279919944662112,0.0614832102055114,-0.630263448006105,0.57481041686974,0.831579932772971,0.643434775173135,-0.20931270802535
"LOC_Os02g32490","blue",0.55745644711815,0.558269023635839,0.236986112666496,-0.0996313724749607,0.166977608417958,-0.329430860664327,-0.24789004592758,0.062965501064925,-0.420938787047113,-0.624301908624153,-0.827990749053237,-0.355751613757951,-0.297594227980652,-0.118079011268351,-0.476207054955367,-0.026891985990887,-0.224341167495898,-0.00355612713990199,0.381572339653206,-0.281920374233285,0.431354850349243,-0.332476595479441,0.460370564034249,0.895998919803235,0.741511898948427,-0.109979688863303
"LOC_Os02g52420","turquoise",-0.557318426700157,-0.526606930210198,-0.311070484448033,-0.0930924780953,-0.0201668738034,0.270258577799751,0.192878198712572,0.272164251758677,0.397958810924185,0.625799247509648,0.92884560818619,0.309410433210108,0.479769087243729,-0.040254016379204,0.47046482781574,0.116779460861769,0.426084542677551,0.280969080873832,-0.0570331774332659,0.478873516351412,-0.734837230789882,-0.0474151511980451,-0.31860285873624,-0.838123750802679,-0.685105994707593,0.187901437266879
"LOC_Os09g35990","turquoise",-0.557184173020502,-0.519847138481977,-0.291066036751281,-0.152940475633971,0.0566444764328454,0.269256575755072,0.280117203135403,0.400457346795563,0.353241952748061,0.680986140995283,0.958435509641204,0.386792456379089,0.503317925001252,0.132095020298662,0.527958049354701,0.114110600422131,0.478752304962031,0.210603215762894,-0.250271092093309,0.253730047861945,-0.784583903255409,-0.136676881678979,-0.280044354853238,-0.818706344852653,-0.742608166237635,0.214661979256519
"LOC_Os07g31380","blue",0.557080486445232,0.63234742072765,0.303171708536382,0.173006263557728,0.425493466166118,-0.0684913754262931,0.0748183943312603,0.168101357414682,-0.323860517883664,-0.388040312003026,-0.800736075881046,-0.238857416942336,-0.292188533202874,-0.0801716475968063,-0.487050065891111,-0.0919671728233386,-0.469050629154647,-0.292050945587581,-0.010966510703397,-0.629409296537749,0.458116349566256,-0.294838058726345,0.356156854924195,0.878769375850298,0.526343705014079,0.165968947945663
"LOC_Os03g29970","turquoise",-0.556985907716529,-0.56762673814315,-0.329999846096849,-0.170272995921162,-0.0639056896084177,0.178145970196475,0.219452402265614,0.354459211062577,0.334238370702047,0.615994633678087,0.96180923180551,0.305723831164783,0.566037403831272,0.0727001350974161,0.491493328439029,0.149005985675229,0.618843978224304,0.384944185585277,0.0104035913700769,0.495055220849327,-0.836449187689124,-0.159629905520221,-0.256498182577579,-0.840075431741638,-0.654032457887767,0.0851016978915724
"LOC_Os01g65130","magenta",0.556799495245904,0.847023071752339,0.589357259303999,-0.0833591077273995,0.223820720038858,-0.209768212274223,-0.0437759308316568,0.167829257637742,-0.192442796718059,-0.296401686407761,-0.58303149202767,-0.309770772147708,-0.233085434017748,-0.202963784432426,-0.617069411117558,-0.311194866361063,-0.213517562308184,-0.356453122617787,0.0706709457542169,-0.502511015994759,0.25858211943161,-0.379707957498179,0.163298149377548,0.658997453735799,0.355830144845377,-0.000616234519907881
"LOC_Os02g47030","tan",0.556733278702302,0.614683619569814,0.818867910591242,0.271832782341943,0.177143254727545,0.00572945453630537,0.189520033572119,0.202197797109239,0.450458451769203,0.310136514871628,-0.0943471276473263,0.256792190056393,0.309895983177744,-0.50069410115738,-0.710076183211822,-0.00467854270353447,-0.116243484756251,-0.580156819329936,0.0248156189062225,-0.278851970650949,-0.0965409296310759,-0.343078044679594,-0.417478408871664,0.209220435666229,-0.252251265009207,0.107678344744711
"LOC_Os03g50340","brown",0.556552795390634,0.600376677504421,0.496743565097467,0.331841242268275,0.0295302860167319,-0.0906010605731259,-0.106431460995437,-0.448900882249931,-0.172176528891857,-0.515199807788367,-0.894343472493595,-0.313498374211067,-0.531801840747414,-0.106306576448208,-0.606098553797193,-0.191548613208976,-0.62069141646214,-0.44286417519908,0.0669288282560635,-0.373296222315893,0.838218104633044,0.235111128139884,0.0643854157431024,0.741048269496336,0.580249997933472,-0.0647783790163231
"LOC_Os08g01380","turquoise",-0.556416507135061,-0.708424645370824,-0.475228098802651,-0.246084779081692,-0.0938685425657815,0.0885700944107321,0.0612409515348026,0.375154154871311,-0.049323166381174,0.444410969530939,0.840515703399129,0.374315811867526,0.553888320056386,0.209341720366104,0.592822318413417,0.280531201302097,0.609647233323179,0.550648391831081,-0.0769934991002823,0.40179075422278,-0.752627486386445,-0.127988717582531,0.077728293759619,-0.704910267687123,-0.496061151317455,-0.00331585279347623
"LOC_Os03g17310","magenta",0.556117912083897,0.864989175979485,0.579407772640815,0.286418585117899,0.385378454549663,0.0407688883394613,0.152944279207785,0.0506000571845488,-0.0216100964196797,-0.154459343840434,-0.662110942040824,-0.13361581268784,-0.261190024130601,-0.388298528632399,-0.707874422760439,-0.133637606671876,-0.581926517726896,-0.56950306078038,0.0105357452293539,-0.528853490941405,0.40627637541252,-0.257401629713697,-0.0134860379333431,0.686183389774809,0.225253787894262,0.223114644720125
"LOC_Os05g24580","blue",0.5556633217173,0.618066070360236,0.347185336269003,0.117583711366837,0.0456694079062116,-0.214246919866752,-0.245835336862395,-0.268873191520804,-0.351140140746462,-0.626787448211048,-0.91500474278655,-0.350764603422443,-0.468394830629655,-0.137097751367109,-0.562661781708616,-0.0581417248887354,-0.463723752492076,-0.254653147319819,0.205724322666929,-0.33409641889385,0.706282144029762,0.0248084346902075,0.289180879530759,0.832920770315204,0.669695877767258,-0.131092030526356
"LOC_Os07g48570","lightcyan",-0.555488850222589,-0.551910009403666,-0.490987219498899,-0.166340778151588,-0.421199793762797,-0.0602760092738045,-0.135940258683506,-0.235116584293277,0.256891202011012,0.0784986838186089,0.50977454016155,-0.0804453780515429,0.148350484501315,0.0904893252106492,0.459314787218412,0.117460273502709,0.480880417854908,0.59893352977227,0.554533141146394,0.92650181370844,-0.318925833158483,0.209571643994111,-0.205898219605898,-0.606437409881527,-0.0871824501225809,-0.233645707428957
"LOC_Os08g01090","turquoise",-0.554834295762113,-0.422968740945987,-0.322753677378658,-0.297350430744448,0.091104076426433,0.225330827395501,0.272843122862786,0.459094627754836,0.204063081547785,0.574419884345359,0.892438302368258,0.2969068753424,0.403952022610624,0.152089135480739,0.581046454141513,-0.0463956643382544,0.502229972159727,0.279687169447653,-0.228722235606418,0.193656434864931,-0.781222492901809,-0.213030434965692,-0.152797709999028,-0.746085436554904,-0.634895149640844,0.205650170108645
"LOC_Os09g24900","turquoise",-0.554783130919964,-0.480481373702185,-0.134458547986748,0.251346882817642,0.103437794578345,0.574385666559682,0.462303381646762,0.0967153284510357,0.338831440295602,0.746937377767916,0.826523879971964,0.534337575090599,0.352562304602588,0.0275242456852038,0.413994355169746,0.0358029377438615,0.0635035181610736,0.0533566234436878,-0.33641483760788,0.271969564059375,-0.479975888579534,0.207130880345543,-0.387310327465209,-0.815845447640561,-0.778286133993649,0.390196943030019
"LOC_Os08g23410","turquoise",-0.55415490819853,-0.615509573473733,-0.384080434254615,-0.234453779137034,-0.0521605656220309,0.133228235877383,0.185694725502073,0.410214829171348,0.127676192885603,0.564549527239139,0.912672272384138,0.351490650599318,0.527941195685469,0.202923978389853,0.572276431084909,0.119092026102098,0.620662156149296,0.405506601523698,-0.154419736983828,0.315220937725027,-0.799988376419078,-0.165193449105535,-0.0850644284312641,-0.770699871550853,-0.609663684133316,0.0588827874219802
"LOC_Os02g09690","blue",0.554069457477014,0.678962285332283,0.328854286178275,-0.0766621866264789,0.211012330691012,-0.234719759899305,-0.216369500504447,0.0226717695787872,-0.306369479577138,-0.56639683715311,-0.792580235272625,-0.36938606587486,-0.376014635373125,-0.185644127524588,-0.554591211793606,-0.119515330294427,-0.294388733796273,-0.159792701712546,0.295574356574514,-0.363549816580297,0.451125822893741,-0.303281800038658,0.368004170765678,0.839428776311355,0.649821548484948,-0.035308710769573
"LOC_Os06g43900","turquoise",-0.55404146287771,-0.652454145703198,-0.335195812874272,-0.160898230777124,-0.0516955044962667,0.234137846400836,0.214020656923326,0.278795520271555,0.273568243425413,0.60314325123768,0.93467083776335,0.453006026950486,0.483539536021651,0.167485650549664,0.596092322149495,0.0379560777732791,0.49346331121471,0.29492196782791,-0.197065724577183,0.339159872513709,-0.717121201144394,-0.0197439112277663,-0.221109240168168,-0.830677964793036,-0.67289651111577,0.133056966866764
"LOC_Os08g02630","turquoise",-0.554037252140779,-0.646099255137933,-0.411924306660306,-0.195995117820704,-0.0729460256787079,0.114070763762956,0.153060931815442,0.391184451632884,0.192198066952404,0.512419619485563,0.898856994137872,0.280025530983293,0.569760644397985,0.185386360381157,0.524131837071722,0.204586854172694,0.678248202802858,0.505096115614845,0.0416391596571525,0.484257493243817,-0.814257085661555,-0.199131433895099,-0.10291790893074,-0.75195529787208,-0.53040200184172,0.0331474881203512
"LOC_Os04g20280","blue",0.554006515460115,0.510983257533628,0.226895917714482,-0.111671612957157,0.00649612605633322,-0.376412900324264,-0.368383518978473,-0.141425246961023,-0.439958694745208,-0.666156169358577,-0.884622729584879,-0.362096008725728,-0.41331325777331,-0.188308686265966,-0.475871048090506,0.0516088176046925,-0.318897677842271,-0.155246485968267,0.189564401086547,-0.389461178379613,0.592287824865715,-0.101733251899124,0.436311711223178,0.847806362940945,0.699804090357665,-0.234367892345291
"LOC_Os01g67180","turquoise",-0.553517877155082,-0.581997350201357,-0.522042971229909,-0.34496363507355,0.00290464383481491,0.0513825266739319,0.0823937395711296,0.481295690806146,0.0256592607251708,0.391453859276075,0.814277589370143,0.172769510783116,0.459786472249218,0.0847261737978135,0.535141376136801,0.260479662437818,0.666349189311122,0.5712688759243,0.0327098945310596,0.382101162049219,-0.798392686293932,-0.32598862105529,0.109948269589229,-0.628687965104938,-0.422397467103002,0.0471583573214795
"LOC_Os02g24020","yellow",-0.553457783537313,-0.542801822611324,-0.330011160505629,0.0302838120358504,-0.381510207978361,0.223356481941573,0.00561430879282198,-0.654377327973329,0.157452295470154,0.015929999059372,0.31677878854001,-0.0696732524513334,-0.372201555744537,0.328107228649204,0.58375410124473,-0.162998432585985,-0.109903733523173,0.0314051722433428,-0.349439763305618,0.280270464263065,0.293188928603125,0.862074362012037,-0.275452868728646,-0.59998855000797,-0.155650682762318,-0.0564167545164905
"LOC_Os01g54540","turquoise",-0.55302625336712,-0.561378084647694,-0.280827265857099,-0.13253023773994,-0.0731549298566229,0.261481037875686,0.207934360034926,0.184188208809474,0.428839464217434,0.613522883294937,0.941614800293423,0.378197833212063,0.419000589887611,0.0366932629193632,0.533644345300449,0.0443006188403032,0.423315955276886,0.216140937413603,-0.157605999322288,0.414822816428848,-0.664727522110419,0.0355279515134141,-0.365484397392457,-0.870884386038612,-0.704939580753025,0.156117858370601
"LOC_Os01g04260","turquoise",-0.552847015854426,-0.535556676165887,-0.304761771604142,-0.131487948923581,0.0194558792909062,0.218135667570106,0.225293021245558,0.39178554964665,0.316882348241655,0.612401259478267,0.901514495250865,0.387059593249563,0.566751712610043,0.1136547678037,0.485291399799721,0.0569097544547119,0.568941498974364,0.380059504551139,0.0879168672274236,0.479776041301337,-0.829300816328425,-0.227212424202877,-0.246242003214231,-0.766928359467984,-0.602709208939527,0.154013637583432
"LOC_Os04g05030","turquoise",-0.552721480272677,-0.417272498616718,-0.174755574734413,-0.168098831863783,0.0126856139604686,0.253673066092676,0.226270842002236,0.336373726572073,0.221124804437726,0.627981302534889,0.836777358585562,0.489898538041229,0.404274729161583,0.0933210619035432,0.518078079723772,0.00902696863599641,0.380258028051364,0.123532878176474,-0.376034722924108,0.0996893058582911,-0.656614465006416,-0.0706106736550249,-0.208254290745377,-0.75019924913446,-0.68456612423062,0.172541737061171
"LOC_Os05g01110","turquoise",-0.552506924346436,-0.658905892919191,-0.307027364829675,-0.0704542743814703,-0.192886249672062,0.246487875715068,0.174114501782893,-0.0237543974860771,0.348008101608257,0.514670284385354,0.856302955583793,0.38790593536404,0.313142219680815,0.135144608037233,0.605668739582649,-0.0638529527224496,0.349663309459474,0.231618556665421,-0.187091988694702,0.440487049835049,-0.482279111344731,0.261099730658505,-0.341603518972452,-0.864138511360005,-0.621406025272567,0.0707119610213422
"LOC_Os05g08750","turquoise",-0.552239398059278,-0.556746626839177,-0.33328096966335,0.00718916588728037,-0.162080435649814,0.237405234138802,0.25344531712449,0.0157246163200333,0.483083797817627,0.551270619511146,0.845357589625503,0.19846689157932,0.345455101910131,0.107622378835709,0.478464145975614,0.0530127064649201,0.43126999779499,0.253663249764494,0.0495185914799328,0.583272215578622,-0.575581906325334,0.11802698787818,-0.470897461835993,-0.860441098326863,-0.584278488816603,0.0722388110171665
"LOC_Os01g49890","turquoise",-0.552169318819096,-0.54308518162261,-0.130133909407014,0.133771624105405,-0.310968003074142,0.314240514535378,0.141783432341882,-0.259581061947211,0.458513556782881,0.578963739752684,0.803251273372704,0.340097253117423,0.228288594012155,-0.0378293953703741,0.410006984087385,-0.014178362651591,0.183530792811827,0.0329109987334032,-0.227771100712261,0.494182178026753,-0.336320890401801,0.455295797050722,-0.55183213498833,-0.935738621428818,-0.679120923399403,0.0406363211224933
"LOC_Os03g31690","turquoise",-0.551993416277835,-0.544172921454685,-0.223474458884106,0.0804047680313603,-0.286332346930466,0.232863908863439,0.145641442130557,-0.108101660534172,0.561008186794034,0.59246421241604,0.858069805152786,0.305795228876214,0.399881362858825,-0.073198917876481,0.38759367685843,0.102976329438332,0.367015665443748,0.169339425537209,0.0133846029422722,0.642911136791749,-0.527325975356113,0.241924060926617,-0.556702517785469,-0.92842167030707,-0.66661221811663,0.0016197372189496
"LOC_Os01g73234","turquoise",-0.551861057169687,-0.669580125937666,-0.473776759047924,-0.257057259692679,-0.0724437890862578,0.138190075889306,0.158891628753875,0.335696769104113,0.270290009847546,0.527532759544396,0.929854639999954,0.320235270792013,0.506688691951308,0.137784981010265,0.630853786228665,0.130747605458858,0.590945160003919,0.423365633508606,-0.0664947280994147,0.443702007968126,-0.787149608709403,-0.109199194570745,-0.167539475314777,-0.805641777983458,-0.601321918083462,0.0702469114613629
"LOC_Os02g03720","turquoise",-0.551780825180781,-0.521603492298722,-0.311441301261174,-0.229295319052642,-0.0242498439797857,0.214615876757214,0.149586440433468,0.294531584848496,0.264454813055929,0.565832376416616,0.890314501324079,0.248064186503309,0.389585504561845,0.0877883482890771,0.527216790964521,0.0737671271014838,0.414946298226997,0.269139875527212,-0.193214576773967,0.351088845022871,-0.695914282337642,-0.037430163921924,-0.223571926298969,-0.784702020182951,-0.644018984663452,0.155885350813884
"LOC_Os09g21450","turquoise",-0.551776910548258,-0.457307725113984,-0.188122995945571,-0.14643259034832,-0.0410197462322236,0.272697701441898,0.248623928071666,0.249483815846324,0.361680526565215,0.67577009258772,0.932272584711864,0.384076506513594,0.419769349973996,0.0196502331738646,0.478387501816073,0.0661629772446424,0.412463961416581,0.131271252324803,-0.270248354957782,0.282884849660988,-0.691307758527685,-0.00435763946723335,-0.335169822026986,-0.859718272359387,-0.764005137734374,0.162311147158198
"LOC_Os01g55570","turquoise",-0.551451542176168,-0.579223636994959,-0.442746503424272,-0.330675502373542,0.0224697279788666,0.0981029436446729,0.109292376897249,0.533260064108787,0.119988087516694,0.481982124623308,0.886339819148013,0.24888013690448,0.542992574947184,0.128444300251326,0.554007173080434,0.179956945735534,0.672048717387366,0.534977275392069,0.00673385685918324,0.403739405093162,-0.875651342283392,-0.329158047815027,0.00810051272941572,-0.687407603017079,-0.503487968411426,0.0872585108612413
"LOC_Os06g15390","turquoise",-0.551180886827008,-0.61679120718626,-0.375227651003827,-0.150656202751248,0.0547664702432981,0.209385686929597,0.210489385121817,0.410616409392288,0.122121824069131,0.544506193111986,0.852036223407182,0.316098877156518,0.485029660003364,0.260701073008578,0.556028379603296,0.200942939097007,0.503805515841954,0.361112252065796,-0.185286859886127,0.265742712881067,-0.726825482922374,-0.131812720641436,-0.065488917381373,-0.699113559955452,-0.577316375875038,0.156151663610258
"LOC_Os02g51480","turquoise",-0.551140787568192,-0.458294175022958,-0.13125821199945,-0.0607633562640111,-0.233524969815092,0.27010464387015,0.159898287679606,-0.127120300398197,0.488611763162335,0.552555437272693,0.838208075793794,0.271716619253977,0.188565967703363,0.0146299162637957,0.48293418910723,-0.0861650772775874,0.238484863522695,0.0293238259254544,-0.289891969437376,0.387292151443617,-0.396570429391222,0.342793530974828,-0.524894564546042,-0.904032435043377,-0.682591026574878,0.0775511162009924
"LOC_Os06g46930","turquoise",-0.550933683523407,-0.471235379645519,-0.184934948825262,-0.0946446749325377,-0.0283048855855661,0.34206761137431,0.265935299646129,0.120496856253404,0.456621994190105,0.6310197015668,0.895033249780621,0.358451919167765,0.286439615128973,0.0158407181705861,0.525927138148494,-0.0502837557386822,0.268363316570383,0.0571190484742383,-0.338810067969983,0.261197866893601,-0.543642339717605,0.140132575620886,-0.418943528020142,-0.861501298995636,-0.733985525109872,0.23326045068698
"LOC_Os06g28950","turquoise",-0.550845251552631,-0.630676405308995,-0.28503814389024,-0.0688559898567334,-0.255220074618789,0.15587324499517,0.135833339741103,0.0688359025685734,0.347451292463558,0.619664884446187,0.905974737639993,0.349281906644153,0.424525000860477,0.115144420737925,0.481016805327767,0.170178941731436,0.457228708635185,0.191623071954862,-0.233938395040253,0.397663568941127,-0.598012732474652,0.154408807981546,-0.364428233254115,-0.897348169412381,-0.703156410756591,-0.0193700891982406
"LOC_Os03g37010","turquoise",-0.550358352216855,-0.355250120155113,-0.255603918082723,-0.0843179603900049,0.137318227275105,0.28546963420045,0.367742417105224,0.445104780266787,0.321828969944663,0.633733539503163,0.863767317458377,0.305822212916602,0.453378689805725,0.0944428528876632,0.452417038644741,0.0506403722307555,0.466971144453592,0.23616477951185,-0.122751278930028,0.234885266951449,-0.753687199804995,-0.234702723242238,-0.236362620009802,-0.717924199376741,-0.632803866384695,0.252553166922182
"LOC_Os05g38590","turquoise",-0.549984623121185,-0.424811880294269,-0.383975498915179,-0.312449824811089,0.014040458684202,0.0961513281960701,0.153400436826604,0.430293295215386,0.230563138388404,0.516211914098468,0.82490640848953,0.221367083955777,0.408260631036898,0.0964930764257315,0.522463950915315,0.157069373874185,0.519893339203461,0.283231589720235,-0.177606281032058,0.221637780845381,-0.739545135000252,-0.222987462691311,-0.131970450636064,-0.677921079035668,-0.558209710398101,0.110772715198031
"LOC_Os08g44680","turquoise",-0.549963738532386,-0.646609847212235,-0.440651799636367,-0.174074980197399,-0.114265647157047,0.0963040134799681,0.145268856402394,0.315920814681736,0.209087586932372,0.460340540661691,0.864837592945975,0.249056057241343,0.544352799505017,0.1784591082126,0.523996189276881,0.173175049298462,0.680769530003533,0.560526403609454,0.179443862014747,0.603281218764306,-0.778149539184326,-0.164669745916199,-0.122828097359966,-0.743948585735081,-0.466935976259749,0.000323490228814775
"LOC_Os04g54474","blue",0.549856782310244,0.454525259635872,0.160594315702805,-0.408792848310689,0.0505293291620266,-0.575955396676284,-0.374149177057504,0.301157692578683,-0.498419840558708,-0.577142022443624,-0.644207575914148,-0.263836473607179,-0.103041438350516,0.0171275685112255,-0.325675964043904,-0.0443525659489162,0.119332935959854,0.0454271830116319,0.131493370018808,-0.479441689927027,0.197589639406134,-0.473504607601755,0.605284502534708,0.812242726460323,0.624125179846887,-0.309714332540287
"LOC_Os04g35770","turquoise",-0.549792343315113,-0.445585619693491,-0.129471232187829,0.0544074243767814,-0.085459099577423,0.336295534178549,0.254307671032041,0.0890332750530749,0.389010677486947,0.673895170741251,0.827621804501687,0.448247246921582,0.389505629144588,0.11589690565817,0.415978268320737,0.00911684228888435,0.296121710731997,0.052580846880964,-0.230234210717137,0.307294522211083,-0.548572780178175,0.135897579525144,-0.440047817349044,-0.829408057184768,-0.731937647975884,0.150923226178031
"LOC_Os01g67720","turquoise",-0.549611749173761,-0.629550277053913,-0.501993214971039,-0.196267378473805,-0.111299078760594,0.0674679885874262,0.060875297464169,0.355293795489777,0.136689440603879,0.514371847131678,0.826133128558679,0.335277315792839,0.596757128759421,0.0374045259888474,0.489138608699254,0.397275998112676,0.606161431603102,0.488390247282927,0.0830036837436958,0.506011715327513,-0.789231914562273,-0.184601528497217,-0.0635832725947321,-0.710477272331099,-0.544951438082126,-0.00847243009597845
"LOC_Os07g34950","turquoise",-0.549566532217611,-0.507579473548545,-0.225309401638566,-0.10041489935285,-0.0568100906698837,0.310927242312484,0.278244202463032,0.167299104136926,0.45960672410424,0.65335029254104,0.943332462461345,0.381614690307483,0.37900608245794,0.067073857514447,0.530595628030447,-0.00167857669161874,0.362135037384882,0.141735080740064,-0.258675217209445,0.346783862463174,-0.631227672322729,0.08424950855158,-0.419376540575464,-0.892726311880546,-0.751128162839877,0.191653078497954
"LOC_Os02g51790","turquoise",-0.549280545895081,-0.480909737912181,-0.232450190919881,-0.133276942905883,-0.00165613089136758,0.307195198703651,0.285307200709015,0.186725577106159,0.407045579906044,0.58500495277625,0.879898436648449,0.311452433187431,0.296080620338703,0.0616398358477877,0.534992990838828,-0.0372698697439407,0.358919690698797,0.120542166818644,-0.273929711872638,0.242385163617736,-0.578428899141157,0.0483723739262033,-0.346434052069779,-0.81718877663276,-0.670157382350237,0.218903812406425
"LOC_Os06g36080","blue",0.5490817484595,0.677003104088722,0.22668040790504,-0.160829751659151,0.128364106824359,-0.348381247445953,-0.203904041246688,0.00472380032951084,-0.35169388934911,-0.565649991076263,-0.817555652324654,-0.420463252794517,-0.422248524443336,-0.175449609173135,-0.448149348190209,-0.0956451415869602,-0.309801133560468,-0.232167406325905,0.0682684310149138,-0.507489812875808,0.494032655152526,-0.227040966723253,0.374315627337072,0.829024867775807,0.595566965526982,-0.131674389859461
"LOC_Os03g01350","blue",0.548682519256383,0.837090002134952,0.45929308212544,-0.0322814405321082,0.182478486376367,-0.250272875992794,-0.180285252142678,-0.010683008965645,-0.261019361579781,-0.552330425403007,-0.822473453918892,-0.380377776374584,-0.393851628209246,-0.226256431757687,-0.594683831677651,-0.132985047710078,-0.354791804703867,-0.274054294950325,0.190537029954631,-0.437201784128438,0.503132087968319,-0.259353423852702,0.267375872580229,0.827885390369048,0.632039700646301,-0.0586316970506045
"LOC_Os07g09720","blue",0.548207445188223,0.451125897103397,0.19774767166656,-0.0047196300416147,-0.0843963994939291,-0.405292598363662,-0.365851263473023,-0.263125420130415,-0.434747690989276,-0.685786490706918,-0.890945129702468,-0.484443236369259,-0.482750316706241,-0.0246784622353546,-0.492507054542695,-0.0164803539972172,-0.359106040221779,-0.160718927257883,0.119334756044956,-0.353180533314158,0.701001548259424,0.0329187826290921,0.402779945035667,0.816899254887716,0.723789499975498,-0.282803324847948
"LOC_Os03g01250","blue",0.54816438810794,0.553161708514415,0.206485501533167,-0.0961831628817347,0.0212734172331868,-0.395281206245522,-0.277142547473737,-0.0868982563549765,-0.381770261712947,-0.610334705812151,-0.866745932089673,-0.418111019470068,-0.403688422837677,-0.15656287891656,-0.471606398975463,0.0373295417664989,-0.288331847311816,-0.177975724727712,0.137981718133733,-0.436128905397648,0.555718059959208,-0.151358864614835,0.408856229061625,0.832915378109306,0.671339052331866,-0.229476379167555
"LOC_Os04g36800","turquoise",-0.547788979030729,-0.487353348579843,-0.162301959040012,0.0226109884973706,-0.242546951337834,0.313231014495509,0.195105230068287,-0.197613676269797,0.5216394569248,0.559530786307048,0.828345444565135,0.25351197015647,0.161384364171043,-0.00686772307683396,0.464804017062327,-0.0677546736826791,0.18628379001876,0.0080975107014505,-0.295806067482987,0.412794563014744,-0.342727580131507,0.4172087639374,-0.554474758734489,-0.925063303855756,-0.692637208232698,0.0971590006914842
"LOC_Os09g36990","turquoise",-0.547601956392764,-0.523488249792154,-0.174419845478726,0.0365242442872215,-0.103031810416152,0.359087376441453,0.31380486399031,0.0261116651981953,0.549490469206348,0.709260884185995,0.915674570034242,0.375805240212445,0.338748523753939,0.0754041170045513,0.47413097855806,0.0336446947357477,0.273848654636512,0.00928101562499877,-0.30198883385705,0.338830861276971,-0.544396455053707,0.214226705098608,-0.555755706070998,-0.932520921569088,-0.789908148964373,0.182111053228372
"LOC_Os08g19670","turquoise",-0.547489390016687,-0.399529449724998,-0.188361324093022,0.157038132132133,0.257720036577775,0.581726366778151,0.484679386235203,0.291553192396972,0.448876825660761,0.752363850927824,0.896510704535598,0.37292401254947,0.406881012227445,-0.0575040944975268,0.424044645886919,0.0791959701358074,0.169358883397698,0.059881470287343,-0.218734515131831,0.283519992171023,-0.662277396139431,-0.0192702446187775,-0.434302488238868,-0.81195691771335,-0.789128351819997,0.489790644275107
"LOC_Os06g50070","turquoise",-0.547326941186565,-0.605322485498106,-0.398146669034056,-0.268720104396587,0.0348207119052594,0.130070871022683,0.153704833444531,0.456317937660123,0.0220909071007363,0.474126078390429,0.810848922498314,0.366609343656347,0.500326236814096,0.322102107600974,0.603474786651887,0.17322052655476,0.575382222916183,0.417049787379625,-0.167437141469358,0.205417813653986,-0.737969881390979,-0.191560739365794,0.0300635100753282,-0.638796312379297,-0.500702452311057,0.0983173340453163
"LOC_Os06g34070","turquoise",-0.547111348583373,-0.551361805637298,-0.295338054483659,-0.133248814742821,-0.0908120582338771,0.191857884701386,0.205594861786599,0.300623582621132,0.362453461129154,0.639721499510439,0.94596119244022,0.37231853286029,0.574295764183544,0.0870444895246051,0.477536295231107,0.104746191816139,0.575330294255585,0.323873654203046,-0.00614823986124799,0.496855409961395,-0.811036267371883,-0.115377571676412,-0.318341157469024,-0.855695737902868,-0.680663903059032,0.0766994341901034
"LOC_Os02g09590","turquoise",-0.547101669101333,-0.588185726827241,-0.246398166084477,-0.0587707533022251,-0.114302750287141,0.27360729596544,0.216659257400285,0.144020148556925,0.470375502408073,0.677688028087566,0.951213066679979,0.427738047663151,0.46196849632442,0.0659003819856532,0.496940927295141,0.112858565951764,0.412166523832218,0.13374443840865,-0.227278814369207,0.374188835020489,-0.653774007537946,0.0902763615648868,-0.431483656480669,-0.905139658460931,-0.771838622662806,0.125431464424317
"LOC_Os07g04730","turquoise",-0.546931267567794,-0.442199642090813,-0.375901788920245,-0.139822946348236,0.115900390031986,0.250186839230445,0.335564176325552,0.405839299090032,0.328846087579364,0.56814072894009,0.844633320987222,0.242421853457776,0.450193541533607,0.106045803231685,0.505189725797811,0.0392469376073143,0.480007300514368,0.318791668902668,0.0346454768436946,0.380605786619072,-0.767744719844005,-0.218983617091734,-0.232795609860525,-0.711571338558113,-0.576656539995117,0.232476577415634
"LOC_Os03g03360","turquoise",-0.546796120461415,-0.613051690505707,-0.286090451715164,-0.0209063939594901,-0.177856470394181,0.268344695223726,0.241328771698157,-0.0030950328076827,0.454905319146099,0.598436879607056,0.904105258525231,0.356415455120215,0.366367804836931,0.105653785347246,0.540055399407444,0.0182899194721376,0.376064237782637,0.173634439146598,-0.156485514775424,0.463749453167135,-0.544797584948652,0.21849274155816,-0.455735767793289,-0.911117936048467,-0.697285018546187,0.0886608585199938
"LOC_Os05g42280","lightcyan",-0.546747929476814,-0.517598487698132,-0.599655063990768,-0.417805523835712,-0.278261472556982,-0.157495220874046,-0.324158557015083,0.0201113150506307,-0.128598369344933,-0.164553397903054,0.425112677175396,-0.216170399190785,0.0778523139091858,0.0447367049842927,0.485108057037129,0.160855282135686,0.576174801342395,0.835034561504792,0.588527570269743,0.81659545019599,-0.393777492479547,-0.0882377931976217,0.235074242814258,-0.401724548653969,0.151590250445301,-0.212128063536195
"LOC_Os03g30092","turquoise",-0.546592176968443,-0.555443511014277,-0.461747957535251,-0.269065050313224,0.134917082863413,0.226775152011588,0.172904555774922,0.462548606821309,0.140741367300291,0.471388318648716,0.831186672182973,0.167813980984116,0.387774434772375,0.103778043383844,0.561023253930763,0.182112595675093,0.471797808886086,0.383007670862614,-0.157020267246508,0.254890235716834,-0.735339363266115,-0.218396555581373,-0.0268439706535329,-0.652882164629367,-0.518071390067814,0.236609484967324
"LOC_Os04g57320","blue",0.546380389633264,0.561299404816127,0.276899393843051,-0.0120989040242541,0.456011673956981,-0.0978362889298637,-0.0599921749248847,0.336764580098409,-0.484059016609624,-0.384767365503168,-0.678135251823832,-0.157651841105242,-0.166830487344752,-0.0619962539620659,-0.449083112213559,0.00892669975182794,-0.354867264152049,-0.170131463371347,-0.0362248480242106,-0.613980642113077,0.266595625105897,-0.456745244202401,0.488422864551556,0.834372552988588,0.467993648764203,0.157697211308556
"LOC_Os07g17390","turquoise",-0.54626464490809,-0.543850129120045,-0.302211170373807,-0.19451685652937,-0.165361495620236,0.193587061365174,0.155270189014054,0.0698406982529754,0.407363999064244,0.531668241090147,0.849007342276502,0.32661768470948,0.270406286150736,0.164373207490929,0.602653591600537,0.0103105017199085,0.371313639167608,0.115348397345558,-0.323940183338915,0.276304523346029,-0.518633197174685,0.156516830434887,-0.381460472389397,-0.845915209657825,-0.65466824809824,0.0680632695927228
"LOC_Os03g15870","turquoise",-0.54625056929853,-0.494434332390123,-0.149520550032713,-0.0297538442928953,-0.108615717760173,0.328710022004507,0.248274980527881,0.0387588351081392,0.461821635027573,0.643597632416746,0.901103072059556,0.397655174898982,0.316329570435143,0.0696032075997628,0.483509768838535,-0.0586712072321866,0.287881561073582,0.0444197079534397,-0.288248906039708,0.329445986093246,-0.526839431520367,0.197815870067431,-0.476898866035167,-0.896792162949363,-0.755706758870853,0.170431178436783
"LOC_Os01g13190","turquoise",-0.546225877196205,-0.469341252309976,-0.358485228601894,-0.23631326782381,-0.0798099981881481,0.197791222163869,0.162849817842759,0.147359391422608,0.30123443364661,0.471597471219875,0.802162326240699,0.193740730344948,0.211458244491122,0.152770473472908,0.59523515145133,0.0458453629336955,0.30668878729674,0.145354877445785,-0.376328215027107,0.21650945539007,-0.508039318773162,0.127543563897438,-0.254643923431451,-0.766703876218514,-0.605381681186372,0.12369438851607
"LOC_Os01g46400","turquoise",-0.546063208419461,-0.381360062315284,-0.145161107241948,0.0535121004366272,0.0352643624521919,0.386504864087221,0.374940210650014,0.188527059909723,0.387325565670566,0.743645994068067,0.825094154287802,0.485845234816731,0.38998639572511,0.057385441763085,0.408721489791508,-0.0227627060004615,0.190680924697346,-0.0245427132649802,-0.326031351699535,0.188298775593623,-0.579662962732736,0.0677566002585681,-0.429999969657195,-0.80204734545866,-0.806293987794639,0.270783438003647
"LOC_Os01g37490","turquoise",-0.54561060616364,-0.572229614710907,-0.293249934733491,-0.0765198375032839,-0.0993311669722449,0.219842173116818,0.222535495019198,0.214502125291639,0.415284314171426,0.60738776803456,0.899558173071638,0.372733492021935,0.521538477868032,0.0943299417545942,0.531173797753671,0.178738000981391,0.522521828649898,0.280569425753932,-0.0334863449334958,0.469716319744953,-0.718403454226881,-0.0291260140738069,-0.395106022449431,-0.842088618407524,-0.643594573195514,0.0825384894845863
"LOC_Os04g44030","blue",0.545598355652885,0.410638699331702,0.112010465914847,-0.176169635302195,0.225644258362696,-0.341589078652543,-0.227667327294075,0.218319628453717,-0.320259448835257,-0.572639033595297,-0.670088463720055,-0.361476954909541,-0.125912844601197,0.216905174603141,-0.355421748580131,0.0211827810217134,-0.0614583910869603,0.0357079190773431,0.341381314784471,-0.28554853761392,0.233786238168362,-0.442065072513493,0.399981783875718,0.804674294248624,0.645293982968335,-0.0994972016682431
"LOC_Os04g32150","turquoise",-0.545534608521602,-0.474257718361337,-0.322670911583919,-0.165127547377473,-0.0973607081534247,0.203591150500054,0.128142377617374,0.130815833385343,0.410957003355169,0.540783711366159,0.828459181065266,0.242651749051535,0.290595615888877,0.0354449612489724,0.498315024920369,0.0339051432629835,0.344136744451508,0.120741857704612,-0.206933941188973,0.329456681011201,-0.568157584630302,0.0765670222905603,-0.356374784619711,-0.795465484075465,-0.658449631541769,0.118978040304001
"LOC_Os01g26970","turquoise",-0.545520061328056,-0.525933185138488,-0.462995760586499,-0.214691210017282,0.0442404198767204,0.221790292092774,0.246344890375664,0.2990724687449,0.328115872495655,0.504457028194048,0.811484536454042,0.0838961061439445,0.281916523214266,0.165405057541189,0.554856563774219,0.0459513255292029,0.401055492029041,0.237553810015197,-0.202990592622188,0.256209384056044,-0.620460307604626,-0.0532161289082081,-0.203972052430068,-0.713043619248071,-0.570635001714201,0.197248841483732
"LOC_Os08g01220","turquoise",-0.545174349796188,-0.541522905040824,-0.327027586250172,-0.17149095080775,-0.107170660662581,0.0977083580286841,0.157831272034463,0.381157681440463,0.283511350737599,0.608989619379593,0.912124841301039,0.311078465203071,0.597431172214261,0.0791314731756538,0.445568177262424,0.174535653730812,0.659421358969615,0.383128204955451,0.0155563704844651,0.454910501650391,-0.844033607187076,-0.211053118194839,-0.220049861568411,-0.79412533307901,-0.622979404440163,0.00975861769330503
"LOC_Os01g13690","turquoise",-0.545093166786432,-0.596984614152804,-0.219713682560689,0.0724455194969273,-0.192013440184729,0.298045430810059,0.212440219076288,0.00752405131876032,0.492950116129668,0.670911239116552,0.923558722021361,0.354482164273303,0.445460051259054,0.061830519749579,0.413592590450949,0.0913188591462754,0.367587644617755,0.158159424106558,-0.101351073808149,0.550621020791352,-0.599156302130885,0.192933358268639,-0.510709955639168,-0.94232867151111,-0.744770898283117,0.0888772267261322
"LOC_Os06g48030","turquoise",-0.544800194515584,-0.552722660020996,-0.338865608240404,0.125870063391264,0.299770138786602,0.539208053892794,0.528775657424523,0.441138855326138,0.287677357488945,0.740821691721587,0.885932195721699,0.484010784951167,0.526496278771342,0.115868487112078,0.529117076647929,0.185398226281805,0.273393032333508,0.219258024080785,-0.252698478419229,0.211766520436057,-0.731000473413053,-0.105761641903765,-0.231442800690969,-0.74323476456877,-0.74299718529553,0.46090695115444
"LOC_Os08g24390","turquoise",-0.544441529400073,-0.456272830519467,-0.360461803362463,-0.236905311164908,0.00587385900182159,0.15879794326051,0.20558445626547,0.452442343494093,0.258656233372052,0.618469584481,0.914892275383756,0.251683617850919,0.483974281050889,-0.000461881434125462,0.47871880127687,0.0998805340832631,0.558393248067447,0.332078389472878,-0.11715149746337,0.330586944612217,-0.832869254982213,-0.238608672601585,-0.166811329136185,-0.766474801518734,-0.660105959463226,0.125452617609769
"LOC_Os01g52864","turquoise",-0.544411834669094,-0.584874994648134,-0.340508865702413,-0.107938092102662,-0.0390923010229868,0.274583865096918,0.190604055509862,0.200703081588666,0.272759196791934,0.536576952994954,0.837299114453935,0.451530085944692,0.416282267449465,0.159823956082338,0.544244116756737,0.279607954263424,0.356084588955581,0.230956710507925,-0.290176919186534,0.285609882096702,-0.604545808954221,0.0375236144149757,-0.223235888222365,-0.781078312355551,-0.63900660070687,0.139005190847693
"LOC_Os06g07020","turquoise",-0.5444097992174,-0.515787281956732,-0.214520911418304,-0.173442574805804,-0.172021999976594,0.177889430162199,0.153308924728205,0.147212101683512,0.328182974292302,0.599549592776154,0.89230901933502,0.353584633111406,0.360939170254347,0.171491800381257,0.508502097660687,0.0739418420076128,0.452484986630228,0.126337541619215,-0.339672268554594,0.242821461963525,-0.600782109183095,0.0996462389844599,-0.324099134836043,-0.853333488468628,-0.700538981766342,0.0326042534916393
"LOC_Os07g40570","turquoise",-0.544266528695081,-0.565636635656476,-0.439367885142441,-0.216320342119063,-0.0205931875147989,0.139382281415902,0.214056826547138,0.415716692610452,0.236102801274001,0.580626435015079,0.894886703243375,0.343532312117361,0.561575286875764,0.0637255155735489,0.553952459289311,0.190158776905824,0.589544051432282,0.394226923370206,-0.0842968852593408,0.369088298822,-0.810877431629245,-0.198925879060987,-0.147033715545021,-0.756716677785838,-0.635849148045831,0.0840810704492018
"LOC_Os01g20900","blue",0.544213089300007,0.642223581595596,0.333409122278726,-0.0261542849463681,0.0180177799049903,-0.314332592387945,-0.28499501310405,-0.211066649315323,-0.343107326688091,-0.638901462681489,-0.911881640445847,-0.395884854812774,-0.53236037875582,-0.196555307236876,-0.506642621719588,-0.139275922717282,-0.430613638151209,-0.272198926198508,0.0631625596796123,-0.471790819538708,0.691801629121514,-0.0300481842505392,0.340444891374752,0.836215607709325,0.671255654843418,-0.18737048337821
"LOC_Os03g01810","blue",0.542769775194957,0.353526522163949,0.149267239018555,-0.0236955545789666,0.00822006475991229,-0.409449846529682,-0.295192091314501,-0.0447921994538774,-0.47434875953062,-0.630261254216636,-0.822680077280739,-0.200112569764489,-0.246550614613085,-0.0526216253742475,-0.414280192540369,0.0830974978207195,-0.179926323853677,-0.029359489186412,0.166884609925717,-0.390882398823667,0.513196311175596,-0.170994770691616,0.526536864505829,0.850494005543557,0.708355645728336,-0.267980666686943
"LOC_Os05g01030","magenta",0.542330972412822,0.8292285529402,0.729761071923795,0.24881645747242,0.347746642354109,0.0972433903300854,0.228784026160122,0.0650640126523067,0.00643551383078227,0.0140335713044058,-0.499571093056295,-0.000532707149287147,-0.239812597011154,-0.219010399315526,-0.602413441323616,-0.332046006485072,-0.538007039916759,-0.747167565869385,-0.346564891573878,-0.753844396693257,0.361259270384147,-0.140540619502326,-0.130817191335027,0.517005322014573,0.0246599809010555,0.241110974655905
"LOC_Os05g35200","turquoise",-0.54229972023346,-0.550257219474327,-0.334276858146279,-0.185951731981362,-0.134933392523867,0.107394084709314,0.149462748939935,0.270692451029678,0.380989840491299,0.573042881692426,0.887381337922929,0.31659710602311,0.549880938506458,0.0529055289392187,0.505507168916372,0.292160891265774,0.566126850399128,0.342543505279247,-0.0150265811517947,0.482124623518884,-0.751586667662378,-0.0768719562147678,-0.291938528328647,-0.811371837289701,-0.614263840063811,0.0127090272801865
"LOC_Os03g04580","turquoise",-0.542237883748855,-0.500966061562631,-0.272732513309491,-0.0954039354690718,-0.160488035837517,0.208316150054913,0.205134400750757,0.0503590864322849,0.453478577251493,0.572302785149879,0.85494765090722,0.298992450784941,0.318343305996497,0.148321087632904,0.551829604190432,0.0798335602878594,0.326972842860705,0.105707088541447,-0.294500778816726,0.335095006307374,-0.528497649715366,0.194872463745042,-0.442857501793664,-0.857520423788102,-0.673962740372777,0.0743910504997451
"LOC_Os06g04140","turquoise",-0.541542730313029,-0.629233390443883,-0.373313855580042,-0.201509782637286,-0.0948328538552203,0.168140341390498,0.12997388475031,0.246894815834128,0.141666912002763,0.490060782038842,0.867017771024523,0.338476079596382,0.484688032225743,0.162108035532179,0.565555402710317,0.134499734189952,0.528360243304703,0.409834182812672,-0.0224783069942339,0.46117142803651,-0.704078416321727,-0.0225643921655658,-0.133839911074393,-0.772673855539764,-0.55309565033175,0.0648632968407208
"LOC_Os07g07300","blue",0.541510734191515,0.535158670359861,0.357485569232519,0.196863506962193,0.218777728651959,-0.0290822225403735,-0.0692494076461457,-0.253440745759785,-0.36614168066804,-0.561155357067158,-0.89367721360264,-0.320305595627768,-0.550974534988157,-0.0469955301939503,-0.456690405659911,-0.180834313913668,-0.63840973649707,-0.336729357022129,-0.047869849071035,-0.514143121423608,0.781080561640631,0.118005421059724,0.3021080977041,0.827713806778323,0.616807058251774,0.0711014038533941
"LOC_Os06g05630","turquoise",-0.54145685626116,-0.523830213102739,-0.341135678007346,-0.382308429698345,-0.130713260506246,0.0621990350088875,-0.00588388436970119,0.308114715981641,0.23462978712896,0.419161427669352,0.821664606723783,0.278729993439027,0.42638475568252,0.0522486041489457,0.56248281572475,0.153517107142928,0.603641090788702,0.421241012946148,-0.0350867389412203,0.406001809487373,-0.699601346040131,-0.121157572855981,-0.120654266928835,-0.71292330857756,-0.488422244381141,-0.00215629823355311
"LOC_Os03g21830","turquoise",-0.541292084925643,-0.649357217206453,-0.390994620718168,-0.133969347973771,-0.0742133748259425,0.198034997165089,0.207376360615463,0.244985799572108,0.195402008400116,0.556964888568308,0.836289195261692,0.380363128549505,0.400731481822406,0.216681717682185,0.622841834790661,0.176978869811622,0.391363735893203,0.244599188570029,-0.418457759826839,0.175735282980415,-0.575373692824112,0.0823346230763085,-0.155001765165436,-0.7609443058255,-0.640933128918619,0.097025544685909
"LOC_Os07g07290","blue",0.540878355780028,0.512523609206105,0.379327320241301,0.266203284112361,0.273192223958648,0.0408525409642434,0.0168468949283204,-0.253730099229757,-0.299322418212368,-0.521285758397202,-0.869590096860588,-0.30762114553447,-0.538476653993394,0.0104486510053551,-0.461746899479953,-0.229568359124557,-0.657762426726171,-0.375581757488418,-0.0345614509029203,-0.515345110117563,0.774488632898415,0.130482328168395,0.24144738760299,0.805771653079051,0.594876576363135,0.13714591369242
"LOC_Os08g25864","turquoise",-0.540655795641494,-0.525329436387347,-0.377108234449062,-0.155902386890955,0.0512530829124008,0.24988916308498,0.263737616246219,0.374954378049642,0.346975295558891,0.619018400813341,0.876731543262826,0.28681703351291,0.455680546632023,0.0214288400712305,0.501877238609137,0.232808108366344,0.447840528208061,0.27534882800573,-0.152686709200223,0.324437874070758,-0.74112064209263,-0.142743428309847,-0.233997289643476,-0.75354768582588,-0.647367172258034,0.204524778130963
"LOC_Os03g18200","turquoise",-0.540213906221744,-0.671890071887359,-0.417160449485845,-0.270507079393166,-0.114627500573822,0.0627258490286113,0.0748555780207057,0.347392730245647,0.0619409187981931,0.433946181499928,0.835402695787417,0.239579163031555,0.468095739076439,0.223706115096148,0.567527226683465,0.109969754958569,0.653834065691422,0.482737385127862,-0.0926694617850424,0.347707651567534,-0.714696976389579,-0.120380799046154,0.00493139661473734,-0.699060173174568,-0.469128235949821,-0.0173042710208536
"LOC_Os02g53770","turquoise",-0.540053236207432,-0.334647309273177,-0.151882433763882,-0.0500769863297049,-0.0204689604977017,0.35023805304767,0.286288466793544,0.120536478868481,0.47505671161385,0.670373888548706,0.864381590197984,0.2512931162866,0.262041747736355,-0.0524483115299812,0.43407803182244,-0.00289846789830184,0.203869345122489,-0.0185141790127314,-0.356481865081554,0.252893096481627,-0.546435053410572,0.133952505201461,-0.48576127741546,-0.858574259615758,-0.770135498026906,0.241566786421918
"LOC_Os01g55450","blue",0.540051108533386,0.47158543025727,0.166830046161282,-0.215806676798458,0.0617476436840931,-0.449882829105541,-0.420766779025534,0.0430013878930947,-0.644876272834189,-0.748016705692026,-0.838352658278322,-0.355084091843223,-0.334512102099516,-0.0271407216115421,-0.402423892056744,-0.075072908170479,-0.147579205045254,0.0604675716504269,0.22939893578183,-0.377373722844529,0.462857543181822,-0.280399733675164,0.660468470214871,0.897711700500389,0.80148022760022,-0.25333035732169
"LOC_Os04g16740","tan",0.540032805969722,0.645197782353833,0.807535443306762,0.198741010252355,0.424009322969412,0.143118761851029,0.339859127208126,0.428393423101538,0.325456535775449,0.360556389940522,-0.0761434409900663,0.391249239880066,0.33907967911633,-0.256175078303804,-0.557388795581954,-0.170060146094073,-0.185886606949426,-0.581488362701772,-0.170839592744209,-0.483012494777661,-0.189017799383352,-0.462677242652482,-0.317155853727048,0.255296665658774,-0.285586888581447,0.305684129438368
"LOC_Os02g03580","turquoise",-0.539509317671114,-0.496937757173736,-0.303780747029113,-0.149402853377497,-0.0181436520621969,0.194232543460955,0.238185615055646,0.385490815434428,0.38408049074425,0.635050959470422,0.948423110170999,0.315693739991376,0.566505570726083,0.0121415471586247,0.448198679440494,0.151367642296735,0.590782518120004,0.351533248102164,0.0263576358180351,0.48004188799274,-0.84422568526383,-0.218229934069764,-0.28306682161824,-0.813751765478982,-0.661261992262687,0.126496638178322
"LOC_Os08g11470","blue",0.539351340930884,0.67408389293702,0.3455312656873,-0.0600205218138864,-0.0360397702188225,-0.395772549989632,-0.429433597598076,-0.195593902801319,-0.322006911364381,-0.701994319088128,-0.869299404261105,-0.444849298405639,-0.420177688969096,-0.25295097245486,-0.569541319508737,-0.0847722229584234,-0.301142180063036,-0.137575516935528,0.354367942976222,-0.211536380344968,0.591144623850276,-0.111265994611784,0.326958723692648,0.823952979764262,0.746675202948202,-0.249395765694472
"LOC_Os04g42370","blue",0.539269502101973,0.57846088777933,0.332784043514493,0.141196894434579,0.00688120771835912,-0.257077273950834,-0.25351450555056,-0.327354995885804,-0.345096323872714,-0.628487638434438,-0.935862344796076,-0.406712016885038,-0.546350796104434,-0.109970320717665,-0.554020195283264,-0.0412938621728421,-0.518453819644105,-0.330378347227456,0.0346522047296255,-0.44264817616319,0.786314935969478,0.0903586425694461,0.276257249613119,0.827600973519147,0.674001843842872,-0.169832872926874
"LOC_Os03g44820","turquoise",-0.539088716759935,-0.545706912441224,-0.349384875484996,-0.207982775823188,0.0303719047973279,0.245900509882587,0.216287749025324,0.298944884277001,0.292158791226651,0.543453026851592,0.870051750995525,0.29811268751786,0.344147167976392,0.196053935562852,0.554036068008812,0.0375178321470607,0.426830586671797,0.215945553636289,-0.260448769190941,0.225527559027074,-0.648207613947027,-0.0547198362035401,-0.202149255450063,-0.754161356882862,-0.625410787925466,0.201844948021847
"LOC_Os01g15010","blue",0.538147766778212,0.456108665368548,0.181506217841921,-0.122750918403405,0.333649143763076,-0.223139422981185,-0.113143629827613,0.258389983020743,-0.47929188044133,-0.523774576287245,-0.722760134349173,-0.258025276476396,-0.251245181160683,0.0771896532164564,-0.383173335579854,-0.0446748307685917,-0.190677636807464,-0.0627765778822533,0.110006393355397,-0.548644716521891,0.31791527122923,-0.422644108672908,0.565356972341086,0.865251857297358,0.608764268246408,0.0119937247619653
"LOC_Os03g08070","turquoise",-0.537796373077608,-0.512448516555132,-0.250858825709985,-0.0356482454101721,-0.117989507618836,0.209158234496265,0.198209942830982,0.233908291312105,0.492171390637108,0.701967965065795,0.947704023747953,0.407856120363727,0.581170644776983,-0.0683379935534887,0.395933938236918,0.177329761412644,0.508332990307988,0.225591839143283,-0.00141001457790427,0.515218638942042,-0.778904860737193,-0.0790484816136452,-0.430300708674394,-0.883964555137101,-0.750685329364853,0.0838408527360343
"LOC_Os04g01600","turquoise",-0.537398827284257,-0.502640566606823,-0.397810972451885,-0.341013198578901,-0.151571848542892,-0.0275384646430229,0.00984049153589439,0.362072352499164,0.201895937154009,0.432595700674097,0.818241475154487,0.203691674708444,0.529525497137923,0.106674074416635,0.460147921248087,0.187081337284005,0.705200255386334,0.495659268083105,0.19789961274833,0.541796823034244,-0.818402616965434,-0.264585804517557,-0.115206423397439,-0.696067944229814,-0.45111906142637,-0.0749284692032766
"LOC_Os01g38560","blue",0.536916383968847,0.238170989958441,0.0451431845096471,-0.0844600873368394,0.0127091731001397,-0.379073865159859,-0.320940491492731,-0.075470846337637,-0.561805772715526,-0.661808182677095,-0.800374346488026,-0.292125446161029,-0.305471984318964,0.219353972450537,-0.276402934647417,0.027092370594493,-0.244093061073783,-0.0749986031125644,-0.0577435549816665,-0.486814632404756,0.559596459120226,-0.0205040802362351,0.542188573217139,0.803290217099097,0.671353138772794,-0.247917025480555
"LOC_Os04g16804","tan",0.536853935886069,0.612784834356359,0.804683114351492,0.349863157918129,0.138332955433767,0.108710206706611,0.0216613319140566,-0.14556863635759,0.216913933106173,0.00194903426833787,-0.355760734621865,0.107908740679471,-0.0948250236318696,-0.269022343520738,-0.668838507043812,-0.22173654598148,-0.445966440722907,-0.589671822427004,-0.0871967910572044,-0.281933068220825,0.333972098927234,0.00691511475861388,-0.310263720164295,0.34200690393699,0.0249556453266134,0.140439822480871
"LOC_Os03g59640","turquoise",-0.536473169894983,-0.435925934312046,-0.15286463937611,-0.00256773549414291,-0.14117470160134,0.322644219089649,0.241524016474405,0.00464835603078665,0.535837988246258,0.663953013097079,0.897718853052047,0.278332568496174,0.303532109079202,-0.0766398090280141,0.428748590294802,0.00497586292149323,0.262197692188266,0.0289472300977361,-0.255734706526873,0.402566663614762,-0.531049805003343,0.221414815107647,-0.548649399059905,-0.925262998213597,-0.764954328374809,0.154299937922794
"LOC_Os02g57030","turquoise",-0.536445304626398,-0.594991000058841,-0.438465856569411,-0.198219973382057,-0.0868978723291742,0.0921869133250695,0.118164945862811,0.364971752508464,0.233780001120534,0.469843333718967,0.871880362094778,0.180230886133107,0.544505022799936,0.0651130552123862,0.481755124723247,0.187363683026767,0.682849692588121,0.564748118188863,0.216311175848015,0.62615568142341,-0.823727667504433,-0.228472445342538,-0.12479838113064,-0.73611761847371,-0.47335294273336,0.0202887578980978
"LOC_Os03g60100","turquoise",-0.536095789151042,-0.485273294089261,-0.149337168583351,0.0183196161638494,-0.145514735354762,0.33144355270728,0.258363593507834,-0.0637634238240449,0.54403352445208,0.621765584566325,0.868011857623043,0.365013888663854,0.271558056750129,0.0381634000390889,0.473230023309831,-0.102076911727631,0.24418426353386,0.0243163676378884,-0.217127781712235,0.399355855027129,-0.460761887660729,0.271982568353526,-0.549308990971513,-0.901523237416351,-0.724309877236955,0.162307290986661
"LOC_Os04g21350","turquoise",-0.535943865578245,-0.439761344405823,-0.244352747960726,0.0683517532633175,-0.103488643692928,0.243171281855187,0.263420407050617,0.106761202902015,0.593886523179394,0.619855696504969,0.836709147179236,0.183381128573455,0.405489291220112,-0.0450784753121746,0.348617438839653,0.15604025498654,0.425506575529045,0.190362088447445,0.101482566995367,0.556132431524997,-0.624810798199497,-0.00389252389053922,-0.521104857097401,-0.82549190979685,-0.62065852618318,0.112200269023316
"LOC_Os04g02354","yellow",-0.535880359644843,-0.459453648695403,-0.223791206291197,0.140086704568803,-0.367171003532334,0.263733221872894,0.00128929356106741,-0.679358946290575,0.213882634404758,0.0618458126159131,0.325975876770116,-0.0507454018263433,-0.33397455999908,0.214357015329842,0.451130963768859,-0.188903579307258,-0.129256801916064,0.00572741224029722,-0.200419527667169,0.374914822314306,0.271313556576363,0.830263614354192,-0.346440429176646,-0.607626953938837,-0.183841871063894,-0.0324419321592754
"LOC_Os01g48820","turquoise",-0.53549227124878,-0.644913963738898,-0.525762692238981,-0.419471474465731,-0.14206008068626,-0.0408819468699442,0.0371522142672883,0.399541027042193,0.0281801259370402,0.376222283980083,0.826230319456201,0.127714940611619,0.456024618261397,0.328956841939832,0.612260076080728,0.146814883950511,0.736871296465319,0.55959914611291,-0.00429369497531885,0.404569082957346,-0.780403317823584,-0.194283460870465,0.0474663232876812,-0.679941337513934,-0.436294808356645,-0.0897161714666787
"LOC_Os07g09140","turquoise",-0.535122450777974,-0.535570787857117,-0.18907431662643,-0.0194657123586515,-0.105722333570909,0.297115360060769,0.267894058123199,0.0887028696441778,0.453478606649282,0.632307935137002,0.901704635307867,0.325002556454088,0.369639391403732,0.052162409313294,0.439277263949108,-0.054448415922987,0.387733308142214,0.124249143245317,-0.162288230083774,0.395832630093588,-0.588848010886943,0.111966921032325,-0.428216123594541,-0.880018339333834,-0.702483029863886,0.139740702278288
"LOC_Os07g28260","blue",0.53490809914614,0.686080489508893,0.314655248862676,-0.130333357707562,0.124097248727977,-0.336235343156296,-0.27560926831636,0.0354761490162681,-0.35747383451744,-0.566124167189382,-0.788090962697478,-0.430823974675314,-0.385388345803874,-0.176636642721777,-0.507137021347479,-0.125167680095621,-0.240250356484415,-0.173630030774713,0.160757989528335,-0.426766770385027,0.443743252438715,-0.296036835901531,0.383316218772212,0.812874039098757,0.636214435070394,-0.138615024273387
"LOC_Os03g42464","blue",0.53483785684408,0.702362989618045,0.423224108405036,0.0972790239901666,0.121623191343082,-0.159860056941873,-0.16161109245715,-0.2562841772968,-0.324220281379896,-0.624498829936493,-0.905487042499219,-0.413502967674582,-0.587989974958164,-0.22220820100546,-0.567950625027105,-0.184399270848315,-0.547215368436549,-0.318243721344292,0.0740556996376707,-0.447201350249443,0.749034844255658,0.0133724147641325,0.290772651658562,0.825046592369999,0.676147201173128,-0.0419992579944442
"LOC_Os02g57670","turquoise",-0.534721744556012,-0.51143396697118,-0.210417509733813,-0.0297351620754676,-0.0750355284139766,0.340485743109191,0.282282623124283,0.0637657572247595,0.496050129954355,0.651785985239095,0.911554097715227,0.385431178187976,0.324168893915556,0.0173993028071505,0.503795708198488,-0.0430464152395588,0.284957340007309,0.0634530401399655,-0.278505072066278,0.340426264156619,-0.547737847211163,0.170341373716632,-0.468925648010982,-0.89603025097677,-0.761807732612547,0.199936065071637
"LOC_Os09g34340","turquoise",-0.534715330225562,-0.547788974355456,-0.467816841570127,-0.379261751057099,-0.0610750363785266,-0.0293373781256128,0.0597782400185103,0.533160269352826,0.0505600607556327,0.423248982671668,0.821958870867757,0.243276018566839,0.570265037085349,0.106638878713062,0.52365263248357,0.266186107445903,0.769696787219714,0.593641001449028,0.0753847473129216,0.395389555729332,-0.866220102281615,-0.377959077425521,0.0826993662487314,-0.625585916279861,-0.425490262491197,-0.0434003631652058
"LOC_Os05g34650","turquoise",-0.534612329751201,-0.551627771108572,-0.281079887794601,0.061878841774397,-0.0340096543570357,0.333930378867024,0.279058202133393,0.178386770773192,0.534686340652807,0.669508777665509,0.907693337383134,0.385794546454635,0.541552249013297,-0.0227206043928023,0.4174928534478,0.158970644637467,0.419490546863429,0.285311608691977,0.12507498011104,0.634513372118856,-0.715375167645731,-0.0171131478972449,-0.462489239317175,-0.846901784824149,-0.691345927251936,0.191965436733527
"LOC_Os03g59180","blue",0.534552777614197,0.450498952033065,0.153396499089312,-0.00798886352470966,0.284962407115389,-0.221238172205292,-0.152456265575116,0.0823395348743873,-0.477508216878477,-0.627715905748946,-0.839679715314585,-0.321917977873454,-0.297457609677662,0.128560572863433,-0.379953014098671,-0.11435722768972,-0.284198706054713,-0.0112916290125438,0.306295445642439,-0.368814126319954,0.462250155688388,-0.284002794925694,0.502769193134146,0.917593166791623,0.750576583140847,-0.00203178349297022
"LOC_Os03g56320","turquoise",-0.53443121064629,-0.518315436940568,-0.313565614706771,-0.127032248383013,0.0782452849928951,0.234601422872621,0.26025722422595,0.490956516260643,0.207356641766478,0.670357821695339,0.911690670746199,0.402251589624333,0.550328616773462,0.0971214293614802,0.486608390509759,0.193960798988968,0.500805597484089,0.264727111791732,-0.277694381624963,0.18710147617319,-0.807779409345062,-0.218486138804584,-0.13807483490844,-0.747149724565432,-0.699378874352127,0.193222159122964
"LOC_Os09g10760","turquoise",-0.53440851733657,-0.478323254618556,-0.134746829280944,0.0479058574289151,-0.204392960591993,0.332300450662828,0.178147728826098,-0.191248349485941,0.559072602684152,0.575079373530473,0.812834088662164,0.295679861896553,0.176694453162898,-0.0278581950648911,0.447338066485195,-0.0740183447928171,0.146786938485996,-0.0526732623506929,-0.301485898241851,0.379389361516405,-0.337712255004499,0.408089392036952,-0.580214394012385,-0.899499860231044,-0.704168982234925,0.130717776020681
"LOC_Os01g66600","turquoise",-0.534403188434415,-0.5342629320601,-0.195558024369798,-0.0245723555380668,-0.334160187357657,0.200733825537372,0.0966372357717914,-0.179599325852958,0.515631623477465,0.546888553439879,0.837506753126488,0.226092137673127,0.252811256132292,-0.0709211106442098,0.445165944521013,0.0529304662846789,0.310328786062325,0.0770509169550181,-0.18661597602658,0.50020944712297,-0.414288667869662,0.369570621378455,-0.542208996158134,-0.92791293667903,-0.664454365525894,-0.021106535393694
"LOC_Os08g12780","turquoise",-0.534234490957706,-0.302261698956161,-0.221471676093421,-0.269409109369081,-0.112248862924545,0.121304131179228,0.112451542188226,0.195424686151331,0.40415084679266,0.493774271216769,0.824253110745598,0.0492913635867953,0.239002648307853,-0.0771275431521836,0.387548802048266,-0.0429948054007313,0.462874436445204,0.20132691269609,-0.0459399932414208,0.398451677860894,-0.637228593207973,-0.0911043485407935,-0.337368788001178,-0.776113292492479,-0.554294676854216,0.0708151893380632
"LOC_Os04g39970","turquoise",-0.533869816708463,-0.523288367784372,-0.19785036354083,0.0254157804141052,-0.189557922025119,0.312209294520445,0.213010846293003,-0.127926265196378,0.517735853443437,0.560698162174132,0.844457526969192,0.196641744358896,0.208308027495045,0.0946900188504115,0.461753526033774,-0.0549540265758361,0.242903850270337,0.0612583640439037,-0.202866404591472,0.454186042101039,-0.414967067556457,0.330342878890779,-0.550619037118687,-0.905400590809452,-0.664621495429552,0.119170287200726
"LOC_Os06g30620","turquoise",-0.533527212082082,-0.543082809922458,-0.410696048968114,-0.149938645295635,-0.0543676860799343,0.118500850292971,0.19472356283659,0.358027455825287,0.233549997431547,0.515125408007671,0.838928900739309,0.228086024312879,0.518457148853762,0.172975679439735,0.49538750088652,0.103575490035402,0.625956092921231,0.411786111712718,0.039962795267161,0.421206634997193,-0.776207618558383,-0.194481675823841,-0.16538056261725,-0.728440737533177,-0.529983006242305,0.040312824112186
"LOC_Os06g16390","turquoise",-0.533416089209683,-0.466577774212862,-0.28497192090576,-0.122152433546306,0.0205996720248367,0.286610631399736,0.289034465758676,0.351833645440765,0.280462588914386,0.670723893776782,0.913123098960118,0.437389664694795,0.490132902408554,0.0173770497959449,0.50099196042212,0.164220493359112,0.411713881435483,0.247197934620313,-0.263134121306888,0.287304115430457,-0.745597444014265,-0.091427055158858,-0.250840107660867,-0.811678493116004,-0.73707620591341,0.189392264343227
"LOC_Os07g39560","turquoise",-0.533236739180877,-0.358920878753299,-0.177739734697704,-0.0398430378390488,-0.0965885983624451,0.283668057306969,0.297579618100734,0.0823638320116415,0.447051124629231,0.674481349766339,0.851677906874009,0.272302118851398,0.256680138050433,-0.0136659159884293,0.411710904631169,-0.0353064472394957,0.289017249070948,-0.0146892587267746,-0.327542105429995,0.227717785233006,-0.538736548924996,0.12783979609936,-0.457850670756763,-0.864423207868804,-0.768506162764968,0.144638103765702
"LOC_Os06g45340","turquoise",-0.532642032100444,-0.583110776485916,-0.259606645989397,-0.0227562802929537,-0.133304324556976,0.253563177250273,0.276135337286728,0.138340712580836,0.413547466955758,0.691652011423291,0.944360034935287,0.40482501066962,0.47560267572903,0.0974163194135282,0.490675212517674,0.050605303014176,0.431020104006426,0.163856323664663,-0.185675852696705,0.404386187339523,-0.664235703800317,0.0950105343048602,-0.423703019789125,-0.906048960948422,-0.768805276845378,0.102780998303868
"LOC_Os02g40890","blue",0.531771429605617,0.271400918661081,0.0220411122857696,-0.160580688446267,0.134196917536169,-0.41530078663409,-0.293095577861137,0.237053641011747,-0.555715081444537,-0.588643938995719,-0.677253420965466,-0.225081587284222,-0.0966364581799655,0.116690504433793,-0.295981526298838,0.0510663937819669,-0.0261910361645105,0.128653278129617,0.178733704579685,-0.370292064949861,0.274623654931782,-0.377324861272852,0.649509083291956,0.82291249879511,0.658268747443823,-0.189897468896928
"LOC_Os07g12810","blue",0.531346838421623,0.467048177827028,0.180180366955394,-0.0118833203630869,0.0802676390577516,-0.244218881066907,-0.307105746494767,-0.211840548931846,-0.356341252829936,-0.732329144783223,-0.873748274606706,-0.472714647904595,-0.489921128647312,0.0359438109867376,-0.39993354949556,-0.13542021003542,-0.408191572164424,-0.146381140167649,0.144690921987059,-0.327297143472946,0.67195699149482,0.013119850037482,0.361492858682065,0.825611510011012,0.750283120488871,-0.121623243330672
"LOC_Os03g57130","blue",0.531287815578374,0.415125669018707,0.120106611716357,0.0200891476083553,0.00923193113195144,-0.337458165027862,-0.299636702040283,-0.22750128207402,-0.422407468932019,-0.7099341624253,-0.910563462404989,-0.380781892826966,-0.441203578333244,0.0654012099264922,-0.371106864790567,-0.0396975529357901,-0.370356285249595,-0.123999691127394,0.152474657030939,-0.35219687625589,0.670610434243078,0.013045855281343,0.384489550684326,0.839293409899532,0.747882286838622,-0.226354734420018
"LOC_Os05g11090","turquoise",-0.531112941950803,-0.433563447970303,-0.344990487742244,-0.204714391322759,0.170197135404694,0.262139456681801,0.35184849432715,0.49890171454381,0.176929350762485,0.612819924312792,0.848827005124271,0.31303952483742,0.434235666630986,0.167644200519538,0.548854067393932,0.0173262246480328,0.427973588688616,0.233097684863926,-0.263901593085472,0.105362107983944,-0.760838215513033,-0.21029539023648,-0.127594545790443,-0.687377832397914,-0.659148631764718,0.270252927694546
"LOC_Os02g52940","turquoise",-0.530969392540651,-0.547725058288845,-0.277243400093298,-0.129326486331323,-0.0468638872947153,0.249372111851626,0.254783586750667,0.258079502158077,0.402287912856062,0.650274398956642,0.954415371430187,0.371823209995919,0.456844954267403,0.0862475605031455,0.530233572185187,0.107950504641584,0.448176732145825,0.20148812946776,-0.233508387677806,0.342110774904838,-0.706485586809083,-0.00830281368706678,-0.343015544310282,-0.862814486311004,-0.737127602019657,0.155071577186028
"LOC_Os03g22330","turquoise",-0.530525435090058,-0.526270154688805,-0.138900484208379,0.0275331277501676,-0.217906449620489,0.278430135427741,0.199710263453624,-0.0126054019949958,0.509178117144643,0.691670235914208,0.916504866848021,0.46666317267009,0.434964249299931,-0.0105084492516781,0.427175477775375,0.0629830000840568,0.330862619689698,0.0639171352781219,-0.198514367179035,0.452675448528519,-0.571147591535805,0.224267897549338,-0.541533187489083,-0.94864021838246,-0.791495739563076,0.0729213555688252
"LOC_Os03g15460","turquoise",-0.530134749664999,-0.543022612702447,-0.231272058286042,0.000168865861471246,-0.0186024121979112,0.340658281178322,0.265866545322083,0.216625849656775,0.409144697758047,0.67480882624513,0.946062098119427,0.339204072558131,0.481548729972185,-0.0725499147087977,0.430995385924216,0.0625764627518176,0.402087850845762,0.263584584625275,-0.0480331533173589,0.51105656426858,-0.712760981952075,-0.00608942216628894,-0.371580503694227,-0.869019098113185,-0.710432267358981,0.217949834635812
"LOC_Os04g33830","turquoise",-0.53005881272243,-0.583876580130045,-0.393391224179701,-0.168025306298673,-0.073890413113641,0.100591521362399,0.142234267566267,0.378030712717482,0.232453433698843,0.485431231803326,0.864309493052226,0.203422944221383,0.558490182968126,0.113869425986522,0.458899754901307,0.207812192511302,0.678846984167545,0.523026245408,0.167849417576045,0.564013950960264,-0.808989705043133,-0.230403330716999,-0.13092990904735,-0.724107688365218,-0.481540138202515,0.0268425683809012
"LOC_Os03g11890","magenta",0.530002325544759,0.915751490798261,0.617125745898563,0.00543521211427954,0.386552133496881,-0.0887421258815256,0.0946354742326827,0.316289958801112,-0.0459946179028003,-0.115029947576215,-0.498830781087321,-0.0579927776652504,-0.0959334664601965,-0.365427826612444,-0.606692222446312,-0.243470339215927,-0.286051802191388,-0.461111847414929,-0.000344911337839293,-0.582223024242187,0.12968346766406,-0.506332839100528,0.0628634730661521,0.620553315815293,0.176243379170599,0.15746044304361
"LOC_Os05g45400","turquoise",-0.529858753477133,-0.457669977860997,-0.338107005777814,-0.262517620044209,-0.0792537936546033,0.0682340132281586,0.0693174614294907,0.392696909964978,0.282317462457101,0.493675890750284,0.872586252767511,0.179679282454903,0.542262595833809,-0.0410522112483676,0.42166267397175,0.17647356508943,0.652989383108349,0.487198187351345,0.21628301399152,0.595007013493033,-0.84904545048053,-0.277735490241769,-0.186281221754237,-0.731070916943234,-0.51413289873139,0.025835159192213
"LOC_Os01g10070","turquoise",-0.529530453416343,-0.556319776087464,-0.455538161279576,-0.361103369139873,-0.00918964935621275,0.0611863023065181,0.145107719145111,0.488047518517676,0.00629170087463706,0.442221523682197,0.812289005911512,0.200544315940295,0.468157822030735,0.224731284954785,0.561879013438395,0.10347399933174,0.658851953055974,0.476267033577684,-0.113466897317582,0.255123401438945,-0.793298632367423,-0.270397184125571,0.0774272401744541,-0.651295107451088,-0.475075019821391,0.0371386756990857
"LOC_Os05g49880","turquoise",-0.52946333939677,-0.672276655279596,-0.360956573027909,-0.196141521668826,-0.330384052017145,0.062358697095274,-0.00851298493480243,0.0283657174952286,0.246645019125719,0.467645806552639,0.824749886810965,0.345918094729578,0.451858169908522,0.127266974881091,0.544861492230412,0.161124271465128,0.517140402140643,0.369401993559312,0.0045191109224126,0.59200261863445,-0.601380671310841,0.159729482848229,-0.260222269472643,-0.8355894613904,-0.553654414043598,-0.11802834227042
"LOC_Os06g12320","blue",0.529308679655332,0.4853834242513,0.264965063767764,0.0914448087662642,-0.0278375292330734,-0.294396220520586,-0.332037335339883,-0.361648694936059,-0.336773792477035,-0.746977778281097,-0.933578639078716,-0.481906880878032,-0.52447301779868,-0.0222894062139978,-0.483948606479158,-0.119577896296848,-0.410821480724537,-0.144284101958215,0.302184401042517,-0.225782542707138,0.769063876767984,0.0947238654680581,0.303991260924594,0.836632967850121,0.809657662463907,-0.2022284345258
"LOC_Os04g55050","turquoise",-0.529242692682792,-0.338180120498908,-0.149531968737011,-0.0506656578330188,0.047715381832221,0.380791828914555,0.359447335374135,0.159280645565602,0.514172487978413,0.657934093646676,0.872437367135274,0.305989666753033,0.272037897625124,-0.0218238611307489,0.452100846186951,-0.0549492244103848,0.221459710094895,-0.00597420388688035,-0.316661627361813,0.231060524005402,-0.554037387207394,0.0810025917375977,-0.473976196215216,-0.831388468325339,-0.756688644069693,0.296857192959009
"LOC_Os01g44110","turquoise",-0.528943798808316,-0.334882186320963,-0.110878289670236,0.0801844919463327,0.189342778923008,0.46556644358271,0.498554053305769,0.37274012153571,0.441576211782686,0.811558815111283,0.909768933054254,0.450968713644013,0.472282338814319,0.0110866811518427,0.395380006142461,0.0904245018795488,0.26696642016258,0.0058717711500719,-0.345926283054462,0.142823965921582,-0.714390104388392,-0.095533907317271,-0.431740817862024,-0.809997818634624,-0.845246625904665,0.374886461841589
"LOC_Os01g55530","blue",0.528834294621284,0.533388521678112,0.369488076582243,0.0986811378364221,0.0772619076330159,-0.204363373478573,-0.225916765011636,-0.222829061037763,-0.385929592743278,-0.620185485541633,-0.882870472592145,-0.383679464254949,-0.453664130661917,-0.14612212288409,-0.537840703021176,-0.0938516808104367,-0.432180382264808,-0.216369872088274,0.140615774911416,-0.384153370900572,0.680883268735304,0.00193471770018927,0.342472597296568,0.817633609285449,0.694194942978651,-0.111618371241593
"LOC_Os04g40520","turquoise",-0.528331256666731,-0.280741431058191,-0.230477275837634,0.236974682530259,0.419037320126243,0.613763778730987,0.634646027303726,0.445317432163093,0.44845352426785,0.767451939752939,0.809735637725626,0.274829271657558,0.409753517373685,-0.0524547439284448,0.339169740968001,0.0699514905056193,0.15885536915089,0.107819840682512,-0.0974689989439623,0.245260534435182,-0.704581858450112,-0.208246798493756,-0.377329998649979,-0.679177400637696,-0.713576678850131,0.582211975202351
"LOC_Os03g48380","turquoise",-0.527996612068485,-0.418485998156742,-0.322115782244655,-0.122602375708192,0.0402812602724942,0.268756044275874,0.291567708448319,0.285817151601491,0.44738769555706,0.625869823073351,0.866544079050864,0.339378186914748,0.413733974353524,0.00792172292280595,0.492605647092209,0.157559306536918,0.355743767977264,0.172887076824122,-0.151449345477882,0.334321337534432,-0.695376254777287,-0.0827175100493358,-0.363151614818956,-0.780984094317663,-0.686736282377764,0.216847676859651
"LOC_Os09g36130","turquoise",-0.52788552301748,-0.498307599489617,-0.29721146284241,-0.139480981099028,-0.0354166706026785,0.259019881903727,0.17841462903746,0.229971766345505,0.363794796532685,0.601090016451514,0.879323525159048,0.244702229366256,0.361062868719066,0.0197590434895406,0.505104923771255,0.0748839026660418,0.341972833904568,0.15404187220873,-0.294433162380543,0.298027197083859,-0.634654845103262,0.0468781075720121,-0.311157341105527,-0.813838706407471,-0.70050426661282,0.171145220583406
"LOC_Os05g01950","turquoise",-0.526874862787252,-0.543107838792155,-0.384075208142075,-0.216426790020875,-0.0164868371879421,0.124524676884151,0.224136285441416,0.441490787716312,0.210514120811645,0.566834221024132,0.895126777786126,0.281353683106966,0.531800795158978,0.158156670811509,0.50604672729733,0.107489611207055,0.645633740870726,0.402645985789827,-0.0326467380280563,0.358692423995867,-0.836524020600477,-0.258270775647185,-0.134450281277791,-0.743402754728345,-0.587399653394668,0.0756625112760558
"LOC_Os01g71330","turquoise",-0.526737234429236,-0.556641311007056,-0.252442847285001,-0.25475895087212,-0.127141524002688,0.159642265650942,0.0678819764046809,0.1607637739153,0.224592532524372,0.451220399299576,0.84254839346047,0.277218620804603,0.297926032174086,0.0904936361580898,0.544775867700506,0.0858547717022281,0.444600693802929,0.234896781996535,-0.274105186991464,0.268604402187147,-0.554914224722284,0.0600920187609635,-0.19009686149943,-0.772817232383197,-0.562926836309381,0.0577465036761296
"LOC_Os09g38330","turquoise",-0.526130415668794,-0.482069641598324,-0.277231026171712,-0.0798710407225814,0.0939975388769198,0.333124827942357,0.255989176255488,0.337034397278876,0.256089886722567,0.641044351571868,0.850661889065798,0.45648452402271,0.418448289056539,0.117028813331418,0.502730233302377,0.00875804506893257,0.30191094972948,0.146154548172777,-0.308948913013669,0.185002761390693,-0.663330154100283,-0.0662331057377688,-0.225612013444572,-0.746514765033939,-0.713081099047593,0.273040557834505
"LOC_Os03g14530","yellow",-0.525850238693739,-0.465511236881768,-0.281323077855151,-0.014922354668913,-0.322060515202582,0.211644731020197,-0.134197286735324,-0.648891051842324,-0.0062999922357011,-0.123748522240689,0.167940905770403,-0.0633818300766983,-0.475360385617218,0.350357645208315,0.537852204092055,-0.0891517156257718,-0.235628778304259,-0.00400505419701915,-0.456437820444104,0.112419044769001,0.430679566628519,0.85798726887106,-0.109227181396322,-0.436073704441926,-0.0310586712287549,-0.0302208022259958
"LOC_Os02g30630","turquoise",-0.524283963081581,-0.52221968602674,-0.170046562913264,-0.0445456409899784,-0.198101634132851,0.24202788756012,0.189735083438444,0.0682243997717412,0.43153361449422,0.678199645373323,0.923521823943389,0.44512834627765,0.435930835769075,0.0602379293975647,0.46167309479984,0.0726987221551818,0.370731846079622,0.0725772399956641,-0.307436386353826,0.348897844879989,-0.596526234594556,0.182350590844486,-0.45947982568779,-0.925220715905328,-0.794757763656843,0.0577353074551154
"LOC_Os03g07300","turquoise",-0.524274619856515,-0.610229096313197,-0.424983159977529,-0.236296482320508,-0.0201462026750227,0.120163671125402,0.154632852053938,0.465412680679627,0.170329463531426,0.524369180418736,0.906813144963082,0.289495454051345,0.58758832038922,0.115352234282765,0.518636599893396,0.177958201774404,0.657872762021022,0.522849976287536,0.0457114526248094,0.481306368609324,-0.870023115350066,-0.268120228831157,-0.068073078529117,-0.732784096653296,-0.547858656913844,0.0711143007638819
"LOC_Os07g41080","turquoise",-0.523928286585474,-0.471437348116769,-0.34956784069477,-0.215031983935893,0.0810381052783,0.229743815479045,0.192690142792857,0.426710111238938,0.231447356278463,0.55805622804914,0.872815489092806,0.262247741719512,0.442817972934434,-0.00261437854044638,0.485432941438398,0.134702720581878,0.441930498194612,0.325971740855688,-0.139436411719338,0.316744614475198,-0.750674258370695,-0.181901147919755,-0.118566964069415,-0.712790916775712,-0.625629621698579,0.216611569244706
"LOC_Os01g38950","turquoise",-0.5233733727208,-0.531196029738648,-0.421103254574709,-0.253749975414622,-0.0546199760328189,0.107494631951969,0.109703033409597,0.387569118855864,0.244428505011153,0.500067302205074,0.871758573498513,0.186514842146636,0.537822811329914,0.0120492594871433,0.474867795383725,0.18219941922918,0.652835291366337,0.512820771502209,0.210081466838401,0.597611693545316,-0.85455581171413,-0.263971121714689,-0.161696626060857,-0.738433837035137,-0.516520585521946,0.0498747519735408
"LOC_Os04g38600","turquoise",-0.52300623653257,-0.611010218240913,-0.313408859032186,-0.0984506601661922,-0.056752531208088,0.1965084301467,0.213620952793474,0.362094100318765,0.331787585079647,0.662074607407545,0.959568878435692,0.410322617821524,0.638568306343649,0.107828165157866,0.471539133492576,0.198524254607775,0.576616727369521,0.354226820841819,-0.0335759916908061,0.473716495184152,-0.837143002802864,-0.140343623978998,-0.269330749115673,-0.832015046456419,-0.697587523040044,0.0961125480130268
"LOC_Os08g10580","magenta",0.522524731833124,0.910491733282529,0.576366549410035,0.119588022960434,0.382220869061456,-0.0188190721778156,0.174690982052585,0.203300759529928,0.00469762448110483,-0.108420073554557,-0.536088612073099,-0.129931932496729,-0.162427034861895,-0.262167480668267,-0.595185659503135,-0.309489654968593,-0.376777821699161,-0.496143528909482,-0.000181013282357888,-0.537795650045227,0.211678553735588,-0.373780939755773,-0.0300042677075254,0.597536800465049,0.189017471998811,0.188979109813597
"LOC_Os02g56940","turquoise",-0.522441599716243,-0.636390511506719,-0.330038708521587,-0.130371052065855,-0.0642575841693681,0.188537094796579,0.182394058787012,0.34438027463473,0.285602528016243,0.616026593083515,0.953606511979458,0.365061124950188,0.570370853832914,0.0897024959031252,0.484263921859158,0.150344807392205,0.589802807919632,0.364338379266486,-0.067987210030069,0.44050997839995,-0.800816456630912,-0.128725880498802,-0.207237935403233,-0.820525277070462,-0.661963459804691,0.0915523208238028
"LOC_Os02g36570","turquoise",-0.521553794396263,-0.576919835311784,-0.326045871842498,-0.148482240537653,-0.144688732456011,0.132262407419779,0.153599875184772,0.277161723599575,0.347975083123175,0.581947196788246,0.932763577982373,0.272361689698745,0.561064524723786,0.0321699109973564,0.45462524004114,0.185510213744753,0.609808966946243,0.395724068730466,0.0526407508790844,0.569123320608564,-0.789939053809929,-0.100806808877399,-0.278763921174478,-0.840231216549818,-0.628987968927611,0.0213710427434152
"LOC_Os03g39000","turquoise",-0.521321705380779,-0.452463940958891,-0.309143971151065,-0.212731715981474,0.152095692411543,0.294660718309339,0.271194838250193,0.472307581614284,0.106083045272825,0.601444214141711,0.830439630413187,0.401069597295817,0.40586368104117,0.103330492799464,0.546197888907262,0.127454537683952,0.352570259757955,0.185404437491023,-0.460452725302065,0.00670368970447704,-0.69977680992648,-0.148355255920803,-0.0519366222437303,-0.678530838407074,-0.67081683505903,0.263161362009553
"LOC_Os01g14890","turquoise",-0.52121773465555,-0.586896623550206,-0.386939249474322,-0.177389817398819,0.0500994038954275,0.187085772919532,0.260288121655857,0.483799842589374,0.143947517436424,0.58695732182794,0.904669647356884,0.329548192599357,0.573983508223008,0.16452527639989,0.519254830362996,0.169836600627891,0.610277145868415,0.41584771560939,-0.0816326456414302,0.323070176026203,-0.842180476614591,-0.249570132382916,-0.0820173067687981,-0.726956079949009,-0.601543826763073,0.140627978775931
"LOC_Os03g64350","turquoise",-0.520866164522149,-0.491339080791409,-0.239481928010536,-0.200081390103079,-0.139583056297054,0.179648340834104,0.175610876575802,0.162561053266875,0.370782477929466,0.570799146057097,0.88454431983058,0.28345446428413,0.334914714623585,0.075554218885098,0.522059979187624,-0.162614543275207,0.449010592938456,0.169316021728801,-0.232128392947979,0.308084614313606,-0.606654602080929,0.0744828502399889,-0.317308899454234,-0.828747117412083,-0.667634788975664,0.0725119521680972
"LOC_Os01g01610","turquoise",-0.520832171765679,-0.585283833257652,-0.345466901156657,0.0851698033296631,-0.0422161519187552,0.29574114067552,0.246224694876508,0.135881126692452,0.391543146842348,0.610265950176045,0.818072975982538,0.327530245779166,0.441070617121229,-0.0188786952844041,0.445845273684793,0.263883063184811,0.290011028547855,0.18248158444105,-0.134657159660526,0.424041863601136,-0.593350450763037,0.0825227489357085,-0.364285087727818,-0.793302061216581,-0.66758637825531,0.154101586535468
"LOC_Os04g32540","turquoise",-0.520437999114815,-0.37510208408982,-0.228617790494009,0.0379520619219752,0.149474747481306,0.366741580661608,0.440946900848844,0.384368467914194,0.461575030009426,0.781383528703621,0.876799382922294,0.504664381287707,0.571267851681605,-0.0572292417296296,0.403601883993505,0.186183409617147,0.329258637982099,0.09803794197958,-0.159268815036715,0.258910152723952,-0.757548049479251,-0.153727182539873,-0.394259639940669,-0.764656627891688,-0.805242717956717,0.312174019759594
"LOC_Os03g07440","turquoise",-0.520315557000041,-0.664142743480824,-0.329383326716709,-0.0351612334671259,-0.0511399039832564,0.248282333687709,0.259507368237485,0.268974624439652,0.354278506517908,0.674736065432878,0.928440305287572,0.428433101432383,0.565770114678185,0.220353188572244,0.512331535724669,0.174801648894345,0.461633234127779,0.248060990227071,-0.162855306800817,0.385999471695305,-0.730051098762333,-0.00257912033685036,-0.32001817650991,-0.832720489442699,-0.72759065436474,0.133633287761407
"LOC_Os08g13360","blue",0.520108237829854,0.46061730598379,0.134505695921259,-0.256301945840994,-0.0946443009012613,-0.570346638894062,-0.530947149970053,-0.0059328019540386,-0.554766048988112,-0.749029795248194,-0.798597425873772,-0.412688097827129,-0.270932481905848,-0.134474109823002,-0.447451455623375,-0.00197409855471935,0.00417995735329869,0.137801780848802,0.446299199994977,-0.176964720501244,0.387752508998063,-0.322483146522034,0.579109137130314,0.829452652739299,0.80834803536628,-0.397839243420573
"LOC_Os02g57010","turquoise",-0.520050120765085,-0.59315313960707,-0.260278145320752,-0.0328975952566368,-0.157959238239637,0.225357001510207,0.198027682214262,0.142820124608739,0.416655476880754,0.656709604608472,0.944539236936689,0.392255506333865,0.539045746612823,0.0308469216161496,0.451351375316506,0.163783876768833,0.463606261602069,0.25814886837741,-0.0495050885391155,0.546233291920602,-0.698217438138762,0.0664263016722284,-0.4027976385512,-0.895053026387516,-0.728117402048204,0.0695479672646578
"LOC_Os02g54500","blue",0.520027199024884,0.600698520734393,0.360598036057804,0.0886836949489656,-0.00239856108567388,-0.266023737808915,-0.28959169188016,-0.324851996011512,-0.356139740455852,-0.661881122597636,-0.929683796398136,-0.444328570052828,-0.563789460686363,-0.15134837074304,-0.515129019541962,-0.0336379236889553,-0.514993742182881,-0.302624179728015,0.0126125668431628,-0.436353481834342,0.794234985320724,0.123074395662557,0.29791627037387,0.816405364616548,0.703207237455925,-0.174524064478173
"LOC_Os02g38820","turquoise",-0.519912851602118,-0.540523430069674,-0.178493802214151,-0.116317686305484,-0.148521410978805,0.24762033612401,0.18235481629738,0.0986310146381465,0.370386589385474,0.622994155912744,0.908631303200948,0.37668572066522,0.365976259783734,0.0307988821676202,0.499669322245249,-0.000833720185818336,0.348842818055949,0.102205033726444,-0.344492065794536,0.296925602184748,-0.572806972605972,0.175054236293942,-0.37180718697354,-0.884701764942162,-0.737074583754428,0.0998353493815934
"LOC_Os04g40670","turquoise",-0.519412561232214,-0.605632733228976,-0.355234971309291,-0.0641449668358207,-0.0167409560162292,0.222391415952963,0.236077570209788,0.359660229948487,0.280395146361098,0.647270916547434,0.913904597828258,0.440560518798703,0.641915750873868,0.0839386325719726,0.473288738433603,0.193572823116255,0.527568676364232,0.370719064222631,0.030379506424913,0.494410606335103,-0.828980316419616,-0.146527794692994,-0.232472261558755,-0.789661626792532,-0.671033250900091,0.126396614603559
"LOC_Os04g36580","blue",0.519360099958075,0.678482993009668,0.239069441632381,-0.130739283698411,0.285422736914372,-0.305039107740415,-0.0853606955860541,0.308198820130198,-0.353174191091535,-0.468086603978985,-0.699515745319995,-0.246316305392075,-0.134323598661333,-0.0902845849653884,-0.484217389583414,0.022898653844623,-0.117940999570525,-0.0324781259083693,0.296267533005099,-0.402181608328459,0.21089620246817,-0.546213833622986,0.444166140896298,0.834627777554963,0.579817650294685,-0.0432796708803701
"LOC_Os08g19610","turquoise",-0.519296082598714,-0.59035570720601,-0.39038465245601,-0.278091473600435,-0.0382819599585473,0.150378472304787,0.194726638680058,0.369305967052258,0.136460154221252,0.522677690872334,0.886328793202978,0.404062691327475,0.468312172868026,0.19355593807352,0.615100349538961,0.0178984054555578,0.551908023223877,0.386899286573962,-0.157337053143963,0.318547124750479,-0.761637463171935,-0.137232760748203,-0.0896030759673036,-0.758635920645827,-0.588509992064017,0.0835425735908513
"LOC_Os02g06830","blue",0.518531038835696,0.546708266690448,0.251029996691962,-0.140582191740515,-0.00527555426032726,-0.395858538896179,-0.402404582678906,-0.155578768453632,-0.433487045397284,-0.74727297189913,-0.886184497665148,-0.472472960784259,-0.483113617038461,-0.0621289001708676,-0.445042234450096,-0.0368392081643652,-0.310097812056689,-0.102993510194521,0.166645429391048,-0.356607879268624,0.624722504831648,-0.0964018252035206,0.45008390694123,0.852662418600037,0.801830569726071,-0.237203818849282
"LOC_Os08g44200","blue",0.518002645324242,0.4970965637619,0.158184850003759,0.0159480007766066,0.0730811650113548,-0.352086997959945,-0.176817342830432,0.0131994324701722,-0.354024263985082,-0.559653047946731,-0.792907144077563,-0.26871583157111,-0.202924716541285,-0.13903099031713,-0.494361670952882,0.0514840718576913,-0.149691427110002,0.0242077919004099,0.437927061192447,-0.210987493804319,0.396498153521293,-0.301765471217458,0.408096144349953,0.821068539770546,0.678967557539114,-0.204576325992335
"LOC_Os06g35520","turquoise",-0.517537357304573,-0.548575880353053,-0.313967763190186,-0.0186238183279753,-0.143310537318341,0.134161098385235,0.23391990902447,0.257142082956285,0.400689479564872,0.676755124861767,0.867249108972031,0.438627067479911,0.620769989371846,0.0715284114411023,0.443184825331456,0.244419060608511,0.560944865795563,0.262553139912283,-0.0120658181652797,0.439531694876486,-0.746458795995927,-0.0780322979089561,-0.36143627739779,-0.808208677504375,-0.686177003020983,0.00948054245216002
"LOC_Os08g19140","turquoise",-0.517039431948901,-0.531579013576004,-0.389256825597069,-0.270924393001556,0.0467637144025991,0.137897933694237,0.166725742213011,0.534789027709046,0.157215235328031,0.562866180026534,0.913425817358056,0.329522806877793,0.58453225351402,0.09243027677418,0.519113368614596,0.218075119378619,0.617900269454288,0.446072926762592,-0.0531454578955964,0.361674828839159,-0.886511526647189,-0.311759180601632,-0.0608238965068029,-0.715995599216593,-0.599370381748046,0.126930508884641
"LOC_Os02g39360","turquoise",-0.515861435406003,-0.557039749854567,-0.361803791465978,-0.0712422794715998,0.0337489992560895,0.190904422180887,0.265607428217891,0.438780120866893,0.253209779302739,0.611350410872275,0.881568082406457,0.345271027596257,0.613492459587632,0.118647582125204,0.446923458815537,0.165675880786458,0.608202286122442,0.424121461496217,0.103237725406275,0.452459770253183,-0.842125596778171,-0.256370941975337,-0.170822281193268,-0.720006964728319,-0.593328530722946,0.132193822923229
"LOC_Os02g47040","tan",0.515370630002087,0.601588883372142,0.805366375557895,0.385239117054342,0.147312053466975,0.113244149253152,0.152315624779967,-0.0578103945445946,0.438907215486139,0.20861427737391,-0.208394106754967,0.0760660145359457,0.0580799806927516,-0.454234060388775,-0.695392744666459,0.0307213583474845,-0.336020138108549,-0.647761039642353,-0.0921977717921025,-0.272441960152461,0.166530509009335,-0.0641181846443704,-0.470915767903554,0.217132606714249,-0.162423330463071,0.131973565701729
"LOC_Os01g12900","turquoise",-0.515183891335426,-0.399217652864306,-0.219615675565973,-0.199371653164659,-0.0493021149480353,0.129988825502381,0.11346265070218,0.335545853959618,0.245530261665369,0.554332570141829,0.840060443960204,0.272821223751683,0.444620113155932,0.0057193823276814,0.399650594676802,0.193069197599774,0.504752238032158,0.202113569936039,-0.134142353330913,0.285899370075807,-0.723104109510086,-0.1580806030894,-0.208443153905933,-0.737014047634861,-0.613981555811843,0.0755412534629729
"LOC_Os08g17294","turquoise",-0.515123147220096,-0.526292883492526,-0.222395635862633,0.074710513285795,0.0690751816113869,0.402011995723141,0.394954163373993,0.276423140767353,0.436023993585712,0.790204857044232,0.920137821080693,0.527068182454124,0.522827980445788,0.0412405075654293,0.457792317546077,0.0219689502314246,0.306231212559518,0.0887008539344219,-0.234256526300089,0.285347638621066,-0.699041005785709,-0.00196395661667004,-0.423948666351609,-0.839474233987163,-0.824410374158918,0.302815594937491
"LOC_Os02g27400","blue",0.514827572754107,0.580669885246432,0.216784326309621,-0.24001725037293,0.195339632542725,-0.35725911163878,-0.277684266256177,0.138077751788474,-0.508902100818662,-0.65276523765308,-0.785050243282296,-0.465960529841776,-0.417348572904255,-0.00823836571065637,-0.382526260624425,-0.135572265777306,-0.209815289788013,-0.111229876253461,0.0338434204223152,-0.57274485305722,0.450199997751509,-0.316514127119085,0.555718038337892,0.874094832566987,0.70359372691747,-0.108489870816532
"LOC_Os01g43390","turquoise",-0.514792117765593,-0.420898228968858,-0.210825250606083,-0.0269704773166223,-0.022559744393791,0.345673657308487,0.297326157696118,0.122428954986864,0.550167066088594,0.660883707838009,0.894694426767378,0.300591169041753,0.356822743724774,-0.0613901268939254,0.426579165988477,0.0641661874478201,0.307942522944389,0.0718308300661395,-0.146993819616986,0.394798876245446,-0.615336211861788,0.0673921884485251,-0.505274062885206,-0.868804140275333,-0.757755335109422,0.222882800175581
"LOC_Os06g06770","turquoise",-0.514717238256158,-0.488545036214427,-0.235585487713424,0.0211740681213916,-0.0293063837490051,0.315979739957448,0.245508749288387,0.165352716565873,0.526542585028831,0.674316003712972,0.890946570144077,0.332848102242658,0.443461241760673,-0.0691696857202642,0.418218360062072,0.217012727429544,0.301982608393885,0.132834841052221,-0.128562176095413,0.445156257612965,-0.642627261114108,0.0468350960125325,-0.474854349899598,-0.842373030438031,-0.733901190977545,0.20486687460914
"LOC_Os02g55370","yellow",-0.51468223885603,-0.526158349456609,-0.383981918417614,0.00210223540174224,-0.417311435776208,0.14856433001261,-0.206365767831996,-0.739911782949279,-0.11188774359712,-0.220861624263846,0.0934397500663825,-0.182073029424282,-0.538909497849371,0.32565785974622,0.535736151385088,-0.105058617761127,-0.186893724811637,0.147777427126337,-0.247869561230116,0.278561506738868,0.479004238375653,0.900951761955505,-0.0180583373365433,-0.394936321526659,0.0918841153047242,-0.13113153191686
"LOC_Os04g24165","turquoise",-0.514416775772901,-0.608615700003842,-0.204716793098096,0.0509938951268936,-0.12743499172421,0.299354952964664,0.25188492222771,0.044213110571711,0.31655489963534,0.603841172793567,0.857761188943571,0.370605426187236,0.380763880231145,0.128519947128656,0.485293841496508,-0.00532609028845759,0.31185757568107,0.149138385316346,-0.261201836588965,0.356198018916004,-0.513816570177806,0.228570598582613,-0.356230176225688,-0.851985237945974,-0.664307470014072,0.1315851142005
"LOC_Os03g06705","turquoise",-0.513991601868747,-0.460160882161753,-0.205876939705832,-0.0252913720368612,0.0335287067545155,0.363992354362017,0.251188596966892,0.170106294182875,0.343586272553854,0.578489102354573,0.803937034069795,0.168205372989457,0.270561488922239,0.20907005180014,0.426546408118187,0.0736386512064682,0.264319769595083,0.0817730903671846,-0.26926766580123,0.262846756724666,-0.54295143436437,0.0690780759469182,-0.375108812498717,-0.752620122609006,-0.650172381142303,0.239857326027526
"LOC_Os07g37630","blue",0.513796787520063,0.701007290284942,0.434009493011924,0.247130561701194,0.380982518769298,0.0211704048117265,0.0191967924358199,-0.0264964520321235,-0.331070986099843,-0.476683631140591,-0.842443236819386,-0.309437618987455,-0.44920086614397,-0.184134712125406,-0.582612638817045,-0.137771373403132,-0.587462000631785,-0.299595367498103,0.0659928510625255,-0.510348687198088,0.604610958336431,-0.146529440497906,0.315085102567766,0.851504335519457,0.595028067819722,0.182146720820676
"LOC_Os02g51570","turquoise",-0.513479674427454,-0.528820740440351,-0.311882528383736,-0.140674630531079,0.0201086220244887,0.250143358311265,0.286112937243717,0.355691096700797,0.303772243492052,0.657005684002444,0.940663883814185,0.336660156709253,0.458671530660415,0.0637754618484574,0.515929152109124,0.057794016238907,0.450159359207569,0.215396068734,-0.276265230344075,0.250186811987185,-0.740608670821151,-0.0816534870379362,-0.245045960059297,-0.813964161618671,-0.730487247225069,0.188343033518608
"LOC_Os05g22730","turquoise",-0.513368753283786,-0.667475168342282,-0.325697359752901,-0.0986435265347369,-0.250861481739873,0.149185647423748,0.0563174697915562,0.0261087959637002,0.366687958341648,0.538294977951846,0.85364677085997,0.360472925716381,0.412318220841543,0.0538144876238507,0.509500175542044,0.227704018473781,0.397879194728034,0.208019025939169,-0.212511202417529,0.427430398620009,-0.539747982209658,0.211745454192712,-0.329987606575171,-0.84999196003843,-0.647260707178154,-0.0132552158108487
"LOC_Os07g33480","brown",0.513281386266539,0.390860653241458,0.369196515149428,0.203646594530803,-0.213098681553455,-0.229854554044676,-0.345094243662949,-0.609485160669644,-0.18173926159458,-0.616496830179966,-0.797721018555468,-0.373619357085547,-0.515875897690463,-0.0862912840988121,-0.500870734459633,-0.0840618720717594,-0.463119041991921,-0.291128861216691,0.17818501425207,-0.111277725194377,0.81322949679168,0.362079427528709,0.0696203780416467,0.59315767001638,0.604148111845775,-0.274154093258086
"LOC_Os01g68300","brown",0.512964922522048,0.464060209656528,0.23857453365493,-0.0226237089950366,-0.0639714261067685,-0.293449522374259,-0.33954924924899,-0.377512985055677,-0.455201892518412,-0.779128483334438,-0.903075535619372,-0.451149070882711,-0.615280542853221,-0.046309391223359,-0.384059700425565,-0.160175837970973,-0.426123220339448,-0.122543252286583,0.115403817219412,-0.321237691216285,0.803349793560194,0.164282992847513,0.412532814478472,0.794614218938212,0.797277247841509,-0.220544903135146
"LOC_Os07g22400","turquoise",-0.512813947369423,-0.492441049124068,-0.256007333308732,-0.0584116903410914,-0.14456723292063,0.203040621715913,0.185560158193991,0.154664539902561,0.510084443626491,0.661316576407807,0.913283883535048,0.302409049546151,0.446820719993844,-0.0778328497675217,0.401874372048958,0.128514688988653,0.454541956625528,0.161961344809395,-0.0893923846344275,0.460203813684772,-0.685175484069413,0.000375424772473019,-0.455783949365484,-0.876512948793544,-0.720197296767546,0.0741351071863795
"LOC_Os02g56550","turquoise",-0.512464315273096,-0.608611293508692,-0.33347678717981,0.0998523448294963,0.0725310520438582,0.400491454088196,0.351667026016616,0.231468501398042,0.381563450435975,0.677499430681676,0.873015056179195,0.419546136608224,0.494799892971872,0.0644193118119538,0.486455987175103,0.0543130283174671,0.307676887045882,0.239472029448432,-0.0794574082577228,0.440166516345709,-0.656956416398156,0.0295716831252729,-0.353277012557728,-0.789668406836736,-0.712626739127772,0.292409615767498
"LOC_Os04g57850","blue",0.512354269020207,0.48634461354824,0.251604285767948,0.152981749950547,0.166251361252534,-0.119441652669637,-0.0589787449085292,-0.239921076043694,-0.37161893306029,-0.599633246074812,-0.898000763745797,-0.397752530693612,-0.546028368018244,0.0810150912126779,-0.428270099455526,-0.245550825664631,-0.510495579245203,-0.25483402174401,0.0777118850156063,-0.453452518731455,0.737815300033315,0.065722359197153,0.324983723261911,0.829542513716133,0.670842311851642,-0.00548928323832406
"LOC_Os06g49500","turquoise",-0.512198560465242,-0.431718475420626,-0.383281834665605,-0.233387206354089,-0.0548304862079545,0.0399798711475525,0.126648311428205,0.415077990248928,0.326823940486967,0.497674734385234,0.83170672466683,0.191062389649377,0.562547338927794,-0.015328569123384,0.408139454375804,0.170213853302211,0.69049715363017,0.476381803081388,0.299271121217512,0.58054633654284,-0.857985803655511,-0.349153327638493,-0.193975453986542,-0.687173252638008,-0.481218431509268,0.0200472058648648
"LOC_Os03g55870","blue",0.511161887654183,0.432113387411145,0.168584893594542,-0.0635975000927593,0.19601609436189,-0.289701345650829,-0.190907089401473,0.0457743227796121,-0.521981078376682,-0.605684031661897,-0.818816522511224,-0.277925297841602,-0.305468492770657,0.0836976527340986,-0.344566636299399,-0.127840844531762,-0.271723714562101,-0.0609219466452988,0.186315455780166,-0.436066124626114,0.482166152964053,-0.211645086490726,0.516792667718417,0.880295104410289,0.703049377357096,-0.084012303169455
"LOC_Os01g63810","blue",0.5110065655163,0.465918527383728,0.149518853986188,-0.118255852827093,0.442957362967257,-0.185074261518563,-0.028895720774846,0.47065019214387,-0.548769157749546,-0.389043937186099,-0.626738372159866,-0.122967104757899,-0.0286099619374673,-0.019971228801454,-0.353525585840192,0.0503831676936303,-0.149097378774553,-0.0227593089722632,0.066517980230579,-0.581232092815657,0.121690884407053,-0.554298470837151,0.623684704111278,0.829282895839688,0.481485762996547,0.0893013536654422
"LOC_Os01g66360","turquoise",-0.51068089385542,-0.560786714195535,-0.327421748722142,-0.0780682966704214,-0.0997341344974695,0.202860475607436,0.209795414577661,0.243069229562855,0.33351945530748,0.652184317012923,0.907387816427533,0.383765061317851,0.500551390786834,0.0109611998085823,0.4742142339588,0.212402404091781,0.413632071259627,0.192931356910958,-0.281753357366564,0.323937621505584,-0.687088316573038,0.0130036324627422,-0.299256335465085,-0.842094523277361,-0.749844523066978,0.092417041934838
"LOC_Os02g38240","turquoise",-0.51063517023799,-0.598166638061979,-0.385171609502163,-0.17468168307847,-0.094009521630786,0.121082414857628,0.159331232162661,0.301593361690134,0.312546229359297,0.498132538510301,0.889923213324987,0.201527149812578,0.498960817625618,0.086151227325662,0.4916209634957,0.188747623523731,0.622190902134478,0.447924687876963,0.0635202069812516,0.53410214587253,-0.749363551266165,-0.135910356955479,-0.196917074248497,-0.766172817991385,-0.530412431116942,0.0429699783700336
"LOC_Os02g28040","blue",0.509689322677533,0.500459930668151,0.159101247347723,-0.122186914147934,0.0163923093472216,-0.368815414441378,-0.321529884368144,-0.145589988527871,-0.426238930532759,-0.641243817222184,-0.851039500261287,-0.382460261949383,-0.478235834367899,-0.137950115672257,-0.374045082923244,-0.108486875041205,-0.32442467703081,-0.169408794888214,0.0950594706296453,-0.425662932930285,0.587292262786884,-0.0994070545241425,0.406439670340067,0.801724011700148,0.677830480245378,-0.209760233647396
"LOC_Os03g48150","turquoise",-0.50950463966559,-0.575330290691665,-0.398832681977511,-0.299582525916189,-0.213014220389243,-0.05775106051449,0.0439500457950881,0.359027859441824,0.148859749865457,0.472193086853785,0.843326577063293,0.311581922822178,0.548699249258277,0.138581120928065,0.487093821346137,0.168918120881467,0.741197585966515,0.487919883983119,0.0223683612360357,0.430600144239081,-0.790895803045952,-0.21559015984276,-0.0593891244468777,-0.718428403354135,-0.496187693115376,-0.130997333079118
"LOC_Os03g07190","blue",0.509307868371929,0.453312933892945,0.217924329269737,0.04211333389591,-0.0650247190238868,-0.310729159632434,-0.358106167964314,-0.382912841968331,-0.43162605860075,-0.769399574761797,-0.930984283356713,-0.490325568244995,-0.576054456826042,-0.0326587107992035,-0.462425852422345,-0.139778215198527,-0.428818778053155,-0.108398514640904,0.251794318514441,-0.224067696811276,0.780711391350041,0.125358359432187,0.382854607011899,0.82037578607459,0.815283417197699,-0.225493530790442
"LOC_Os02g35500","turquoise",-0.509291012107112,-0.582623926733885,-0.382643263071531,-0.188373617256711,-0.00567673853016527,0.183685572890289,0.216880203810451,0.420123547057998,0.268197278025156,0.619600132516251,0.927248961744967,0.400448664003846,0.622008567060457,0.103356732795234,0.515319944516964,0.17296836981927,0.563995726417608,0.380147214515982,-0.0389856451600015,0.435448178545216,-0.860348864218792,-0.198133340398012,-0.201222576015597,-0.781667387120618,-0.677348316797466,0.116236885238746
"LOC_Os03g13600","turquoise",-0.50924900146823,-0.520638674498882,-0.37837194407319,-0.301420877335484,-0.0542443163628184,0.0621079175720225,0.0417904586517709,0.358413403267303,0.253905890691516,0.40692461763009,0.813235270564524,0.188032889422956,0.447535888361702,0.187917647603896,0.520848304408131,0.0745154802407074,0.660485574161234,0.439800114823388,0.126729411701933,0.447091159544311,-0.755076276903243,-0.249388283089086,-0.14937897948483,-0.674532767650382,-0.418668460219536,0.0350372118254338
"LOC_Os01g05490","turquoise",-0.50837039122024,-0.56909293377528,-0.233170698302326,-0.0252818352298839,-0.0284584430802126,0.298989226271204,0.278873937520101,0.287109018115792,0.324468108338108,0.72081005593677,0.955586387938078,0.461728633870216,0.529988896992897,0.0673267546380042,0.47339981589618,0.106490701403554,0.40901207436266,0.184628634954763,-0.287985998541708,0.311230854638125,-0.731046956675001,-0.0103978799355147,-0.323797341136351,-0.863673063817283,-0.787555599959122,0.173622757991756
"LOC_Os04g47020","turquoise",-0.508357988887238,-0.548712520722322,-0.278994702847845,-0.165197643040925,-0.0760381913789789,0.173656930167784,0.20688733843552,0.360360294873553,0.334228652796635,0.67838021677468,0.957118118974114,0.422311210109574,0.582058304590238,0.0863785789416837,0.491697981429847,0.100194697000215,0.554567935635537,0.25102759899499,-0.201742924533825,0.332560926944896,-0.810027564872671,-0.115228624763098,-0.278811595489881,-0.839644603342876,-0.745904955593088,0.0797622079690414
"LOC_Os02g10260","yellow",-0.508328379066744,-0.327096784924973,-0.206982779685989,0.0157411360307082,-0.407911858581317,0.191558391938244,-0.113385273517846,-0.696690457340199,0.202407613524723,0.00275918168894172,0.246577472285323,-0.200629692068266,-0.485995589036052,-0.0628069921214762,0.382330858913575,-0.0281902213759368,-0.208507733817904,-0.0333657663437753,-0.281634370262335,0.323616904773714,0.339714734877901,0.807412613502567,-0.295951945426817,-0.550005884479669,-0.132017571797138,-0.0597320743521276
"LOC_Os01g01120","turquoise",-0.508293083040514,-0.493351710564368,-0.324760473876851,-0.230790017154502,-0.0515349401847622,0.104748301145235,0.175129512648931,0.410867679011869,0.230112889232196,0.53565971626911,0.884525177559042,0.248786556723102,0.518871780444544,0.0395493776055476,0.436164429357379,0.0815188419920644,0.659815695226846,0.440388548570503,0.0830507667509328,0.462289274225045,-0.832420230351582,-0.278946264097259,-0.137515519620396,-0.736949229621169,-0.550299101375969,0.0529634783908629
"LOC_Os04g38680","turquoise",-0.5082595958376,-0.523434521622224,-0.268678632979442,0.0818351748157344,-0.0441456881602569,0.344787446711571,0.314661227631736,0.123184653159835,0.557944138997308,0.721512929929904,0.881861494190869,0.408495070168116,0.502786679961108,-0.102215805520572,0.416211900852444,0.156171232486791,0.328143271451032,0.132280149185269,-0.0123567271457163,0.50262455140419,-0.663171699678978,0.0601916481765435,-0.528701984348545,-0.865153552287346,-0.766600801020122,0.19402853692891
"LOC_Os03g63330","turquoise",-0.507934676508415,-0.514902344059794,-0.172502188070754,0.0160410516142893,-0.327194195729196,0.207539621191254,0.0701229978715446,-0.155143465665561,0.491830835803027,0.540523440087487,0.825001247976561,0.259392790144137,0.319935921966704,-0.109154475723493,0.384100249506386,0.0500959761322935,0.328444366006512,0.149300231129751,-0.0559816188492173,0.614104407234994,-0.464392635319936,0.304645633190771,-0.519475297080594,-0.908976486686975,-0.631753830908408,-0.0263869744955072
"LOC_Os03g17070","turquoise",-0.507909749820266,-0.646053635531539,-0.321469019372837,-0.093439426901711,-0.0838704171013518,0.187149227358948,0.196818929998106,0.304763149853123,0.2590996131635,0.593360752520794,0.912831865554605,0.38375891572176,0.580718527416128,0.176239477016704,0.484853669506126,0.120570432754621,0.57502948801046,0.395528199164348,0.00753669045587609,0.495864082721271,-0.780241909239084,-0.0987361342867816,-0.222505626640217,-0.796481134062843,-0.621639772559568,0.070661326362436
"LOC_Os06g09560","blue",0.50784413003503,0.446839817343985,0.0975452485628428,-0.225287505252658,0.235307274731851,-0.372116603859977,-0.229549439474833,0.260790860747322,-0.605988973512446,-0.615225231870342,-0.750758150864534,-0.356943166770895,-0.246857261837076,0.128174375807829,-0.319739878261373,-0.114000671743668,-0.0943908444038478,0.0871661886848989,0.218395060410647,-0.44168359183233,0.306680211229429,-0.432580175347248,0.654324334626418,0.895856129026756,0.724413610382843,-0.103418314524443
"LOC_Os05g24020","blue",0.507251061197608,0.357332112625212,0.12761567776719,-0.0699428333232781,-0.0283091752651933,-0.41347139034186,-0.404570097615374,-0.0864855640837698,-0.610873954796515,-0.665333496230232,-0.836551346774773,-0.208587323282286,-0.290486356767462,0.0758081863930225,-0.379387431956062,0.0681345723687573,-0.2020787375641,-0.0193392433725186,0.16444817014024,-0.373657780200162,0.520500683971662,-0.149724056913223,0.543835620770268,0.830940224975064,0.716536197224478,-0.297684940307912
"LOC_Os04g59494","turquoise",-0.507205812434053,-0.497813536879444,-0.138456017838116,0.00341691329216453,-0.087406987693957,0.319793922041062,0.279310754877212,0.0613400321071369,0.437126645958887,0.663784831625563,0.866021956183706,0.467555375036861,0.360825944602818,0.0724455610011044,0.459999445240045,-0.0595370775287638,0.290803382012755,0.0105626310201885,-0.296271656692197,0.262760876948511,-0.526444379554445,0.168003056808539,-0.451892118842009,-0.850454043091965,-0.757916585252387,0.167564860896698
"LOC_Os03g02690","turquoise",-0.506542526049407,-0.459106937099629,-0.372322402770978,-0.276510498225052,0.08845391942513,0.169549739858077,0.228505888989018,0.521515286359558,0.197968834445334,0.569133415498098,0.887850435516136,0.27780815301087,0.473941880623542,0.00132002353408196,0.509773115905634,0.131056254603335,0.542203837681068,0.341036945852259,-0.200016368608229,0.217850672214802,-0.816336452523685,-0.285278800602657,-0.0650712585275172,-0.700190318601716,-0.61747759875271,0.174782444128761
"LOC_Os03g55874","tan",0.506359489254438,0.643532026758019,0.818409128623378,0.252323669211563,0.319742479586158,0.193437641553848,0.175915584870145,0.128622884721921,0.251051814209708,0.157979671763193,-0.183406653637647,0.17153044043214,0.0766051182951394,-0.417260699503126,-0.63446039819756,-0.256502973092938,-0.362858374420162,-0.565821801138234,-0.0916138492393209,-0.312460984026766,0.053880050711908,-0.204606211250318,-0.272032613744902,0.25696704656678,-0.155528353120147,0.273822704862941
"LOC_Os03g55720","turquoise",-0.506077414146489,-0.591528059822616,-0.416056097444384,-0.256088335337562,0.0415668867966722,0.117175403308547,0.172735911586553,0.54059222641904,0.000138588294673704,0.521747746873135,0.858345308902205,0.339009593438098,0.563826865582923,0.196995770031877,0.532278206680458,0.194026034746277,0.624012339420507,0.467836162715146,-0.138674423955221,0.253923739544502,-0.833960772624864,-0.291695694614194,0.0706517183151082,-0.658846869575927,-0.550639910810631,0.0931775164812831
"LOC_Os07g05480","turquoise",-0.506075629143227,-0.585287381932312,-0.348935744903126,-0.0881955506932079,-0.0571844134464396,0.158248304986965,0.209245583472526,0.365686126379383,0.376356215467622,0.608623866463289,0.922869556400869,0.332734301998796,0.650150644789644,0.08488215231502,0.432606296875278,0.223260398178928,0.638344414290428,0.425205245975724,0.152961080863219,0.580297435991356,-0.851640514698167,-0.211903360516767,-0.277664557514388,-0.787412029102876,-0.615571222032456,0.072474068886001
"LOC_Os07g37550","lightcyan",-0.505434090233734,-0.512051894949874,-0.466745441398518,-0.11124885882,-0.257985663587749,-0.000445234232025153,-0.0414872997413643,-0.0426887476230304,0.237620306161786,0.115317773288842,0.535033369649189,-0.0515683043212375,0.259775987372047,0.0338097599230187,0.387911212330502,0.123563521437278,0.541400273604407,0.644559745818267,0.6257979804869,0.896999041060591,-0.44472402027283,-0.00290440537727498,-0.135644472016711,-0.547884960802778,-0.091329030985456,-0.125275628825321
"LOC_Os07g46410","turquoise",-0.505043808168822,-0.51019439410277,-0.202073204570649,-0.0206083754277293,-0.104743297472025,0.269302313680045,0.239436695797479,0.155391883823232,0.446664216100553,0.679256051039086,0.92731217860598,0.339588340610667,0.444455002175605,-0.00418364433680037,0.436914812990938,0.0934678469661033,0.361690956533187,0.125945845740652,-0.253640025332595,0.372906569206253,-0.632701190940732,0.107827565584507,-0.424115085566379,-0.883550384248543,-0.773083480999126,0.134149413366551
"LOC_Os03g21040","brown",0.504892325612706,0.385811718929019,0.41690033499262,0.337309535928549,-0.0668436130778098,-0.0633575537030567,-0.206220644706784,-0.560675116187432,-0.151861658762154,-0.516132208588586,-0.759159089143311,-0.240589956768497,-0.518514665593824,-0.133069593692266,-0.495480410805473,-0.225045478436647,-0.605751967510722,-0.35829968594439,0.0275205447591987,-0.212172674536788,0.838237689824631,0.379441963443911,0.0656154459669039,0.597877813285932,0.528976095553125,-0.0845562496475587
"LOC_Os08g44290","turquoise",-0.504575646966385,-0.493555884942961,-0.120443346082846,0.0316026513611475,-0.162714478069694,0.301960726938322,0.213478255948761,-0.0337754216055176,0.459493666578611,0.628970866859461,0.86058204446076,0.401822845213919,0.316936115832022,0.0809676843452698,0.441089345394796,-0.0347342745457856,0.253266301944115,0.000617306000834763,-0.318106232567681,0.319744607599981,-0.462909873465018,0.26888323190397,-0.496460455605736,-0.88179010905873,-0.7393210864783,0.123796153817215
"LOC_Os03g13000","turquoise",-0.504502528614378,-0.581777265744974,-0.248609972067026,-0.0821175014209563,-0.117570144812757,0.247120901039671,0.162484654737201,0.0598803355702496,0.330734817496356,0.516969865667519,0.815749772255413,0.285137999115557,0.288389709813142,0.178434554528118,0.53593263017339,0.0633226846078673,0.295602189654996,0.137284004423282,-0.328935609672274,0.269785334553848,-0.451010449343931,0.231061657278268,-0.317047676790479,-0.790798528044877,-0.627869258613876,0.120453982116819
"LOC_Os02g30050","yellow",-0.504420514574442,-0.559420528982896,-0.32817245398396,0.0380574751478287,-0.443781914825094,0.160790322934769,-0.138542808854405,-0.753219600008503,0.0209944413638794,-0.144232978473848,0.151077082298241,-0.189804591652711,-0.4750873544856,0.345826963457616,0.496417083069957,-0.0787873188341667,-0.156484861795872,0.0937892498855086,-0.258051607937647,0.310471672278772,0.447397928756474,0.917110646015679,-0.15062983779794,-0.461933346747121,0.0277541450381337,-0.130499619478783
"LOC_Os09g07300","magenta",0.504345811239918,0.961834072897215,0.663010382909646,0.126424677427712,0.315613767082487,-0.0409905608553396,0.126413042795551,0.150721293663741,0.0549812385248394,-0.107427336819998,-0.512171355556234,-0.128145744322845,-0.18734990973775,-0.448020587023014,-0.665055513510402,-0.234662692670264,-0.385203908414073,-0.520744784413393,-0.00291508175533063,-0.503833109906525,0.234835431993437,-0.355934372709477,-0.0689758311079213,0.557596646307122,0.17338186820207,0.154157830579621
"LOC_Os01g32364","turquoise",-0.502752695752398,-0.349868674022592,-0.183777569974781,0.176092454758015,0.367209812920352,0.533757450261775,0.534258512550923,0.502951123107137,0.37398452164938,0.801281173729146,0.814244610306363,0.527725530391272,0.535818699920632,-0.0811292695122659,0.344685152950145,0.214897215054188,0.202137759291762,0.118802248846715,-0.172456634662882,0.168431353675197,-0.735052294376846,-0.24067564756685,-0.282052864839482,-0.643904518991636,-0.750308042008962,0.508052219527904
"LOC_Os03g14510","turquoise",-0.502672161336214,-0.575835762565542,-0.331362587158541,-0.111943132128535,-0.223105323029028,0.122966887644594,0.0443705821568247,0.0786268329852489,0.353306708601066,0.500489552019879,0.820295206453435,0.148639079253251,0.392701657721913,0.045910288924427,0.401275971667245,0.211989109669204,0.447249464102046,0.304882938087311,0.038228856313743,0.583908630426877,-0.609461268855491,0.0774833160447671,-0.32486485388717,-0.796887731194839,-0.576368135427409,-0.0146423592751952
"LOC_Os08g45180","turquoise",-0.50245352733527,-0.44319785786552,-0.322911060637933,-0.171840825515989,0.0992053135216535,0.183108955218432,0.29286008522621,0.548219275420893,0.311929177942782,0.656425085278463,0.914204672496071,0.285949520281296,0.577905316509284,0.0633793996074742,0.438354110797863,0.143680678447008,0.584883722912123,0.319444114640056,-0.0697818947508099,0.300716377952767,-0.888386995743019,-0.336394660679916,-0.18835978499204,-0.723503302239055,-0.664180663616747,0.181078348174191
"LOC_Os02g37970","turquoise",-0.502281630187445,-0.55229761351316,-0.407188116378906,-0.170845325599363,0.0331916910149066,0.172693032556732,0.183766532581639,0.431843957567878,0.27970329455815,0.567045706539778,0.883093636808631,0.230092863472547,0.561910579344143,0.0373780849688064,0.450301413968464,0.209802473081129,0.604554354013021,0.447697743249621,0.140827839091673,0.519258222078789,-0.860099081197189,-0.286916318555527,-0.177595238073301,-0.721671042261966,-0.570351008264437,0.13362255999312
"LOC_Os03g21590","blue",0.501274272940845,0.375494520473865,0.0333442654952794,-0.311735773908101,0.0402526543877846,-0.493309422957781,-0.403714904605153,0.104152027062539,-0.581660346676078,-0.712628733905778,-0.776516436035835,-0.49605565251062,-0.327683987347391,0.0481855528818628,-0.326901791555656,0.0548553047422057,-0.0714523444718576,0.0794018465250293,0.154364794635294,-0.403100973467335,0.412008237519774,-0.269515200690431,0.662729493794772,0.857651650919881,0.759038950211647,-0.273365634379688
"LOC_Os01g08220","turquoise",-0.500691636548218,-0.636361834706899,-0.412539869502224,-0.253401229038677,-0.166274702319572,0.0385240329282659,0.0463381522123176,0.303149955261459,0.159255496601421,0.45466701368549,0.827196904289498,0.278200509694739,0.538883692044106,0.0944332278689835,0.490361495459691,0.140512891031691,0.64524949695451,0.522894182468316,0.156496290580836,0.579490009622685,-0.758042681489129,-0.150535678786218,-0.103295617866371,-0.715050471732806,-0.495763041791726,-0.0429872765876694
"LOC_Os05g06720","turquoise",-0.500651851263973,-0.533984362382675,-0.145133394605167,0.0462614555962589,-0.120008116810469,0.279787846603619,0.186156356020932,0.142563125456783,0.300907336875651,0.636388894141412,0.853531563600579,0.531867515994289,0.531932939109546,-0.0933850796297649,0.395423547610638,0.187327796735425,0.357879312644843,0.204446851122738,-0.162237922730257,0.427045579727503,-0.623564968591351,0.0665611684736996,-0.329393233260851,-0.826045554970028,-0.687611239826003,0.10042645341895
