"GeneID","ModuleColor","GS.ayield","kME_magenta","kME_steelblue","kME_black","kME_pink","kME_yellow","kME_brown","kME_green","kME_skyblue3","kME_darkred","kME_midnightblue","kME_darkgreen","kME_darkmagenta","kME_yellowgreen","kME_plum1","kME_cyan","kME_lightgreen","kME_violet","kME_orangered4","kME_skyblue","kME_lightyellow","kME_white","kME_darkolivegreen","kME_paleturquoise","kME_darkturquoise","kME_purple","kME_greenyellow","kME_salmon","kME_red","kME_tan","kME_sienna3","kME_blue","kME_turquoise","kME_lightcyan","kME_royalblue","kME_grey60","kME_orange","kME_darkgrey","kME_darkorange","kME_saddlebrown","kME_grey"
"GLYMA_18G067500","pink",-0.716067415689039,0.736623763411696,0.557497152959571,0.408639495603441,0.82141995870474,-0.736699076887201,0.109773182268337,-0.207738682907831,-0.458725629815934,-0.28035902753707,-0.00251889803273319,0.0423350708647484,-0.0386270022459941,-0.10608595068736,0.042498991991398,0.105403710590289,-0.524846593660667,0.148425384302181,-0.164025779037323,0.0404683104271868,0.464609521734722,0.437714068638461,0.182279808446604,-0.368335889251724,-0.24096474746793,-0.138690243661158,-0.313357202384085,-0.670093712579936,-0.802745443597488,-0.507121839092286,0.0548484872383612,0.370108795525147,-0.101695456437142,0.0593299147278478,0.0398409917328834,0.0665029468726214,-0.152258990862288,-0.108891024915237,-0.053335389205675,0.0491828027880914,-0.0159455678804588
"GLYMA_13G357300","yellow",0.698284934335779,-0.347023029524123,-0.364185045391073,-0.492088191184527,-0.766641816807239,0.841330536939803,0.298555021841149,0.54272651781454,0.262200843295473,0.337346683849074,0.0971313910755404,0.0435675037596058,0.0940237872724708,-0.0602162426451019,-0.237626673242964,0.00682956671054809,0.416533194524113,-0.195938667780171,0.0414406836056194,0.0193237935677731,-0.206199361150061,0.139110344189689,-0.0963972064030678,0.263033978907172,0.473862900325158,0.517412823818145,0.231550507101851,0.706385120788326,0.397583230495501,0.220497095661518,-0.301413752630477,-0.667725458686693,-0.288883558322254,-0.167885740515263,-0.285233441729382,-0.533141928077534,-0.229225436721356,0.0386170564773535,0.0292480843963622,-0.149938474029935,-0.0161803832913995
"GLYMA_04G167900","yellow",0.695139189828627,-0.591612259670797,-0.45563144909182,-0.5090878396725,-0.854039652785773,0.867175268605098,0.118501141581614,0.405090527270926,0.290808724278072,0.307022086139356,0.0456420062788416,0.0219260589683913,-0.0336179586091517,0.144482217200803,-0.121768542580822,0.0635731210819797,0.595197439356068,-0.0503415568151367,0.13367616886812,0.132334353738118,-0.348380234940472,-0.0351622017132765,-0.00294406270584392,0.479400811166282,0.407882207361642,0.383915347092093,0.300134350009754,0.780182832664919,0.650189309249708,0.396722481906269,-0.178443655782424,-0.552888858285148,-0.0932171648030351,-0.0177771874840819,-0.146803235173216,-0.363168147369516,-0.0754163626825211,0.0365887513268972,-0.146728616086822,-0.226766811148327,-0.152235820967018
"GLYMA_07G048500","yellow",0.687232591696632,-0.605021351471052,-0.422893959646268,-0.296303608851394,-0.837079710485102,0.830480665177675,0.0605784356642734,0.439421458840034,0.63402479434733,0.479731887949342,0.267888217760184,0.124907602253105,0.110257479315321,0.215629548368799,-0.0690885996008371,0.0747532384689914,0.625679504307148,-0.0666346212047797,0.130312532806942,0.076628466181609,-0.691906266199139,-0.420846983396773,-0.287343625510135,0.320563219825628,0.0737435086992169,0.0233228351129144,0.0159010626568782,0.546619824007656,0.742571827849225,0.568890845222941,-0.164637283843008,-0.536949416169992,-0.0761745035167763,-0.0136830752010345,0.0524815075795305,-0.0891005207433426,0.279600886768593,0.126613260729837,0.0481040102062868,-0.286197621129976,0.00321202953018378
"GLYMA_09G231900","yellow",0.680956704749883,-0.404952733769756,-0.379767517407382,-0.477786117773711,-0.922547537378232,0.950311354300791,0.364144721666237,0.643410164279288,0.434203737368704,0.57205977230578,0.152154385304973,0.0635937380904407,0.144001782369402,0.0963343708998381,-0.107233338093828,0.0720844593116196,0.570107314433382,-0.218969047305776,-0.0617705818482174,-0.0672306277021825,-0.620038344167148,-0.137260415535404,-0.25450552650931,0.281111863345367,0.0430748503697602,0.32892611989223,0.0658974298706993,0.654554506464051,0.496892083359758,0.306553433981616,-0.306086810837322,-0.783246127464664,-0.384741098966051,-0.38691594405385,-0.265833030227009,-0.471620081121505,-0.0839605672058963,0.127969104313478,0.0101601718710171,-0.226110199336488,-0.0469674372078648
"GLYMA_19G177600","yellow",0.676685354762165,-0.452910515123117,-0.415563978144279,-0.43603445392615,-0.929320895561032,0.961923867197764,0.312186740168227,0.637464945889671,0.503806538344841,0.576398050641866,0.233224684789971,0.100820661724335,0.139661248427654,0.221461878433727,-0.126912968476043,0.0863959512710654,0.606116689538826,-0.163823743603218,-0.0356712372488437,0.00995496368256512,-0.685600397197071,-0.19387515338516,-0.267890230814657,0.301718077717056,0.0228427657001899,0.257043355807668,0.0245095158248045,0.644602510250917,0.569483923737801,0.402091645797032,-0.332686211475518,-0.761616461225663,-0.336818386626724,-0.270289413023441,-0.215447692952352,-0.407632183893532,0.0072567212240413,0.150016422384753,-0.0509497628338447,-0.314645127952079,-0.113100958335278
"GLYMA_06G288700","pink",-0.674564512780892,0.527002600636833,0.401975753884247,0.577162244121606,0.924067735494192,-0.908263608075304,-0.234770309922947,-0.480530550305122,-0.460362668326003,-0.331405320677869,-0.0374184268073515,-0.138827886263047,-0.203984606378074,-0.134311129216899,0.203137450031624,-0.0795555577427782,-0.614488457708361,0.108201305714821,-0.0193810838612329,-0.122408334624091,0.507019381580821,0.228501829856987,0.263773901803065,-0.27497085275557,-0.208313191709729,-0.334399667423311,-0.198415736611759,-0.724570401335115,-0.621791064290764,-0.302355899102906,0.214928350889417,0.65280638969991,0.232278893927584,0.221981695928226,0.195507318512236,0.293675262420058,-0.0865592253870755,0.0135488769436403,0.122690414358994,0.321398333928591,0.00277955161408278
"GLYMA_01G245100","pink",-0.673131712227218,0.53961207978705,0.35921133043682,0.25785510831804,0.80872434752396,-0.823290328812121,-0.112506928476037,-0.464590983681622,-0.625587607155233,-0.491552434121963,-0.302446846453329,-0.139377221654608,-0.0758676362578999,-0.297035196263211,0.0515298802431599,-0.122157864005938,-0.619867257662951,-0.0502269480524898,-0.126964282052087,-0.116407305591282,0.612955842526091,0.311396153583569,0.249044781023949,-0.296301954476366,-0.116263997743738,-0.126527105233197,-0.0260914017764855,-0.573425150362329,-0.666054210608593,-0.543194345147917,0.25194427623885,0.562518810506528,0.126574832499597,0.0666749590389645,0.0609515295361395,0.19468671287972,-0.165178437947498,-0.0705039127493496,-0.0981204060967133,0.315708938814875,0.0211244447123399
"GLYMA_14G031800","yellow",0.67304246587563,-0.36042558235839,-0.290991964631969,-0.570929075954484,-0.814841519173998,0.883945270935468,0.33223219455031,0.560618358959415,0.225898749204008,0.320150782138535,0.0463493790121854,-0.00570147891324139,0.0687276554725338,0.0780355238773124,-0.210004623145668,0.0449019824668314,0.500148028104801,-0.200448980996857,0.034003557131206,0.0713454572484492,-0.298499226666614,0.0838991699315015,-0.136510816184709,0.287854956297601,0.346897591857209,0.471072374394251,0.207633382766639,0.710051663535678,0.434928170917458,0.205290308974188,-0.305217637508866,-0.695564052432446,-0.313599801977075,-0.159257101756367,-0.298044676541663,-0.511559599432418,-0.176539298634497,0.030608182744796,-0.186576347640986,-0.272378489960365,-0.147470878464803
"GLYMA_04G016900","pink",-0.67220954556056,0.678208520840673,0.609513082089245,0.427318363616006,0.830725949595359,-0.75796013297793,0.040288517617067,-0.269104064608304,-0.24605355792837,-0.323269633441222,0.0368290360744617,-0.095903442213746,-0.0473594169136105,-0.199185704057831,0.122242351702032,0.134710823039483,-0.475911856075269,0.1483426100177,0.0616913082517324,0.0809708168728351,0.429949094054211,0.255573071629791,0.0473078266614462,-0.451143045283717,-0.246353768952212,-0.246446671464712,-0.322598828645437,-0.709894452641485,-0.689912038677383,-0.444497528015897,0.101314955374815,0.440309420129463,-0.0200117467306531,0.0877595674771925,0.16477068041201,0.313840536020248,0.0992454429338071,-0.140754961645318,0.0221405086278393,0.0446364627118516,0.219616801378612
"GLYMA_08G098500","yellow",0.672175988092198,-0.334716758790085,-0.256009922017472,-0.509469810952252,-0.79283747042914,0.855710208994364,0.364295108141076,0.5715090734147,0.262710608746818,0.38998416848182,0.108763754692086,0.00537500398563593,0.0336225676311145,0.258834558229425,-0.101611805003715,0.195798721767745,0.59946895312188,-0.0570357271430877,0.0180145036185072,0.0759580755201687,-0.433181138313451,0.0422591788431452,-0.13362322507497,0.314846295694122,0.124119398030587,0.369379541927555,0.084253648091949,0.629211360563956,0.426495202330928,0.242673458796011,-0.289947355545926,-0.680907550983057,-0.339565592494127,-0.198733516573479,-0.268832438249064,-0.468598979226739,-0.11824068341698,0.091770819655244,-0.270139677802875,-0.378828325009869,-0.252189762628065
"GLYMA_17G096600","yellow",0.671466394034464,-0.594487787524599,-0.459000300776883,-0.268900522995355,-0.827045378657688,0.860244008283098,0.0473074071395536,0.493146749561604,0.409837090633094,0.585226580752467,0.260348736945637,0.0441948176513375,-0.0269936268319063,0.161354728241797,-0.047211791322833,-0.0329053404068323,0.530712320118297,-0.194428612709157,-0.0331416429793304,-0.099301305185309,-0.637117573106131,-0.192769676376068,-0.0611557005561887,0.515362859415274,0.192168797200173,0.0857857765613213,0.0663483339372151,0.587354481429152,0.685852928139611,0.608867463542474,-0.222714582049586,-0.594216145390659,-0.0834356963061115,-0.0236360609218722,-0.000532216161565467,-0.312937853094301,-0.00615027117129751,0.271222022524275,0.091756023451265,-0.0888575639660121,-0.216565638900531
"GLYMA_13G091200","yellow",0.67120016609943,-0.340359318362708,-0.321181846211978,-0.312126845204718,-0.770531875498622,0.856493102283042,0.321732678051725,0.647800398099901,0.565044099819899,0.544938155214013,0.367413357610376,0.104106632784139,0.118859460468882,0.182493310744061,-0.0828210330211873,0.178491679109117,0.566845123168775,0.00254353941738969,0.149863011036862,0.143087142966077,-0.613398542539689,-0.202223931871026,-0.397024962073924,0.119164532578936,0.0427678813759192,0.138064609491794,-0.141402614633434,0.454866066117029,0.480529734254733,0.421980460422507,-0.37567505988931,-0.699934369147624,-0.33222492897901,-0.0797545169848202,-0.109084586718634,-0.327235669536662,0.110605889811457,0.0315461196783556,-0.0390341340736295,-0.448997274449362,0.000999144468581887
"GLYMA_18G024600","yellow",0.670822799214048,-0.467896694801859,-0.441513179869389,-0.356699281415694,-0.881282405514718,0.926673893353004,0.254933340255331,0.612851228987769,0.410626049494386,0.626352541079318,0.256950833529495,0.00940683013448173,-0.0118867904462747,0.155995733177446,-0.0446568524312213,0.0443772901190877,0.56634195215576,-0.224537977155144,-0.0229811986926969,-0.0909184563981145,-0.61648620620106,-0.108199247151833,-0.143616749193556,0.386785277095178,0.0834487604975996,0.268096855119384,0.0510221347579715,0.643646511000347,0.556604222928517,0.450703875994363,-0.247796959173804,-0.715273415744541,-0.281787931961404,-0.244980447550166,-0.22773191313148,-0.490660442543969,-0.132498159838465,0.240836414088048,0.0350924218655831,-0.181042043779725,-0.154722486976355
"GLYMA_13G085700","yellow",0.670560147861777,-0.567621298793995,-0.455108896082327,-0.240166516303054,-0.795790177009827,0.817951702819462,0.0448497058424211,0.477870765195381,0.50877371803053,0.536028183403929,0.287974776216197,0.175741473215818,0.0671102738801231,0.109906541052466,-0.0883728502624526,0.0253002942681812,0.520530052276092,-0.0780975330912158,0.109433373712309,0.0385589159098086,-0.622366809513453,-0.30346447758131,-0.226363516869515,0.336997423043005,0.212780706480324,0.0484485671821653,0.0268516809808897,0.524812729094191,0.658695092464038,0.59687606863192,-0.291342360587233,-0.587517132320279,-0.0850829211380085,0.0176272813443384,-0.015351341071873,-0.242333742422925,0.0739811848350342,0.103338188319235,0.127206427737883,-0.180960943434414,-0.066550599793977
"GLYMA_16G054500","pink",-0.669037679704888,0.517075736281016,0.472128853538768,0.344044769692905,0.84553764025994,-0.845751742716078,-0.163856178342092,-0.504016482502812,-0.531582460860455,-0.512879763608706,-0.232944540885189,-0.130747879196895,-0.0919261496944991,-0.148284316232774,0.0248771298650205,-0.0442807301449186,-0.56127502972338,0.0905820632626564,-0.0507368111847883,0.0504907109457682,0.596900227616213,0.312310726746484,0.320537477712911,-0.231527782707606,-0.0833291524458554,-0.183382145905572,-0.0548469175897254,-0.583849350846171,-0.612317604351548,-0.46475600694361,0.253325787419775,0.624899046212508,0.194741846320977,0.156539882355413,0.161136506339649,0.286077473746134,-0.0634074383435546,-0.137655478768085,-0.0726885881446628,0.236075674626867,-0.000633310653752151
"GLYMA_12G043400","yellow",0.668995728444624,-0.535384025655959,-0.356693227076275,-0.345983022437542,-0.834892699616647,0.860674301926846,0.128912968886786,0.508917669102968,0.490006730274072,0.512364769646318,0.223259245961421,0.0545969361018549,0.0312158913828458,0.0883423838907524,-0.0263608795948225,0.0325093485379399,0.56625862166939,-0.151353825251104,0.103606353460755,0.0042608947410598,-0.617770769226694,-0.295126681965282,-0.278885565181031,0.29974855270479,0.155606339120374,0.100759517279001,0.0494618317489065,0.553337267582535,0.647880050839006,0.502636622008087,-0.240589263167157,-0.616482513398906,-0.155119726140447,-0.110008931672698,-0.0481339559257744,-0.247874023014661,0.0903624110535417,0.122815891107932,0.0240096627109181,-0.203798100430756,-0.0553070096223315
"GLYMA_08G232400","yellow",0.667364277676282,-0.498371981745825,-0.446650873900012,-0.0892063823714066,-0.75012260914041,0.800369787963576,0.075211963042334,0.545040079520607,0.522150687052294,0.721319175628637,0.395732159901385,0.0840862278289896,0.0688227780040886,-0.0342664560989339,-0.0625269425157315,0.00161109365432327,0.470230310204233,-0.222135021484484,0.0531827150002775,-0.101927932541469,-0.655063523536808,-0.20481478135032,-0.144864588484019,0.374060732665024,0.178773879817757,0.0265476055452133,-0.0595470346939745,0.45321301818386,0.585181242416046,0.627021896967092,-0.274240098425049,-0.608437637809051,-0.131298306130456,-0.0720532805768579,0.0668482017711418,-0.317062923629379,-0.018060064873816,0.187896021606284,0.392135776480194,0.00949522496267778,-0.0209694028817421
"GLYMA_07G244600","yellow",0.667168427131476,-0.488787273422514,-0.366469555525261,-0.565663261653227,-0.916863887557482,0.915228850770582,0.277407629676485,0.500708174753573,0.382003526261529,0.381842530291903,0.0368529148062883,0.0324447484505973,0.0980293378853401,0.170945707046009,-0.131090517363409,0.100408792092892,0.620345318344924,-0.130463691536843,0.000359577170272868,0.0439883850396477,-0.466527620064673,-0.137127383865942,-0.206369218579173,0.309249418445575,0.193958378680406,0.430402469845506,0.244698484383447,0.773243515473809,0.571099798295488,0.282098596530802,-0.302360147840471,-0.677668104084823,-0.268707309636572,-0.300243833152022,-0.312919741900861,-0.398928615278233,-0.0571851970253232,0.0633317486018298,-0.122561722790606,-0.259524486785922,-0.0769562697151867
"GLYMA_15G128000","yellow",0.666251463694755,-0.453994483039034,-0.418840453362402,-0.372931663827904,-0.812889245126818,0.873610993941366,0.219151468788347,0.561477868947572,0.39859308461604,0.500692910736213,0.223482755802288,0.114680060903652,0.0519248471666968,0.134997067162658,-0.0929844511661194,0.116099155988721,0.57907182836887,-0.15639180517637,0.103926370307799,0.00225517597179142,-0.544146467348956,-0.10182591351185,-0.162357745842055,0.368289515551521,0.200808925950773,0.23169747314847,0.0499308608208867,0.601980125700298,0.543345905536367,0.435755376539093,-0.342394424186841,-0.667333172987342,-0.238887095862895,-0.0962722512391535,-0.155909235763437,-0.415504222679597,-0.0839727962859665,0.175309800760972,-0.049012493022636,-0.233594854837337,-0.161074631856262
"GLYMA_08G334500","pink",-0.666100699400526,0.726632291642271,0.563650022591885,0.535513489790364,0.911413093372881,-0.827889583383963,-0.000412357405881936,-0.276147382514082,-0.343467071521416,-0.295470573606186,0.0773955883576995,0.0171611416294246,-0.062385024272125,-0.11280797922004,0.118127187491657,0.0019214548515997,-0.634530339910809,0.129247929795174,-0.048145861776607,-0.0641791522574726,0.480244346663039,0.290539311814559,0.0629784984658643,-0.485920166709204,-0.254311845879401,-0.256211313043285,-0.343616701524608,-0.765272337923402,-0.783115826856545,-0.418678630199879,0.0465238041999802,0.467397249627955,-0.00862006884351201,0.106362982215124,0.0596321609470987,0.197357010083992,-0.0662227879429645,-0.019739098567598,0.0615502508123168,0.120601098506105,0.061907155689212
"GLYMA_03G257000","yellow",0.66554132236388,-0.272422034259219,-0.216392592924088,-0.304885816313165,-0.781812798474971,0.893066288277041,0.397063151437519,0.733723265997735,0.520763096421367,0.619492428445335,0.382669262098995,0.0821537711962346,0.0469009394205239,0.0811882942162505,-0.0250447214865989,0.241388264601592,0.574053664629482,-0.0850939760555833,0.168390455644222,0.0770236340360571,-0.632030015325163,-0.0723410433559376,-0.307596232179117,0.184909715904378,0.0747887334801958,0.175371065004594,-0.156561983646428,0.458849356694879,0.398516624433278,0.378013470145734,-0.450585155078514,-0.791783687118773,-0.42056375069192,-0.183832885872264,-0.127220748500476,-0.426597140073049,0.0067046521490615,0.0990645886697302,-0.0127235671616437,-0.37577999552243,-0.0291864087827349
"GLYMA_10G274400","yellow",0.664959328326823,-0.270006276531635,-0.35185712242928,-0.478546887730937,-0.804295971126672,0.880790208789289,0.442329805996689,0.649008729282925,0.419442944185995,0.442224397129204,0.186245457870034,0.0669685602155181,0.168124395574883,0.0742767726240097,-0.165587353302823,0.150741230432533,0.520079761563552,-0.0520635871942758,0.0585445498339399,0.0793033778843408,-0.402894292195437,0.00176887284857019,-0.307887478596497,0.109573680323986,0.166430647230696,0.435258271114875,0.0381233743030473,0.611109950978858,0.36537528426405,0.204592991368245,-0.352257760464397,-0.746572622114652,-0.431509387112833,-0.273854523389406,-0.311952996612213,-0.498740377320368,-0.10132895229221,-0.0257712767860782,-0.0216975411332353,-0.362460782111978,0.0496985017970721
"GLYMA_06G297100","pink",-0.661375545966525,0.465213132600946,0.391327594169671,0.495301966530877,0.870153717347343,-0.855820582479118,-0.257562665359652,-0.480989400594995,-0.51678471516754,-0.361719396945015,-0.0951304493783706,-0.0476740693961896,-0.216080625021522,0.00468913030927055,0.198002269405248,-0.0738098445121623,-0.568648512038956,0.0991270516991744,-0.16766264093772,-0.192428034981111,0.46085456435314,0.233481611838752,0.327760024026668,-0.140468424232739,-0.193415967284518,-0.348586709088206,-0.170203491197479,-0.671417113417878,-0.556304642805423,-0.26837192664357,0.241072202221488,0.631568501714078,0.251066441410524,0.256572090461174,0.192112946918658,0.288662078704844,-0.0842697298690386,0.118793716836315,-0.00715877433116807,0.283417418616045,-0.192197522674978
"GLYMA_12G122700","yellow",0.66094847900033,-0.69019395361508,-0.536238521192942,-0.288805677656929,-0.823197230437092,0.814023190817682,-0.0728128999769234,0.368271039660549,0.44483211803688,0.477386580715228,0.184903587081103,0.0934997714598617,0.0791464201874704,0.120341525763888,-0.139240272423576,-0.114945467316921,0.491501029564828,-0.186900134606465,-0.0337532381979847,-0.0230735648722219,-0.588832865511565,-0.301319923808047,-0.0783977081512568,0.495303608964286,0.301235756668883,0.0559205403449379,0.16357329000543,0.608091462358432,0.773026381666745,0.63155404305755,-0.117971037302555,-0.489805607305927,0.0450301484235415,0.0392427780544444,0.0834793994432034,-0.154940063058213,0.111082046563542,0.185822446050582,0.146365686666552,-0.0293781328704316,-0.11657954241535
"GLYMA_06G194900","yellow",0.656773396196917,-0.6359638491805,-0.480156844936517,-0.551861587432492,-0.868287706420524,0.857701665882124,0.0700842991990384,0.352488078469222,0.207178799631904,0.26502350050442,-0.0457150791213327,0.0349952035217779,-0.0610279427556585,0.154441388894304,-0.105752194744641,0.000703573050780463,0.575413518461102,-0.0808125188081178,0.0525659519608739,0.0646839481711668,-0.322360934811091,-0.0459289482653367,0.0346100880838631,0.525273037421146,0.429631038101898,0.399930039763554,0.376606741914004,0.817025025990042,0.675682639201927,0.381532143574138,-0.161639249668392,-0.528241024426784,-0.0506355464674253,-0.0318722065892018,-0.170939755931093,-0.372640157541159,-0.124599747355308,0.055707060535306,-0.157886354740138,-0.157871987783213,-0.212024816501118
"GLYMA_12G171100","pink",-0.65662887974924,0.542135194525261,0.370942275768328,0.37002147059227,0.845177999356756,-0.811942470043228,-0.174064756559664,-0.427111612716886,-0.451273076668166,-0.499738748341568,-0.123348653196985,0.123749146857185,0.0152380718494401,-0.157264230758669,-0.0702186081570683,-0.22226958297912,-0.717112883430766,0.0336740573396294,-0.0679953261764255,0.0190433069398499,0.598682104028564,0.269178464532342,0.171427833425539,-0.34984300377805,-0.0241523141151765,-0.207768720082126,-0.130973137704714,-0.614094017425078,-0.631182153078468,-0.407122480170032,0.12646096362806,0.546082432555354,0.165046623063253,0.248265788813557,0.104336805439353,0.254413736532391,-0.0527849930464489,-0.106955519333137,-0.0441074624724239,0.171823926651571,0.0248208477763317
"GLYMA_11G176800","pink",-0.655129570303109,0.494517043706797,0.38438463162157,0.310761891849161,0.820367540655413,-0.823615666162098,-0.193147335114095,-0.477939871570393,-0.473728458708989,-0.539712099760101,-0.232077686756569,0.0222332522655796,-0.0259816548839485,-0.19973715582479,0.0307391292299259,-0.197347209781552,-0.653399629975721,0.0179940260050739,-0.031960274792244,-0.0562310790124848,0.596171378738228,0.163525738314875,0.0953314462342335,-0.390691290962942,-0.0390129258904001,-0.24074567335575,-0.0802649136756155,-0.624289490770506,-0.590201524852546,-0.439940071471694,0.222785192156146,0.584748172195318,0.194838094149183,0.182085266540778,0.114602813602849,0.330657055017388,-0.00642731544016986,-0.10731549695607,-0.0532305920210775,0.235494871336635,0.0406224631162292
"GLYMA_12G234000","pink",-0.653369618160648,0.576918734402636,0.401269446262507,0.530768020101345,0.848699631487122,-0.838634664830437,-0.112431107586353,-0.369542089085033,-0.179948477619577,-0.310549039631517,0.0673984811624698,0.028488652866274,-0.0325180913687523,-0.146473241422118,0.155290730946305,-0.0109687531394415,-0.573627791523506,0.249297035005899,0.0903644822698224,0.0786270915644046,0.359710201415164,0.0101135179668598,-0.0876853547024531,-0.554654214296846,-0.360808760301898,-0.387069924625035,-0.344946548288459,-0.782714937757684,-0.624022246636009,-0.332837562513615,0.11411327356813,0.538582438100976,0.0961114175439282,0.164596456323968,0.182120479689026,0.38851241048251,0.15387511584952,-0.18077129278727,0.0437438432016102,0.0320689384162403,0.252670361499592
"GLYMA_10G097800","yellow",0.653299208470901,-0.662350403741217,-0.593462184042141,-0.450981838648906,-0.8806417765906,0.857962443745292,0.0246594528726891,0.387926863753919,0.457499087433348,0.352648824657459,0.0957527339220189,0.151539478718373,0.126587053722051,0.136175490656736,-0.176984541608144,-0.0689265648502082,0.526502576493388,-0.110150420898406,0.0432578000427681,0.0724555777718487,-0.53427650423966,-0.287548133201698,-0.153331000768395,0.404195116602503,0.284861989887035,0.174544785209317,0.198626246113219,0.681171569407708,0.743117567020257,0.491744166708349,-0.211807961526199,-0.540784292178963,-0.0424704155043827,-0.0164961971119831,0.00140397641787659,-0.194348908188395,0.129202950658309,0.0710299319134496,-0.0150487093952153,-0.196255281199835,-0.0477940182270163
"GLYMA_16G145800","salmon",0.651338993729651,-0.605548559154571,-0.483980092685349,-0.671627070729045,-0.87643990450135,0.839385891210164,0.118623550003117,0.302725941400406,0.166245639442838,0.139956441848137,-0.180148597872224,-0.0365032658507182,0.00908273913765716,0.068240123419505,-0.20044912663869,0.00388518419728697,0.559786847847201,-0.127587329045643,0.0416180209728272,0.103172034548281,-0.205952715964717,0.03174071966164,0.0952604749728846,0.50839860660276,0.473676476293464,0.542536271576195,0.491682426217263,0.8978096451381,0.629490486675183,0.225393850842194,-0.124350852051832,-0.51260457779198,-0.0837722512870826,-0.150872607771966,-0.247590033511925,-0.39010362564207,-0.157079342433879,-0.0220690471476494,-0.183742175249855,-0.131365912067108,-0.12431206585282
"GLYMA_13G043500","yellow",0.651089659644636,-0.298245749043371,-0.17257453197967,-0.274162473261821,-0.728264422921413,0.813760794581482,0.277971461190527,0.643429014934102,0.580141494383205,0.510255070561742,0.34522324225076,0.185355057297868,0.24628354530938,0.0123122052055868,-0.206727079461653,0.0462749913068285,0.463080745393502,-0.265677195091703,0.0441705005155631,-0.00194979417966458,-0.613825479972007,-0.237892578212795,-0.432394847573506,0.0938410163073448,0.128489737611998,0.0645940119731508,-0.157156681535426,0.389373514377187,0.438843071147983,0.388861268819574,-0.330488477519393,-0.718760286914542,-0.331186430946863,-0.147646596765807,-0.076730343170801,-0.26877040237369,0.144737340376538,0.137668377097799,0.091178917361375,-0.284587976108986,0.0296008024516691
"GLYMA_06G304900","red",0.650186972311088,-0.760714882003807,-0.56746564174389,-0.349430578140478,-0.67512553438415,0.59314349201766,-0.238746346709014,0.0327536262050508,0.306053930186485,0.136629784908452,-0.084559972099748,-0.0405320825003147,0.00653030292794847,0.116512703873083,-0.0988159377858905,-0.0908317132198883,0.48303569988399,0.00436163448349951,0.156862215135578,0.108436820623178,-0.272818054274885,-0.2944964979526,0.0564773077233754,0.500863406522993,0.428472229328451,0.14974795330853,0.404964471043717,0.659295150786405,0.800786421991244,0.519474672438761,0.156666298317913,-0.183925090228889,0.269961700974992,0.1518648281819,0.0575053776970237,0.000470638669627599,0.100454504684788,-0.0123856853900241,0.029935699316715,0.00689488776803308,-0.040100766840358
"GLYMA_02G104900","yellow",0.650182156099051,-0.589222675441032,-0.603639266338709,-0.366197913317753,-0.8596356205568,0.855803441503731,0.0862724487415157,0.455977474663305,0.40375845481952,0.508270036034632,0.148537489156679,0.144350462472002,0.174370191380763,0.197593524493268,-0.211467191182932,-0.0775255201781583,0.506659699375678,-0.223316870585233,-0.125043407952907,-0.049224664641672,-0.636169964073769,-0.231185609085493,-0.0982561018577057,0.454305184023966,0.128204091297835,0.147711414954629,0.101399804261166,0.624764654920587,0.67013505588625,0.506062824787261,-0.233367542212005,-0.589585245782492,-0.116436322183622,-0.103246217630256,-0.0492348233276597,-0.322787771752458,-0.00075614025235635,0.200631096084792,0.0575283347690958,-0.11832396282456,-0.17585387740158
"GLYMA_04G004600","pink",-0.648215837682669,0.261788740982629,0.256032387940833,0.510960655092768,0.879772493401946,-0.939037642477366,-0.499304995927627,-0.709649040157009,-0.411214163364429,-0.528778912448934,-0.171148826012509,-0.0140549926076663,-0.126506114976841,-0.0437773634727589,0.11983214787408,-0.186089455775745,-0.587664303003794,0.201274861784185,-0.00726043776613597,-0.00279534235456459,0.55351022209689,-0.0122865276805735,0.253351495337192,-0.216754365200709,-0.0206033383390918,-0.415197799333349,-0.0161275358558619,-0.634206595496621,-0.365001803747355,-0.168597380530877,0.379952531214699,0.845571396016349,0.513893135288618,0.452729948102069,0.324713859303032,0.533077805395686,0.11156262899325,-0.0785693705857224,0.0739234551101245,0.32708009859733,0.031131555975595
"GLYMA_13G125500","salmon",0.647988701002042,-0.683919424930313,-0.600480590124115,-0.52102018176366,-0.868476144596482,0.779216697180943,0.030032317133602,0.226075088414774,0.419673618090218,0.247647315587942,-0.0936077368776424,-0.0139443217100332,0.180657344791096,0.107494612032166,-0.199422808552396,0.0146603516664461,0.585167754104803,-0.0471216761313912,0.0140513158873646,0.094699110647194,-0.384236119498888,-0.228618517350603,0.00216516953193786,0.465360529262277,0.293888706516655,0.365719346298481,0.400358121722317,0.801275620955748,0.733601289834788,0.348977543741064,0.0247874652511035,-0.410695877160328,0.00339234612832756,-0.213313659007378,-0.0616189982344271,-0.141724452236726,0.0939908182450981,-0.0255414849758635,0.0853140418699312,-0.0786967827999939,0.0974343544723517
"GLYMA_03G119500","yellow",0.645660020470288,-0.313242086689257,-0.371565031043955,-0.397677104812399,-0.814717931878324,0.926075463639632,0.366964988236388,0.717655484970354,0.456660142368942,0.533083416167432,0.325481477525313,0.168418086564418,0.0875425283548902,0.139494006814451,-0.107607774732783,0.0688006490648777,0.471472739330326,-0.119019736462238,0.0226959043882526,0.00141866885991693,-0.553433694180801,-0.0394372346057027,-0.2844762362036,0.205190526309573,0.150803479538345,0.262202290542851,-0.0632346680093321,0.549310040230045,0.424943513070084,0.361025652893067,-0.438724761470507,-0.792988523426632,-0.397288095459283,-0.157936397927329,-0.212776295341742,-0.474802994283039,-0.0546224347344179,0.159955834768813,-0.0635663650202304,-0.365809147503481,-0.0977993335515388
"GLYMA_20G164100","yellow",0.645658271115966,-0.703759298080989,-0.616637495512459,-0.392117905267613,-0.876126403396153,0.837481848752796,-0.0316211905630314,0.34931940205616,0.354803717547197,0.424733778662117,0.0593208695976697,0.155813178633462,0.039061723950238,0.108514338138069,-0.091209331125684,-0.0713056571639574,0.539233989290948,-0.162772012385129,-0.0752730386498883,-0.116630596808328,-0.536826083140773,-0.242212512018357,-0.00979234246194284,0.539594401955885,0.302895430710856,0.182753130066853,0.26171851140471,0.706265489938684,0.756207547183439,0.527534769291775,-0.145491733773764,-0.510856591093878,0.0095322948953725,-0.054787110072152,-0.000959341659452774,-0.265977509967887,-0.017505331969717,0.218693502083104,0.110782180137142,-0.00122634015235877,-0.139988420961407
"GLYMA_16G205200","yellow",0.644925842572737,-0.413935183823445,-0.381137282166961,-0.412242903530485,-0.806627166594782,0.89310265061521,0.243592002240668,0.593416944127145,0.242582900299944,0.479832860045287,0.194513852161458,0.118950091118314,-0.0426489725586766,0.112979619840858,-0.112788220626267,-0.012461701038274,0.459536158382818,-0.203156932538126,-5.42610889670064e-05,-0.0246673562510756,-0.408547020804398,0.0686142550809657,-0.0758538387008947,0.392196530079642,0.334269148868451,0.35857878871763,0.125463970972799,0.664265719171755,0.476696980650344,0.388262941743584,-0.324842207894948,-0.705898833967492,-0.261068160091552,-0.0807960596112308,-0.253791151662938,-0.557072324589574,-0.236460522360674,0.174453757044062,-0.0913002928141202,-0.199161228160417,-0.255822695904464
"GLYMA_06G218000","yellow",0.644743613283419,-0.19573492117619,-0.154028557096113,-0.0827828461847951,-0.664004168262452,0.814144651004318,0.368579429194587,0.76953995038885,0.642069699004209,0.724575388515889,0.618547295811653,0.0937197524781664,0.0225616837264926,0.20602182278965,0.0170288611491812,0.211443814592337,0.510135275696338,-0.0434628944365677,0.220545142404055,0.0953523206026555,-0.707362784097754,-0.16400200300361,-0.446336988015562,0.0533962136678761,-0.0909747539096682,0.0153762467379178,-0.361426078710975,0.286108454053683,0.360338632688516,0.500271597291083,-0.456221287828567,-0.75204389603607,-0.413012819658694,-0.0656514543347368,-0.108481768206437,-0.374348870201671,0.0855535160285478,0.141856278125892,0.0335871347114496,-0.470444368114013,-0.0459772212637214
"GLYMA_13G199300","yellow",0.641458295855625,-0.60407888465687,-0.48744596653756,-0.354900034823655,-0.883964146925786,0.877781362349027,0.115337747390573,0.469686846093871,0.582174170576249,0.491575371349997,0.232631962209839,0.120210972191899,0.0342246948743496,0.179853253186667,-0.0282840985854979,0.0979607335083237,0.648616219869002,-0.0227502885614522,0.155395313575212,0.128751158056799,-0.659957204067093,-0.340188349598193,-0.237151086056658,0.345284503385525,0.0985836784926272,0.130256694138923,0.0661389149516357,0.61797733889776,0.718972176832654,0.521887651061219,-0.18448202554247,-0.580417460985825,-0.125421230025045,-0.0678488174478743,-0.0287342625204001,-0.207968511606955,0.167343968609246,0.05652094263124,0.00598509584763929,-0.297282663724325,0.021091427139042
"GLYMA_10G129800","pink",-0.640957440257614,0.479775356623712,0.380850590441904,0.624210499001258,0.862608077552268,-0.858974806970315,-0.251080201310625,-0.427107384524175,-0.337195689962065,-0.214384608149782,0.0382329635947206,-0.0827429889383174,-0.113799887374372,-0.0909596211777331,0.205139027282006,-0.102143782343653,-0.584468588519075,0.0724002020071376,-0.0940776918553114,-0.192247371704209,0.305901391488705,0.0587605001458198,0.132247796459971,-0.301882373139682,-0.329119242974644,-0.472038073951389,-0.292372544013464,-0.77924850271253,-0.555080437051703,-0.198136129519161,0.215887124180003,0.591793409096906,0.215796407944769,0.17951008553737,0.218589694488036,0.351972910509699,0.0102126175051116,0.0850303692601709,0.194973805539638,0.327062744175128,-0.00298002617580624
"GLYMA_08G077700","pink",-0.640417724122063,0.569925910577699,0.500827944768356,0.425266424320858,0.832886261669114,-0.825000903053242,-0.0924251275735279,-0.418854496907958,-0.295498394553764,-0.381147765144421,-0.0893918091379304,-0.169202764027566,-0.0357510569799889,-0.186182230714848,0.0989832031449984,-0.0177428775127439,-0.536651420777327,0.0487634344214896,0.0384042139886295,0.010392123841552,0.435818305750849,0.156414521008906,0.111301304168031,-0.400240556688744,-0.313890693947254,-0.275950372993644,-0.208176388963853,-0.674556999861491,-0.611601195477055,-0.427112739548307,0.216014752805779,0.56716754633453,0.110461724229151,0.0513399586343513,0.164498153123988,0.372875898672079,0.071121909150745,-0.120543930762321,0.0317705846307219,0.198107169049968,0.187664007355297
"GLYMA_04G081100","yellow",0.639113763698755,-0.370520673774578,-0.298511619974678,-0.540486391027714,-0.845853287432702,0.891119091327434,0.331990959645778,0.580820132081507,0.465171195023673,0.337288505507961,0.120234857848568,0.119001067471406,0.321757861101866,0.177776193090031,-0.311272428949694,0.0515218751466592,0.527977494483142,-0.183628152753842,-0.0592107240462946,0.123380780471262,-0.527374490252805,-0.128805645131751,-0.273787310666231,0.222618205553695,0.146255524473805,0.282385641724379,0.0491438014608976,0.61030249869362,0.495947198350155,0.244457428019729,-0.307814950348961,-0.710576798488156,-0.34206888039263,-0.237433669958581,-0.1439015317627,-0.296821218247946,0.125253250785496,0.0418555875221951,-0.139234807931476,-0.385973543091654,-0.0532075977615778
"GLYMA_07G089300","yellow",0.63829428348212,-0.372820038232863,-0.28781390441785,-0.441233829385003,-0.846710041264018,0.921922228311743,0.318801179069066,0.656307810124525,0.388472819830514,0.494139851405792,0.206332967299245,0.221834313894571,0.132898940946898,0.166156463747735,-0.156947317366255,0.0772100594122784,0.530023839445554,-0.161313225780841,-0.0499772158202901,-0.0207378789042166,-0.587960594813092,-0.0492733885005399,-0.199484486202225,0.328625815941517,0.160894262315709,0.234238072478443,0.00263818199353975,0.581851413978723,0.478713048526947,0.348631383789394,-0.412958680109376,-0.780263488372455,-0.351225545918659,-0.193775783124683,-0.141423617598972,-0.430405307706965,-0.0332502410873367,0.159681360425117,-0.0883449405464195,-0.291172230653725,-0.20152336688172
"GLYMA_09G274000","lightgreen",0.637052201187444,-0.560518306511123,-0.291823835799712,-0.544071044299479,-0.811934502744388,0.723220794194225,0.159909362170674,0.231471274113335,0.326111231832831,0.1904779213867,-0.150377499275863,-0.172334337289018,0.0937459591633664,0.147638830657966,-0.0808795192626422,0.377418312285927,0.835780328443383,0.10093691081586,0.157378226836224,0.271571462352976,-0.36870270767597,-0.190385078001118,-0.0564226545107855,0.359723654222721,0.17072651489989,0.380366337611592,0.342264335275123,0.73075289343646,0.626559380395003,0.197151643989385,-0.0491347680348798,-0.419985075000774,-0.0987147700678662,-0.197591389892771,-0.125923022840108,-0.195090709806224,0.0682801108351259,-0.195407476495991,-0.130470425926243,-0.252393337869854,0.0414389747076751
"GLYMA_10G177200","yellow",0.636589397015525,-0.340064203505524,-0.284812833996526,-0.57224685869689,-0.843355109151311,0.923898420111811,0.380844426916333,0.622983870598086,0.183654447577275,0.39326842815559,0.0657516387559477,0.0785661620440206,0.012997110417721,0.117463337983508,-0.140065760774565,0.0849633940521916,0.531581066402514,-0.197594342565601,-0.0260362499823382,0.0163794609055043,-0.381679519557307,0.117029277000203,-0.114010690660951,0.344512606897602,0.278418433345319,0.462912388661534,0.159131453785931,0.705848445833165,0.409901110139995,0.212999797762581,-0.35936347719557,-0.762587454658578,-0.375127555359455,-0.207534326675421,-0.334570398712461,-0.589087040583229,-0.23817845066999,0.109521309153853,-0.25371438911457,-0.289703908078579,-0.260257735401167
"GLYMA_02G290800","yellow",0.635813798266561,-0.353312235532104,-0.377406683219401,-0.58015805525853,-0.828598400959722,0.856255223076242,0.364819418755435,0.528065017250505,0.23489511283535,0.344987019497724,-0.00580205613308837,-0.0630999247452967,-0.0362414174328385,0.0297659356581691,0.0124523255143906,0.12322965111831,0.536979576997129,-0.0848606853110198,0.110508092510447,-0.0650548703214974,-0.297668181684349,0.0842038992810528,-0.117617511322567,0.267170192527827,0.21411345824403,0.545900269571668,0.262124779033192,0.740411329416162,0.40002466909716,0.138292797019122,-0.335934490457729,-0.676908459636345,-0.353130232067028,-0.374036962376849,-0.393283224526167,-0.548583408331242,-0.267428202698364,0.0489086383226581,-0.12012613871218,-0.197908886040521,-0.0654144509261235
"GLYMA_05G166800","yellow",0.63555515033751,-0.541730849693706,-0.414319324419749,-0.238503595045102,-0.802119442824879,0.860095856911034,0.0824997519518625,0.540605394786137,0.497416128029153,0.581465681505596,0.357460159578487,0.138713821879083,-0.0275320137830659,0.286699446605549,-0.00546386871748125,0.0165978217454954,0.544319405015822,-0.126263275525988,0.0428384200058482,-0.0289524180520352,-0.69282678042069,-0.234961441687143,-0.165098911506731,0.426189707303087,0.104745031901869,0.0235822108335693,-0.0435053473786856,0.521578459377355,0.661873027457523,0.628385838749132,-0.28914103290764,-0.615483980079218,-0.129190565912712,0.0160629790214832,-0.0162322305699831,-0.272645289584553,0.0730481310025193,0.277421813355554,-0.0139019076971897,-0.248252979117898,-0.25346853292975
"GLYMA_12G204100","yellow",0.63483954357942,-0.362199374012715,-0.419507914907612,-0.647707522463835,-0.900573297928658,0.9359399574866,0.421744452654878,0.587860899016366,0.260328174444963,0.354606929735688,-0.00733403528599694,0.0434690751197307,0.0897834477315471,0.0538740511220588,-0.175259399457227,0.109516061227597,0.559270972650873,-0.161153348241997,-0.0460716844626013,0.0123396223302613,-0.345875848695856,0.110254269958441,-0.0867141627358877,0.323395831169477,0.244566509952374,0.583391103321287,0.240641679318961,0.793548687283677,0.419185639223574,0.119525539646819,-0.273760033473077,-0.746430341721433,-0.402775847731663,-0.369149353240485,-0.370008298965073,-0.586338454379726,-0.226979390133809,0.0448660901824268,-0.131371030120707,-0.26169303299847,-0.0572883862405888
"GLYMA_02G064700","yellow",0.634651204020042,-0.642517649336061,-0.46605220019073,-0.394246992307257,-0.784083984922402,0.802441690718408,-0.0227375277825173,0.344728978889027,0.289800677008305,0.312415941720854,0.0963769961931357,0.0564328134671678,-0.088591726605442,0.124785843671129,-0.101413302158665,-0.0100508320733596,0.534340240889247,-0.0869765011024455,0.128536527344821,0.107993489700785,-0.378831826303924,-0.0678689013791054,0.0823028673452202,0.562548379073473,0.450861091115179,0.219914088243953,0.255721002164177,0.691516149801182,0.703359033684389,0.51139354488087,-0.155605838669698,-0.470643012527648,0.0291584566304905,0.129533030666553,0.0150327694472102,-0.272927007269823,-0.0174192112747376,0.0961643919661633,-0.0585111151589086,-0.133727142536742,-0.198645764331743
"GLYMA_02G303800","red",0.634014288090956,-0.773025429877401,-0.542976757116984,-0.32495543317063,-0.755186911693023,0.678431505070209,-0.180325021529578,0.132521553265063,0.416434755628038,0.258261095959322,0.0340382181156594,-0.0162602339413967,0.0398514408227179,0.251984550241329,-0.107880123074997,-0.00731559154864878,0.60908446016417,0.0199157449880859,0.112415546747993,0.17228367104027,-0.477137230649374,-0.340059059139762,0.0502057784505982,0.554118773997538,0.253710666167744,0.0818426918944247,0.283412717103719,0.649190149796093,0.847512042761405,0.57632483283578,0.0456691324431351,-0.267691093558269,0.196667741142392,0.127700557790444,0.120745629113782,-0.0157151660065618,0.195947208276059,0.0347021890452759,0.0102869732974966,-0.110447608869187,-0.104100662172599
"GLYMA_19G242800","yellow",0.633996731606945,-0.52544156368084,-0.447141487161886,-0.523978111822585,-0.949510722919064,0.955504476970827,0.254201975088549,0.546263356451724,0.369133826970136,0.476557856374342,0.0791122909474534,0.0961025527216021,0.0218572137009588,0.172343533288608,-0.0503266464742293,0.0530420214103914,0.610587498539069,-0.157565448306612,-0.0327739311030718,-0.0607312306706393,-0.548417508239282,-0.0984093663392437,-0.111755906631675,0.428287172006822,0.144392619202798,0.376878736613578,0.196313289727362,0.766584001301064,0.602172459810645,0.349625572170325,-0.270791714845863,-0.713175506561047,-0.270130543840872,-0.29987121029155,-0.242840004392161,-0.457376888232166,-0.114528904699052,0.15052259303341,-0.0639851214833078,-0.201840993814977,-0.151532753359932
"GLYMA_15G034400","yellow",0.633790201413445,-0.327877738475605,-0.322773933481373,-0.382023387435496,-0.816624155675896,0.865466433026945,0.339115595266898,0.644986816675764,0.427429548685341,0.568075014087018,0.210786212998274,0.038725097665156,0.175366286954376,-0.0634536221926942,-0.134439483929181,0.0046355660597622,0.44515774462682,-0.265962231049381,-0.0202238520172096,-0.0342316700350457,-0.586647235318295,-0.116797687210874,-0.27566747568432,0.216160290111246,0.07236266563398,0.226316103499672,-0.0289364082777607,0.514214202637163,0.419497396269782,0.297236994162944,-0.180554710041363,-0.743258332805276,-0.377326700960331,-0.323013593057974,-0.149697466748677,-0.415731478900288,-0.045183727170129,0.0641027644012038,0.0737209033921235,-0.202124700068623,0.0417705852348134
"GLYMA_03G133300","yellow",0.633242552258525,-0.548703574007276,-0.409880712845718,-0.489320760250114,-0.88401756994629,0.891452680058616,0.173880413272779,0.46715656125705,0.392258652091687,0.378342229265619,0.0706301402788973,0.130930608467225,0.143515696845567,0.167249995909185,-0.198799093315113,0.0744922118692788,0.608693120762899,-0.117031740717673,0.00317582735496118,0.115575808834061,-0.51841339541586,-0.142265015241392,-0.0994351397788067,0.431865657125155,0.270269628306786,0.287151259332974,0.192233898480096,0.70935727388116,0.633054177074122,0.379804577543617,-0.238531856172824,-0.622105523752392,-0.173459834157007,-0.156573539103527,-0.110177992567531,-0.309450203822626,0.0241868590101451,0.0605388559003403,-0.0617734429650253,-0.227411091377041,-0.12621492934466
"GLYMA_11G154700","yellow",0.633156626537625,-0.493489450751181,-0.395076959986844,-0.260525763680919,-0.839554104747126,0.873642547173359,0.196605912829904,0.57383984955192,0.668103516368171,0.597833950016213,0.378360618271455,0.127238373137886,0.0640782229844956,0.236712732085381,-0.00595362810908605,0.139619712089453,0.6332441015981,-0.0367818533093102,0.155575454613328,0.107423491036715,-0.762509154857859,-0.357439795077867,-0.339468168452851,0.253158257918809,-0.0510635130946861,0.0437513655645368,-0.107847158537337,0.499433755810215,0.640034917538034,0.541216707317342,-0.248477849912677,-0.640100855019395,-0.221581286215519,-0.100230533497249,-0.0270921779127336,-0.21212438691841,0.210007633230741,0.121667162223111,0.0197016068801887,-0.371959957632131,0.0132270844599056
"GLYMA_07G150500","pink",-0.63268816073538,0.489713119093129,0.365846504811728,0.422484650132863,0.815607296044149,-0.802720756798714,-0.173092679964535,-0.436308187966743,-0.50793643555076,-0.332080962790029,-0.126755031503947,-0.223057259204329,-0.273272603900498,-0.112353819274774,0.24839887307169,-0.130295635379454,-0.566068276328934,0.0257578715011539,-0.0589627486286307,-0.170930260997355,0.501260502158789,0.249165707812858,0.264194801732237,-0.233536145010445,-0.249931746819183,-0.229446082861934,-0.12277291277861,-0.610470644039625,-0.575710932557601,-0.349604981206076,0.253081596374347,0.589517860084507,0.178846495117931,0.139435087028845,0.0698712404957408,0.193315942521532,-0.168717646532453,0.0371762667732518,0.00722172118026616,0.316547808889735,-0.0617339111728706
"GLYMA_06G047700","yellow",0.632550161264993,-0.376494314984513,-0.385944282655378,-0.394266487097187,-0.849307557937639,0.925424422412373,0.331282164637515,0.661569232172842,0.47090997101012,0.530370367873639,0.292117897600366,0.148877748701988,0.0916295350397538,0.287241652665183,-0.125555760514568,0.105939276143315,0.550013836969903,-0.0963471870899943,-0.0148602241172344,0.0377089729924028,-0.608231427669663,-0.0602398343221237,-0.184584000372183,0.31739706424206,0.0609502231633788,0.264376306827678,-0.0315813853630489,0.604385422101932,0.49105621612024,0.383634980763663,-0.373046249459793,-0.749879239559021,-0.357225527764178,-0.195599472516429,-0.200151185275383,-0.449060402118806,-0.029090348846156,0.169941108255845,-0.0841017891743769,-0.376655500318233,-0.175038435915953
"GLYMA_03G262300","yellow",0.63228866817464,-0.491996270840771,-0.387621646683945,-0.386863543087008,-0.770938264072168,0.831832319651673,0.139293704210465,0.481943504252892,0.127903739822954,0.456283638140274,0.106956212389219,0.0142047356835166,-0.129284593822552,0.0581109884219424,-0.0542904171190714,0.0426612314549209,0.515273459583226,-0.162823250459767,0.0160411731473634,-0.0415699354564027,-0.36275821915481,0.121932010774898,0.109741173628197,0.554016262459847,0.402280539591419,0.3276427513311,0.206486567148054,0.671007227313324,0.530010857699957,0.419053356895597,-0.261233876871046,-0.601618996630674,-0.140502296302203,-0.00707526554122907,-0.119080282478999,-0.520297729000123,-0.27716079557752,0.164175206712744,-0.0497819061650456,-0.0663327254810141,-0.318593362990212
"GLYMA_13G154800","pink",-0.632081684253302,0.455453017925062,0.349990791912601,0.364315299276282,0.811733434261481,-0.8224607289955,-0.191919828618302,-0.506992744009584,-0.48118538070368,-0.434772437478856,-0.20078494115234,-0.146158113777565,-0.14511225341211,-0.0120030571892594,0.191738784096473,-0.0681234554878048,-0.506081650475973,0.107634892000113,-0.0978046987376401,-0.165327850784779,0.509434380520486,0.197717134008304,0.259798907799206,-0.237564298605381,-0.250141680563792,-0.217181055647655,-0.0575011588659507,-0.573975640982487,-0.534122423653604,-0.380819322393454,0.237175095641616,0.631474846724054,0.218933966442825,0.132329729217848,0.0799811047234249,0.288849728487181,-0.0863502141951026,0.0460399217043366,-0.0149431996334654,0.294015647973236,-0.0339695784223031
"GLYMA_19G106000","pink",-0.631036766586242,0.480367710701081,0.232386917465354,0.321820959338707,0.806153076987345,-0.823952564257009,-0.17198020613916,-0.490998437599421,-0.347775180836242,-0.52695391566621,-0.176490085245081,-0.130065904639319,-0.0728408525868467,-0.279390526356599,0.114718154700151,-0.146645424560594,-0.635561342201,0.126386158988176,0.0859468907554368,-0.0345086774306583,0.634299691796273,0.19465006493442,0.149148384678728,-0.404749044869123,-0.093234708663776,-0.149352715163284,-0.0470388727578579,-0.568257682260632,-0.57967062691358,-0.452412142758235,0.261772548980526,0.624480086919489,0.185369947593024,0.110112030358456,0.121873876664352,0.347059435207695,0.0174289610074512,-0.152442411056535,0.0656845209267053,0.240770419281637,0.276394891220255
"GLYMA_12G099700","yellow",0.630840747672599,-0.541468968891172,-0.481020187302475,-0.374232679047182,-0.849007530413932,0.859081752853209,0.12812313247172,0.485620027573431,0.39832600148425,0.465036302886526,0.161144021067357,0.205889521042505,0.125917845580924,0.144410436043305,-0.176067085955422,-0.020068464051897,0.531459405272997,-0.147781143660362,-0.0457945036828368,0.0235595924245368,-0.573039349437026,-0.188844448673376,-0.149598982389266,0.393790695971997,0.224079468796995,0.194990995549721,0.105837257438918,0.622111314659748,0.619590202139513,0.46023121475018,-0.187465819624,-0.626006420305839,-0.156217966796481,-0.0805642657993061,-0.081816414943859,-0.325935082320822,0.00786172203109023,0.119876527477634,0.0237061755191313,-0.18030756224702,-0.131778331740803
"GLYMA_11G014700","yellow",0.630512036951511,-0.374850173833903,-0.323420183744007,-0.264764939375038,-0.850466154345564,0.920616716906161,0.318150949829259,0.702480346299536,0.560055686768818,0.698849760212898,0.387270219198193,0.116449354372735,0.0930375073757608,0.115896223252147,-0.0675161799364549,0.12956252283092,0.57303716001581,-0.172214454227919,0.0486742313844992,0.0129638315254147,-0.730387457732876,-0.178670976050125,-0.295230666860398,0.251519495557663,-0.00205777691679833,0.156041288762084,-0.113323221189135,0.51449184926086,0.493950020162682,0.460145753115415,-0.374469861227582,-0.784157669431339,-0.369109345541953,-0.25007091642541,-0.160569062091919,-0.429652172716878,-0.0128722274760404,0.144242155281791,0.0928868283496391,-0.274140453494802,-0.055248820233796
"GLYMA_01G171800","yellow",0.630412941366308,-0.635398833428207,-0.456290922144991,-0.240082594960374,-0.84473903918965,0.823689861044513,0.0156671585957535,0.42249925769698,0.436479717842324,0.608937159276458,0.217903880977066,0.0277333567413996,-0.000471388555028661,0.236077723699961,-0.0212410299355052,-0.0211074221610702,0.580706898647053,-0.168671910097572,-0.0716104764577365,-0.0937674809126473,-0.704345899586817,-0.297836969412128,-0.0786299568944357,0.506603596687004,0.0530865639909739,0.065503538052111,0.0803454781898842,0.588150086484559,0.720036989436378,0.611119093442258,-0.170560776428342,-0.54293452078768,-0.0545742481485929,-0.118698795689403,-0.020183169311191,-0.27185392946094,0.0229878378334885,0.24713000472324,0.12535508650925,-0.0717034865554555,-0.222925916028095
"GLYMA_06G275400","yellow",0.629173066052688,-0.46658547232454,-0.339971917374246,-0.293106455392145,-0.835878323894823,0.876526588704717,0.209893749982653,0.588550163601389,0.568608501627507,0.622813753998881,0.324522238199083,-0.0306172075172897,0.0272301196937904,0.212639574429662,0.00652024222128516,0.0849741683931639,0.593381462874088,-0.218005978539433,0.023799431399502,-0.0805979280716163,-0.757319946862185,-0.278332412254989,-0.247684713428212,0.331680593188388,-0.0690128443538207,0.0635958531733022,-0.0751127800381668,0.511682421374986,0.603256463800533,0.510163091366876,-0.275151775495869,-0.666880552544665,-0.248839940990986,-0.208341781901864,-0.0780187127953282,-0.26963029043711,0.113653972784242,0.29184167287623,0.0063853691901138,-0.244480939665634,-0.115882285230352
"GLYMA_12G152500","yellow",0.628478820535806,-0.27503201588622,-0.264506448438269,-0.371996704842962,-0.856124022896693,0.943012888837728,0.458220179629694,0.75533652887224,0.51284851512301,0.630940314921493,0.335588567159337,0.089197254402025,0.113818495043726,0.20078947821933,-0.098931714744796,0.178477655278652,0.578094146383055,-0.13259784357788,0.00866129005807447,0.030223462692405,-0.668133441510836,-0.0626099366650086,-0.288108231851672,0.215945084808619,-0.0414944841509809,0.270498246385048,-0.123020217218857,0.544123510668224,0.400106435573142,0.313845698621657,-0.373762731190675,-0.830923209792786,-0.483163414720996,-0.336203555805384,-0.217145964659102,-0.494495851968446,-0.0231872034446994,0.138204188390969,-0.0256104589755182,-0.394313674191638,-0.0718896606985937
"GLYMA_14G185700","yellow",0.628268076377775,-0.423069286632613,-0.421020410501894,-0.322551841098241,-0.75353393767401,0.846112219817373,0.184951186396709,0.590212738299529,0.373506673657535,0.510881486919504,0.302165278543366,0.149335374492926,-0.011317861248595,0.11898588082912,-0.0605367081509169,-0.0311221054109987,0.413854442443011,-0.13640441188644,0.0375196753573606,-0.0410506750689187,-0.525528035138251,-0.0922725200664579,-0.199644399638775,0.318375691620295,0.22968872655682,0.143681946118492,-0.020607683125015,0.511436575013548,0.512249828639178,0.486527993847998,-0.321828161875611,-0.660886149148882,-0.215215125779427,0.00404874359152905,-0.0969079886066264,-0.375150262036037,-0.033941535717078,0.216152861904656,-0.0617904316631763,-0.256110411666791,-0.172699463734987
"GLYMA_07G268300","red",0.628001192563903,-0.717856761245796,-0.591207944636015,-0.258331078199545,-0.779011086738283,0.727337495172165,-0.10966949943789,0.249139829415948,0.559335783998546,0.404239374486182,0.184226197306741,0.0867187228780936,0.0546653108470262,0.275944411474474,-0.0421624669450184,-0.0138115734497173,0.558884521622802,0.0293389911161596,0.103404784027132,0.0848206209007427,-0.580814971508786,-0.433490772823257,-0.132901927919582,0.40102980929075,0.126338751300269,0.0495342791955296,0.173911287108433,0.600643512600338,0.814120122192531,0.631081454640062,-0.0360818432650301,-0.35601091641786,0.105774001916147,0.0369257565252176,0.0207611525304827,-0.0504950195111423,0.190901220838136,0.11090721040899,0.0628722315528435,-0.165867284608801,-0.0262140116911351
"GLYMA_18G115500","yellow",0.627856737735845,-0.301384216560999,-0.284411756667037,-0.216157865667225,-0.757802257343917,0.88546518086437,0.303186725246154,0.740957576903463,0.479944944488043,0.701977841821385,0.446447294515479,0.208610156840244,0.0829491634245343,0.156859608761264,-0.0799073856316796,0.0338456499123209,0.455960198106557,-0.243750625917131,-0.0418104687329392,-0.092066498334772,-0.698565396807447,-0.106766275798699,-0.297702393293192,0.243632237223637,0.0386578163540822,0.078733193173739,-0.201817007757329,0.416264175252849,0.435957694747288,0.497899294183561,-0.480493337201586,-0.791018747358018,-0.365141491292099,-0.105367735335285,-0.123310125580161,-0.457861763956689,-0.0536373898436959,0.267529829845896,0.0327260481795844,-0.269161857988947,-0.208950172282698
"GLYMA_11G181100","yellow",0.627777012868575,-0.361244874188753,-0.264770803756843,-0.479200700808808,-0.769372634864299,0.852454442465171,0.290072899926627,0.55599041369481,0.187858266937747,0.365915436510331,0.103003703911297,0.060527979507547,-0.0886771784750762,0.0475042619155973,-0.041394914217652,0.0785269633964766,0.489751254997562,-0.0723081580035101,0.0751311909512618,0.0250787576842547,-0.24873804960395,0.135104384330425,-0.0926180039642938,0.314713667013125,0.419173575110808,0.466647649369748,0.198258606480064,0.683014558060485,0.409854703318366,0.262208630120888,-0.255727640401113,-0.671664337450267,-0.283288736881824,-0.1153618507344,-0.30751720380951,-0.561935377492294,-0.271664452494018,0.0296667290780872,-0.109966950898373,-0.236016522305224,-0.158028078654464
"GLYMA_14G071700","yellow",0.627564357995467,-0.278925565938974,-0.113020985092876,-0.539014254639796,-0.81942978789035,0.863374995667836,0.444379214242735,0.596747238682795,0.46747923994599,0.378746456192984,0.111711997224979,-0.0590068829706182,0.103640516337957,0.171019834455187,-0.0649106572705673,0.193562517828233,0.624156737799363,-0.0910425655374432,0.136771108087737,0.168876942869671,-0.516164189346171,-0.13570298514291,-0.365029545710251,0.102134938913061,-0.0509293369317103,0.338974950036837,0.0253295563639072,0.58093819562006,0.422176109196607,0.151490106386486,-0.300147207025458,-0.710957691578154,-0.426486678699554,-0.352645454553404,-0.284285519835758,-0.355987394663868,0.066632691241428,-0.0567018360486404,-0.244613528447218,-0.464112751727027,0.0102385425126489
"GLYMA_11G133800","yellow",0.625790659587748,-0.40872020185662,-0.424654193811068,-0.646810712624766,-0.89739157390196,0.931549510765633,0.342800478136733,0.561039585659752,0.25155958029243,0.320216289063839,-0.00753682947601294,0.0353135058372366,0.066441742879285,0.034160698877894,-0.184447249887885,-0.010084746828798,0.482746533848442,-0.219342882507239,-0.0591518772897579,-0.022531844270696,-0.326510998011232,0.0968296300696323,-0.064475571085544,0.358850780301259,0.313931823876775,0.542552944704375,0.273092641582658,0.800161736363613,0.462491982006526,0.165450335444776,-0.293183246303268,-0.73154818706935,-0.341008306970471,-0.313376603921888,-0.329827988775873,-0.530456719413399,-0.186176701147849,0.0859908517220201,-0.130622863620008,-0.211547502270793,-0.0867652575258247
"GLYMA_08G180900","pink",-0.62571330105789,0.693791811599477,0.468680940132015,0.350099698192714,0.850875411399495,-0.767328728333232,0.0112383742884212,-0.278638721585663,-0.514617254678235,-0.410131418862992,-0.0738034377187452,0.00144422367737304,-0.157703595328491,-0.146252935585173,0.135346640195905,-0.0961004705535659,-0.668081181448147,0.0274737074651668,-0.0160855131450936,-0.110403376171118,0.601613086802951,0.38579859156388,0.103584995594576,-0.437542217309626,-0.144178546661904,-0.12199121967175,-0.214019897381075,-0.645328842685142,-0.77444254387481,-0.498721405084495,0.0537044537285245,0.43218252772586,-0.016076002922825,0.141167990471035,-0.0631277578415034,0.0714931784331597,-0.220889329670678,-0.0227666607853484,-0.134451201292106,0.113004931474612,-0.0308932362632494
"GLYMA_13G164900","yellow",0.625551331827726,-0.407354139300544,-0.354365668910929,-0.3922511020991,-0.729754953354392,0.811209212025408,0.190659719731847,0.516738033500664,0.389197626639683,0.373674806892894,0.221021401919353,0.0688256849460992,0.00155756354425129,0.0601972390687623,-0.0912900627750796,-0.0163713892859165,0.401189154083591,-0.0838225587336233,0.159223475333042,0.0689457899007069,-0.361857315453779,-0.0681069440423467,-0.222963440773445,0.229590391972054,0.352171159115816,0.270497521274003,0.117955079135067,0.579197345358363,0.497758229358063,0.390640300596893,-0.317911495513402,-0.602252223209791,-0.188506913153189,-0.017863289015783,-0.14911989056712,-0.310826851625765,-0.00173654352489158,0.0738572764323275,-0.0744827366504589,-0.251320690053772,-0.0370771130798048
"GLYMA_15G016600","pink",-0.625530323154384,0.462605059788761,0.37483390853655,0.387011853784786,0.816158531116881,-0.829849011962572,-0.183167923439943,-0.507452135158883,-0.507684025308502,-0.436718464804919,-0.18463364976441,-0.15169020941015,-0.207757098105914,0.0360428995752666,0.212414492464373,-0.0247408174058269,-0.501753287385483,0.186201816349708,-0.010412640633175,-0.074908328748016,0.549942238455987,0.260875111992259,0.3049789291224,-0.234610094239466,-0.238621441291782,-0.178740968418798,-0.0665714204851773,-0.55502327453639,-0.556679810695273,-0.382357819037825,0.265617258312011,0.643406645779584,0.213016575334071,0.142815646682547,0.0570009060350936,0.218614670815587,-0.146533726643478,-0.0264527794905355,-0.0754331950882753,0.211899150533671,-0.0922284106613606
"GLYMA_08G303800","red",0.625469386730971,-0.843971825220573,-0.658404277403958,-0.333558173406116,-0.807829323372843,0.704180315935452,-0.243668454642593,0.121219763644474,0.362883255981378,0.309883311591084,-0.025007625589886,0.0174269692504326,0.0688050703796163,0.077614492191446,-0.142561583333386,-0.150773099194632,0.523954712827697,-0.126973356620111,0.0225238519327949,0.0389353948668566,-0.503073960431616,-0.404928343935168,0.0302358981008143,0.574723753662441,0.331595795216444,0.0608164232438444,0.34822171022561,0.673274828221363,0.883839558543822,0.607094675916071,0.0639919052094693,-0.290879957163911,0.238280845722602,0.0663465267122069,0.130806011949371,-0.0424741514178821,0.130761171924534,0.0752433534173006,0.130527882172517,0.06565879810888,-0.0521553607733782
"GLYMA_08G071100","yellow",0.625280906985054,-0.201363619260678,-0.0737761384497279,-0.284444043289975,-0.741891552244791,0.845668837473684,0.425064398899958,0.734668612336077,0.589001534143175,0.558086080838293,0.394331614490601,0.199017683362919,0.17311762818418,0.117915559737347,-0.0802655222218607,0.229859869559152,0.564263648338846,-0.0545658699366112,0.13391378563968,0.119684115868649,-0.643802519302373,-0.193781181937241,-0.514641089351413,0.00791065220300827,0.00503546673725837,0.124569346472378,-0.232447297829363,0.37210233407326,0.349050897377624,0.315803199397687,-0.4398479322681,-0.800163917755175,-0.470124143150615,-0.196142911369821,-0.156621764233244,-0.359186269172487,0.111498539432572,0.00240527691337153,-0.0264133827923558,-0.481082031234271,0.0211985005576477
"GLYMA_13G191700","pink",-0.625135613975154,0.579236880654009,0.33999267074338,0.575045444557849,0.888220086366196,-0.834133621827748,-0.147123189055822,-0.353039763820459,-0.367336009707238,-0.239133953539385,0.0665715605744871,-0.0642809226025135,-0.0432495217022762,-0.102979585213284,0.0623354095825206,-0.128527037280553,-0.655129348259183,-0.0141052831478448,-0.127340289681444,-0.14575801763764,0.400171682008807,0.26401124488135,0.251149440393711,-0.268255326315458,-0.296971799357684,-0.361338636348923,-0.323066558263101,-0.748615001596632,-0.646473253748561,-0.286780957022066,0.208068056467779,0.552565977686984,0.127077068518191,0.164290689797941,0.20925373721008,0.234202672911334,-0.0605881651425817,0.106318693848922,0.135358209523797,0.271197343042116,-0.0153028315099359
"GLYMA_04G130900","pink",-0.624226422839339,0.539480646595629,0.386626000982575,0.409707834091216,0.88736213887032,-0.895326841983115,-0.170385515004541,-0.514176316575115,-0.398028519382966,-0.499287564659818,-0.139354893127418,-0.117142520197121,-0.0349114594160792,-0.142267517344523,0.0540388602180779,-0.0677053337756712,-0.612216883514477,0.156971477125256,-0.0213172726767856,0.035634696352875,0.585555561844149,0.172726339628267,0.138282378471382,-0.414296554871764,-0.182577420636411,-0.228512728867996,-0.127311393335491,-0.658029417556242,-0.627493126244967,-0.433495922961648,0.269863714113955,0.659219191063435,0.195147785064157,0.160139055371955,0.101515671494569,0.35674260530736,0.0201668244407724,-0.140397993148408,-0.030457525988905,0.165232979298707,0.146588038746135
"GLYMA_06G214700","yellow",0.624164046737701,-0.242579104525179,-0.257758349479286,-0.481366031872112,-0.812482972592528,0.893009615796153,0.460918146492365,0.680368574240848,0.515602399890172,0.430832691537519,0.253089746286243,0.0455991765784094,0.143437429545864,0.0927919842671987,-0.147427859122599,0.118973913647711,0.500392042666841,-0.118699706684331,0.125627163797839,0.134066219376963,-0.447716328900373,-0.066899450633042,-0.400894546430782,0.0309674506443398,0.0897164218954603,0.407995212096919,0.000830191265694841,0.598034043781791,0.364282773992178,0.190117117433373,-0.378253037666951,-0.77375992041178,-0.466106014275799,-0.314205225475135,-0.330223405285292,-0.431803604082122,0.0129847612780322,-0.015734226342116,-0.117143584785348,-0.455880848139188,0.106697730472364
"GLYMA_07G208800","pink",-0.623168669597155,0.579874688864683,0.34570422185017,0.342240118411604,0.829961030297683,-0.805436283107536,-0.079001905429752,-0.4086612006913,-0.463110913305381,-0.440331139588592,-0.15875722352187,0.0382917631375664,-0.00779622392781739,-0.0940999425477981,0.0287035933018444,-0.143116996531868,-0.62884315173953,0.0268679606508562,-0.132410444270786,-0.108616575020187,0.563519998040271,0.287912388511157,0.179405412484042,-0.345051590340773,-0.21457075321213,-0.147694036990507,-0.145360200398706,-0.603449082187687,-0.657037187663943,-0.463631796888491,0.2537743156311,0.55091224003595,0.0958931200486196,0.110011062933053,0.00378568406008338,0.186587804598553,-0.139750877584107,-0.0174073735475184,-0.0612260940700286,0.19179509705249,-0.0101483411990285
"GLYMA_10G077600","yellow",0.6228914930122,-0.216679401556348,-0.161471828167897,-0.684542492080553,-0.781147655008708,0.840392690369551,0.493210305935619,0.555946702751673,0.209943814051051,0.195779459902159,-0.0547551785416477,-0.0458925156571441,0.143697562893051,0.0307386739553851,-0.245847718535325,0.235558347193523,0.55382208367261,-0.129814006539217,0.0517986688761124,0.16694225475875,-0.206898713315655,0.202975939962334,-0.111072270393853,0.21088140509593,0.294000410505804,0.622009908230552,0.247768283133769,0.731008735325226,0.288615164891971,-0.0380313948827761,-0.321543409020176,-0.706956592283243,-0.445202854126846,-0.341430122568461,-0.36567197168835,-0.5052185646723,-0.161912753127058,-0.071270933406256,-0.288502429934895,-0.359794514748528,-0.0364363161827572
"GLYMA_03G167800","pink",-0.622769351363781,0.4408801035609,0.367593650297892,0.354839211713691,0.852461047250906,-0.885571753942339,-0.262966392211052,-0.590004618356802,-0.421692757678012,-0.5954427113094,-0.230413987446361,-0.0660883836625289,0.00582672149633058,-0.117775270968307,-0.0315906958098494,-0.148666411036005,-0.596610967621815,0.0805100649025036,-0.0104451813379157,0.0711813267729191,0.618002397567414,0.147226723513862,0.228658476228561,-0.305958361188762,-0.0846317553996176,-0.245579778017313,-0.046163631955613,-0.595533493106377,-0.525465099213935,-0.416940668946076,0.355392001042247,0.716054156346411,0.291283432168362,0.226778634413577,0.213024679803749,0.430457841185042,0.0995617647404437,-0.147158465315409,-0.049301192870156,0.195691783599335,0.09644467975524
"GLYMA_06G016100","yellow",0.622261937018126,-0.528553086886788,-0.426383146294765,-0.606565648604488,-0.853138742143084,0.826829051959646,0.187729554867621,0.379263064808877,0.287013760559012,0.239697660480697,-0.0848936911756761,-0.0399680679898003,0.0667297595649119,0.0661418409093122,-0.141702433307864,0.0877734680623055,0.611212973726125,-0.160382727042661,0.0197696748276045,0.0765419740497209,-0.421150089906531,-0.127610962121741,-0.0755488667539912,0.41046555662859,0.211790591897173,0.339949462839629,0.26153734909409,0.71923968128595,0.600387181583426,0.231833532695033,-0.173252681548824,-0.558708319164399,-0.171752277395236,-0.167061263899068,-0.11889402165609,-0.310310028425453,0.00349806389859201,0.0323354916059296,-0.213874810282032,-0.245585996062862,-0.0631549553217179
"GLYMA_04G065600","yellow",0.622202964724875,-0.34494982237131,-0.367751476653593,-0.617041398040408,-0.79675026523335,0.843881034087707,0.316878385792698,0.509206420313495,0.19660960454585,0.217338838890623,-0.0398162625658141,0.148802244273395,0.13974913568295,0.00814774943553781,-0.243994154620222,-0.0240538684140014,0.406244528606428,-0.178085169360145,-0.0269272345124816,-0.0317927482157527,-0.169577831640823,0.1018213020655,-0.155673866566963,0.215951733375915,0.459934754335223,0.581278857969418,0.318806049227321,0.76070178036861,0.381317840176004,0.116309079373658,-0.371478537161134,-0.68407748604856,-0.314442262016641,-0.237211466222242,-0.402841722744954,-0.534881314134279,-0.252991030930161,0.0282005190687689,-0.0974966656555607,-0.180007371400934,-0.0685201395131628
"GLYMA_05G122700","pink",-0.621698734802682,0.627242470727084,0.477560626874332,0.456531440847723,0.849374867073789,-0.80647593171465,-0.0569951216298537,-0.328095200109728,-0.423731256075632,-0.303701268718921,-0.0458296485388639,-0.0960375745694367,-0.0263740857977482,-0.25013286845876,0.0878984916351597,-0.0340686360024038,-0.606069647516496,0.0482280659569177,-0.0930072704063061,-0.089876828372619,0.48013281577576,0.28071906915551,0.14133477694868,-0.395535779887786,-0.210632149536584,-0.248241697957544,-0.245347328191646,-0.702871747269717,-0.705208460768361,-0.425443236152531,0.172523626275586,0.481148918073757,0.0445881369297215,0.0786598144690007,0.106784584681243,0.205285262442678,-0.0907406667616182,-0.0701036107246803,0.0874680178429701,0.238003515040479,0.090689005312606
"GLYMA_06G169400","yellow",0.621684673448827,-0.467697843297093,-0.332921941878172,-0.533123301018001,-0.871301768236949,0.88904267021358,0.273645521349986,0.517636762527558,0.441330726844758,0.343292523375891,0.119820105768938,0.0486708480992706,0.0609095503767462,0.14189065040519,-0.113565831738781,0.158602762585858,0.626032189896822,-0.0308628414909461,0.0827089310176609,0.174935211226695,-0.491653700761896,-0.150843933476584,-0.218023958003213,0.284384095406908,0.192538861463526,0.316446685598971,0.13285698041685,0.676856972696244,0.565266052857434,0.299688941791642,-0.267778155177468,-0.659068083301932,-0.260886754701047,-0.161019020245065,-0.18158874900141,-0.296408034860247,0.108116157959361,0.0125356699939131,-0.184102733402513,-0.398954496156909,0.00133824120292679
"GLYMA_16G026200","yellow",0.621122885636346,-0.378602793636544,-0.341995871210236,-0.453292740499444,-0.722834473410319,0.821221393036498,0.209293356532096,0.529901401834686,0.142438722413441,0.343181064864727,0.121382680959404,0.0961999943135479,-0.0878857980037721,0.113049391139838,-0.0883252133565433,-0.0388524577755027,0.397102367223664,-0.215157460722623,-0.0115346824801452,-0.108883625333097,-0.278554945012775,0.157401040564649,0.0070524454453595,0.420483942806992,0.405822384243571,0.369661954197035,0.17219796287004,0.643208077041244,0.432293976634956,0.324525645687096,-0.349498616917241,-0.638325908101538,-0.220714776800507,-0.0323688981767321,-0.227251960808844,-0.529455523519603,-0.261364902135236,0.255367332333603,-0.160914526635014,-0.160183560054083,-0.329333617568799
"GLYMA_07G057200","yellow",0.620903629147551,-0.390105918199684,-0.3026128182047,-0.337145373628504,-0.710782042182635,0.821216025655525,0.184666899556297,0.569197760744111,0.334577866491083,0.426602816861569,0.274759022896807,0.145403650651617,-0.0540456781422316,0.0367421760310392,-0.0513124988563519,0.0464261439774314,0.442783584380478,-0.107042207290025,0.106738440435874,-0.000817434483359617,-0.382948793096422,0.0178705166015018,-0.135534651200726,0.311848021644098,0.399323098288123,0.224035371886207,0.0510794889212177,0.540219059610741,0.476418130215329,0.43222683213079,-0.364798254542168,-0.646038599046423,-0.20450765307049,0.0499008112546748,-0.111040046858035,-0.395034821911959,-0.0819645793608409,0.163373153386146,-0.0299173136584244,-0.217864811192437,-0.152084213750028
"GLYMA_14G202100","yellow",0.620877419046176,-0.260453566466489,-0.381661478972534,-0.474803020640173,-0.719299799999589,0.81052771992296,0.361410102453221,0.575392943198272,0.212769646481968,0.37376149889024,0.130529832519768,-0.0607700772522824,-0.00375090937335887,0.108494951508825,-0.120634145274752,-0.0115833268344424,0.36258058129827,-0.236335551343387,-0.0741486961049794,-0.183579038908243,-0.253260042596581,0.229914990171418,0.0122377680692249,0.349474839114568,0.238314739311909,0.50760621311281,0.158314600904183,0.666370834297433,0.312593008069393,0.180801382395935,-0.25784772241924,-0.664304844449506,-0.359543509605017,-0.310618126143652,-0.361876625663678,-0.571034230762002,-0.281378965647162,0.29294244495298,-0.0684421987330061,-0.160381983460103,-0.163177000483351
"GLYMA_09G000700","red",0.620209104353696,-0.833865700583033,-0.593534693860783,-0.178660514787923,-0.693638851351299,0.550671167794409,-0.322164760338587,-0.0113718794870162,0.308244797654555,0.35487804898593,-0.0372873301830415,-0.252693675373762,-0.0337696616108052,0.0657606616174534,-0.0350059086501076,-0.0539135770388871,0.551710734306525,-0.120047303721285,0.058881365277146,-0.059328154192372,-0.464364547213032,-0.371234148168713,0.192812188478955,0.664223169169722,0.233561302511463,0.0331263666970895,0.374537322821048,0.61747108140713,0.846588042757056,0.612264618105968,0.170523854140496,-0.137568718454319,0.323919999769207,-0.00975360160701572,0.174905972162095,-0.00135087163817993,0.0739134893211423,0.146671385435216,0.293860197357796,0.246048708905333,-0.0658541900657363
"GLYMA_17G174500","yellow",0.619275865681105,-0.497150902234697,-0.418763856663068,-0.363739347415075,-0.899369822633485,0.928009892468163,0.226165282160558,0.60427773028106,0.545075330210885,0.599727987864644,0.27064790669121,0.121981885453885,0.0223433268355449,0.127497787267161,0.013017575817981,0.054016245581415,0.586041215423431,-0.172008619283793,0.0410116776555732,-0.0573382531493956,-0.724295090686108,-0.277986803332088,-0.289906400632654,0.30944085778751,0.0121302848679586,0.140637970186358,-0.0110040739571427,0.580625785046741,0.615087264604569,0.47620162784425,-0.30984475889995,-0.717348006275034,-0.268125509525804,-0.215002773200137,-0.125085615759227,-0.32655997684547,0.0607539921429091,0.190933536020149,0.00931731582703524,-0.247542091008667,-0.0552547983586356
"GLYMA_10G028900","yellow",0.618563323851509,-0.358713578781282,-0.324896283207958,-0.405382445511576,-0.857500161702158,0.902064921860284,0.353245306360011,0.644149143385086,0.458484343740282,0.56480918659564,0.237500089918578,0.117490093348942,0.0902655791872256,0.22513052934982,-0.0880623754384921,0.0737004682112096,0.529406281533063,-0.186580423527998,0.0245608110305201,0.0115629486791942,-0.651799255529155,-0.138009106831135,-0.25396152583212,0.280007848467833,-0.0603152089362104,0.24945942103254,-0.024769686075694,0.582696284021641,0.468256624073459,0.331430098093963,-0.305461481777741,-0.750690197226331,-0.380958068947616,-0.301523111225807,-0.23680690230476,-0.422474290134775,-0.016030504415324,0.146326625368028,-0.12883759896372,-0.350112735312493,-0.137885401814372
"GLYMA_09G079400","yellow",0.618122094550117,-0.233389902993045,-0.1049997516068,-0.403202687380269,-0.820684874757468,0.912071466868271,0.488490517699762,0.743874568850108,0.543357513007686,0.561863999838924,0.325199223483876,0.0603927427662304,0.0813966623493676,0.215883554442247,-0.0115799096186137,0.276236516201379,0.647533005381804,-0.0251846042842624,0.154456381953509,0.156714231439392,-0.662698862692683,-0.165308888600414,-0.474070750385744,0.0560246829633109,-0.102465731816034,0.220770481134557,-0.165090107011111,0.475732543072315,0.38906509518077,0.276545671609176,-0.431100562861847,-0.817347111526552,-0.497857436311549,-0.269705696946264,-0.253923610281735,-0.405684759098421,0.077102427496891,0.00193607116716179,-0.19005970238061,-0.548442128619169,-0.0324108734043569
"GLYMA_19G119200","pink",-0.618051285078411,0.587226764462025,0.423869082496391,0.547280263360225,0.929762499120253,-0.870015221202711,-0.156921159337798,-0.392645823097386,-0.397376990838615,-0.328769409362543,0.0489332714466779,-0.149823768012116,-0.211183453335339,-0.147212007655878,0.216754202536952,-0.0565174363277377,-0.625960135089204,0.134347930903156,0.0603984013318549,-0.0629480556750482,0.519223256095575,0.254352148086319,0.164747078153524,-0.361993306132691,-0.202237640863696,-0.332026133765834,-0.281050275460601,-0.759710270340716,-0.658569228617932,-0.30537145782448,0.207151099926351,0.601614959737389,0.162502257046204,0.261573597543336,0.178822714047993,0.289704881747711,-0.0329926824045746,-0.00602282484575116,0.0370052144978296,0.193399647955672,0.0446940815038459
"GLYMA_14G012900","yellow",0.617924338827751,-0.42098886620735,-0.406894810633617,-0.289780930670079,-0.849269764402177,0.901760307349113,0.265704888427567,0.651357770520683,0.634432891063771,0.637297127017317,0.3723078216916,0.168074471046106,0.143648601263732,0.215200620532054,-0.066106621768717,0.0802776463203251,0.556286012767532,-0.150843502199153,-0.000404923247763818,-0.0321297050829279,-0.776198624790223,-0.29800453260331,-0.351775739125985,0.229974691433629,-0.0621025377108259,0.0701102060982416,-0.139078344442193,0.48652709141002,0.564717143942906,0.490583694662042,-0.371724537611962,-0.725379764021812,-0.311329248149537,-0.195764063138351,-0.0786080414306581,-0.285054888640069,0.146668785828549,0.211354291607164,0.0581394946620689,-0.320510617818895,-0.0435379159650708
"GLYMA_06G085600","yellow",0.617857060151245,-0.299732249066855,-0.319955767693059,-0.395108353200763,-0.795286922112607,0.813481855357994,0.379202921124773,0.573984027630181,0.679517490059895,0.453054679708551,0.233867845278747,0.114694609672691,0.328894536759123,0.114346744190833,-0.185396990897567,0.162576830658277,0.554273847759164,-0.114466025682012,0.0435419687094209,0.0780113578737017,-0.609946417298149,-0.28445738392306,-0.429501203342439,0.0245378943538384,-0.0909083112269406,0.248403920973409,-0.0451765311655136,0.512897602826092,0.440410433541052,0.234279048853886,-0.290976187255223,-0.673318739451426,-0.397366868771424,-0.397536045724781,-0.231584590995369,-0.249725896152689,0.165931589101778,0.033198959200687,0.0664119604451818,-0.359607464529115,0.210533491254612
"GLYMA_08G018000","yellow",0.617600069051356,-0.288907305350762,-0.180141161874662,-0.44296023421807,-0.728749950122078,0.807920110199225,0.323733853374282,0.572276751768039,0.321162030442235,0.346151524438947,0.140231391856854,0.176995716870683,0.268036945580148,0.209066899955456,-0.292268451078108,0.15901067589627,0.528913982042314,-0.0796230632986063,-0.0521003729583427,0.158132609795325,-0.455288097297148,-0.0530111472903747,-0.264968078491004,0.206923005387158,0.242227640177945,0.245612478291837,0.00465211379720069,0.512359821206019,0.396892984915147,0.249586563099507,-0.462107187279718,-0.693384507209862,-0.332198238818935,-0.0676555615089905,-0.15028367362941,-0.375039258047928,0.0128683515278896,-0.0192691801219831,-0.155741079334233,-0.384730642306035,-0.190872056878156
"GLYMA_04G141400","red",0.617473560399865,-0.71898128200449,-0.544346130739569,-0.237407689264212,-0.828895550012305,0.787072075237101,-0.0726893534388697,0.334783313766397,0.588026456113567,0.486904900299044,0.246526616080488,0.109661234249807,0.00241474101781792,0.253973376932044,0.00791097542379182,0.0605948040840503,0.6379198098211,0.0213768260539005,0.165619877223523,0.117585894433021,-0.696161283147069,-0.463927701989284,-0.186449905678004,0.418043106101072,0.0915891867306694,-0.021984948067144,0.078379168080251,0.564664946423739,0.821427677709406,0.663883703958379,-0.11784690974249,-0.440079554094643,0.0511170547662569,0.0622660480405429,0.0946088196560665,-0.0704370831788799,0.240950664497396,0.094220927280369,0.0629518706187091,-0.221490000330121,-0.0420867467098985
"GLYMA_19G187000","yellow",0.616691326722374,-0.295121651406658,-0.346547866395951,-0.330603903900128,-0.800538478161162,0.909136404832942,0.384496812706245,0.730319385047597,0.470038278387012,0.614316207304182,0.366441166253661,0.150138997975061,0.0669886824310129,0.248449726693692,-0.0652196955932175,0.152725940390665,0.544810404389603,-0.124463843029516,-0.00223225585524246,-0.0501253830754469,-0.655239948013733,-0.0543606113111296,-0.257428060859852,0.25629342532722,-0.00884914987693715,0.197359200225075,-0.146407960466082,0.499023884720647,0.41953276941007,0.387780897379303,-0.472581507788908,-0.788488099395927,-0.416235264808395,-0.180270610608459,-0.173564856035857,-0.474884644806418,-0.0447896342933514,0.241171697971961,-0.0502593434171781,-0.367137004331517,-0.177069534500417
"GLYMA_12G233900","yellow",0.616540625668996,-0.667430453083252,-0.610445611750474,-0.521410638111326,-0.914816958110717,0.838599338327626,0.0548556796686431,0.320002844887451,0.471784537191092,0.314426772129638,-0.0207137046412464,0.12590726440321,0.170281282544924,0.120350168149015,-0.186069182492023,-0.0590287460935403,0.539495756099646,-0.129866832306224,-0.000304703202231983,0.0648405788282879,-0.522530817347456,-0.317711874004604,-0.132582392284208,0.392809768248035,0.188268609727852,0.281862224887418,0.314625491472131,0.761737495195236,0.736523786032802,0.391852529540037,-0.123016205083448,-0.512678688948543,-0.0618348383893122,-0.228420372504162,-0.128372795789062,-0.179208727185532,0.100188488782781,0.0275181686082937,-0.0104810488255483,-0.136541880250092,0.0335231411345144
"GLYMA_02G307100","pink",-0.616378680109992,0.364928634717884,0.258358889849688,0.661698863962069,0.839972343480579,-0.863070470531532,-0.338866155501567,-0.50831823683409,-0.39496563735507,-0.190372999384772,0.0123390679024267,-0.12207192614764,-0.262202684042353,-0.160239430019207,0.274386960723541,-0.0697682042844521,-0.510616273185629,0.145641195128151,0.0142620349890104,-0.132124051851011,0.400373285613611,0.0916778754502344,0.246833827215159,-0.205343403605431,-0.209437411398043,-0.395760046502161,-0.19005942668862,-0.692198413500402,-0.473155900430219,-0.132336631799937,0.335093236004463,0.67832748260125,0.329284997465083,0.276073947118178,0.273560630252435,0.300127385492219,-0.0795152688203955,-0.0172176408123217,0.290647548699887,0.396177846358643,0.0566930975853822
"GLYMA_06G061000","pink",-0.615780569710105,0.758273910221347,0.553474381334588,0.519400717668915,0.858270185603973,-0.728577877119475,0.0748132751927118,-0.129988968937832,-0.195418950958807,-0.23937246048776,0.234954587102495,0.080097193870603,0.0011646267771012,0.0565651242174797,0.0962449821619936,-0.00571064529638446,-0.621754590362205,0.12785221749135,0.0255100738361964,-0.0057200709250281,0.345099076573366,0.197374302595583,-0.144263358637386,-0.604351833929388,-0.379696256750769,-0.334448266975724,-0.507277169142385,-0.806349135501836,-0.76429766957506,-0.348542028482939,-0.078872707672787,0.353033219493922,-0.109297555520399,0.145589463129481,0.00671127985694153,0.203388501539388,0.0499777866436582,0.0156166704676857,-0.080807529050036,-0.118483358525617,0.00931043766723454
"GLYMA_15G016300","yellow",0.615477976725744,-0.312706600134811,-0.339885903452532,-0.521607616811516,-0.780278652263221,0.863453393291141,0.333330207646605,0.58616022396586,0.304259801684543,0.333399655779009,0.0915918398687456,0.0720756443792834,0.148886334017351,-0.0459708447657854,-0.263343959928894,-0.0459657353459265,0.387444633025321,-0.274296683643266,-0.0498865656372888,-0.0163422972810958,-0.289690135656242,0.118156409363439,-0.105507213779163,0.26521447999408,0.387949935260356,0.451912397967277,0.164823989446057,0.662663211049286,0.388765597742238,0.183200699123578,-0.319577882601354,-0.701544199768622,-0.3344352949718,-0.223727969360011,-0.215441286895256,-0.484620262591589,-0.141611562209503,0.0811225163468736,0.0451703009251513,-0.154882707709733,-0.00280508876946126
"GLYMA_16G016100","yellow",0.614843372296071,-0.363167973748309,-0.338172279844998,-0.550973385319145,-0.88480622263404,0.946151025578816,0.396361787010118,0.635772274207745,0.20551565554085,0.484692111496414,0.0685345541225948,0.0162576879940828,0.0017936040483374,0.0146364831721083,-0.104655384102508,0.133107728536662,0.577626091384391,-0.205196388920499,-0.0761929225412277,-0.0307862933889297,-0.432279802445748,0.163213920671092,-0.00430453031269922,0.434394559571945,0.242626839389364,0.485338330275466,0.167459075534354,0.733517258313277,0.422698223598979,0.212253562246618,-0.329110839118018,-0.780365836996102,-0.390735465359075,-0.301857635569768,-0.273113401470644,-0.613250334425719,-0.264328388097209,0.113587285860629,-0.100255576595672,-0.187110848684279,-0.169593749009488
"GLYMA_14G041000","pink",-0.614842004193747,0.404612637753248,0.252276970179002,0.654205597337343,0.894966242879067,-0.872120221542552,-0.362590253439132,-0.491292368218819,-0.309097407604468,-0.291864617843151,0.0722545681426893,-0.0518397705598172,-0.129788536606859,-0.159083618673842,0.116642905431317,-0.201311902796733,-0.657154968083776,0.109943847263046,-0.0025498823188934,-0.0661464768631902,0.458547243772361,0.116202633033307,0.235352673967639,-0.252456359497688,-0.095813542087521,-0.43632694337681,-0.227045419980339,-0.72646857775905,-0.478118846131166,-0.126253873969347,0.304489314651115,0.689718102832287,0.342129557089257,0.388120163266346,0.338387701909725,0.37990769219351,0.0339440676296568,-0.00906392541895363,0.265624390518288,0.336949849126845,0.0926808887196181
"GLYMA_12G058000","yellow",0.614377075964548,-0.433124101399126,-0.452269893917756,-0.629822469458716,-0.884054004461994,0.910535456854752,0.316064222154831,0.524860165492832,0.180093585430946,0.32839319320465,-0.0319766006610459,0.0204263613164853,-0.00669313286887507,0.0286913872782917,-0.108032771109442,0.0342847621479978,0.512318505257609,-0.148380065280953,-0.041726327819988,-0.0469497615227165,-0.281150624712875,0.123138216942935,-0.0215666190643339,0.387421449450529,0.355443173179482,0.572817800238732,0.319823280467195,0.818287627645343,0.464878215440088,0.178983207050051,-0.262998145102643,-0.695805663170382,-0.305022122376756,-0.289535752701995,-0.348082426870224,-0.56205372388432,-0.260162160746104,0.0777409869898741,-0.120171720727935,-0.171311061524527,-0.109574949874427
"GLYMA_17G190900","pink",-0.614315689938602,0.613851062685035,0.538650427723876,0.352557481297093,0.810222530503188,-0.80313125596987,-0.0359775485222618,-0.359347654419222,-0.192855695311453,-0.453960284016685,-0.0650890484702919,-0.084704211955569,0.099893649251831,-0.184871622539809,0.040267210976247,-0.00485864737390044,-0.543693811391807,0.117520963229902,0.0739025838267292,0.123610617218408,0.406302807071275,0.00474226040494153,-0.157439260639715,-0.620038173602834,-0.319431960283817,-0.339963499260638,-0.293516078161142,-0.748935714938386,-0.638384118617918,-0.483142552861034,0.132271251598508,0.501562904208275,0.0357013048926159,0.0896275732838337,0.176213317992458,0.464466097573238,0.268591637617375,-0.239233218368287,-0.0738973425717372,-0.0159403923183283,0.299456535982536
"GLYMA_11G185500","blue",-0.614010193659806,0.248505563405393,0.223312294538772,0.573067391227982,0.864321243707167,-0.937285716458243,-0.498383587880089,-0.680435434750616,-0.311710770242398,-0.420565360820036,-0.0961905627740247,-0.172479585381154,-0.137207509729049,-0.142571899773365,0.15855860472082,-0.182064737523449,-0.571331682316412,0.16071339272263,0.0812586672573806,0.0443282564314924,0.425357685735249,-0.109771347712419,0.185615340290835,-0.245709053426081,-0.157659680347801,-0.529717842787722,-0.11329966142919,-0.711736420215572,-0.337853119129623,-0.118935335294111,0.459256038221792,0.83407710391653,0.500259432945418,0.393273877266885,0.403655492286652,0.593306534557573,0.200777965929255,-0.126342949318716,0.137060342877992,0.327883874914915,0.137415188482731
"GLYMA_02G298900","pink",-0.61344260573906,0.405922709447309,0.288748053587293,0.351511473889146,0.820632331532017,-0.871356450901658,-0.266363598911328,-0.590404665837925,-0.377454062407332,-0.535708540279039,-0.218467996635717,-0.155605646161567,0.0261448164774302,-0.0615980137850977,0.0220994939669854,-0.158304441755873,-0.581585438988765,0.0999365709579843,-0.0111917472466146,0.0286257308166643,0.535698337616827,0.0387228332171514,0.125054355535462,-0.356341077951912,-0.20519980316696,-0.265104501143425,-0.0502799692816829,-0.595107069042983,-0.48968938641091,-0.369573759388991,0.341336581354179,0.704252249557577,0.288262588965591,0.168242312473325,0.110741266012102,0.44436081018416,0.0844593867621224,-0.124820103549973,-0.0403237373370616,0.203753013122981,0.108143869250488
"GLYMA_06G005700","yellow",0.613410914934451,-0.204440298324146,-0.196681707919175,-0.452211508766144,-0.857988918699569,0.947241350246256,0.54503950575692,0.783162187573236,0.512384778591412,0.593995701568405,0.287270553870333,0.059633750032963,0.0925106847669955,0.131106872102681,-0.0218698795279486,0.218027436091013,0.588887585708352,-0.168856066431574,0.0366321022312277,0.00037474757596974,-0.649119313689507,-0.0653774397460712,-0.364421735122314,0.127362925493899,-0.112004825971201,0.316172477845718,-0.124500103522563,0.537372332871384,0.341354391278444,0.20489656488831,-0.365542268665115,-0.861582889335602,-0.56374429997104,-0.439530893466828,-0.300396500391086,-0.508330690870691,-0.0358486620648372,0.129478639878129,-0.11528678238687,-0.435511656365932,-0.00335520562941577
"GLYMA_11G245400","yellow",0.613037007909722,-0.400287682040606,-0.417163594650155,-0.583715461177213,-0.841839939282363,0.889836710627774,0.304579228748017,0.543271949797937,0.166392338839768,0.337117944552323,0.0153767106076033,0.049373104761722,-0.0420618497497082,0.040642601956368,-0.0999225757779436,0.0160419800030398,0.46872226840603,-0.165643174342718,-0.0276863169781243,-0.0688160266498787,-0.268398650534254,0.125039337637306,-0.0605499488861719,0.347794810807036,0.374231305139602,0.535764057180541,0.282782686839476,0.768321902964066,0.430484922135873,0.204013549807812,-0.331295262681213,-0.70107020744205,-0.304853217574827,-0.228858574419172,-0.369905754710258,-0.582743433626528,-0.290618578486852,0.109191115268568,-0.119657091306482,-0.175973831470234,-0.1574923921455
"GLYMA_08G027300","blue",-0.612559682642529,0.160457279445956,0.125003621604726,0.477287937805031,0.786240582863367,-0.899009778611182,-0.546103359490592,-0.74308457470079,-0.427864539912632,-0.480623779953006,-0.244109967834102,-0.114777314265241,-0.110227751910327,-0.16334454315929,0.0984422589183388,-0.264813420161597,-0.582237632963458,0.102854575483847,-0.0641327068615392,-0.0669006582619214,0.513228684593446,-0.0846078265550389,0.253597811843301,-0.187787065842116,-0.0217775406455114,-0.36975750352091,0.0946852637821157,-0.544219410776659,-0.291743298740553,-0.155032485659523,0.427048515053923,0.821319290187491,0.538495861571527,0.331364833106495,0.243182871803251,0.486853759602107,0.0341185145665745,-0.097104431390526,0.193256547554165,0.470833044411434,0.0742659850808854
"GLYMA_02G096800","red",0.611876029236252,-0.780487140394201,-0.539172686107667,-0.399600195742857,-0.756682548963062,0.646191678642825,-0.196694410770577,0.0795187208427773,0.422097780454024,0.165576531976045,-0.0557944005936746,-0.0831513435754349,0.0668219093967474,0.143078984766333,-0.134613743485948,-0.052338069163923,0.540337503901085,-0.048657791620171,0.115705124692587,0.130510706341498,-0.430222076109041,-0.413632773068105,-0.0126595527882184,0.492368666319115,0.269049870669037,0.0813030212834908,0.346611963131823,0.653857682078676,0.842130665618366,0.498406600284825,0.100642115750201,-0.236389979196673,0.210102217516045,0.0377833998703389,0.114495999301917,0.0852809797781178,0.287728866059285,0.0249382178754644,-0.0226020913610483,-0.0807032694076195,0.010059007959148
"GLYMA_14G143400","pink",-0.611646606779192,0.619933401781459,0.559219593849169,0.490750897248537,0.91212231227891,-0.861071381877865,-0.0971203710264166,-0.383044119374157,-0.338485727127032,-0.390915878995374,0.00932732985482964,-0.210787008984707,-0.126562894111761,-0.140545814990573,0.181298993705571,0.0415372366534963,-0.535448393336072,0.139215340793601,0.116786257364802,0.0048504326333263,0.501869730780831,0.182213026079094,0.0501713238530534,-0.470081945702581,-0.234195743212087,-0.333884592762465,-0.2961833864187,-0.771635242466808,-0.665272736596287,-0.387854247251979,0.236529838021824,0.582682121150991,0.107888780450043,0.203748941973236,0.17912713705092,0.342531728401988,0.0682185030820649,-0.0661316472704621,-0.0121666239971647,0.111379796646881,0.118943989741984
"GLYMA_13G087500","yellow",0.611449338547266,-0.280752276197242,-0.0272463082716859,-0.466002580712382,-0.818002168392926,0.88239348608645,0.442764419420834,0.638302414487278,0.371466455648958,0.478087212493741,0.144449647770444,0.0371478538958229,0.0978153541955028,0.25061709659,-0.0402228843504443,0.379408284436612,0.76175118732466,-0.0410885807904395,-0.0261431794529272,0.0480143369619455,-0.57321237520531,-0.0443935997447379,-0.242415020398895,0.262927511581335,0.0288932133750224,0.309015265231436,-0.00521170156756664,0.571947075203345,0.405577586054663,0.21698848755239,-0.457669182786755,-0.761488262831683,-0.435762163844311,-0.317707256572677,-0.228840187002039,-0.442469604403687,-0.0420349106807121,0.0712951263160341,-0.15415975471824,-0.388913149801803,-0.186426598946765
"GLYMA_02G299100","pink",-0.61116015870077,0.699830629724911,0.538847779429114,0.373118462428499,0.826281602722016,-0.749267393534031,0.0687945195831194,-0.261524133212788,-0.475470511199335,-0.333448507243957,-0.0702107612626566,-0.111351000379167,-0.0820831020353507,-0.00352028076497118,0.130434565849478,0.0404265712036155,-0.51482668487578,0.0366460755356263,-0.0931701284995271,-0.179094066505965,0.507267022950347,0.408584677203501,0.18769855312397,-0.348857201666514,-0.290909571648483,-0.117199543638201,-0.241166315608877,-0.628051848925396,-0.762132008717674,-0.504234780914214,0.0286526185364504,0.427213498455495,-0.0596905254318463,-0.00582604298795441,-0.0438580182846672,0.0775735019206128,-0.201099181768854,0.0801883151480702,-0.0597285226598193,0.151393294829272,-0.128417439510012
"GLYMA_15G130500","yellow",0.610724158344188,-0.37384225473276,-0.308363847809424,-0.432612609369656,-0.82199532154603,0.901448772239779,0.313559180554282,0.643726663177913,0.522784091110818,0.453221969656939,0.281032091797167,0.150910710825946,0.0751618515117045,0.157471818364111,-0.0561412120082803,0.0959703431707407,0.533463603917259,-0.0759315304115016,0.124339086366413,0.0918290167761189,-0.588605314397015,-0.172130153011017,-0.351938184893349,0.186063851144227,0.0994016108900324,0.182375093665936,-0.0537050338644548,0.532059628516262,0.509678142716006,0.367646193125707,-0.340896532630834,-0.72494802217367,-0.331409210290827,-0.104504713252172,-0.128623885764707,-0.294532180668566,0.133124728825006,0.0879464694363722,-0.159855119778388,-0.438913969099411,-0.0362430774316096
"GLYMA_10G263200","salmon",0.61061895673084,-0.470190560281632,-0.47784641091602,-0.624077889183825,-0.825600754612781,0.806471935359653,0.221599254021372,0.358689343043463,0.121973598741429,0.189675471441577,-0.176540070079419,0.0389548470358482,0.157518421288801,-0.00975737589307847,-0.294033289416683,0.0112297037742433,0.490500121531675,-0.157417465768643,-0.0901845738078276,0.0271813164557785,-0.141923208626954,0.164558352561739,0.120873360290092,0.45424775323388,0.488619179846888,0.639813510496402,0.449439518641717,0.867243770874177,0.471124612759208,0.118416151101305,-0.130972095973021,-0.563902140029642,-0.19731582311139,-0.290811030591146,-0.315908337446382,-0.519548200090682,-0.291232273343199,-0.0295358285270049,-0.00377635085881771,-0.0469737174891021,-0.0756147548126294
"GLYMA_06G165000","pink",-0.610510305831059,0.408231891897567,0.365201781496137,0.390036470100688,0.848830014659533,-0.894419800633878,-0.287216117672721,-0.616930366820855,-0.43426288347323,-0.589979238000575,-0.205209535103149,-0.126352460546913,-0.0949067829747109,-0.00763562841455429,0.0608552022906397,-0.0532769800316777,-0.533563366840371,0.305324352037574,0.120316894537289,0.163077665897169,0.67284143012591,0.121253802100262,0.143074847765479,-0.38293880178186,-0.0339150863984316,-0.185429028607572,-0.000373515428452192,-0.558653584573908,-0.513003812319792,-0.365592419606179,0.261307632983877,0.732554016674823,0.321441577736147,0.327193665269706,0.0951268555417585,0.383976651560977,0.0282182758881916,-0.281657190197856,-0.0727126663142972,0.115804007654957,0.0556971987590747
"GLYMA_08G141500","yellow",0.610427043294979,-0.422598524872124,-0.397111233791213,-0.184086688457123,-0.759945558957909,0.8114765680034,0.195841821396484,0.57555751963091,0.499462252040158,0.698656114109717,0.369875790197014,0.0533373801385874,0.0774203637859919,0.201071299992554,-0.0177692158466036,0.0260213198903753,0.500001136381076,-0.166074465647827,-0.107674601459372,-0.118498149320214,-0.739873794243048,-0.195613857675836,-0.16001712281537,0.367440052696377,-0.0859719204793772,0.0494524907800015,-0.120698495192001,0.448664341446256,0.540604895655749,0.536367444951935,-0.165895701797181,-0.624467512222345,-0.236897898651435,-0.207263152905691,-0.0551431254159853,-0.324589333983969,0.0246258071085903,0.304092549645243,0.123905162996212,-0.165764113907868,-0.145725514301058
"GLYMA_19G153300","yellow",0.609953262394704,-0.257059687001499,-0.23089077469445,-0.302695378158125,-0.829464877712634,0.936877297381371,0.447041010944806,0.792070705436625,0.503942017499597,0.715063758482503,0.412492065418716,0.0902890882897314,0.0138542225294821,0.185324005716617,0.0273488701111396,0.193621150038126,0.580273642071866,-0.151996738603389,0.0228447502452334,-0.0579137206804811,-0.712917318127818,-0.0869373035255913,-0.33478844681236,0.193739670533933,-0.0909041610557694,0.204082439100151,-0.187796214985408,0.484169115262247,0.387422424116419,0.378678502347653,-0.451946715892135,-0.850529471779785,-0.487731086462416,-0.30194179185619,-0.24403212088947,-0.523765476671579,-0.0690556741923173,0.220654202656247,-0.0309673153994387,-0.375598516597159,-0.1246520902627
"GLYMA_07G125100","pink",-0.608575696715381,0.372109611040205,0.339041699570705,0.570719977035143,0.899440133577984,-0.879952344788371,-0.406226917824232,-0.551620558420947,-0.389336865605629,-0.419992906825618,-0.0192254346630898,0.0347295841192126,-0.171081732062397,-0.0985970527246773,0.101078730958084,-0.210062955937724,-0.653565319366653,0.0983155700651997,-0.00322667948470238,-0.0708857642326996,0.544368043637127,0.109134782392766,0.217363899764186,-0.240212903292238,0.0268669885830101,-0.39943094055149,-0.12306883362323,-0.671522471283613,-0.451939554156414,-0.142932326705074,0.223920040021524,0.708889758817488,0.401815854451397,0.471472685056879,0.270210623469349,0.419156693485139,0.0394798013493918,0.0244990434541337,0.110070480728444,0.316752148146151,-0.0263512668256263
"GLYMA_08G304000","yellow",0.608054654846678,-0.230185721628342,-0.242759065811043,-0.225009663223869,-0.778295416875074,0.906816134643831,0.41095115438213,0.80417874349256,0.557246997542465,0.738118613206322,0.49100486344012,0.145892218363152,0.0685093334951292,0.219860336705606,-0.00771387806876922,0.0912301784112629,0.485657820942496,-0.215274704442465,-0.019574526628668,-0.107253354583391,-0.749533604643636,-0.1273913031787,-0.377865394161471,0.159769337470513,-0.121437491321962,0.114521727455533,-0.266715308728448,0.406742349098287,0.378832978211961,0.43350088560513,-0.451710123669267,-0.836007525125013,-0.473095393607447,-0.250591166506678,-0.204278771781855,-0.477840291459454,-0.0236851614176875,0.291406298443439,0.017431711203552,-0.364054157912834,-0.145117513549551
"GLYMA_16G116300","pink",-0.607866458996334,0.502022062738012,0.432182707498428,0.645466572034491,0.898483841108765,-0.884749977535761,-0.232029914231652,-0.452579265850051,-0.342799878854823,-0.249319227652014,0.0546006933489114,-0.10340520010985,-0.140250074055845,0.0353149253682734,0.247873023997552,0.0199457792131437,-0.521352305431367,0.301413462075542,0.0344425702269686,-0.0103172503480857,0.403347616746089,0.0879718690873363,0.109509468050879,-0.369192652447405,-0.293953111132497,-0.405684040237164,-0.281403344661635,-0.76390155275532,-0.573809274531046,-0.204974697802343,0.278553712475506,0.648407272246123,0.226923791572487,0.248919304505558,0.159695608877347,0.314363972402293,-0.0292614353885208,-0.102575125074396,0.114085447104535,0.167666291368902,-0.0159499597351445
"GLYMA_13G349300","magenta",-0.607829862415414,0.82012717752268,0.607806292227141,0.33157985494555,0.750827031259403,-0.591867384051098,0.261983058678066,-0.00100200460584942,-0.37049539635808,-0.211640800578898,0.12121306723615,0.0581013682912785,-0.0730055547665932,0.00344355772936143,0.0781826954310819,0.104327314968148,-0.506494017940968,0.0496775239238958,-0.0750200275998508,-0.0389613204119671,0.380020551951346,0.451823588694852,-0.00748861390369687,-0.4822743602863,-0.31953797787518,-0.123054699056161,-0.428306146580742,-0.667211064358675,-0.83351384693441,-0.49235609129818,-0.237466363773791,0.179997711871794,-0.26322901783535,0.0744989507941025,-0.0922002816145965,-0.0287738734452888,-0.157349762591768,0.0276422007015365,-0.215019532065637,-0.113053517244518,-0.1063867748866
"GLYMA_14G054800","yellow",0.607613249738778,-0.682774804545332,-0.578120966270915,-0.454078786287511,-0.857073878490572,0.815495141761736,-0.0327639411439486,0.317143954568542,0.366765263109403,0.324737429993701,0.0102588168608821,0.15439715775283,0.136695910241407,0.220273835568514,-0.196192191826549,-0.154950478535514,0.484504948213312,-0.236990687071444,-0.162416316929928,-0.0995012253753605,-0.55198935362973,-0.260298619461204,-0.00434454674668039,0.551111499913337,0.22514206166084,0.150476798643086,0.256418717800341,0.693619583001957,0.762177863714296,0.483440006882235,-0.104557633308615,-0.486598691872227,0.0103993870982946,-0.0685831913294823,0.00394566065495574,-0.160043834389939,0.0947527861169078,0.258016805829327,-0.010301108228937,-0.0603229533051775,-0.208157988716681
"GLYMA_16G123600","blue",-0.606948941828755,0.195187515521563,0.174902520757495,0.544842789142645,0.791099467136677,-0.870750852368722,-0.470991415583252,-0.670473849874688,-0.448023878702253,-0.355094353528675,-0.150681657560726,-0.225842734822088,-0.339958442553754,-0.0483119834943664,0.305471730024887,-0.0658557090643517,-0.434121562177968,0.239772297492622,0.0694929261808461,-0.0547387843086062,0.459317497760088,0.0515807028885432,0.389777196971138,-0.0493499796440282,-0.144324387175352,-0.378674015197994,-0.0215019969918407,-0.567262484426627,-0.315545404501726,-0.109929720065237,0.482269460735175,0.8097286312357,0.486023922901246,0.340780709137914,0.299046695605677,0.390411113867196,-0.0315371807202207,-0.0551875640494317,0.122290580549366,0.366668952115522,-0.0443653209401154
"GLYMA_13G259900","yellow",0.606392222767337,-0.616601798423628,-0.488901495254766,-0.491448789939174,-0.864831661445975,0.819094946881113,0.0697989337440952,0.345753381122124,0.278282792234485,0.36061294719419,-0.0304534765257553,0.00842887685934753,0.0407485579933171,0.120597079749319,-0.116651683188267,-0.0647966716999773,0.546983432379301,-0.174237123543041,-0.0685264995182244,0.0159416432903194,-0.48085354903218,-0.1937731985412,-0.0317586757987375,0.473238723682612,0.188678846607627,0.276457025886517,0.289382043763165,0.716832746290137,0.677647566687788,0.375371215531654,-0.0392852660813587,-0.509476331931611,-0.0694844051115996,-0.184085317351139,-0.143658792939319,-0.305448411860864,-0.0539486295832081,0.0595825073928167,-0.0353645351411784,-0.0915074108094143,-0.129106004120317
"GLYMA_17G152800","magenta",-0.606196696669925,0.850915646907723,0.610785944068208,0.337608981071628,0.812085195298753,-0.676599716033095,0.241440495596754,-0.0792091980893217,-0.334342279561532,-0.315306241990583,0.0690507841573228,-0.0268393414556811,-0.0216451473700795,-0.195835500205442,0.0512108259137562,0.0958815233087211,-0.58280003544329,0.0685616896395637,0.0360514866842876,0.0226684438713216,0.514791477423507,0.445689543081452,-0.0148548612653473,-0.554430917972574,-0.214251600511703,-0.0885421642985945,-0.385332843683163,-0.689354614828888,-0.882866170331058,-0.579771711954506,-0.0319061467571653,0.268799852081867,-0.235193094736624,-0.0104707755399284,-0.0533656672141765,0.0555762463325328,-0.103577089727434,-0.100346915307653,-0.102824007839357,-0.0747724056060431,0.118548248929008
"GLYMA_14G130700","yellow",0.606180460283582,-0.579028645420865,-0.461050748629644,-0.450889256227436,-0.875619723603954,0.825509293248763,0.120152316923938,0.400721624291152,0.506402611457704,0.412822554580585,0.0716023734138538,0.0127331154121874,0.166454197817401,0.282916372777905,-0.103887527075409,-0.0112398621880854,0.589297190511438,-0.179225689579108,-0.0860417528444042,-0.0233109962078987,-0.686843462688762,-0.436269203609567,-0.292611061901352,0.302860025283525,-0.0684543130034736,0.108978538244199,0.113893298760158,0.59757671842338,0.697463276218273,0.41208722668899,-0.149970490247144,-0.542143119601696,-0.137410662440737,-0.221236737532617,-0.089926132846343,-0.133209276544888,0.201530860401563,0.154524530181847,-0.0807038966766334,-0.236611841084091,-0.0810093741823667
"GLYMA_20G184900","yellow",0.606097019133397,-0.396125307039876,-0.333665104959248,-0.479463185905926,-0.777150670651492,0.822379347941676,0.234452758664951,0.507020972485843,0.256885600499436,0.320395268052517,0.0761416150197523,0.20363839619077,0.189530539726194,0.188921919871382,-0.293370711531556,-0.00557402434242174,0.440153354565931,-0.16383165661154,-0.0606933238899526,0.0393714232210461,-0.379019708569986,-0.0266924429652455,-0.169178819341908,0.292342997837585,0.318249711278029,0.344500298239919,0.162116549875061,0.645308610468481,0.458107503484815,0.282086416669315,-0.404281739928912,-0.662712386842328,-0.243144448965311,-0.0675471616950315,-0.237028749806659,-0.408306211666479,-0.0960996431308921,0.0826654231987639,-0.133507003180369,-0.26045119875259,-0.206481007942949
"GLYMA_10G203000","yellow",0.605667629112944,-0.274980733250785,-0.240999573459874,-0.516129770058969,-0.880229114895002,0.924645212404727,0.466455100452024,0.690582556865729,0.525448589237968,0.485993858842166,0.170475081027268,0.121339574577706,0.263773256799152,0.0783697530547411,-0.185044343603637,0.115295634099854,0.541363094310138,-0.241333801038371,-0.0681966328462004,0.000982564676044554,-0.638231732055179,-0.160125063293082,-0.378336270582324,0.134311110808886,-0.040590146148929,0.296070894524933,-0.0374797497058569,0.570692070878832,0.403137850522658,0.183040738696115,-0.360465859491955,-0.821265493405303,-0.490595883584173,-0.455340048778155,-0.236540409424971,-0.374175868618593,0.0808117590787379,0.0920531025443802,-0.0701275185834639,-0.361280957783714,0.0539364062703065
"GLYMA_15G051700","red",0.605598341603382,-0.711340137586882,-0.489778899689842,-0.326312003155017,-0.768617055210783,0.680584505210577,-0.1088547997869,0.197171403820028,0.561608220587843,0.303111042508593,0.0813310757426547,0.0609270228525789,0.157309187989221,0.200230705101365,-0.118771493704163,0.0388183090246243,0.598441659386799,0.0278249317712462,0.127048803974461,0.222621896940646,-0.599424839087782,-0.540626834798087,-0.219485476314042,0.333506623668063,0.101641946522743,-0.0442584302591129,0.149736080392649,0.524885383108766,0.815332484026476,0.543774913719228,0.00241692685777724,-0.322675187431959,0.115699957605217,0.0511467967373948,0.163130727785441,0.097213290611267,0.387173543032873,-0.0561402469177051,0.0081335478927304,-0.232250030451749,0.063753532200019
"GLYMA_03G260300","yellow",0.605521965257058,-0.313922502835636,-0.307829648476687,-0.380764277332412,-0.731091702350388,0.828969150973696,0.314376331983609,0.600927565161231,0.279703862458515,0.452570532399864,0.208146168606895,0.0447202576967295,0.0557568333550702,2.87590002630046e-05,-0.180793453951153,0.135526023663085,0.492697902096192,-0.113401230839055,0.103300968049822,0.135657226354975,-0.378871160022788,0.146414230161289,-0.0574811578342496,0.339832861818847,0.302721278725879,0.329224849323399,0.026380530011703,0.56458494044805,0.390631606603928,0.301984560278458,-0.313666623524145,-0.685408281134308,-0.310976125278332,-0.0506619517936352,-0.102126073850687,-0.503523046761313,-0.157240028052935,-0.00912371439721399,-0.0368682412960048,-0.271531499520677,-0.110623343198037
"GLYMA_12G207500","blue",-0.605333939552329,0.0854248625864419,0.0831567787916156,0.361659581215987,0.721342971722535,-0.850646786319101,-0.548256609516948,-0.781377525693278,-0.560405677448664,-0.515341434191875,-0.367582195929898,-0.164381319813219,-0.23411583676708,0.0155037703670397,0.192424693891451,-0.23305461482073,-0.484037113973584,0.173620667155789,-0.112070423658365,-0.121938125324853,0.531269009356122,-0.00949822106005773,0.400073699615684,-0.0115602200154527,-0.0532881672887061,-0.279275111124656,0.214892685779388,-0.41886132183704,-0.231231406292724,-0.166743883743714,0.411458484894434,0.828888086872347,0.5675955211654,0.302274620492812,0.203333219613394,0.428232129024045,-0.058563000946039,-0.0288607040645481,0.0398724434480494,0.471490079922683,-0.110461259105145
"GLYMA_06G316900","pink",-0.604109554852476,0.379110800059844,0.263799062401842,0.621557305255046,0.895732830712253,-0.907833793457896,-0.362220377961931,-0.55406199153934,-0.277471813347195,-0.334543456117571,0.026259228871618,-0.0615287584243108,-0.141140631866297,-0.106466516701873,0.207607800341709,-0.0947393436125618,-0.57485352489809,0.279367130144517,0.0638526346580114,0.0117774286410854,0.451320366092325,-0.0161770801930748,0.109971216221905,-0.363227008404265,-0.174039763575581,-0.458338816233085,-0.213787826890696,-0.74770563113223,-0.453559336491365,-0.140855115847147,0.346543712469343,0.743057556347329,0.369754330023552,0.367249212674452,0.292897530719674,0.461269987543363,0.110395386831943,-0.103817913958987,0.193717676424857,0.250389349352059,0.166945045015889
"GLYMA_05G123500","pink",-0.604073651156456,0.421044505514367,0.288973319215886,0.622577453870126,0.897322485858819,-0.88435880626041,-0.361775756868207,-0.489818328840616,-0.303782417461944,-0.324502260304699,0.0426209039132773,0.0459216599881402,-0.0430086449204647,-0.270898752555912,0.0579703679078143,-0.19058913676952,-0.687147180573974,0.100635178859625,0.0310748117343401,0.00936068131877979,0.452986040213237,0.036145142535581,0.111242836552815,-0.352856763050811,-0.0341617139792459,-0.478542055098425,-0.220919023719793,-0.768314830933835,-0.501894376783233,-0.150569537181053,0.241367949714844,0.66558880798977,0.338283275443386,0.389946184607517,0.301762721094681,0.424703343713782,0.0696583361798909,-0.114994059286385,0.228461699792246,0.321864832786984,0.139090847297765
"GLYMA_17G217000","yellow",0.603442952626782,-0.241332067067037,-0.273254940032555,-0.519623915603301,-0.861382056467197,0.934844825523908,0.508745664965589,0.707471370625481,0.335592123997565,0.517143348932899,0.139656838422245,0.0805922287042257,0.112367955238384,0.179923483572034,-0.103763992089121,0.184928619939649,0.586910261520064,-0.22455563616015,-0.122581140136214,-0.107611215189334,-0.553002024973724,0.0905500506306232,-0.132082778109385,0.31206020807943,-0.0137510285260445,0.430574259916937,0.0197387727140275,0.646536493622572,0.341787434408388,0.152985750247387,-0.431053858656968,-0.831247431068619,-0.518872373961169,-0.451855759905135,-0.317931223135437,-0.596176091640792,-0.190881203378486,0.227756238168188,-0.12280092086124,-0.299022431552119,-0.1749633294642
"GLYMA_20G059000","yellow",0.602851771516529,-0.490483326188779,-0.446579529327818,-0.600326414915231,-0.865861361131401,0.81002261272038,0.236777253088655,0.393443651574379,0.42000077053355,0.249334059245228,-0.0546631959842725,0.00816214990414275,0.134866854780541,0.239605224085383,-0.0706795303404181,0.0858727166220036,0.599994087821725,-0.123326066783469,0.00185252052531394,-0.0285444870620809,-0.523604801010105,-0.284537663944779,-0.242519593900357,0.257810504102969,-0.0165560983377367,0.290857655975316,0.187188408722592,0.6662861732854,0.578059396155242,0.202829076749761,-0.19255798925163,-0.556762077388305,-0.230948478180137,-0.33844196133114,-0.208777441957577,-0.209647465577208,0.136353634940831,0.136448019656592,-0.193258027683376,-0.297454754722655,-0.0394919032997629
"GLYMA_04G103100","yellow",0.602626929933703,-0.381914667783668,-0.411930029067275,-0.388570246382281,-0.833082380122187,0.914002865088955,0.274403271739432,0.654251594350223,0.402169255219635,0.542314028904346,0.266617701765199,0.191416013243788,0.0770951436338633,0.201667496912853,-0.110747321649875,-0.0854823045688271,0.425330817747408,-0.298534803739586,-0.11799260900241,-0.147251397756673,-0.579758083952221,-0.0900202798649898,-0.226858694924546,0.291419233213099,0.110802818529251,0.245996142551819,0.00417216517530979,0.589063779979249,0.48488259952337,0.401506515572205,-0.414087769639237,-0.756841035248177,-0.328307025918708,-0.198495101170216,-0.244150534457424,-0.481995120953982,-0.111315328320121,0.291340147459913,-0.0336216130462364,-0.225850892646766,-0.216314539656635
"GLYMA_02G168900","blue",-0.602345546426079,0.236582467633317,0.229751776264226,0.495630768262952,0.800733103141666,-0.895379009570642,-0.446217577202704,-0.668577289157973,-0.178335469371633,-0.468549312403374,-0.115852813438501,-0.0902398143983231,-0.0398292878960977,-0.0606193868220569,0.122142240534679,-0.134031737143829,-0.501257467309536,0.211027793208433,0.110210236092564,0.0862775682215528,0.352979812333948,-0.236983471948401,0.0516929269025894,-0.337407287098314,-0.265929469362105,-0.529072689932616,-0.123618711385912,-0.682999858974675,-0.294470453731345,-0.161200801068977,0.396801959315857,0.800473807918521,0.454659956310975,0.330263194003583,0.38426314061477,0.693079934751642,0.367557863647039,-0.14471127407422,0.0757789002135464,0.213622726958789,0.211891887592633
"GLYMA_16G042000","red",0.602005389668005,-0.782893539347004,-0.60502101719169,-0.258312399679613,-0.799612093095122,0.7038597912757,-0.148945870214114,0.176946745117403,0.357520255656348,0.444539237732262,0.0476823671932269,-0.0362578944776145,-0.0662141999532966,0.165116924623241,0.0197164431661903,0.0912671253493547,0.682892960675317,-0.0352324085767309,0.0373971640923718,-0.0126871073236106,-0.568574240062574,-0.295600431206447,0.143801249790187,0.666546028851974,0.166361705797813,0.0882545518060062,0.257655593131895,0.652722605865443,0.824656596707731,0.598390915377515,0.0470552521673866,-0.316192208167619,0.152818715434768,-0.0103623404041413,0.138480912835254,-0.139813784621316,0.0577582187818181,0.147746775755627,0.163649733434167,0.0414272055291602,-0.127531705744205
"GLYMA_02G244300","yellow",0.601926500422689,-0.506524725966734,-0.378929413594585,-0.505511725857432,-0.867977306264395,0.852571853545423,0.215306709614732,0.440587274326126,0.350462722508388,0.412439303676734,0.0300988036653845,-0.0109868888216219,0.0347293310082307,0.196355114709811,-0.0684580309690443,0.0658846931724806,0.59790385762416,-0.186928332589579,-0.151606700939406,-0.0821387539558474,-0.52352902684183,-0.128887863599744,-0.0358900987928796,0.444455971662542,0.0714133338660584,0.325436020420862,0.214564618660355,0.709875316012321,0.598652998622364,0.307934669153653,-0.106993357364414,-0.582422117333001,-0.200456257381393,-0.315289813815769,-0.172143566427321,-0.319132091742727,-0.00766801171021818,0.221138182025744,-0.0701642677280699,-0.154652421062447,-0.124699895480617
"GLYMA_08G081700","yellow",0.601873621063628,-0.589487530670465,-0.440385436450912,-0.329291547790074,-0.885483982676264,0.869793291673724,0.111603801633363,0.485298709380651,0.501382980765196,0.548656938778527,0.221941441600409,0.109798342601592,0.0480934902409066,0.280215962369622,-0.0264348541494479,0.0657819380509574,0.633554658576116,-0.0908799135138971,-0.0175921161204724,-0.0275465366223748,-0.724483667873478,-0.351921716091252,-0.230274810800855,0.385639251414523,0.00343737370098701,0.0985762239380034,0.0452296848330477,0.59944620894763,0.689096163154563,0.53335351781139,-0.235348961744912,-0.613265368719251,-0.150732701381705,-0.140882519107563,-0.0890784154983547,-0.261906421261385,0.0898132356384125,0.185391278782082,-0.0112078725722834,-0.255260195504391,-0.15767721197008
"GLYMA_12G066000","yellow",0.60157825696473,-0.191677419433103,-0.237746348933258,-0.120124697833589,-0.702851676007281,0.81955017847614,0.391988357769198,0.758557816446717,0.620792464536737,0.767277114984654,0.499445398966919,0.183478679784518,0.21798262125374,-0.00507032866423522,-0.123038956721915,0.130844102177182,0.447685249051544,-0.231071427969988,0.0313344898629818,-0.00764444546903146,-0.743625994654976,-0.160810091508709,-0.384738478070611,0.0826589780472605,-0.0858937762287861,0.0535132752953387,-0.299187162264125,0.312117076113448,0.336726388022246,0.415697917561116,-0.440521234894946,-0.783937460507989,-0.442945829372829,-0.245884245887955,-0.0833435603801978,-0.398607062034414,0.0298037449500067,0.136551795649799,0.246738810414289,-0.234667234704987,0.0750659435357684
"GLYMA_04G220900","red",0.601115441345037,-0.819120243608272,-0.495785627699778,-0.242897305495089,-0.754555466259172,0.643661756210532,-0.244962744921397,0.0905451909009605,0.456271553444669,0.338488995746339,0.0490288245883084,-0.0100312023141384,0.0357902735866841,0.206394188306583,-0.0316702419794022,0.0290944899419687,0.652135491894349,0.0183707979992934,0.0898403276989745,0.132427549283627,-0.570325467992184,-0.492786472373944,-0.0227259948922069,0.532310258676595,0.184460390424339,-0.0275601903805124,0.259334006498917,0.588738963408769,0.892098243699099,0.638476767841199,0.0560719827054998,-0.23383384589012,0.251708764110756,0.10351465429036,0.182923595724445,0.0569662172506719,0.246303363029671,0.0321122646724513,0.112536815915862,-0.0470237427997656,-0.0370648822766722
"GLYMA_08G065100","blue",-0.600986943560999,0.00350640017811373,0.0836892789931978,0.277023257453264,0.62855583564686,-0.789863769350306,-0.561703296846173,-0.796246062827064,-0.489590175044036,-0.569751691989774,-0.400405186389523,-0.113599725639454,-0.232290147358797,0.0378348848399061,0.196738279203438,-0.241158715742323,-0.423991729336634,0.189665838425472,-0.0387630825151039,-0.0825436816006496,0.509234247708784,-0.101704299500867,0.333542433253023,-0.0154635340101564,-0.0489361264304851,-0.238601443978347,0.280661568892738,-0.322196642126487,-0.144830657003758,-0.166635346483192,0.446365768054023,0.803081948252008,0.573970564750438,0.259261123783561,0.126316819679202,0.458294844333983,0.00836710687553029,-0.0597414386695063,-0.0406357095222854,0.391813798219858,-0.0650496988082237
"GLYMA_19G141200","pink",-0.600953480241004,0.476763129387161,0.497139625617463,0.39873438759049,0.864581855260103,-0.852792028365551,-0.23494413519475,-0.511347368038762,-0.446412635878598,-0.51504819013897,-0.17103072353746,-0.0249438735187054,-0.0585288278353252,-0.233749813735821,0.0329273135012632,0.0202934261449099,-0.50986027668338,0.0632843524101103,0.00491259955817658,-0.0282750087210084,0.598525521567856,0.28172405593137,0.30992120945407,-0.203874754281831,0.0444731008679438,-0.26315194124652,-0.0882149566455539,-0.619370232767455,-0.555952464079937,-0.37615254072526,0.151103767887936,0.629001613003398,0.254393061232795,0.30506074765534,0.286699476590779,0.377478369872958,0.0292804859785187,-0.0577066302953144,0.0372397395434328,0.283193242159627,0.0315678936269738
"GLYMA_18G041000","pink",-0.600759369463426,0.63426931678568,0.475790329818607,0.448753879021977,0.801844061117723,-0.758736689142556,-0.00122163733547798,-0.271204884797922,-0.240472338624674,-0.310681174043767,0.0542475004802478,-0.0363521792950086,-0.0699944246569819,-0.13724561326736,0.218492443440391,0.049455433589266,-0.53418819652874,0.2308283428877,0.133860128580575,0.01420662543352,0.449519047483922,0.172875859985077,-0.0649635880967117,-0.564563178468156,-0.277002000893839,-0.243078452065261,-0.316908242209855,-0.708882343877921,-0.691991093006085,-0.409791216378745,0.132537026122993,0.451206255892186,-0.0134375962298584,0.0374924785902457,0.0458312344913836,0.241941822650311,0.0102760804514016,-0.173744854605907,0.0475108789366777,0.0144581102476409,0.208044195584468
"GLYMA_13G174000","pink",-0.600303916035053,0.470675233275319,0.399048280228804,0.389489349646559,0.88764028715064,-0.868503618934621,-0.267954245274089,-0.53149878818464,-0.545172192595161,-0.541685959542216,-0.194501347267444,-0.0492165359847861,-0.0959056118452351,-0.182634499728047,0.0124033648842064,-0.132699621186587,-0.640492363189458,0.0945489069740973,-0.0113470404223368,0.00263107809604512,0.684598150660077,0.286927416312527,0.27132932139379,-0.269388377215739,0.125002793740634,-0.22999127732246,-0.0387506361065838,-0.611308871457708,-0.571480095765757,-0.356020394038847,0.212778749874926,0.655909135177717,0.293488458480778,0.374554609862541,0.182583931476566,0.316011973081772,-0.0660483448787529,-0.103350632174254,-0.028036534004171,0.276897759839955,-0.0368504693003744
"GLYMA_19G228700","yellow",0.599483638579404,-0.443975130409173,-0.40034488591911,-0.557946788135919,-0.944135930089455,0.912735858210894,0.3414535565423,0.538652288923967,0.387728825591827,0.480675090378109,0.00115463278032776,0.0312888565481728,0.153757234715356,0.11605688574758,-0.112259395887186,0.0654585378319171,0.593175697383353,-0.22871173569771,-0.116602882105122,-0.0606545596081077,-0.610827928488116,-0.188901610164479,-0.220056094998295,0.30338968668747,-0.035445587386561,0.371509269201721,0.169715817788769,0.710418849683898,0.524929129024933,0.220138280120924,-0.239429401331507,-0.717430437427532,-0.349335988210863,-0.484971341709501,-0.300996881599382,-0.410156556633341,-0.0620442403015454,0.0870535005478041,-0.0559329762098789,-0.193795462014329,-0.0421843018664912
"GLYMA_08G318400","red",0.598910156336372,-0.724472125258984,-0.404286689347922,-0.287058906695986,-0.833187876141054,0.771389336463989,-0.0678024408481676,0.282865062024013,0.442104383690166,0.441895498189183,0.116066975711608,0.0433894276364091,-0.0444501946333816,0.253988890522957,0.0162057418922056,0.185644912465607,0.753932930216816,0.0297166244412934,0.0977208918998037,0.0868456291664741,-0.633162965986266,-0.341524398465433,-0.0167392224946986,0.560898710223305,0.15594198860111,0.0696723007211456,0.189855383968059,0.63898998991966,0.800797738444357,0.589348348213551,-0.178489449198122,-0.435059458417964,0.0581515631883144,0.00389819313186259,0.0568820313561626,-0.153665500721602,0.107924642181959,0.0864829433543086,0.0477049379513844,-0.134788260903738,-0.159707027849478
"GLYMA_15G193200","pink",-0.598222629179348,0.664883068881785,0.576325607507558,0.311479154243029,0.802951541284191,-0.753808484146261,0.0623710506253646,-0.305039964230728,-0.302072929902503,-0.459296372081307,-0.0427156629346847,-0.0596556087328441,-0.00933971975998907,-0.0188079422382596,0.0481919585445831,0.109824843338444,-0.495516351532217,0.283595252944832,0.0861285061060678,0.218235928727717,0.509126068312379,0.252208239601761,-0.0082524888706536,-0.519983401876725,-0.241450364509674,-0.159054130119322,-0.253118396874533,-0.64121736161055,-0.700331095355385,-0.502358288527222,0.0660968722287991,0.451714402228262,-0.0221040952822289,0.112237574543725,0.0419703105266042,0.29637727890763,0.104943410771657,-0.246069903693355,-0.217742331796733,-0.139858650028174,0.124948189829114
"GLYMA_08G217200","magenta",-0.597814844813811,0.864150278159573,0.665623385016879,0.426476903916452,0.676316587350775,-0.52949188759612,0.362969448819552,0.120135582619865,-0.133836433613751,-0.0397119764210124,0.259736028927055,0.0915526305090469,0.00730431147592034,-0.0771957184307898,0.141749780598516,0.192548179353876,-0.435072048843009,0.140976508598998,-0.00253401584411407,0.014447827996896,0.217661693465834,0.273934889245773,-0.26404217985605,-0.675713707754447,-0.449356098116952,-0.163618232594189,-0.565243371028759,-0.725226345624772,-0.853761385764464,-0.481072603759521,-0.240164444233012,0.0678215806857954,-0.391814403149512,-0.112770676887113,-0.100246418939487,-0.026970234485233,-0.0585953416690566,-0.107353840339501,0.0137556563287591,-0.181765333774005,0.149547594541781
"GLYMA_02G078500","yellow",0.597706422587945,-0.293290582501893,-0.214918058399395,-0.291659289820199,-0.826978939369213,0.88742647101591,0.396670328707556,0.703911467694422,0.536604136594352,0.684627305057007,0.342030813943902,0.0263092069392786,0.124283322959867,0.221446897196883,-0.035522038330203,0.2080612868322,0.620347040662095,-0.197780568582094,-0.0465474979498309,-0.0634450246423319,-0.776776346944454,-0.186059627332114,-0.320371602372213,0.226906293543615,-0.169419166874043,0.162668025814543,-0.154748233495185,0.482845995351327,0.426921674994316,0.364932915577479,-0.4282273441384,-0.791230743711854,-0.444381356019373,-0.352733904473563,-0.212148180080902,-0.423026190089891,0.00221057006203215,0.217510119601698,-0.00316887609915796,-0.320091390175107,-0.126011446077519
"GLYMA_08G170700","yellow",0.597296011572623,-0.264842267986612,-0.250008910164919,-0.347512960779307,-0.761396189774687,0.820720497574459,0.366591925661371,0.628445603066425,0.457398937985393,0.55635232435008,0.251090370306995,0.113665949041809,0.153382532359568,0.107622037812754,-0.0559116025778389,0.0809595709717163,0.462803534185012,-0.193615433929836,-0.0193891338207544,-0.102236199764628,-0.55728626658439,-0.102465724987591,-0.279882611901161,0.172857471860697,-0.0219739334724425,0.276455788846424,-0.0268025309077276,0.519822817641417,0.363243797258278,0.275310214051801,-0.335317727672705,-0.718325813469473,-0.403224479273775,-0.409029578507586,-0.297139001178422,-0.448141399711254,-0.0898488165914421,0.170932010069622,0.0265701527960533,-0.2379187900526,-0.0326257170861972
"GLYMA_05G056800","blue",-0.596882958253059,0.0583933879090433,0.142702556918116,0.51215669336535,0.740118668491036,-0.851545627417488,-0.624671295168464,-0.749297839862652,-0.360616642690714,-0.435548467018701,-0.178149598548902,-0.0486482106977705,-0.167102106281619,-0.0432289778128228,0.111708357494413,-0.252717527939916,-0.496064043715389,0.111286087718301,-0.0156882897362182,0.000362605614568562,0.39604002835614,-0.168994609372491,0.278574976105386,-0.0599352635477564,-0.0250672624889694,-0.485038537986049,0.0446677202391504,-0.536372911103799,-0.158036420830844,-0.00787503212159743,0.443695777861874,0.836799150701852,0.622640447082307,0.473687488389714,0.373627569985796,0.566798331406694,0.160026784776714,-0.0498643285029537,0.125070262368468,0.3945470737183,-0.0157300496941741
"GLYMA_18G021700","yellow",0.596762155879607,-0.341042852444773,-0.263160030209318,-0.278554897078467,-0.776119515887244,0.881825911528325,0.299876045147421,0.681748745366294,0.503501539470307,0.587361408428715,0.399466197691919,0.192106611405212,0.0493367033059696,0.286401975333868,-0.065025268811952,0.165519860613559,0.569801833376098,-0.0755803270810562,0.0556447819576901,0.0759277726217191,-0.690433901998671,-0.127764493318451,-0.272556165435251,0.265134495705907,0.0165155363930517,0.0979661830462487,-0.169179098409123,0.464954303602834,0.486337713294015,0.466068823108205,-0.479505586868973,-0.744300628309055,-0.336027191082222,-0.0496496989739547,-0.103574508980801,-0.380461389990987,0.0520941629446359,0.172419827548656,-0.105664535909504,-0.42204734783887,-0.213999440668879
"GLYMA_01G105000","yellow",0.596666730073267,-0.387863129159652,-0.174064429723816,-0.495226295311356,-0.836334867701963,0.850532830553689,0.320981055106819,0.515629052617023,0.291768465718185,0.446796885290339,0.0219702474124649,-0.0601496519441526,0.0126834901070049,0.170536190632965,-0.00143827779746529,0.145025193699949,0.6323359589518,-0.215414620847769,-0.108913152134305,-0.148203759370732,-0.519804685897825,-0.0427785206258047,-0.0778635552860795,0.398017166974912,0.0200269170330029,0.358815962483492,0.164801589241612,0.669735142973401,0.480607108491812,0.223309895926944,-0.164026055555587,-0.656423276927133,-0.315617803892238,-0.42464704981832,-0.260946794725081,-0.411087025597289,-0.110897211558733,0.222446812389889,-0.0981912544344091,-0.154435921484629,-0.185386814357078
"GLYMA_09G131500","red",0.596552084175071,-0.75911448970729,-0.456047633346091,-0.252816147785363,-0.736551280050713,0.656448792421896,-0.166408745252948,0.149368452674293,0.399409616923861,0.343976602586681,0.072867610745413,-0.0385068133929426,-0.0854575921065724,0.15728958797082,0.0632789081512629,0.173163109237882,0.726507268782788,0.0968884475785017,0.167540595273199,0.127610686277523,-0.508605311719635,-0.388184330765171,-0.0223081936550498,0.506322568537661,0.219605320758183,0.0289896098165028,0.224005119390216,0.579815968507843,0.825030555984529,0.590670617590631,-0.000396926547106996,-0.275244046299384,0.182350507474058,0.137254704657877,0.158514312553636,-0.0365910965772881,0.174386517216676,0.0101208963100327,0.070459181843648,-0.0950446280941107,-0.0446896326294981
"GLYMA_16G070400","yellow",0.596549463473342,-0.518958866534611,-0.48111896790534,-0.462341637378577,-0.87091310206379,0.881403185404263,0.172744594001482,0.491360525935291,0.276812456497232,0.469026030121943,0.0626209101137299,0.117207518434539,0.0771622334897925,0.165814756050559,-0.155630897309552,-0.0765483871777219,0.488581748128072,-0.299872925254897,-0.223994261675221,-0.187949258176914,-0.530497759233329,-0.0235912063052584,0.0463106222278048,0.554240704930868,0.183410768293518,0.30639729272083,0.18508900213372,0.709045677440058,0.582094379875797,0.379282135832776,-0.268409607423442,-0.652276861761727,-0.198287454445937,-0.231478879392388,-0.121790815532434,-0.416042000659796,-0.11615120709116,0.29479702614625,0.0152503226148935,-0.0547403014128655,-0.263208490113045
"GLYMA_16G204300","yellow",0.596439840189568,-0.35736896716222,-0.350465304115758,-0.213449077314911,-0.752191658153642,0.815988985124527,0.234510761036436,0.626841927446688,0.658894563563164,0.594873668932315,0.429453736533792,0.156633632243733,0.162727254055459,0.190131501972345,-0.11197347335947,0.0171190585535762,0.444832674394137,-0.202685538120875,0.0395675797829099,-0.00998554373232466,-0.728205206444246,-0.29744029826802,-0.368688877009706,0.15019935965749,-0.0661721119958658,0.0119207133111295,-0.187589067453431,0.396969243614482,0.496157124507216,0.475045817313776,-0.37212781143487,-0.677162626824544,-0.299945506631777,-0.196421649345094,-0.0569133783853394,-0.241790450786777,0.185426462175531,0.219334573522528,0.0834157296957899,-0.312613537945287,-0.0102137495655427
"GLYMA_18G061800","yellow",0.596395969335723,-0.187024186522405,-0.212873874595762,-0.34953596374619,-0.775453791941148,0.890602998971219,0.466854034565699,0.776483290114395,0.43631744189528,0.617501256416304,0.350902480551159,0.188192913995844,0.0798662634876804,0.178243905943299,-0.0187249998155741,0.13089895718132,0.471168572916706,-0.183146885716188,-0.0275738320863374,-0.120784826377722,-0.638562511314403,-0.0336115862702788,-0.322924886491131,0.161955652652287,-0.0535583570335057,0.227395305701209,-0.165284050244893,0.462700040525206,0.307246733118008,0.285054141226671,-0.49303747887997,-0.845172877823183,-0.511907306259841,-0.313290286691852,-0.260165387991821,-0.520081740396007,-0.082837930262921,0.270891418360461,-0.0989150590298985,-0.368113435169575,-0.157607945809936
"GLYMA_20G079300","blue",-0.596232331142863,0.274324247057711,0.234703040516463,0.618174549122763,0.881861055235208,-0.934577834448108,-0.482763433880889,-0.650806968317554,-0.331232945930561,-0.369237565489102,-0.0525627156998302,-0.163131514381017,-0.193695578416756,-0.0648518027061927,0.221734129229149,-0.153218674762533,-0.55161733903388,0.156599470547999,0.0670457574502934,-0.0950965602695642,0.415059271755376,-0.0467112875632133,0.236831860215061,-0.199727730841549,-0.206401246533773,-0.510649230247688,-0.131850840743728,-0.706812440749741,-0.365291072793398,-0.0936584276941959,0.35320373516655,0.808666819334439,0.474646517120832,0.370973186339134,0.338904939974556,0.521049040305751,0.107242688814574,0.0207272488051441,0.174792515656644,0.372232016099893,0.0352091010015455
"GLYMA_15G221600","pink",-0.595866677030859,0.489410300101414,0.522041691285444,0.540788519628537,0.915690948444329,-0.878174137739304,-0.271420982432369,-0.48452799040588,-0.404476052492081,-0.411955650880544,-0.0289909645683444,-0.0683386987117778,-0.124240376171121,-0.16398449272984,0.13396987347602,-0.0371806590457628,-0.586662678044234,0.193496433895132,0.0679838110770658,0.009213422750296,0.569419178892017,0.202397248461199,0.188138230779025,-0.318744122927872,0.00649753333701099,-0.348028455944821,-0.168123590981632,-0.706922398629579,-0.56559367379241,-0.257704246216585,0.214301019725634,0.648156809402361,0.279941467977072,0.360054236717947,0.243070947808882,0.370980888909748,0.00795823317820049,-0.101858087082078,0.0999575788199834,0.243107607614946,0.036685346243839
"GLYMA_04G021000","yellow",0.594201218827743,-0.339328930469818,-0.392453702863788,-0.508079255610795,-0.869356157248762,0.887931630490274,0.4058185883098,0.596221804244649,0.42026076948157,0.455652558116503,0.103422159851191,0.165856406819776,0.273548769442713,0.222214567150834,-0.229274737665714,0.145708612623153,0.59009128344131,-0.121123010277135,-0.109957137360042,0.0730424779286876,-0.591055012528911,-0.109636142324355,-0.242604229257903,0.23823053388977,-0.0355907813440299,0.353139190274974,0.0378029239310919,0.631681054806829,0.445022965194251,0.204365967805638,-0.342055954786999,-0.736195140267794,-0.410283461597,-0.34629753749776,-0.252167957579828,-0.438207237097674,-0.032701231590172,0.0376349181480133,-0.123929155401251,-0.367115664315426,-0.081437935467092
"GLYMA_07G113400","pink",-0.594191183695413,0.578279412553917,0.417711757217196,0.552205203367787,0.811462050020624,-0.765559656386314,-0.096033121024526,-0.291527038767278,-0.206329881499561,-0.207916535841767,0.124182151930924,-0.0173942959182172,0.00130757497939223,0.0033989582804419,0.114606875753949,-0.118366162794371,-0.614068074789767,0.0567190263345849,-0.0705908586777495,-0.125536943289235,0.317409190704139,0.0541462132420355,-0.0719554283904431,-0.500437159978465,-0.373524385277342,-0.355962506840765,-0.349311685434423,-0.732497613510373,-0.613148946384096,-0.26065494842675,0.0771246700918326,0.468715311527421,0.0652954573926117,0.133543287279505,0.0393169809928696,0.296652841668753,0.0390055479552442,0.0416401773663219,0.0969803111828851,0.120183016208932,0.0528307814667706
"GLYMA_18G085000","pink",-0.594140446946934,0.686256468487302,0.453655418444882,0.577710202608372,0.817873959372164,-0.719622600104864,0.0303628042671408,-0.149542056226461,-0.354232681533246,-0.0887136024305844,0.192206481697495,-0.000289989936782016,-0.176492877966356,-0.0151410308303177,0.233361483000581,-0.0241138536990361,-0.587929429710589,0.0825698821291842,-0.041607150298001,-0.163291627140206,0.328256818015127,0.270578196388707,0.0304171994312222,-0.422398520777832,-0.394641691800017,-0.289930889257246,-0.429221665762228,-0.749438390887985,-0.744012805192805,-0.29589555144518,-0.00878057639838216,0.348897239516891,-0.0731664708534283,0.0928757708011642,-0.0336050206997689,0.0379181052785306,-0.186182742327046,0.0927786472269327,0.0170452188799113,0.0926813260586403,-0.103989905007682
"GLYMA_12G087300","blue",-0.593953775731953,0.122781681081589,0.142334318118254,0.528851944384482,0.773065713207181,-0.890063644026441,-0.561769712396644,-0.726817689910076,-0.294143138233779,-0.403416952491811,-0.14924795980132,-0.1642364136543,-0.165713285331921,-0.0711649056735062,0.194290206920501,-0.224091293169901,-0.506252315529425,0.139405070310973,0.0546564266571126,-0.0208671826340706,0.343975877992317,-0.217797494513256,0.191565897369644,-0.167952014390424,-0.221600483403276,-0.529681406266165,-0.0265722450310979,-0.619888063344246,-0.21627517426747,-0.0595566900487412,0.460920981852608,0.834979547128463,0.555380053124174,0.356485956557519,0.340253273466648,0.614080710550172,0.209587416209218,-0.0641772246114107,0.120855478366745,0.374390144138873,0.0924408856813611
"GLYMA_08G326300","red",0.593657208535758,-0.751770617335455,-0.54693127534121,-0.409476550621859,-0.823403228736616,0.717526283297423,-0.110027134476923,0.159173485415289,0.445675064940433,0.269702449724587,-0.0353972382617114,0.0429243064536944,0.118909278587625,0.208097121739424,-0.134048153757097,-0.0273831298852339,0.592505475533075,-0.0545606714483035,0.0773605473240808,0.153853521384921,-0.513638883176862,-0.432614397576263,-0.0835740945835038,0.435612945716692,0.162533838708161,0.130707770209518,0.326180735375441,0.683009842421576,0.829216579321304,0.483885809630371,0.0220324399385165,-0.324992493615844,0.123490449652967,-0.0790221479290944,0.0111794969492171,-0.0208964930403638,0.200982364938853,-0.000686985451811839,0.00557435298732291,-0.102743095435138,-0.0201926128069926
"GLYMA_09G025600","yellow",0.593557901888935,-0.610043902870542,-0.514166375652643,-0.488217403074266,-0.837426790055338,0.801374630017933,0.0419990216766093,0.340792760408146,0.434391320545412,0.295890072878647,0.00623267541449138,0.043304852695829,0.204235339979514,0.142992027747948,-0.200091980564727,-0.113453470708832,0.464704049057035,-0.256727134199459,-0.0778000655055673,-0.0778366521031356,-0.527005153134873,-0.292225167274624,-0.115942440010901,0.408563191068548,0.193781580054713,0.176117411600522,0.237368594021023,0.661755021452301,0.696644773936794,0.401108303358041,-0.12854044108928,-0.496863933207663,-0.0525048985179495,-0.161473892166159,-0.027616465586682,-0.117527603511703,0.154717685463575,0.219380057052544,0.0132721692747301,-0.0776337764039096,-0.0488765693610986
"GLYMA_03G090100","pink",-0.593310774029171,0.318456778455848,0.285568943820516,0.661283182646681,0.891296298807522,-0.934093137348634,-0.440264313379079,-0.61571769288794,-0.251582388617705,-0.347037239436933,0.0144244181173913,-0.0830267829075376,-0.116892052785506,-0.0335867108994349,0.171164680302038,-0.078731679675607,-0.54331765598429,0.25620285751759,0.112854626073967,0.0375716408471065,0.387596619189702,-0.073976512929584,0.150669423608605,-0.276805297979324,-0.199297322169828,-0.533629360092314,-0.211467617936922,-0.749623598375383,-0.393586643451931,-0.0784649519180726,0.34922499869526,0.791892470781892,0.440589420459051,0.401754194523,0.359449666119525,0.559130003999923,0.191873019792562,-0.0856585117103225,0.170391660687247,0.249171667539568,0.0727766127503849
"GLYMA_03G244400","yellow",0.592924893826996,-0.122184071912469,-0.17298347723394,-0.523323530309509,-0.841384663088783,0.948317037202346,0.63161493522126,0.817243631649229,0.378447091993137,0.545020648059344,0.219949507199432,0.0938042542876785,0.121344229535655,0.129844207985365,-0.101517759267994,0.23099791682213,0.562846321512082,-0.198782948718672,-0.0619543584082052,-0.0545536619867723,-0.564272694329057,0.0933887195987759,-0.3005853731398,0.145639077578088,-0.0607513697115925,0.425922360371513,-0.0985899552732494,0.564368117461377,0.237404073751,0.0920023141913928,-0.476234693134917,-0.915277309335277,-0.64432674687295,-0.468873209811668,-0.381322029844721,-0.614502715730033,-0.140523667058691,0.172533620686814,-0.182173224153431,-0.427265838722066,-0.108888004860356
"GLYMA_19G012500","pink",-0.592834038613956,0.60871692458408,0.409488041635286,0.621848096636232,0.840867894345365,-0.76186244934509,-0.0841071969101146,-0.242968861798652,-0.250070152897466,-0.136050647961417,0.183203624622736,-0.0637874970600258,-0.0853822555720347,-0.201272893368877,0.140702836739177,-0.0673404757310552,-0.607607016844798,0.0517567755537828,-0.00692063613791939,-0.114326866151963,0.383189149635822,0.246705842780664,0.114702186458718,-0.384184290156202,-0.239105251198069,-0.316163992612597,-0.358984747029887,-0.738650092150133,-0.66671902054505,-0.256498815081661,0.0729009342076737,0.446662540573072,0.0478671011362298,0.116052130331015,0.156931530457573,0.170369620699877,-0.0843390817886723,0.0144587190943515,0.289292435311446,0.249342472303789,0.117003161466826
"GLYMA_18G275300","pink",-0.59281487331489,0.382242651092272,0.314770820559936,0.494485840302609,0.825354830511775,-0.821608454675005,-0.339416388130901,-0.486577928412631,-0.290167502818724,-0.422440628491084,0.00190315733530146,0.0468355404684498,-0.130825882269033,-0.0541776685201123,0.158673521523317,-0.19445252636509,-0.63698187211051,0.147259583599333,0.0674911125697831,-0.0421031942470306,0.484281509731712,0.0123754151002831,0.0531795390019898,-0.381465644920951,-0.0750999281211589,-0.393004590915248,-0.168698269090618,-0.660649338896575,-0.453023162448037,-0.173713662281292,0.252140914320294,0.6465250857603,0.323695197183655,0.388656342868528,0.182955135633531,0.422573558286383,0.0944488699683289,-0.0361231534599554,0.0144200974083696,0.146410951839413,0.0576393323042083
"GLYMA_14G051300","pink",-0.592571436140176,0.437800541833432,0.257131061272554,0.617629425932934,0.885495226991604,-0.832297855880984,-0.321133290305758,-0.426498585113355,-0.321911997169931,-0.280398730122046,0.106766714558543,-0.0683692881310316,-0.143854265912336,0.000538789894639613,0.153640281176483,-0.238711426095335,-0.675288436067678,0.0606144641893803,-0.0477770568672003,-0.167653230277226,0.410609533714401,0.13906233448569,0.207274603843715,-0.251112262051805,-0.192897622520212,-0.450028814346611,-0.267779992511966,-0.729311322903129,-0.495186119388517,-0.113584282340334,0.203202438562413,0.630345930224939,0.289533857794522,0.357423635457032,0.229899172118233,0.334979331155966,-0.00977318026242164,0.15067672156904,0.148729045578157,0.290376410376117,-0.0800394976458029
"GLYMA_16G082900","pink",-0.592439754499505,0.540821265929172,0.457670204007204,0.626383722011598,0.888298825498326,-0.847820498320723,-0.174434336520409,-0.383429000375586,-0.283080936669885,-0.254505783209021,0.128961854883534,-0.0899487592734379,-0.19464883663513,0.0946981802818131,0.266596148312867,0.0123526838448653,-0.527225004033106,0.270952695213583,0.0858981669991632,-0.0167041766801437,0.382008574389506,0.106901093573123,0.0611299875611275,-0.395604612033154,-0.350648612746621,-0.412432010604523,-0.364747861150082,-0.774869943929676,-0.588760062959655,-0.210159494582592,0.250046592659182,0.604074871555314,0.169090407335136,0.260248619207483,0.163249761168858,0.316389904003335,0.044562065975722,-0.0128198818898021,0.0152185521437593,0.0531193976805592,-0.0358444477435391
"GLYMA_15G055500","yellow",0.591969483251126,-0.396938702505972,-0.38501764249907,-0.4228010161447,-0.859397378842449,0.889740036732003,0.306700296025682,0.605689966023326,0.481822591043244,0.528263601398635,0.215472179227071,0.233401757807015,0.214999460674457,0.293205634944716,-0.167154127902062,0.0523679471864113,0.54971509706241,-0.188379016825197,-0.134686094249283,-0.000467827261304947,-0.727749839137823,-0.22699597575416,-0.286209450093097,0.274843150478783,-0.0979524668456466,0.166480199624716,-0.0485167111274025,0.551294011381579,0.525367540654866,0.363875659089617,-0.401335103310154,-0.731819200720864,-0.340912361280919,-0.256953185217525,-0.170742806705264,-0.349771042795205,0.0654548868508438,0.196718960756671,-0.147502624874239,-0.346621128752585,-0.188577728339421
"GLYMA_19G139200","red",0.591965406399473,-0.737173754917765,-0.582196913335516,-0.0691055084265161,-0.681728717693018,0.601896811404294,-0.24108404104468,0.164580196205806,0.50433730525034,0.494176680384905,0.216204233226128,0.028980228519706,0.0900034754993169,0.290385428960315,-0.0656131603073439,-0.0644793911174147,0.515103413604017,-0.0807795286184381,0.0226406197050134,-0.00551401938539918,-0.69525599964663,-0.505959476943363,-0.051209456262023,0.512960993528064,0.0119098096059953,-0.168151117525717,0.0767834943602266,0.444539802159445,0.816668738709632,0.731456123418005,0.0343747499455024,-0.249964990947127,0.205718543220659,0.0596785676539807,0.207512930059449,0.0442197207165293,0.239464912368845,0.202201905899781,0.196527656857496,-0.0095832785430081,-0.167501718561228
"GLYMA_16G089000","yellow",0.591323681906368,-0.10082584103877,-0.108736482082828,-0.490528898316348,-0.815387510490151,0.942006820783784,0.625976678630474,0.841648655897392,0.443576929602082,0.538482819951706,0.288126377848374,0.108911266598242,0.107111622719108,0.0880090540928064,-0.0690355257690492,0.247155772971838,0.55279888062949,-0.159787513278227,0.0413962143576361,0.0326493267076668,-0.554876406896392,0.0415314845126553,-0.409154182479147,0.0429029508964665,-0.027917370771979,0.375239945973582,-0.147996584210177,0.50980779211838,0.23326938259902,0.119411041217645,-0.480417969957158,-0.921269154863471,-0.643347237431603,-0.394927601041606,-0.357163096527849,-0.564251108534892,-0.0751227361880653,0.0814393180125136,-0.190857668277799,-0.496939723060482,-0.0283758623254029
"GLYMA_13G107500","red",0.590993198080953,-0.783022575779504,-0.647909770282199,-0.339974339662934,-0.826481145103384,0.741928744513259,-0.158670474184461,0.201446737899089,0.333252193643433,0.36963762392613,0.0184752229246139,0.0637076593327621,-0.00560534975768142,0.197791349289828,-0.0899816229449734,-0.108453631610763,0.549846075410669,-0.122522820590208,-0.0308517292883363,0.0129984521793089,-0.531070474138671,-0.334019602110485,0.0473367121740647,0.590864739161782,0.231827110087324,0.106306620769477,0.288504025556924,0.679860442386424,0.828225531534601,0.574143655151698,-0.0257447245335009,-0.360449269978266,0.141822122570685,0.0356809663079513,0.0778720664771133,-0.16434351400194,0.060876503645988,0.123418122041844,0.0598506554934988,-0.0166985621706579,-0.163473345932704
"GLYMA_07G129600","yellow",0.590868464290562,-0.0662551517735934,-0.143679289905556,-0.510985796828965,-0.737383883469347,0.881037598413548,0.599844229119652,0.771574142447778,0.320481823611202,0.423297212672998,0.226322741289816,0.0601041777525524,0.0562866663917593,0.0829246474333335,-0.103636104167136,0.173009893703728,0.444479871814867,-0.169203350940423,0.00918956194066591,-0.0263867398907131,-0.3272160824675,0.222491073437658,-0.256510460698881,0.081087382062596,0.136382449494408,0.537973587231869,-0.00986321337699898,0.586406692126905,0.165029905712596,0.0463361174598476,-0.499073869310758,-0.850301391273677,-0.603118401246326,-0.388947673644969,-0.446901173205751,-0.643775558427854,-0.226769942262625,0.133317912887828,-0.171596892523302,-0.400015866307388,-0.0657771384156326
"GLYMA_06G151300","pink",-0.590866369029544,0.364203944506274,0.136577458063059,0.633079399664913,0.861620682321853,-0.846010738395687,-0.417688215010569,-0.484532170912072,-0.275410370241214,-0.29942500628196,0.0637011125355224,0.0877255648772411,0.028010290357905,-0.162937712445364,0.00960912061967568,-0.320152761065076,-0.751185457591245,0.0434005814772269,-0.131170021384361,-0.146215088497415,0.409738850903684,0.0599506831766006,0.196183307931648,-0.269269784554331,-0.0367556218200851,-0.489714870220307,-0.216115653516292,-0.724705907974283,-0.440443695521713,-0.0750316196197218,0.218376384405951,0.653812257064817,0.371211665280031,0.401450572862544,0.353902126096161,0.416413150295829,0.0545967597885588,0.0536637329820733,0.326891842014491,0.391530838869561,0.0535666266184485
"GLYMA_11G208900","yellow",0.590789525965541,-0.351599931378882,-0.399725084721098,-0.238700498932233,-0.77831672340445,0.850113014969496,0.282258973160684,0.649745839759317,0.313995646917739,0.713837680439476,0.308035293203472,0.00830616560271312,0.00542354566092819,0.067834120551386,-0.0542000042150785,0.0615915079073644,0.484882295161894,-0.2894937223095,-0.10069213220384,-0.184000249405942,-0.630900338559569,0.0649665911208512,0.00356501558158372,0.470205439269727,0.0373394384979389,0.214000261267489,-0.062215161221619,0.527157437260027,0.418577553907541,0.425660530485987,-0.349643298865242,-0.728269854903027,-0.329543135163735,-0.237832173387755,-0.112236922660638,-0.553698182393395,-0.226313061527353,0.307606363610626,0.117364230087218,-0.0789574567854565,-0.240081234631711
"GLYMA_13G297400","yellow",0.590583810888005,-0.190243489761514,-0.286865902953606,-0.531548156282957,-0.836473999668412,0.935112176321126,0.544959832613492,0.743395897601237,0.34425852553207,0.475064599348308,0.173161972395773,0.122698458465608,0.124079600833997,0.0227860769390224,-0.17263339957378,0.15607541104275,0.509085391156022,-0.20118143078387,-0.0297689491728661,0.0080213480801268,-0.426525081427007,0.153146516642378,-0.194724430374195,0.200201485886019,0.145956767921871,0.510734266694604,0.0281850557778847,0.646058739398494,0.276273992750115,0.102729903726061,-0.414584276119602,-0.851875675935763,-0.550108561235595,-0.392849134272735,-0.343919684729905,-0.63652884830235,-0.207263554400753,0.0764296638544759,-0.0660054706911375,-0.331884929726967,-0.0158938003070398
"GLYMA_19G123800","yellow",0.59046813135786,-0.344209299683345,-0.319352119413535,-0.195649232909068,-0.68511859502547,0.820686678445883,0.210013352679063,0.644874701433289,0.462631718414829,0.55062336499946,0.458442405597129,0.166263502954996,0.0103158628448541,0.293897206869612,-0.0882917829465226,0.0799640357581994,0.450115861024735,-0.0450973902743859,0.0855327303888683,0.0595504253632159,-0.584364619414104,-0.0226299650890834,-0.146197312510666,0.333381159378472,0.154772351207831,0.0682197185565829,-0.165390084149526,0.42841168396838,0.465487363102163,0.534782499226362,-0.45564677384135,-0.66938485968322,-0.251895744575632,0.0819245458036899,-0.0140240180464607,-0.360478091462047,0.025560221536636,0.228907428275348,-0.0513930009214727,-0.372084820540439,-0.264710107944107
"GLYMA_13G129300","yellow",0.589911639694864,-0.31945574912966,-0.40806062906203,-0.459049407203619,-0.834228372701405,0.91849552266847,0.357516671746246,0.683981316893605,0.341872330395469,0.523080841287325,0.198098770520272,0.180107082602154,0.0963910281545311,0.0668442176212692,-0.108469532225443,-0.0460368905631133,0.407530848175364,-0.283164001820915,-0.139254673309556,-0.180405919257342,-0.51863170049698,-0.0284108205066258,-0.239648716867769,0.239941475029999,0.144306200739504,0.324188458866487,0.0355619942857793,0.595067543715471,0.407187446112372,0.287347309777444,-0.364767086451827,-0.791647472584529,-0.399877326495856,-0.291465013605578,-0.299804484486687,-0.535305087689813,-0.175377571172496,0.24098021665063,-0.01941930446,-0.203291586058911,-0.130023805545748
"GLYMA_14G094100","yellow",0.589833386911597,-0.355264583061606,-0.289351560686226,-0.614385310624808,-0.860121493772501,0.827812638580123,0.408906544441865,0.485197815248583,0.397579774595976,0.325607434237279,-0.0645482961970236,-0.0822059437035977,0.148092087643612,0.0201226859564822,-0.0587438564558605,0.233228708769606,0.67039843698396,-0.103537874255439,0.0960877106466295,0.0660274693239493,-0.482712748562627,-0.181392235529989,-0.312756555729826,0.145038731313965,-0.0388755558127249,0.413006341765763,0.17443733668372,0.651333790426445,0.443027594761479,0.0666216895661306,-0.227887332117175,-0.6553612148792,-0.38466553428765,-0.482610009956141,-0.297583688048932,-0.332319898992921,0.0138572590726963,-0.07243974108184,-0.134368338748068,-0.284995859124135,0.12870968011813
"GLYMA_12G073900","red",0.589180600561474,-0.784908193840807,-0.609028965792955,-0.312154030574305,-0.834710360680296,0.752632064424004,-0.151056333349143,0.231259980255395,0.522389323385743,0.37005084642422,0.10607458365083,0.11161542547344,0.071636211433463,0.217674648633664,-0.0823442788925901,-0.0342990707489109,0.594048976963321,-0.039417456441693,0.0956795440033492,0.10842009261049,-0.641298179700731,-0.490824647251595,-0.125341751748973,0.468963191460411,0.159485524053866,-0.0137044264591351,0.185108349591223,0.605540855429223,0.867408581803235,0.622343687474503,-0.0433322168133485,-0.371777882114877,0.130669388922337,0.0685676943065316,0.139731539442008,-0.00709706672156414,0.268359845774673,0.0745224855349876,0.0537339987768558,-0.141413990331863,-0.0448762086710882
"GLYMA_05G022900","yellow",0.588969437443944,-0.219944130119965,-0.263896939372821,-0.363638020399024,-0.697267043417423,0.837591886711134,0.377794300122473,0.672490473704992,0.242624389982543,0.478614946564961,0.272499119382824,0.0697863173890163,-0.0542884822140227,0.0400244511370521,-0.0917060586742171,0.0665654998943755,0.397785891978965,-0.178562511547059,0.0605863412563109,-0.039987304203245,-0.286255920069654,0.286577985189017,-0.0256705485314747,0.327291679038693,0.325201220805679,0.444193921020464,0.0305610328245223,0.59109829587118,0.283640837504736,0.262626854463096,-0.350454637483507,-0.734870077637489,-0.392829292244401,-0.14521088189918,-0.267797316362962,-0.622341961775724,-0.292520911957211,0.158947384048932,-0.0337917896009136,-0.238843196436921,-0.17843295368539
"GLYMA_20G179800","yellow",0.588853732434764,-0.492013691299595,-0.390467983956596,-0.390140999072842,-0.862310102301008,0.86931048822944,0.204121914980398,0.522790937596602,0.410874581996159,0.531548347952358,0.164296639717577,0.0182340633188435,0.0353369409167212,0.197487290141257,-0.0858036158595138,0.0558010926513562,0.577410561082694,-0.216112500097503,-0.0779724008903365,-0.0577534942036243,-0.650655995965184,-0.146493273902845,-0.0800155161307779,0.442277236408197,0.0235351372274941,0.195427381752502,0.0630600150597088,0.61722601740782,0.584470151672715,0.414194794147756,-0.318368499727912,-0.655546586358705,-0.228029597759942,-0.233444730847485,-0.0943321863245212,-0.348340995982089,0.00511204177217113,0.216370512039758,-0.0188721227382554,-0.187576801757284,-0.185121160346885
"GLYMA_05G052900","yellow",0.588461775052629,-0.237577052838089,-0.261541084559887,-0.422697117926178,-0.818253430108886,0.900946424123002,0.453840657742683,0.719395086870646,0.538091381748327,0.517619098195577,0.285311423529902,0.14517049326694,0.209140130720244,0.100058468323944,-0.15743132727377,0.112208400291106,0.488146935667654,-0.200291398223195,0.00109684159589468,0.0297341752126039,-0.602859196649112,-0.0993946275661517,-0.353688787584395,0.116885927361226,0.0175160352747609,0.278913361027703,-0.0843285186799773,0.524492236911694,0.366778434680957,0.232027745125532,-0.322518272897785,-0.800140311661613,-0.482111731655212,-0.356351601251306,-0.252390974936962,-0.394646537182466,0.0507687634562586,0.123233512723642,-0.0364022007357456,-0.375457049044232,0.0376677707977685
"GLYMA_17G062500","yellow",0.588192973082444,-0.336460157743515,-0.337370518656002,-0.366091629371958,-0.746327867139589,0.815347977743283,0.260857549968704,0.590329982529339,0.494944814150412,0.419039184417962,0.285235367168802,0.159570952478907,0.120859466835013,0.107180538742748,-0.12423201534679,-0.054252175132358,0.349902291568868,-0.128782190909986,0.0897597927246176,0.0587057127565909,-0.486358322554891,-0.166538041933001,-0.349956518718544,0.124566859635402,0.154588624166765,0.195318533650099,-0.043179953644738,0.499381895974459,0.434301199566624,0.346554234236496,-0.307471238641613,-0.666625646453395,-0.298902064643018,-0.136410620752763,-0.147275163493408,-0.313595845182688,0.0906449402844698,0.0819052174736808,-0.0643023366479417,-0.376774015728287,0.0274820239462373
"GLYMA_17G145100","yellow",0.588071537008199,-0.358118164277159,-0.170643399695241,-0.386215534162952,-0.835398256960165,0.8804069838125,0.347805155599254,0.629498725850718,0.517569921755569,0.555367433612987,0.246283187159812,0.0574159292487297,0.102363988797113,0.246458418461798,-0.0149533681718635,0.181664926071147,0.651385528173067,-0.110710091945564,0.0071659327353765,0.0734933624717443,-0.746686767825832,-0.268384049447488,-0.363919822878952,0.211809206662698,-0.144187712357011,0.113266353032661,-0.107945746287407,0.481198614875682,0.50956281390537,0.346716822593429,-0.32173097993139,-0.722918808563821,-0.36533037375162,-0.253382161671344,-0.113393656448701,-0.297897706945884,0.139267228941832,0.103859513842128,-0.137471938481349,-0.413072270197941,-0.096052836724138
"GLYMA_02G120300","blue",-0.58761479049733,0.223040362197135,0.143226415682269,0.579353366544818,0.855363567517668,-0.923002990529931,-0.515666075761899,-0.69412282000985,-0.329743091335422,-0.415790688932967,-0.0927074458147103,-0.125022422221271,-0.108508854559327,-0.0254125126253692,0.126679755189281,-0.211382232342345,-0.585851831991775,0.220403658795759,-0.015734953943626,-0.0187216519727467,0.470326884777524,-0.0601929218889721,0.251079546023636,-0.197116978049038,-0.132106051428504,-0.446484441309754,-0.0543869741917388,-0.63619422599482,-0.320754682258392,-0.090900377003462,0.428648176743561,0.842002559522904,0.519788014499512,0.41011527465798,0.327840690229424,0.528705443503842,0.112598543134529,-0.0776006345631892,0.195535324433013,0.350396738004587,0.0756050571944181
"GLYMA_09G266500","pink",-0.586654219316731,0.262898161261649,0.211906877679519,0.435199982409266,0.83658190298976,-0.884133957019117,-0.473375052014932,-0.664912950535461,-0.361842687279525,-0.587304460310531,-0.180751420786963,0.026564844353595,-0.0932289164930004,-0.327063687732134,0.0414000902371485,-0.230280092822346,-0.645618999038477,0.147114488451365,0.132449073126201,0.0758578063598891,0.672466204401114,0.0530961981444265,0.221503039737619,-0.280157433002461,0.207661549595768,-0.312526876712404,0.0463332678233497,-0.568449749941308,-0.37945245424211,-0.229348367937986,0.348738767898869,0.771782814177314,0.477941443826642,0.435535668819034,0.330743183828483,0.493471252800885,0.0956973160745656,-0.215948542203702,0.186815069097156,0.356945264147038,0.25199582946455
"GLYMA_02G061100","yellow",0.586562481229433,-0.467291736026167,-0.395043720800916,-0.328469731007151,-0.751821382980315,0.837310322950865,0.12295612273356,0.532281535644954,0.235016484851305,0.47914448744657,0.208990871142156,0.133704855399364,-0.0388498722554375,0.0910428682873005,-0.114361806480063,-0.0327075161770391,0.443523553720757,-0.210642296006184,-0.0674531801572436,-0.0892510231299491,-0.461459385893039,0.084312431596927,0.0800510469592864,0.55229843489726,0.356727119745806,0.202080067675794,0.0820101899111343,0.589080726572813,0.534125830779462,0.47313134000173,-0.336316775742933,-0.632539849470364,-0.153622304934866,0.0292975698953512,-0.00553755969397781,-0.439314684141265,-0.149423867302368,0.252884219595302,0.0199874789605605,-0.0896080699165287,-0.307997943745925
"GLYMA_02G074000","yellow",0.586450720146032,-0.512213130164135,-0.466692238522056,-0.405818911139492,-0.872918872527391,0.903012084559374,0.166930037054178,0.550934399918468,0.349379986207405,0.531343226040454,0.168088308556952,0.165419261502224,0.00660665575265299,0.195863735028832,-0.055315238334751,-0.114981851239511,0.471720041313402,-0.306482688822512,-0.165089681155389,-0.191869572996851,-0.615733356138396,-0.166798506757943,-0.140780534492944,0.421609316235756,0.109719429548871,0.204670724944547,0.0929230994867205,0.633932692850367,0.596879504142779,0.453739617461349,-0.247331767787772,-0.681725323889719,-0.214860937897495,-0.189645140474117,-0.195608992264569,-0.417518737767644,-0.0967525815786715,0.325098882634918,-0.0272661915990626,-0.126105768450747,-0.264181370391618
"GLYMA_09G009500","salmon",0.586170919471886,-0.733374470469277,-0.586948808580008,-0.590683437561899,-0.80430617886772,0.652092438273336,-0.0889797882633521,0.0218139822148353,0.138336180007256,0.0512658078314651,-0.343132176566496,-0.0402471064191439,0.110233956763087,0.212525719299126,-0.19764154654855,-0.0749559513782531,0.543172246019374,-0.140183646223546,-0.0794594086902057,-0.0440297382599231,-0.225030011496828,-0.1964541405776,0.160786900285158,0.562893951855697,0.305757469282536,0.43557058360424,0.608563931325749,0.870035363455135,0.724676645464148,0.243887019965382,0.103765441869326,-0.258792737473888,0.126308357641009,-0.220155054962857,-0.20189289956956,-0.181589664668667,-0.0657915248872912,0.0805361318457559,-0.0470561857324222,0.0755157613541374,-0.147321904432572
"GLYMA_01G159600","pink",-0.586096532402415,0.405936206094262,0.295823330682825,0.601543108486282,0.827022158170435,-0.845342278249301,-0.290513560362226,-0.468584271128929,-0.175186904052932,-0.302939973575076,0.0830579451439535,-0.0478327543832454,-0.130215569231073,-0.125407221171449,0.254370624965917,-0.0223735817408545,-0.523848256903981,0.254322955280721,0.15268453423449,-0.0102674681523887,0.35709333162984,-0.0519035068158112,0.00655600043818667,-0.416132155324618,-0.267713611965125,-0.449682345055409,-0.26661564006118,-0.726465565697693,-0.472232711692473,-0.173974107621029,0.216988278367036,0.632326939004203,0.267429223248741,0.269454801414548,0.253740633519247,0.457196559563425,0.14937461564591,-0.0906157684076517,0.167025044018373,0.151601613061061,0.222633629595842
"GLYMA_16G005800","red",0.585844983686719,-0.777085339906716,-0.554134365537821,-0.417797590481083,-0.77911643618613,0.639460289847191,-0.192507202080996,0.0636795874134667,0.307650714360268,0.215823272636522,-0.148926393639603,-0.0349690230337053,0.142663568265721,0.123814568670977,-0.138232739300633,-0.125615568365808,0.516862239655995,-0.108883798996036,-0.0866591590052096,-0.0169288228766541,-0.457242919074511,-0.493709377819569,-0.119864296365073,0.413955487268731,0.22869383349172,0.104119289211593,0.398991604348091,0.652821852623071,0.816045354276788,0.464176414037005,-0.00261867448215872,-0.266904039300288,0.194321566512711,-0.0276780139742716,0.0127016686069399,0.00257135312951313,0.158017496708225,0.0448068475583517,0.028320100726472,0.0333871338131416,-0.0318433555158281
"GLYMA_13G002200","yellow",0.585389083580534,-0.338779884811267,-0.220509949369908,-0.355580362300825,-0.794339640668146,0.86747713069314,0.315779681795124,0.646820294319555,0.578997981451179,0.493063531203142,0.33405084402403,0.166811129457298,0.0691797441989774,0.256263519933087,-0.00468061575626257,0.13678659599282,0.57152540637481,-0.080710944408074,0.120924043167933,0.0294234237188641,-0.682103135417812,-0.279953112229815,-0.456423398752593,0.112287571409864,-0.0420766997640121,0.109774598078098,-0.127256672205239,0.464757022380967,0.486523557299442,0.386316084197154,-0.498167075025458,-0.73424613522161,-0.35707411649432,-0.142672717338344,-0.178857329933997,-0.278057322001384,0.161981206575457,0.170824808302312,-0.152523651233171,-0.453917170444644,-0.0845774862700824
"GLYMA_20G207100","yellow",0.58523971176792,-0.122141145287398,-0.207262699893352,-0.564587354456543,-0.803597043787325,0.909264580930401,0.590700157805781,0.75537286796128,0.340646493556966,0.442527579488997,0.153773889160601,0.0381311611309881,0.0871451662047166,-0.0834600759853398,-0.106966680151507,0.125364206655932,0.449873437310573,-0.272587613034355,0.0397101354257339,-0.0512376217948222,-0.351083714714567,0.148580811345247,-0.29433246439069,0.0658830684917794,0.131296944634596,0.551896572962152,0.0442938631663473,0.622246743384499,0.208899601376804,0.0244392364198948,-0.431322288578572,-0.863464003817403,-0.597799658114628,-0.468710116752592,-0.446162052375422,-0.629588492733283,-0.22285648998564,0.0686007872253247,-0.0854591201565066,-0.310631881156464,0.0720365180511716
"GLYMA_17G096900","green",0.585000514423702,0.0187958623571204,-0.0582443087567783,-0.389246683255386,-0.701010929117993,0.842289453746595,0.646762723246961,0.837483480224138,0.570704687900879,0.533939351014593,0.373227425097944,0.118054108152984,0.305356105432183,0.193878845099567,-0.189747729305447,0.173900741093841,0.42262319143022,-0.222458893176352,-0.0332462254973731,-0.0117907919869412,-0.623436908798073,-0.0428224680265784,-0.511685322158263,-0.0877665946657306,-0.210841237351811,0.246495981736214,-0.29355388079157,0.354430806582741,0.155917162599418,0.10083369776015,-0.536279707131821,-0.875581085247803,-0.670401734864628,-0.423705097953632,-0.304377932633779,-0.409754635042379,0.103030303549802,0.186687333710939,-0.145474982950358,-0.525071900178326,-0.00270515644686038
"GLYMA_02G108200","pink",-0.584838532984581,0.607993755368504,0.430075467458373,0.691781915091412,0.898449835744913,-0.825033515051817,-0.120145028291891,-0.29408989071546,-0.212668525746587,-0.150067976032252,0.223495694562808,-0.0581224073327166,-0.121378430545241,-0.0330258683014199,0.195272705004971,-0.0405567879253273,-0.598193019046897,0.15959835011572,0.0455714386777516,-0.0727219500549731,0.351471379030661,0.129563275561787,0.0208744886845151,-0.455456806128555,-0.350384541671889,-0.403830796805956,-0.420689719924696,-0.809892172106396,-0.64733317227693,-0.206436981010083,0.150462638208173,0.529876917598085,0.0948928207535596,0.217951641849932,0.132427317906658,0.258836123181379,0.00363441352319254,0.0220171362440594,0.192486379539699,0.146436763695162,0.0757821830961397
"GLYMA_02G030900","red",0.584777844451867,-0.869245803440423,-0.739263944491186,-0.29768805146016,-0.720188782547049,0.605580150972282,-0.374113107784426,0.00230472226418141,0.317055321045995,0.19501341045027,-0.071334303234423,0.0699424504243774,0.140047359754391,0.0750254884382103,-0.253156380262127,-0.257187321810323,0.386185745731339,-0.131903700519994,-0.0628352587220222,0.0126210835732858,-0.374552524871852,-0.362461554490763,0.141826950259547,0.61404684268731,0.49670910587625,0.0503155353339096,0.434254966541931,0.664658269785553,0.885619036573711,0.620218233407677,0.048736904733405,-0.178877511021366,0.36040773796125,0.17580580285492,0.205874268104801,0.0346669879279511,0.136241550459556,0.0903025248721985,0.231208930670288,0.189037271971471,-0.0717235841255219
"GLYMA_12G202500","yellow",0.584427026709402,-0.471590481330507,-0.395586949408973,-0.599335602920695,-0.805986647584581,0.819023408828979,0.216675639267751,0.397430562858669,0.126310607356878,0.208693419158172,-0.0661266993514724,0.00935120481940765,-0.16699307320066,0.0970736597057111,-0.0078054806262978,0.0676769898900676,0.528056196116424,-0.0264900221391576,0.0961796803706251,0.0170134693892745,-0.148932765398936,0.13500503609837,0.0426714574205782,0.415683442118362,0.417065778632087,0.586635819569454,0.396644989574598,0.828790960321468,0.488559191651793,0.193671445667483,-0.164615328805031,-0.558754517750605,-0.187035966582674,-0.166965131488747,-0.365649676781344,-0.511497789296786,-0.278483306361537,0.038714870412931,-0.206159360304002,-0.205935519402117,-0.152482697873985
"GLYMA_12G240600","red",0.584411587930358,-0.785969879996232,-0.582083270452472,-0.275145383124573,-0.712846713145787,0.565591285918718,-0.280059498802452,0.00925725591960217,0.27268160740376,0.290236422500676,-0.110132486511329,-0.195960162820903,0.0680296377154756,0.120373101840756,-0.130575475789413,-0.216159045120013,0.449475849034547,-0.322671438375489,-0.121361638181805,-0.175971448048147,-0.47028897973422,-0.390409736193665,0.138369120827488,0.611472954045224,0.154920794500867,0.062656073272842,0.387900573884412,0.634224897857816,0.808057108382366,0.51790480451463,0.14344058591209,-0.17981010142877,0.26314755404186,-0.114411907097732,0.0620271835891289,-0.0163200878406529,0.0701941989135973,0.256379436664539,0.202252020938406,0.257839239314939,-0.139665896861587
"GLYMA_06G085900","pink",-0.583645956697507,0.601613949521084,0.528995114686883,0.558548973317213,0.855489313549984,-0.807983159358948,-0.0559695353407105,-0.325483120595203,-0.311377438927423,-0.247199093477203,0.0888836830645334,-0.0755571701434571,-0.107736275048094,0.034969330906682,0.191139166553778,0.144715429871627,-0.435260933032407,0.331470979951796,0.104209391453069,0.130397503560306,0.382857035336756,0.166972541745828,0.0226385387215616,-0.44344819514855,-0.354401632652384,-0.326656634263171,-0.35745391170202,-0.752339307854207,-0.648180380952417,-0.309099799668166,0.153495156705305,0.517818488593678,0.063487824100348,0.210781922532447,0.110788933326482,0.238917708478107,-0.0038149729860588,-0.198385334532392,-0.0231938368338984,-0.0146312952585124,0.0175886360389293
"GLYMA_07G136500","yellow",0.583366452614197,-0.585044495606193,-0.563164989955368,-0.263218343555803,-0.827358988880434,0.802054199668006,0.0797208855292754,0.435755259551594,0.545727659606252,0.551058587503277,0.237688033748002,0.171281031586212,0.0639764495394044,0.148601428977566,-0.0306737895648047,0.0648688722527195,0.579699498421138,-0.0445065770769565,0.0740810827681223,0.0428238351725735,-0.709156440300069,-0.347672752137202,-0.176020189316708,0.38443837625409,0.00758491165971883,0.0534149100323178,0.0191172006141622,0.535402940832971,0.67686759380871,0.528885412710963,-0.145564353692735,-0.535746209602605,-0.10611235872193,-0.0991610219363944,0.0425057644242312,-0.195805348104785,0.139812862286604,0.114534271813868,0.100862381168596,-0.191373122610374,-0.00276745789007586
"GLYMA_14G003400","yellow",0.583352846409838,-0.335848635673137,-0.306953448371177,-0.670842924343971,-0.872128043727381,0.929940055273248,0.411353009116483,0.604131270067261,0.178003611115086,0.319124471730438,-0.028624679836713,0.0804969002512356,0.0527281161118819,0.0452510980822017,-0.157802485905211,0.0927543479762796,0.534837966896916,-0.199325726018561,-0.0640791642991787,0.0184188023169185,-0.355258784329466,0.121595116352,-0.108729387047481,0.322658756816891,0.275944685747533,0.509493154657601,0.216258817208865,0.738772458344724,0.403439543914584,0.113298977577378,-0.365824401007159,-0.769952561465537,-0.40043452555222,-0.276220120296756,-0.324019037829811,-0.559921825265509,-0.205970240804399,0.053130933356102,-0.261859141881411,-0.279707819577235,-0.168075844728879
"GLYMA_09G012500","salmon",0.583289649742578,-0.686175371396495,-0.524568073623723,-0.614818994479608,-0.857484967129819,0.734766147515306,9.38767148189606e-05,0.150343944344168,0.26951692775204,0.102839552583105,-0.234436883299969,0.0365442709147742,0.1912309113481,0.0845603099092364,-0.277296009898675,-0.0427804982588785,0.547107351904456,-0.0837511255538275,-0.0238709689936935,0.212191568978623,-0.3164435777983,-0.277174732706111,-0.0530446875545892,0.392933253410732,0.332480543402582,0.385224727106259,0.491784460727959,0.815306211755589,0.711952106986417,0.25161458255564,-0.015691067033892,-0.385820037613096,0.0285745026321167,-0.172932726191003,-0.151771359186564,-0.167911703439863,0.0594736243991319,-0.147503169760399,-0.123387148891536,-0.117130210745041,0.0279783827965209
"GLYMA_09G140500","pink",-0.58320469597814,0.490053974763649,0.434159966260523,0.361996737923943,0.81653142097952,-0.804346927082301,-0.171071142051806,-0.460339185225813,-0.314984367039102,-0.530919988632474,-0.0889022589099846,-0.0310655514258198,0.0366357441145676,0.0620166062467718,-0.0465372303941878,-0.0109680514180353,-0.523170789581287,0.273390859984066,0.0702754234495395,0.259927858924928,0.510625020831347,0.135910487281193,0.0931659388538751,-0.395650815983988,-0.146386523168075,-0.280795701449739,-0.160943561338246,-0.620912285606393,-0.529746618173169,-0.351587981710482,0.129092850974444,0.600692684927745,0.206228858289418,0.323131381449687,0.164357757055409,0.417970225053715,0.150853779491166,-0.267193490913202,-0.171059565649201,-0.0467838633494992,0.0234136689893525
"GLYMA_03G012800","pink",-0.58310125546299,0.335311375827301,0.264090603936852,0.447106286664779,0.832142662291326,-0.873078272126963,-0.384610271919062,-0.610125933163633,-0.416561699691912,-0.51249687936754,-0.158506170267882,0.122152745346437,-0.0502361978866959,-0.104067952493372,0.00149816948603465,-0.208273749485587,-0.632044240044923,0.141982315200001,-0.0174968799745516,-0.00857383380016821,0.579837571938543,0.0781824160427229,0.199655764632263,-0.26018186722102,-0.00569966222738306,-0.289803477259878,-0.0175786171647615,-0.574717780551282,-0.448621020096223,-0.244658976210544,0.337148713129435,0.712652466543234,0.383341111633889,0.332633559797906,0.156270671210983,0.399141405800599,0.012157189506455,-0.0960682155318912,0.0251139775300287,0.261972118029486,0.0164228372627583
"GLYMA_17G206300","pink",-0.582827166864127,0.412672486424424,0.377418748167178,0.435912461580725,0.81336190557749,-0.802444865829823,-0.228214427725453,-0.472629444254708,-0.217825257916763,-0.466577743189411,-0.0342464341267402,-0.0647252583995355,-0.128023005040851,-0.269585959373257,0.15389806254533,0.0934399309031395,-0.44373231398769,0.368798239194984,0.369622937664269,0.297113616639305,0.51568186208422,0.0681605469043344,0.0497556607271718,-0.417942135981182,0.000529919976143702,-0.345701021234425,-0.173023371968874,-0.661540744304385,-0.468300044891329,-0.272035224151378,0.168208310373254,0.627592412386031,0.271098314108901,0.39558972187591,0.32784301364183,0.483361113843672,0.216054328969852,-0.379460658489172,0.0291318524355994,0.0526047077376933,0.341477781530204
"GLYMA_18G292300","yellow",0.582813775306972,-0.340296299467152,-0.329986108359246,-0.614817604223882,-0.9059343681254,0.915787732848467,0.437706563778851,0.613111556766442,0.346550907516606,0.422364636224001,0.031857216006758,0.0333685594068766,0.108615968356894,0.115298829301966,-0.0735851548388969,0.106707482561066,0.587874796987199,-0.231357698555973,-0.068698597097911,-0.0466679080207939,-0.568607327264407,-0.145936800520571,-0.322251420702125,0.188979661663917,-0.0694025440044064,0.378218703665027,0.0859812220404554,0.648585032315328,0.434025154278255,0.132521806831461,-0.278655443554067,-0.76765220513202,-0.446118412495847,-0.428723136176642,-0.351723708106326,-0.462781918371746,-0.0562281636084375,0.108753295974465,-0.236640742627237,-0.345952956012091,-0.0475769379116479
"GLYMA_08G209300","magenta",-0.582754044941899,0.855560617201304,0.610101857796979,0.463549267018709,0.824435871537593,-0.654579945297881,0.240425633657267,-0.00591378981014868,-0.399299082988723,-0.125027034620543,0.17789585187785,-0.0793693595351721,-0.109633325576253,-0.164385752512111,0.137312679090951,0.12140850682526,-0.548777582945671,0.0389653040166115,-0.0403803467484736,-0.0957570973958048,0.426764027765771,0.540194301348566,0.0978574875962492,-0.432009181465311,-0.266294717551267,-0.146999407562861,-0.472872506233265,-0.738536556356512,-0.896679569864476,-0.471559772973929,-0.0683217414093872,0.228859217177812,-0.249976031009809,0.0244514837907483,0.00421779020811606,-0.0700982158442563,-0.231109913624538,0.0262831117813302,0.00142479550069794,0.0264744010569953,-0.0314037622787414
"GLYMA_19G097700","yellow",0.582745376054241,-0.492608782635846,-0.403909496659459,-0.254495081642125,-0.813039547878777,0.842016863624657,0.137012751765771,0.544514769176619,0.333361560233844,0.647893331996581,0.234557255122861,0.0833028384752629,-0.00429626515299852,0.153348251282349,-0.00666800306028978,-0.00706560823345996,0.513112715308406,-0.241136314317324,-0.145848142632881,-0.208577989171953,-0.658907328792435,-0.182468106452748,-0.137217872838107,0.417669162597073,0.079797150537245,0.132900137484836,0.0327998745571568,0.549472012710876,0.561132000183323,0.519151450589495,-0.260569404651007,-0.660770985045469,-0.19734733856882,-0.184905803287658,-0.168160202203645,-0.437064016632838,-0.159048765718698,0.296084816744363,0.110551752914029,-0.049936593325415,-0.26859038199222
"GLYMA_04G241000","yellow",0.582353736949342,-0.226181713848501,-0.203266546495028,-0.0235022411524125,-0.673812176628766,0.801923522983572,0.321636635487505,0.758035286339007,0.574857111409194,0.839650036034016,0.602810251681471,0.0894424699333386,-0.020573333939243,0.0597192517494464,0.0625489543832612,0.135271896889478,0.46786942810023,-0.193555498797261,0.113526807841956,-0.0406147733487459,-0.773483377330488,-0.177521716484622,-0.380265675856608,0.133770779802154,-0.131699678673791,-0.0203991542813155,-0.346432212037473,0.27282375079489,0.364459893046916,0.530556748762771,-0.396331501767121,-0.755940939801868,-0.393367668262769,-0.137741187149158,-0.0841815941298826,-0.430317638753093,-0.0179579655001004,0.217086646705024,0.140802884512846,-0.284745730468908,-0.0454286267496684
"GLYMA_14G220700","green",0.581989166488521,-0.0455734926666356,-0.0978382515279722,-0.426185603437894,-0.721769758771904,0.880937254084411,0.579748570103141,0.827966358435077,0.40846215528614,0.50221370504184,0.303148187131592,0.222981857778776,0.227743352668195,0.0433823965811667,-0.185503614813673,0.111550454093348,0.387611139379125,-0.19158811397225,-0.0183894154304774,0.0240986806474318,-0.474773324850398,0.0871621058661101,-0.405207911200903,0.00127341298156788,0.104933248035696,0.33494660992768,-0.162701395988839,0.441102427208259,0.172485099028013,0.129560491203975,-0.538873800113063,-0.898479471328711,-0.611232493479059,-0.330080096523323,-0.31572504692256,-0.557692071032093,-0.108232155343556,0.0626507095487635,-0.0939842639945343,-0.41719855650831,-0.0358429664207012
"GLYMA_19G261500","yellow",0.581754600783345,-0.534791325168652,-0.390975969688765,-0.417205855100011,-0.829397449619316,0.821157343529433,0.150412139504499,0.422771405419086,0.386400672511586,0.430752359851423,0.110983688565721,0.0449405742709384,0.00272901581711915,0.292734523807061,-0.05858986433234,0.0994742138258242,0.602443044801086,-0.0203928530295957,0.0372446618882077,0.146491874491982,-0.596035081153406,-0.212807542478757,-0.115737837754762,0.412407193509585,0.0541991533866655,0.193261315324208,0.128730066239896,0.626693678478395,0.631956266288008,0.426594898334212,-0.215523364642568,-0.556563938021951,-0.144317046919059,-0.122461963571729,-0.13039678359819,-0.268440007033874,0.0497309122151877,0.0527236534913142,-0.17478186889544,-0.294430796859718,-0.192545487434613
"GLYMA_13G062900","salmon",0.58161828749487,-0.437671358709471,-0.455035211041875,-0.521848206728104,-0.674213490107452,0.655875506699983,0.15566874384676,0.237906213267036,0.150925664037239,0.086679348919648,-0.11736650436622,-0.0845111350277262,-0.0790047817978212,0.11775860843785,-0.083058880709785,0.0576248210678676,0.44121004510499,0.015726266371414,0.181902207426996,0.0546058127598569,-0.00383581514831473,0.194767945372776,0.185322148309301,0.424923095417313,0.396414959172746,0.623862601788849,0.445134337261545,0.806651005838515,0.436605777979431,0.126985551232783,-0.0223483108811761,-0.372904153556567,-0.0993459775605926,-0.196031802061046,-0.308873228374924,-0.400686759685221,-0.243705648391398,-0.00106480527829319,-0.0918052597369055,-0.130180548377138,-0.0571938205920605
"GLYMA_08G288300","red",0.581504066805257,-0.781175190940632,-0.555913905066163,-0.508662001205689,-0.889802783071427,0.775883755719584,-0.0816659326041695,0.182550022084169,0.333562760239252,0.254705204309512,-0.120556883958277,-0.0143881070216165,0.0440019191535929,0.224771335907022,-0.0905392451406447,-0.00373601812929016,0.635848802917316,-0.0442177353769025,-0.0362827054681441,0.0818666774824694,-0.515074422796526,-0.374255452880532,-0.0259117884771445,0.527823850762755,0.21743855521533,0.192462874866714,0.378782615039263,0.754908717877035,0.832455120416761,0.455507992186511,0.0145056416708792,-0.380355864532306,0.0940830107621436,-0.0809952873141158,-0.0337119060510131,-0.10014484736686,0.127478471460836,0.0285679079374662,-0.0953732403754612,-0.116743773487864,-0.119289588723429
"GLYMA_14G028300","red",0.581201736244577,-0.854425760743996,-0.650759479827183,-0.331966750754408,-0.710014628317441,0.585089607306546,-0.349204671022992,-0.0190565437711556,0.268188171525445,0.149337221952407,-0.116658735582817,0.0409382281497415,0.0609250379960237,0.137688502352147,-0.217219916674133,-0.207405253690618,0.412939366874688,-0.0751077225335421,0.0556292845978886,0.124846182729985,-0.350944766009225,-0.382875100001759,0.101786710639302,0.581536031665335,0.426646352591433,0.0585118305181692,0.438223726459867,0.661893240546212,0.871488171435931,0.583626040865439,0.103119298243995,-0.160406297147111,0.358206324948763,0.186999199747035,0.143293657671838,0.0474703549901177,0.141679590767722,-0.00706809612671832,0.0588511740544324,0.0719743683785548,-0.119224200136708
"GLYMA_02G212700","pink",-0.580197578063465,0.727746159902678,0.56226351322218,0.389880988286697,0.883645581292491,-0.797093419857653,0.0389349530017113,-0.262968631139799,-0.378406106675467,-0.404847834893425,0.00743836500935483,-0.0594832335529021,-0.0894074355400288,-0.105913514957545,0.14605948164986,-0.0276430215404651,-0.631543134399845,0.116971777981406,0.0545098627629469,-0.0410972286474228,0.559041425823891,0.277128230576689,-0.0338201246310574,-0.558887812917273,-0.226861987101844,-0.225904819858813,-0.321883406473012,-0.74711489957634,-0.774747956253677,-0.48574628763374,0.141876815846977,0.459893419393569,-0.0309796329464237,0.12587497018464,0.0175748164448173,0.206412040303037,-0.0227754765613672,-0.065005972775266,-0.12235852916116,-0.00230172142517682,0.074294937278849
"GLYMA_17G117100","pink",-0.580080067473674,0.487790861953999,0.503343964378334,0.542117899910475,0.845126388325292,-0.798195212006201,-0.220045592000792,-0.400795356037658,-0.280038268164961,-0.341827262361556,0.0357543496809416,0.0550291488683201,-0.0563325369472878,-0.201172897289458,0.0470764708346546,-0.00877909322202958,-0.535691446632737,0.12475303470925,0.0414949508707156,0.0294136216360134,0.46106793812114,0.151391063805335,0.117676390141905,-0.349011891905532,-0.000204849909657286,-0.349794713201321,-0.209433699003345,-0.683384780917385,-0.540263914117907,-0.234541917843904,0.0235125230753225,0.546227271494809,0.217968863360042,0.308997985949992,0.237749856029313,0.356536108009095,0.056708515744542,-0.0857060352245742,0.183295269816694,0.254604712612847,0.114098646706657
"GLYMA_03G144500","salmon",0.579728164604545,-0.638441691063186,-0.503610279758712,-0.582499120892534,-0.759292717318443,0.706084262437549,-0.0189878185453021,0.153946251648573,0.084389628200227,0.0372390546607415,-0.204272716242954,-0.0259845402440549,-0.0642806750456213,0.140189818023021,-0.162681825087073,0.00828139341335375,0.5255871766797,-0.0357123766286638,0.0279215389352605,0.0472468616605974,-0.0770674709936708,0.0878908873728946,0.259580026297113,0.597116016012055,0.556943389812862,0.519172291364924,0.551961993601258,0.875612688622576,0.633139649682072,0.254607210463009,-0.0782011098183282,-0.353256305332508,0.0587601717846816,-0.042436568761953,-0.165262823316354,-0.317685931532067,-0.161830211946543,0.0581248518593968,-0.122463180907659,-0.0450040408343643,-0.188067307583768
"GLYMA_08G123100","blue",-0.579520664455562,0.0302546993551753,0.0453971919724196,0.503193677603742,0.785432205497546,-0.901948632883467,-0.670135598984586,-0.817887679764344,-0.40937556938333,-0.497684944382996,-0.220557426413735,-0.121783313329799,-0.242093800885587,-0.032674069429207,0.199327168703212,-0.23591950845901,-0.513267260224877,0.199356602728725,0.0269043187686178,-0.0528967925762865,0.474920992141906,-0.0876063582106302,0.424499757743621,0.0249973998327189,-0.0211374264660192,-0.471730278836092,0.100104668108822,-0.525424346858136,-0.150436250552501,-0.0146728064068987,0.542574608245223,0.925919775116344,0.684848712378108,0.480422279336087,0.430985739957093,0.601278492026558,0.132793900800009,-0.0031413139301279,0.125760211835322,0.447451032291411,-0.0188176727862091
"GLYMA_07G165300","yellow",0.579176829368832,-0.0831791776449885,-0.119298985010285,-0.551697170855514,-0.774810446031253,0.903344838877476,0.607276775796004,0.771256611835976,0.273519403009782,0.423530636082005,0.141504185941938,0.132767480894529,0.175827721169185,-0.0239282013864448,-0.230413859614918,0.195845846686772,0.482588072271785,-0.222581080607824,-0.0687855034623761,0.00892931085962103,-0.344840120493614,0.226252351352432,-0.238380600721392,0.121466783650115,0.222723005978999,0.543211284263323,0.0193857398894543,0.603146616200674,0.17082280849324,0.0159975700403173,-0.529331877580632,-0.889167088133194,-0.610370691303935,-0.396115257952224,-0.405800818489759,-0.662227921433097,-0.243082054506262,0.0450016199366906,-0.105010029299128,-0.331319367531235,-0.0456832194315308
"GLYMA_08G354700","red",0.578569572061475,-0.841048789816532,-0.656947044360337,-0.2214306572732,-0.732618997675921,0.632213903848748,-0.305789416456498,0.079136643865776,0.363196623535231,0.349227202742411,0.0438697748324846,0.0243048627571524,-0.0657830483550075,0.210349078214995,0.00671044888243777,-0.156424125841608,0.499528146827226,-0.0664116222865272,0.0180163408315703,-0.0387897265102032,-0.495232311055636,-0.45217280834293,0.0331241643915517,0.567925250298142,0.250028111526391,-0.0019157563776967,0.31071116098989,0.609648751096524,0.882010443069976,0.679226776750625,0.149969991527895,-0.204497202962874,0.295748112083848,0.109735452320167,0.0839920585016059,-0.0394656504963133,0.0920198900626322,0.161534190639092,0.162829574332692,0.0792475551414696,-0.11956333853635
"GLYMA_03G118000","pink",-0.578383448444319,0.522003896716811,0.380636558615456,0.70602816398941,0.88563382088579,-0.840320987415321,-0.24133258135594,-0.358188905288841,-0.120807352338793,-0.204339222867422,0.217783806921685,-0.041179711589281,-0.0439615098149208,-0.194309693033249,0.113568759805812,-0.12547211772946,-0.657972796366205,0.142688375853319,0.131660907977019,0.00795900588407352,0.375283100361815,0.0431902178005169,0.00223426653943064,-0.474333128089492,-0.192392103365471,-0.460831396809213,-0.363721600829131,-0.804482408322514,-0.571237198582045,-0.147646238011771,0.161863245848975,0.569345857962505,0.198536298344044,0.251592305727607,0.242221116719831,0.366332150202859,0.0851197359768298,-0.109082012875774,0.342494782790862,0.211033491657301,0.250818249456714
"GLYMA_01G159100","pink",-0.578234339460484,0.663664077717101,0.519529899449875,0.384388778724402,0.857896657311887,-0.810144356352872,-0.00679449509972369,-0.340828451203084,-0.391008931616312,-0.413074740798539,-0.0613757723361708,-0.0573031029720442,0.00139519112579284,-0.00400743646676281,0.054327121257081,-0.0319068799191562,-0.58979138251888,0.1001770156283,-0.098181670498375,-0.0997634487519871,0.51984083111983,0.263460725774775,0.0649242681440427,-0.458227120333352,-0.284878931326464,-0.194629168199407,-0.245051999869783,-0.678236733072084,-0.719256802228067,-0.46818427634486,0.110274364434709,0.500274001083231,0.019650424793938,0.0727445961324718,-0.00703420623933787,0.235257678053333,-0.0324046530352786,0.0171905203467323,-0.0953561468878984,0.0872962163192773,-0.0272311499594481
"GLYMA_16G020700","yellow",0.577992976172652,-0.371608534296032,-0.386141640947659,-0.402382708151487,-0.877780424855404,0.909297987777337,0.356627680846474,0.637740068034398,0.435137472538083,0.599350777912425,0.189539284459407,0.114663096042319,0.102025454971213,0.204232739971744,-0.0723241500281427,0.0756490394987828,0.5511700787377,-0.180879690797079,-0.106939313513381,-0.102031969591554,-0.656298159407033,-0.147973468638032,-0.249653744386992,0.270768568564092,-0.0549870408853302,0.274157311959651,0.00187964760262137,0.592527047541838,0.474831155446438,0.321821502801615,-0.334823604613508,-0.756797859299304,-0.385332851671191,-0.38455729229746,-0.254156274710985,-0.464767742541694,-0.0850051461092998,0.168044967033363,0.0362359168772132,-0.234928242938914,-0.121161207817627
"GLYMA_13G342800","pink",-0.577685901187418,0.383851966789549,0.325460200117958,0.572995312223002,0.874236118693955,-0.872853994991903,-0.337471165208852,-0.530106121447262,-0.463992219432362,-0.306377778876818,-0.0575243322212781,-0.200359721268723,-0.222497853867409,-0.202805691762177,0.187741514793854,-0.0851664208724116,-0.530252068700656,0.110779200771713,0.0480182978780715,-0.041339148794995,0.490738279202534,0.178093616673109,0.314298100099409,-0.171429309504757,-0.096068570011575,-0.386393064793603,-0.155043094909452,-0.688569640557736,-0.477551824383418,-0.185133991418197,0.345543460338211,0.705178587100834,0.353000126902426,0.346416921285617,0.319286240485404,0.31877322686691,-0.0623130981553187,-0.0546796856674678,0.161721549249024,0.372702481213827,0.00873639962917445
"GLYMA_17G090900","yellow",0.577656969930702,-0.439547161778947,-0.333260589848686,-0.568260086233888,-0.892012693316742,0.898606361621069,0.304946686620368,0.516307097407319,0.331415649007796,0.335422998311205,0.0134055417632977,0.116461787456464,0.137542975945906,0.17525888685429,-0.199610161061315,0.110801048905845,0.608443497962115,-0.143361788430252,-0.0587848161870543,0.0817376929588534,-0.465500725945712,-0.0384634043930204,-0.101303373432562,0.372399678792843,0.196633275117981,0.424192679865278,0.196412545758576,0.745943704987181,0.516145372426263,0.215143446286383,-0.285467265012132,-0.692202700059712,-0.307422713296215,-0.257947547582085,-0.245087858799486,-0.419542629315733,-0.0496104634540206,0.0490934767032128,-0.14613927733767,-0.284516947590591,-0.129121690513544
"GLYMA_19G075800","red",0.577329813853681,-0.825057559457328,-0.65101305694987,-0.402937719287572,-0.712449563604902,0.562414142274661,-0.287193156332882,-0.0743034131978689,0.149501010551559,0.108935723728578,-0.259531622184354,-0.0678574891996173,0.0475930776724921,0.00315448046749971,-0.20824725909289,-0.121199818708963,0.471222144521991,-0.10772679201825,-0.0407793187992067,0.0232131694342617,-0.212865188952979,-0.191024727996254,0.318131806309855,0.689190544067831,0.49302448616961,0.266778657089329,0.58401645534924,0.774384891727077,0.804448452831588,0.425543523863571,0.133666740476919,-0.133088775400488,0.322009134249201,-0.0125087525202741,0.094783992237245,-0.0599906365850891,-0.00401172969922632,0.0178271877132651,0.16823968149011,0.253481211383176,-0.0745523104280264
"GLYMA_19G085300","pink",-0.576837139716179,0.456896939799243,0.333628840893945,0.693075867329303,0.930611680079704,-0.901990549222555,-0.316011862547089,-0.479469518819328,-0.286414905035518,-0.275088988145994,0.126289947697975,-0.113989932884654,-0.174443906479169,-0.00922113178132545,0.192791315068851,-0.0923161289294207,-0.605224113090022,0.211966791120037,0.0945269097263419,-0.0143444286005918,0.433846755454608,0.0821616199762446,0.148600566380785,-0.337074657863943,-0.232854596706945,-0.456205904909222,-0.2943309740983,-0.774016139837369,-0.522421884270906,-0.123467981833033,0.283287850530906,0.698300211500016,0.307010675631899,0.36634911083606,0.243066517286839,0.377483674700962,0.0329707154072902,-0.0160785511970959,0.155228936945801,0.200493271100486,0.0276560009188584
"GLYMA_11G128000","red",0.57592385314297,-0.700628158346165,-0.405778913998259,-0.132146222427423,-0.575029370535594,0.51934932407751,-0.302856773985231,0.0803544035643046,0.634291383411363,0.178194403983577,0.190644293259704,0.190912340062973,0.204527793338602,0.275939186666367,-0.13745957487225,-0.0524102707719318,0.454297787170224,0.0916560216162303,0.188940318687373,0.185617596733143,-0.510805447061581,-0.626095165019635,-0.277122987665151,0.250804215569267,0.269534991767809,-0.229492958229673,0.098962363847167,0.370702304079822,0.821315995414235,0.667695157867288,-0.0556590355232654,-0.1686266392123,0.287422936477505,0.305673483028233,0.296611988088604,0.317787602719502,0.521109372504152,0.0256901862904282,0.127302199539738,-0.181009056520512,0.0565117215826701
"GLYMA_14G187400","pink",-0.575690548199417,0.51421276660701,0.482053647659526,0.464712582957664,0.851031513189748,-0.846539586433674,-0.143907938627521,-0.464162274462575,-0.417829979432855,-0.374656227912939,-0.0715814723760227,-0.155436085243587,-0.166024427612116,0.0628080431771419,0.22041306172497,0.0848426208351889,-0.445045546501955,0.252294766658796,0.0351353783545032,0.0230475121799017,0.462815996757675,0.16781891362032,0.16454668350901,-0.316658605275575,-0.314176740272658,-0.279598881170517,-0.204763235510755,-0.661590846717573,-0.5828394760211,-0.336541624184529,0.30429749759998,0.636901796945798,0.177598283806349,0.168145821394416,0.0769551555959917,0.296017492910088,-0.0220704007877941,-0.0655623045219612,-0.127362850078622,0.07324615934531,-0.0674035693274429
"GLYMA_16G073300","red",0.575540011683829,-0.779117380306591,-0.688212387402495,0.00914266921290416,-0.624133466805935,0.515899771125257,-0.363297607731975,0.0590432146487194,0.510818349638472,0.461846997594811,0.19535548911223,0.0255828471581249,0.0748174453996402,0.0563063089749757,-0.0804208204055217,-0.182571675155731,0.368865144750992,-0.0704048139020785,0.0523789639797068,-0.0300855328634439,-0.556457772757636,-0.477541568296748,0.046606563095817,0.513318055679713,0.19832948879319,-0.127518213857872,0.188953954686273,0.461409816159249,0.813433759917099,0.743334474400529,0.101606226930084,-0.158035367829946,0.315666161351788,0.0675845725814392,0.225645266247841,0.0507530003153958,0.158516062811372,0.118745306200201,0.478072413676041,0.201566232792722,0.050580315738868
"GLYMA_07G213100","red",0.575458899438606,-0.875228606327569,-0.622414605565607,-0.299822590548067,-0.74305025892945,0.617304602966654,-0.315241414814772,0.000868572373571342,0.357965640114803,0.214829151376739,-0.0626852259613765,-0.0367824540449681,0.0737172434726249,0.246610870497293,-0.153683105194446,-0.0559807227150346,0.588248445747699,-0.0116378134249261,0.0691245858869117,0.146633868562128,-0.459894089868108,-0.415760376237381,0.120931022837202,0.629605735619605,0.303240877366167,0.0309832871285052,0.376787469134014,0.665323402537737,0.920137440243686,0.616052521598482,0.116341604197717,-0.155346847948417,0.334031421731863,0.148528658861471,0.202412672580643,0.0806425715605944,0.215484081279677,0.0272792243483241,0.0895259004985796,0.0285411815714136,-0.126060205026644
"GLYMA_04G205300","pink",-0.575181419175934,0.535852740979327,0.380974082100871,0.487513352604893,0.923248902365746,-0.916353579817592,-0.223022262721065,-0.506717615925811,-0.395428152763541,-0.453794077182231,-0.0779624145682143,-0.123632037309549,-0.0709166314900049,-0.140384042868039,0.058297134510559,-0.151599230090441,-0.66345660469889,0.0260356733642502,0.00282290745339409,-0.071654662871289,0.573931979099462,0.15149433588617,0.141925142898665,-0.40063208645323,-0.174071934606095,-0.311874824629784,-0.180851246956059,-0.717546730617249,-0.614456405074549,-0.362420843457866,0.320075079255082,0.687166206799886,0.232524166717173,0.22704646934394,0.149066415353385,0.355600508400247,0.012959670910387,-0.0107901200368828,0.0375787865714547,0.234447162366195,0.0871024290940167
"GLYMA_05G051300","green",0.575090547752622,-0.131027627969309,-0.168085235034374,-0.400730840717521,-0.807469620712197,0.932488318014281,0.566889017038794,0.839736113424767,0.529966537434765,0.619264154417758,0.360343468279192,0.137286048762884,0.159072007691039,0.0344778808463487,-0.0920735060052716,0.162054871807052,0.50068103398359,-0.22998744786323,0.00405509392701784,-0.00611696349386445,-0.641866190628904,-0.0574139479427205,-0.451320869687906,0.0278146199886922,-0.0650994642401343,0.276823433660921,-0.199640725449542,0.456963056402483,0.276600428487311,0.202296169666867,-0.492301414862438,-0.906001742244972,-0.603097884245128,-0.375628717900579,-0.267264883614337,-0.506933924867197,-0.0133110686247206,0.122287593588103,-0.0520079623127494,-0.41903041447504,0.0473577890645324
"GLYMA_03G172300","pink",-0.574911824672177,0.460363922590138,0.289397016633755,0.730120243035411,0.878707677475105,-0.843986525762386,-0.270952655118045,-0.400906949730821,-0.291168401713836,-0.125401006306982,0.176692682458336,-0.0947878034757358,-0.184096619657983,-0.044499333623863,0.223310440689667,-0.0682134239383653,-0.573243160302276,0.182853500513501,0.0349912472739185,-0.0522729534057581,0.343961523559492,0.130716228818807,0.199783494906343,-0.27035659296527,-0.284114725481752,-0.437650415828648,-0.324268275338108,-0.755786652736784,-0.536032818453041,-0.0897622097278763,0.201332973552476,0.612079428175307,0.247345022483536,0.288222117212148,0.220470961488713,0.259641714729142,-0.0728350631321833,-0.00351773679635566,0.249829002481155,0.275224319545758,0.00349079683416431
"GLYMA_01G175700","yellow",0.574706478183837,-0.468551929401993,-0.452501607952254,-0.487047850910131,-0.876944636049884,0.841335158351276,0.239039564883589,0.473843503824993,0.575164301256275,0.38576318191282,0.101036268104726,0.197784262271442,0.217991947738747,0.0508070613632455,-0.165560448860008,0.0261739402242172,0.520753788253631,-0.15432292012275,0.0334219083178559,0.0841711780170647,-0.587735858370021,-0.343614405913984,-0.360642371406893,0.140277134861969,0.0382209121274347,0.262596939818259,0.131115814294703,0.630401193607947,0.570608178137971,0.281832273251991,-0.261982293509305,-0.637140871024699,-0.263054873407948,-0.328881521156092,-0.227486713003514,-0.235015137005113,0.136006419629845,0.000867513147197812,-0.0189914169545151,-0.26601468525159,0.158533416970678
"GLYMA_11G203100","pink",-0.574514547175773,0.622047340637232,0.426174369775581,0.379352400958785,0.804742385673997,-0.746079743896934,-0.00909606861192019,-0.296618419712715,-0.487572564382433,-0.319865665772396,-0.0658000907598084,-0.0823435493954318,-0.126792147058845,-0.0816938748899488,0.136037432889358,-0.0640875290986136,-0.595281624036537,0.0409045005579447,-0.0533290479554807,-0.175461219382757,0.528287840882512,0.337366457539607,0.152287086812845,-0.363093040207347,-0.222795358485459,-0.119049040839945,-0.179471627804829,-0.596687237773042,-0.709193336336002,-0.435641977475682,0.0759716548727493,0.444708924500257,0.00988886663402352,0.0593565184183826,-0.073459393308331,0.0700987548460215,-0.226829305993183,0.0541655261167951,-0.0483366657722439,0.191085553164128,-0.0625878905229781
"GLYMA_07G217000","pink",-0.57417748243588,0.661644348833154,0.407513838303059,0.520302575463153,0.809275404003891,-0.704706701409605,0.0304343550031224,-0.163659851848282,-0.322133678436962,-0.134630249562735,0.165248119145757,-0.033911836274054,-0.150296386165851,0.00702386281410405,0.231757767297784,-0.0394881709909287,-0.575115595204463,0.0961554439801387,-0.0627385109775872,-0.186786454455468,0.321537735735635,0.25903308132046,0.0519008827937894,-0.395409049866835,-0.422016643792436,-0.305145733736408,-0.434611683442606,-0.740177665286655,-0.697916265105473,-0.303837879447236,0.0706655736020188,0.381729784121469,-0.0515911241744694,0.116724018533935,0.0566166350735376,0.0910022127564901,-0.116467844458206,0.126473771074414,-0.00843389357459794,0.0592081767466023,-0.0530859199741198
"GLYMA_09G104200","red",0.57414376482369,-0.805388128492297,-0.636953409990546,-0.340155621044783,-0.860748851666245,0.765248812508415,-0.137343305319243,0.207922389310728,0.392072690209712,0.415958986892213,0.0284712030093421,0.0295550821239272,-0.0103413628959437,0.239558442211367,-0.030987730130823,-0.0155912278038818,0.635261629661445,-0.058081231287638,-0.0243890499379068,0.0193890859276815,-0.619203338129049,-0.373893827074841,0.0480118354858882,0.622574807411094,0.138764178953955,0.0879611862410044,0.275129427627019,0.691179084524657,0.863485417827446,0.596818635942967,0.00784856178246416,-0.365694224914262,0.131361059057171,-0.0206540197160894,0.073027537043908,-0.113618786120597,0.111356740035172,0.133294998367661,0.0602518291072327,-0.0351012859466868,-0.148446916832883
"GLYMA_15G215100","yellow",0.574125590646416,-0.464337250442655,-0.427562407712877,-0.53200262613639,-0.838780893256802,0.805737161678644,0.24180201514536,0.43184517083911,0.527760316281587,0.286518272182978,0.048850609021262,0.111919387573221,0.207765213996047,0.163709167592483,-0.131013658985055,0.0827749731240806,0.558330325186075,-0.0168088284653547,0.0616269195392623,0.147125081751833,-0.537733355714876,-0.32604230563221,-0.348643267798049,0.144191007611608,-0.00220002219263243,0.236454869785259,0.103192838267434,0.598354194454119,0.57433243092761,0.244699482330941,-0.18350117440543,-0.573971753643783,-0.238542180017429,-0.224838395218841,-0.132777238893933,-0.159129094481757,0.22385664317764,-0.0518628667157975,-0.147077465929741,-0.397608533005391,0.115501794617306
"GLYMA_06G291300","green",0.573854768404433,0.0595251004881306,-0.016994892317799,-0.401824040768779,-0.707643584701728,0.858920205463603,0.712960875477798,0.884999763618225,0.476265385859763,0.561941228468177,0.359346793730322,0.144318266401856,0.218589453524414,0.117541635143673,-0.0974009465226819,0.296329513547802,0.485658985739756,-0.131319960483996,0.0160714258325627,-0.0209518904001754,-0.569049294312474,0.0538792132387332,-0.495477998690626,-0.0925629716367599,-0.152582056801169,0.325050102047665,-0.285787271939556,0.369235502388529,0.0800202713544945,0.0489243831930545,-0.581254519030708,-0.930318840062548,-0.737398647824449,-0.458814897067198,-0.362080376205285,-0.555450139477421,-0.0502178885226786,0.125815532724584,-0.141808732468614,-0.535305384076725,0.00274091601155141
"GLYMA_13G176300","red",0.573820601413533,-0.870857426063189,-0.654605757250781,-0.193287393884758,-0.718843951289112,0.596719822471935,-0.337913063098179,0.0225414826753673,0.35393623935352,0.345298673563615,0.0218806147639436,-0.0230848329807602,-0.042852330165515,0.199304628486732,-0.0207026715513638,-0.0877871806004526,0.556252542978053,0.0157199246914407,0.0659713871122117,0.0687506255438759,-0.492275349986647,-0.464411525177342,0.0624506130230869,0.584059962597656,0.245135333016026,-0.0163532977096513,0.326470713703998,0.602784472529385,0.906910123859577,0.690132509075338,0.13088537561961,-0.161612433129959,0.3417981654698,0.172895512430045,0.179819451001566,0.0167752315530867,0.142570997740517,0.0455878970599146,0.175801343059955,0.0744684300795987,-0.0914200334204145
"GLYMA_04G204100","yellow",0.573707004388371,-0.158882800111267,-0.171035523314061,-0.443502511160913,-0.812221872209351,0.877810286810106,0.55079488698606,0.727662044781605,0.522401182405966,0.520635297387918,0.256917726850428,0.0780281868259814,0.144966638870325,0.13083405268015,-0.0902595251264379,0.215252051778483,0.547983468636703,-0.175692451565527,0.00053166319824622,-0.000737219116208518,-0.591993770342235,-0.0704388026571777,-0.392330075415343,0.0490611487945512,-0.134794649722521,0.358055995774501,-0.105023074125196,0.528076968702967,0.286419028513691,0.124850469479841,-0.439610076025763,-0.82891080861364,-0.572501529092917,-0.474792652295975,-0.340741861212173,-0.463611094585246,0.00184969387330919,0.118525060098903,-0.0975839772404957,-0.437346729949746,0.0460947955180166
"GLYMA_18G031300","yellow",0.573662852906393,-0.309352108307416,-0.264403064453639,-0.164989558879429,-0.753508354448095,0.856872033286419,0.307480938609003,0.71977603932505,0.513991985403536,0.73411302366376,0.474301471418882,0.119092752078774,-0.0313460408004629,0.255778207653401,0.0710351818714009,0.122021006334631,0.528612786027494,-0.110827666302037,0.0522725771362885,-0.0741377649691326,-0.768377666484056,-0.189545061487629,-0.339977369079848,0.223029596348367,-0.116368522749315,0.0370589746630977,-0.239768340652459,0.384205803284218,0.438767121293182,0.505849147698275,-0.440432931420105,-0.757133652598604,-0.368147384050023,-0.138419104571614,-0.133070787398716,-0.423487666441969,-0.00794390163039065,0.272012524384806,0.00260141890897833,-0.336071554810739,-0.192523863961712
"GLYMA_13G309300","red",0.573545251420761,-0.836620646697941,-0.614461246889301,-0.298451293617818,-0.79082453104133,0.669485877782109,-0.256190325625875,0.092766623821796,0.470770833950298,0.307706723830591,0.00933068878446024,0.0571165563819675,0.0342293065574487,0.240554286909852,-0.0471706878618935,-0.096905518979466,0.555529401165941,-0.0769724250425518,0.0546946154991506,0.0188825346392826,-0.566207724072179,-0.529340962829995,-0.0574180801730072,0.50274996757602,0.163051945321265,0.00405618090623708,0.306776018126307,0.638494437688683,0.90481230079381,0.621250443462221,-0.0117272636646639,-0.256927139269377,0.242178649294737,0.0291214772669776,0.0907028415326384,0.0464227568143525,0.224700609007405,0.114519431193755,0.114113115220862,0.000733581038900279,-0.0640649640584752
"GLYMA_10G193500","yellow",0.572558631080819,-0.323814959482232,-0.206859069976481,-0.372848473867861,-0.769577915526178,0.814598466193312,0.342078198155492,0.576346022242323,0.405118712717862,0.515912541564723,0.189805477140195,-0.0203954152098801,-0.0243737520410825,-0.080281357235588,0.0374262112264476,0.207192978011701,0.566356932693951,-0.115090270383539,0.203937573623703,0.0804030547079181,-0.481200513648759,-0.0606508545953184,-0.216606674291946,0.218246226995567,0.0912159406466496,0.297242160427998,0.0381653005151916,0.542002391499291,0.412094119658769,0.269623799599435,-0.186038387830709,-0.662254437891681,-0.336142449348645,-0.303764660993265,-0.205322259693284,-0.393344555883156,-0.0776611042457543,-0.0333058516560531,0.0125318729225325,-0.231349568788543,0.074257458319834
"GLYMA_04G081800","magenta",-0.572441383705002,0.804634153144489,0.627672668033499,0.195194464632582,0.663175680399114,-0.562386263848608,0.325470067041833,-0.0219181090376804,-0.200938121191434,-0.320360093649345,0.0487671941830571,0.0165222792561601,0.0345967823904467,-0.0454391200206758,0.0497349580247962,0.137543498370236,-0.438173297601378,0.0642970083286753,-0.0377680990511093,0.0208656541289165,0.339056718864785,0.265477145900787,-0.206355023659068,-0.619695486583597,-0.421022488394512,-0.0893072709435818,-0.426716555938996,-0.622493652276083,-0.794820909555564,-0.608161380716831,-0.142221613524939,0.159107775390351,-0.32753598308739,-0.107068820222966,-0.10365104017494,0.109282485668427,0.086069505130974,-0.043394915093108,-0.288419557924521,-0.264582721546816,0.117179100144595
"GLYMA_06G292400","pink",-0.572153207330625,0.363739380680514,0.353889725138337,0.672578378407513,0.882991398011668,-0.875751381609096,-0.368904369247212,-0.509721315998584,-0.294079882536931,-0.284530710964477,0.0910779467391525,-0.0283749806891289,-0.143236593570133,0.0211398928556263,0.156498470199448,0.0314463454362276,-0.465471036084527,0.301761787365145,0.113431289955509,0.114264674901154,0.345376836135173,0.00665450509071313,0.16547243206732,-0.240063385900418,-0.175068145958973,-0.544902155026841,-0.296849798927986,-0.768029317269842,-0.428242428758916,-0.0565578662504035,0.263881700618932,0.699507928223393,0.369703276364202,0.47182122811555,0.367583424455478,0.442565929959481,0.12579535449905,-0.100702270573041,0.0864965867818521,0.146070881357876,-0.0251741766164184
"GLYMA_14G084800","red",0.57210219687009,-0.791293971510097,-0.573266859972724,-0.275100662435653,-0.722894992034769,0.644416798553498,-0.277218933139868,0.114265112244141,0.421777690707635,0.248396488185122,0.0443087629973932,0.102743826783189,0.0433851078249527,0.0408533360382969,-0.130816586486377,-0.150448243455835,0.437471859000359,-0.0877058432411278,0.129359268189365,0.0599381291114043,-0.41050386163238,-0.403176509890437,-0.0275612706258241,0.472018416286501,0.44180013841134,0.0259144143321544,0.322213291935275,0.606892209545695,0.83386804631969,0.621389275495087,-0.0146678421697648,-0.26042104306313,0.261966226418429,0.150726182110555,0.139550352656625,0.0380460469758609,0.197454433960949,0.0658071261763326,0.150353831114912,0.040317544772986,-0.010607752167944
"GLYMA_02G241200","magenta",-0.571776382233253,0.838364310766024,0.623783195560128,0.0848406661915837,0.658648059045186,-0.576196376999639,0.411261842321081,-0.0690484087681404,-0.47062615126358,-0.355212524495906,-0.170706344727491,-0.0998678458534092,-0.0817678037146603,-0.183633023438453,0.144422543063656,0.235900575060256,-0.378408885142545,0.0911776421068007,-0.0234065737720848,-0.0357314973105632,0.556612481003715,0.506618805041417,-0.0146418236838066,-0.554724553281818,-0.313414138159258,0.181742096395119,-0.204105336990466,-0.491563010057684,-0.895420440408784,-0.7923396191385,-0.0599622533985764,0.179677177622908,-0.365347415750252,-0.267559607468768,-0.286524001530051,-0.114634627139231,-0.266008886972501,-0.159819955146014,-0.236428101968784,-0.0734018259952446,0.112770261139039
"GLYMA_10G204900","red",0.571658205389133,-0.739847421313119,-0.514374103089279,-0.415450298614844,-0.866940763428023,0.763815918639818,-0.0630296734618059,0.23139832617848,0.435147845452676,0.351532136588351,-0.0246915112646141,0.0718307087331343,0.0883068592340121,0.183364636637093,-0.0525229260016155,0.0156764418743588,0.641236071649756,-0.0785848974990512,-0.00431249824618926,0.0481278491360219,-0.633734700400481,-0.434285455549074,-0.0886668048730481,0.491620039703212,0.108105409718566,0.0745224126481655,0.251500363225444,0.647641173679147,0.815101439458984,0.493238224103193,-0.0603883507268323,-0.410299003958639,0.0601139746615553,-0.0944724476961135,0.0745909840493096,-0.0364811070039455,0.226949187438156,0.0763798870681563,0.00732014993919283,-0.0897171537522231,-0.0675153343492937
"GLYMA_17G040500","yellow",0.571558241124508,-0.300733980124778,-0.351230235000905,-0.623180254403166,-0.893237208024042,0.936808558297667,0.46508999694965,0.650877121411513,0.429363172935927,0.389998685162388,0.0793682767816823,0.139175660744365,0.222095593946611,0.0829210581231447,-0.192051126445444,0.0908955086691149,0.52370104769761,-0.186654294418994,-0.088791501235102,0.0355852304695971,-0.514355120160495,-0.0656673194218145,-0.294244135650627,0.174420527526491,0.0650109828302844,0.421841860846168,0.0827362902669034,0.664567412983617,0.411415640321668,0.127390511844366,-0.334483674410565,-0.79259379967651,-0.464535483869436,-0.398496843955357,-0.299807997003175,-0.424303430396503,0.00117633943250169,0.0516719127494693,-0.159804242055623,-0.373202534860687,0.0438948784696285
"GLYMA_17G042100","yellow",0.571509815792102,-0.461730541878304,-0.371507325107515,-0.398497344500162,-0.827353312765148,0.838681780731642,0.249884279770046,0.502040425300257,0.380029940869806,0.505998337255349,0.160368416525962,0.0277732186399996,-0.0456620377821741,0.383548824412381,0.0666987909809681,0.147114253567207,0.659928426159687,-0.0392703225358696,-0.0659218343622226,-0.0510631874612219,-0.635229746688161,-0.185786919945579,-0.154585109410829,0.378247669690898,-0.123539330611435,0.216583820428005,0.0338892775153471,0.592209971210561,0.568292047612716,0.380914469333066,-0.195225453254661,-0.603324314509742,-0.250502145164853,-0.213671872152697,-0.189524416672621,-0.367116354622864,-0.0125436788615641,0.223338840018627,-0.155849788157296,-0.317934763743943,-0.232940087476364
"GLYMA_13G119500","yellow",0.571346318786273,-0.509431083851829,-0.260970609219915,-0.343810911591169,-0.822698140879665,0.800900466303258,0.177024354554495,0.4404479735556,0.606413718530913,0.477349204793053,0.180293650707217,-0.0341644643345716,0.0479774389102544,0.0195890730698434,0.0313229519456697,0.22358181422337,0.701310653701029,-0.0483169303728387,0.192059606099057,0.13771678774438,-0.648958884991138,-0.361423187098838,-0.285354801760357,0.246718850190909,0.000217969119678104,0.12122593872933,0.0511272990665406,0.541706779406109,0.635344499241328,0.399001160860913,-0.190509189595824,-0.55992133387305,-0.176233430505768,-0.21326763114755,-0.0061711967842144,-0.133754616875419,0.214627016071936,-0.0267354781462621,0.0572950701056171,-0.241140338525625,0.174644691985459
"GLYMA_08G034400","yellow",0.571242855084825,-0.254065328722848,-0.20031055416619,-0.505782711977797,-0.805514039013842,0.831493174837807,0.448653987902497,0.562303777268658,0.378459766078822,0.412136648590248,0.0549791823617622,0.0487070180735487,0.186823109564415,0.18174507046384,-0.0996059092626132,0.206855183257265,0.577930950127535,-0.107082329236995,-0.133747727178273,-0.0763507776468404,-0.478084436905246,-0.0146570336951861,-0.190963609571465,0.219299994664337,-0.0178429920981929,0.457211576317212,0.114469368514568,0.652528605037966,0.35581235569889,0.106491342585023,-0.368958305302217,-0.706315278060708,-0.436906234315157,-0.475518982465516,-0.337578063279494,-0.439307580299228,-0.100452372522478,0.115260515154485,-0.0692747817782798,-0.271463187472676,-0.0412244982391114
"GLYMA_17G048000","yellow",0.571109342204543,-0.291530043990194,-0.380207395163728,-0.496152150236083,-0.859474718499758,0.935294530670441,0.441923488735702,0.694423939110388,0.386932992674741,0.509442078567966,0.187846590871573,0.102616757901786,0.131633744742974,0.109108754183373,-0.173809886640337,0.0863616590787142,0.511292139367637,-0.236004558720395,-0.0927640797837837,0.000986392504765594,-0.552288841590088,0.0622750647315345,-0.123054207997866,0.315727511754746,0.0597105688886124,0.373105136512592,0.0061060139031499,0.626513868773121,0.398371660042915,0.219458164096905,-0.331991088468144,-0.797641634344565,-0.453535324424329,-0.325691130083884,-0.222332666426353,-0.514941806035476,-0.097139830483021,0.153631971659279,-0.0874488174560403,-0.304426860858541,-0.0936366233549962
"GLYMA_02G168000","yellow",0.569948078529311,-0.354907916972434,-0.323643572569221,-0.334518166013624,-0.78710187666886,0.860880748338373,0.270638564428165,0.642375139435455,0.475206184510468,0.569461021430115,0.317712083517452,0.144780997183429,0.024474193832747,0.289573542463053,0.0234342891625202,-0.0356338623666309,0.440265148138244,-0.165355217717223,-0.0784938277505009,-0.137671561614766,-0.669851301785034,-0.229083918307475,-0.35903464591506,0.191857509238274,-0.0556760952671495,0.107309700704172,-0.0977093980050405,0.466907109049921,0.484692386029444,0.432216133710592,-0.35997749727999,-0.714224702926514,-0.323914652973532,-0.203729790405911,-0.232762542639121,-0.360422366283995,0.0248315353904207,0.281706118299282,-0.0870297700009518,-0.316885667796986,-0.200088397335249
"GLYMA_06G125800","yellow",0.569859617346535,-0.435650025057226,-0.379379058156535,-0.283419766040766,-0.795218070268171,0.82458113883084,0.169249149214435,0.561355949303943,0.418308416832556,0.574254810285584,0.239498302418671,0.208536137021601,0.0976150246164076,0.12275728490742,-0.0519765586277854,-0.0752477020580121,0.401656044995717,-0.194791216839252,-0.0774694666664763,-0.140677477449647,-0.616320581788591,-0.237081748947629,-0.27840581015345,0.258142289772994,0.0978960679466149,0.121488118454555,0.0120172978816319,0.50612478857415,0.511106310598299,0.44957276520597,-0.289075783514861,-0.674441859320112,-0.236046572440142,-0.214474157953621,-0.145708009732392,-0.355298373282726,-0.0454768600396032,0.174106111727632,0.105036219955753,-0.135351510459783,-0.115775472027896
"GLYMA_01G219500","yellow",0.56985873558598,-0.321414696582428,-0.31524030548774,-0.204218009213488,-0.79207081036323,0.887730784049892,0.314249343559719,0.738156391722891,0.52193532112373,0.754003628789621,0.44555662469818,0.20950651816584,0.067359876917702,0.135705389858195,-0.0253273972464648,0.070654002371665,0.49090085490207,-0.234588438333183,-0.0579335045226412,-0.104036220337912,-0.785055757645791,-0.179321902207114,-0.314324068654938,0.245853920840696,-0.0714747126013,0.0494104480904962,-0.223210953593218,0.403548519910151,0.448643027843952,0.492242353748854,-0.39354665113634,-0.787433363243358,-0.382778040676025,-0.195211363760243,-0.105137140076891,-0.422856912798266,-0.0077951659708127,0.271971066261845,0.0677228321996498,-0.261609742302331,-0.147580149213148
"GLYMA_07G072300","pink",-0.569719294311355,0.495227106943399,0.415592097950342,0.457848973113221,0.894837126977698,-0.885419174958373,-0.223835703795935,-0.519559224769462,-0.372618176805954,-0.508309784667805,-0.0960449270429277,-0.125892261987481,-0.0810945415774407,-0.190257805495627,0.0349387255818878,-0.00318371895629161,-0.566676356881503,0.17682842881201,0.191938540267951,0.163446047945727,0.610759867977445,0.207608814881079,0.205855046964291,-0.344335102233102,-0.0390633796853299,-0.268810253912168,-0.134368416593833,-0.652526107570427,-0.574146829734799,-0.360261614744003,0.317542892925694,0.683621759300381,0.25896314710327,0.298781463649602,0.214257241333916,0.391706023813026,0.0603340494706812,-0.217415773443904,0.0204302174036855,0.158487751120888,0.164075722926811
"GLYMA_20G151800","pink",-0.569659295920664,0.309852351390164,0.25171031515244,0.557713807752393,0.922721070007324,-0.93801253025148,-0.489391412854564,-0.655949340576121,-0.38766240678742,-0.508482401211553,-0.0949457672490048,-0.0737025375456069,-0.111553954893567,-0.140661798390719,0.0595947906210411,-0.215433819114896,-0.652329527443817,0.148438562189646,0.0858074876072704,0.0215856159375159,0.597475056383128,0.0520819347784563,0.237861760036185,-0.250895277371723,0.08334910957942,-0.438197771763146,-0.0723176778850612,-0.683832069787425,-0.402546939275016,-0.138547421487358,0.350748678625701,0.820698070891666,0.500429434636102,0.528097281454176,0.360866191066817,0.520677248599752,0.100723562357405,-0.0916279842666358,0.134827019113256,0.33842479529076,0.0456134344333381
"GLYMA_06G296200","pink",-0.569643873657922,0.400163150908487,0.312523664386035,0.519340810879847,0.855816354695201,-0.875637030098097,-0.323148339271502,-0.532345385527956,-0.31791538517815,-0.375167317405817,-0.0717747829900813,-0.0983215320653479,0.0334289053226351,-0.115484456672908,0.036378832657316,-0.164421600206051,-0.601711573727791,0.147638489809589,-0.0258410350801802,0.0488116797999734,0.41337722998846,-0.0479043044239373,0.0363771138455039,-0.38390883962187,-0.17200799510786,-0.473392967682962,-0.209528150114342,-0.74983813687526,-0.46132720556631,-0.205186274625118,0.365260634055667,0.695235305593337,0.32929633598252,0.328058703341823,0.304382680925438,0.491850541663206,0.154417140306668,-0.174891444524225,0.0964627527283758,0.216349787747359,0.117551785340817
"GLYMA_20G103800","pink",-0.569545873260814,0.691564790536399,0.457544573438015,0.635971112109425,0.863976762624078,-0.75590535828041,0.0151633109509506,-0.162200047604962,-0.229534247442614,-0.0761993609428391,0.276806916816765,-0.0837724067904257,-0.157494979486225,-0.077995227883075,0.23280067574835,0.0134069580099076,-0.577453456602017,0.120121086921499,0.0707665975028192,-0.0697860122604398,0.305503025522598,0.192871342134887,-0.0548479346922915,-0.513098705743676,-0.425065869452558,-0.367648981421375,-0.501899777493416,-0.824665488376439,-0.722831434461797,-0.247935497549,0.0467695561936923,0.404920824698649,-0.0402467751162719,0.16001950549498,0.04926152187611,0.153837024203499,-0.0539385297446231,0.0341786008758059,0.0618328554845834,0.0430089783321191,0.0580792819134886
"GLYMA_06G192200","pink",-0.569473140539195,0.622385868728463,0.38925474158497,0.408043720160122,0.817389123603239,-0.790951012161868,-0.0282866284163171,-0.355731886586969,-0.418227669738653,-0.341573728660435,-0.107105061781768,-0.12162827875673,-0.0249622812855566,-0.263247839905254,0.0401496524786066,-0.0833407072402366,-0.611177604612651,0.0250799785680925,-0.0574907820366317,-0.102180494480646,0.590845484259825,0.34148280986607,0.178646959897579,-0.40545339183985,-0.139858790137368,-0.0779055831441117,-0.120591669755832,-0.594198848358734,-0.712559188232532,-0.488681039530803,0.15049632831323,0.493796859927427,0.0389743480051232,-0.00823899937416289,0.00909084192138254,0.130711251708181,-0.191358904996909,-0.10040819895253,0.183150963207574,0.318246886519691,0.156787204995119
"GLYMA_11G055700","yellow",0.569334649307854,-0.0934229567626608,-0.137335144296051,-0.431290434193848,-0.72093017958944,0.827868592325091,0.547791743851816,0.729240374801182,0.471743367809319,0.485504938664651,0.258170924225389,0.0534035930914172,0.248265059498779,0.10459739590246,-0.167704371637553,0.150291515497149,0.460564996524541,-0.213277483814966,-0.0493511448231802,0.0523424139030013,-0.556696507948932,-0.0381636047814058,-0.384548355733314,0.0272861349271468,-0.114966318313843,0.269061382794873,-0.169729480084044,0.422614868147722,0.247032779737304,0.116986753246745,-0.386520759995675,-0.787575985075525,-0.552324127077202,-0.357826863740441,-0.222888862054417,-0.417204483542658,0.0406068853992811,0.0688162841449556,-0.158462230708863,-0.44863495369132,0.0315268762897225
"GLYMA_05G219900","yellow",0.568768552127203,-0.422292173393333,-0.43956415709771,-0.494285775228573,-0.854424149533661,0.88774960858797,0.290280719401963,0.56090018090831,0.251021389734868,0.472147307444195,0.0669831734228609,0.080806924374926,-0.036767881386198,0.0339737317967182,-0.00751697499822792,0.0422724836243435,0.50948746514658,-0.213696638016135,-0.0464957634624509,-0.174925364839598,-0.470099109861421,0.0482048963585494,-0.00521108135378605,0.459300842714423,0.174774621751339,0.386725595216429,0.178744578896302,0.694223801867667,0.468463926400225,0.273500145133154,-0.255872347875783,-0.695309506152543,-0.302767892855031,-0.338243947334844,-0.253375800951092,-0.51484441540413,-0.226899477889404,0.237712350258034,-0.0222077664424585,-0.0830009852933905,-0.158822884865158
"GLYMA_06G160200","pink",-0.568750753878323,0.372684859780063,0.307723073930405,0.571770978966733,0.924934424328528,-0.924930620211702,-0.439504059795232,-0.588685152765475,-0.402967622624113,-0.455921781076166,-0.063902009482264,0.00412072830772284,-0.0796912123459645,-0.203914981662634,0.0557233934377459,-0.246586881797214,-0.706213086191685,0.0927526845313033,0.01541190622191,-0.0609963696950545,0.582433082912143,0.0606013729925047,0.167992134195944,-0.317656768868646,0.0911493208651782,-0.441610859975361,-0.11796336401233,-0.722389832110583,-0.470922551915922,-0.162496972379751,0.278085570537176,0.745684835938425,0.429822612674742,0.447929569796659,0.307032017205155,0.449896866442396,0.0476414572196674,-0.0509237169936701,0.192893751886804,0.368439291053795,0.0615307507734925
"GLYMA_04G052000","red",0.568660097996279,-0.8062689791371,-0.694577144546988,-0.361754281396272,-0.838222180146916,0.726989136194479,-0.153699691195514,0.161293131061193,0.412514227348896,0.33381122322305,-0.00855686074638166,0.0333145479925417,0.0573661081931263,0.146752350554357,-0.095346430217275,-0.0173745183707986,0.602994357397945,-0.0234248466465504,0.0515104426096677,0.103824865939081,-0.536312019449338,-0.377812086228577,0.0336897439890623,0.558297102192135,0.203927157155295,0.118034430780834,0.313468913300961,0.694035811722697,0.85342140025917,0.546280690291584,0.0339583408000369,-0.325855946399275,0.153400809834247,-0.00280948667536042,0.102937923663157,-0.0713551783868621,0.137803125255911,0.0165627053711949,0.0894400723781455,-0.0422409930920516,-0.0182968389385958
"GLYMA_04G174400","yellow",0.568519150437653,-0.227785872550188,-0.299158109841803,-0.535403613372658,-0.785376058811088,0.884518665798004,0.457486470058451,0.657393836308978,0.196371151845169,0.399623947640529,0.112303364473594,0.0499672104240465,-0.024765660757444,-0.00740349084121938,-0.120373910681381,0.0931503010047365,0.455620827810815,-0.194917012601009,0.0244282492680576,-0.0193401576734392,-0.26317037786003,0.288677810325126,-0.0432795867248716,0.311459661782768,0.291935446089459,0.582514452207105,0.142585932007866,0.701505798050776,0.279228514610996,0.114802542607057,-0.359666487753242,-0.775387578065377,-0.456582062574661,-0.295944397270901,-0.364115520876069,-0.666045576731733,-0.320226269750624,0.0862680740489087,-0.136214083672319,-0.261201131320427,-0.124374008052069
"GLYMA_15G012300","blue",-0.568440898517775,-0.0494585611489467,0.0559338398013252,0.455360477765089,0.631679803015548,-0.784323370688066,-0.602765773709931,-0.764691119047781,-0.270348773420212,-0.372304513371661,-0.21643919024544,-0.0628887360825122,-0.251419702348876,0.0148898165678432,0.302124196766786,-0.0823383443056504,-0.26801923430184,0.246489138657103,0.0439575794270921,-0.0137207504155546,0.249147791797663,-0.265584459036092,0.303641740748693,0.0270371069461217,-0.220381954776348,-0.501069593231242,0.0515772051665576,-0.477185381819959,-0.0275039599373036,0.0299917127282725,0.525212520559279,0.84864481675071,0.632634793657414,0.374783858232686,0.423339144705228,0.61287404021241,0.212199440422273,-0.0420887505774487,0.108044624851496,0.355844225748916,0.0475648075055202
"GLYMA_02G282500","yellow",0.568348408271463,-0.158809539525335,-0.142404391573986,-0.300124576281957,-0.737407128126197,0.888399299692917,0.472485553060548,0.796712226858275,0.249427580599207,0.682475696567158,0.349080606753175,0.101010585517572,-0.0548712377140951,0.160137352990113,-0.00164934492582231,0.13241735618313,0.472672148157495,-0.224655595852487,-0.100909475336339,-0.146872076996844,-0.545388951207866,0.157803057357472,-0.175837326139149,0.28011008811854,0.0489183887216985,0.305670063333047,-0.137599596826737,0.48423698347155,0.253871636221256,0.304003107114024,-0.454452072327176,-0.853876766070549,-0.508082804545846,-0.247230723276921,-0.316877124453927,-0.68205167322543,-0.299663665585426,0.275589361915434,-0.0822169178233429,-0.276909204630767,-0.321243640802343
"GLYMA_19G147500","pink",-0.568203337651006,0.547041160670776,0.359762407761038,0.619729506660658,0.889262406058524,-0.838946015767446,-0.18702971457412,-0.369873157938628,-0.245875261525147,-0.244861504343819,0.130108385285275,-0.100523896129842,-0.0169919530781346,-0.0889335951156877,0.0629258960025314,-0.166138269535258,-0.679638374130358,0.0516695911287116,-0.00175519763359407,-0.0399290084210265,0.412492922184302,0.120558613875931,0.0762631925727278,-0.406421831235037,-0.239490993735081,-0.401768481752125,-0.332362682878835,-0.771900912502045,-0.595180484867119,-0.220141668184053,0.264200605228306,0.593939536013348,0.178393576121531,0.238225488819903,0.226190160438416,0.356596434749188,0.0852517268089675,0.00691023305005293,0.164331922151592,0.198860197678644,0.0923623189942815
"GLYMA_05G197600","yellow",0.568164972193545,-0.240949765656643,-0.208721598608616,-0.322164729271654,-0.819085431643039,0.918765500498234,0.447306292172047,0.779019137380277,0.53245700095093,0.685984246789483,0.373550874286533,0.0968844262401981,0.0378127276691213,0.074473928161637,0.0441213807526934,0.18470471112553,0.547089035178302,-0.185224047329137,0.056467472046839,-0.0757263859984919,-0.718001749285906,-0.0716774439371833,-0.304317676579729,0.206817717534762,-0.0974612421237344,0.181219917439204,-0.182661815605722,0.462616966717813,0.375235897799537,0.333519789010689,-0.441378220542395,-0.844941854147084,-0.492592743955296,-0.348471349527883,-0.161009303414908,-0.454207916801533,-0.0205114018361821,0.191505413168243,0.0131141109866056,-0.320803954080554,-0.0426193320060075
"GLYMA_11G246600","yellow",0.568114063958072,-0.115561826569173,-0.103397556767029,-0.419852647547045,-0.806402291081363,0.939946925096331,0.595489230883491,0.849306038072448,0.385016915036442,0.630888775948315,0.314187157426139,0.119904319725317,0.0772379701209718,0.0992613538614161,-0.0460312634809825,0.246911409651642,0.558759439790174,-0.182391243766915,-0.0216235955841117,-0.0257554334247616,-0.594420764123541,0.079651117665931,-0.325108962240254,0.137347450117296,-0.0222742370628569,0.340505265253602,-0.163549857480269,0.494468011577894,0.236948987913311,0.180345423539003,-0.506266705597656,-0.920740838047199,-0.620315964301836,-0.389798074305252,-0.317832828093785,-0.617025854198205,-0.148835526339802,0.143090804935548,-0.117675451360368,-0.407609975707989,-0.123060180478207
"GLYMA_03G234200","yellow",0.567945623328031,-0.620105809825128,-0.474305175672153,-0.508389827289402,-0.912405396316624,0.842239584974322,0.106399520872936,0.367710797110518,0.439162617416954,0.365900421756175,-0.0122326087747864,0.0685912939526789,0.14163094087724,0.226942258882645,-0.100769674181286,0.0139050705067774,0.604934091232895,-0.131118612599865,-0.0848940126044408,-0.000161257082890366,-0.61686084405599,-0.36554330621683,-0.205170664863358,0.357848885057459,0.0612829630671113,0.205485779042362,0.235195652826456,0.688354196287952,0.706564754837425,0.37390461574297,-0.156537803999834,-0.55156692108388,-0.118836949469429,-0.251847343924268,-0.133167462498543,-0.168978823759803,0.129616258952573,0.0963777563648902,-0.0555914163315655,-0.174075813135924,-0.0742566203927815
"GLYMA_19G223700","magenta",-0.567906246635719,0.883382070603198,0.669940970355815,0.363405507150514,0.720003490856033,-0.557566717135081,0.334299834674326,0.0936406411925587,-0.187260781595424,-0.13770276328136,0.212534505504208,0.118919809568897,0.0327908188771053,-0.134504584458924,0.0699875881806011,0.112183593141755,-0.536392240803056,0.0416962063301265,-0.0544863419772257,-0.0276797298783125,0.288699950548453,0.360765630067437,-0.181392444506567,-0.631148862221328,-0.349957909514663,-0.168571422946222,-0.529008017879241,-0.728559333998118,-0.874458849845389,-0.507077834592328,-0.2689957659978,0.0841489513421877,-0.364800275865912,-0.062082951547789,-0.0855899688431492,0.00939160431333146,-0.0521052752371264,-0.0387243078727004,-0.0789817140243365,-0.141489190388242,0.100779649144837
"GLYMA_01G223300","red",0.567281513521943,-0.775892859680127,-0.567529690032366,-0.28826345603875,-0.68712370773741,0.594884915227366,-0.275626672088641,0.0535167240306552,0.265837048191296,0.24012315115502,-0.0740711023249088,0.0667560030238863,0.0588470615119257,0.0552583265340844,-0.134500209769696,-0.155572977693383,0.443446406655313,-0.16464454939334,0.0161059203882578,-0.0139628511402606,-0.392753641855235,-0.33383374998074,0.0864624847175973,0.5685781408032,0.372228091560815,0.0575570516818272,0.370667922722562,0.616251230026331,0.802858336116056,0.551525502038855,0.10030197133923,-0.21371556736281,0.273604467838585,0.0961807720529762,0.119317127446741,-0.0187580274076851,0.0639679335111602,0.086690402525599,0.136704499978369,0.154952659785053,-0.0968067106925554
"GLYMA_12G212100","yellow",0.567061712809173,-0.500226651842684,-0.363314973286501,-0.551759846804018,-0.844879650711027,0.817696316094724,0.207926973953329,0.399535166256596,0.325024221847655,0.336406955646636,-0.048293140353759,-0.0458079960702855,0.045826334691679,-0.00244081325848307,-0.0808408153099308,0.0745113301428111,0.596425599530532,-0.154475959768971,0.019587351743038,0.0759871176463252,-0.480308272804026,-0.175188289168828,-0.137890062397857,0.345776718980018,0.131456113425577,0.303308184222103,0.228481229440003,0.668667728017773,0.589517790443144,0.246250469658336,-0.0889584953292188,-0.554580061913034,-0.180173610357841,-0.254594026470125,-0.145145114133207,-0.285573934363602,0.00816717602142453,-0.0130919812876669,-0.125161603028906,-0.186225586448664,0.0331132365823857
"GLYMA_17G061500","red",0.566640762158573,-0.787507541277237,-0.438344613383841,-0.196400268517561,-0.637639939025099,0.528109106436844,-0.32366326532255,-0.0146211629997066,0.415995596209015,0.211362919329494,0.0131871247143183,-0.106904829341858,0.0057571251203327,0.25944673405907,-0.0828043645803146,-0.0933124568361109,0.502186504297026,-0.0121806127186908,0.195350200184429,0.199655634610734,-0.435107269089836,-0.534730262813674,-0.0640339004844531,0.429239996328975,0.230060266417861,-0.0510936519438612,0.307708614628447,0.539452148506798,0.852767276004834,0.623128900968387,0.125255628748167,-0.108498082924705,0.340877812833293,0.173934801304327,0.109829032619388,0.142205792366171,0.262859209187755,-0.0170082264487914,0.0699510248179277,-0.0338105464049776,-0.0674907666687455
"GLYMA_05G039500","yellow",0.566356143103765,-0.282752406192392,-0.26351015623044,-0.206815174352781,-0.725089272305608,0.83075025674268,0.316898189092801,0.69530614787975,0.638684398016693,0.633881659232894,0.495928371966714,0.154106237470124,0.0820400370900542,0.215899771494403,0.00305895521267799,0.148699885665917,0.490716481107752,-0.0153417735307725,0.0780670870253158,0.091731996908318,-0.724896928184855,-0.215991670153195,-0.393653530485972,0.118617552467824,-0.0694613264754846,0.0298948875375467,-0.248246257550284,0.359713931442558,0.440555847987617,0.472137837757,-0.420986328059276,-0.723602315282808,-0.365752964181279,-0.114911261564518,-0.086657793642627,-0.274151004711541,0.170088281442487,0.13671491999075,-0.0304619664595064,-0.446727516045006,-0.0370412975424139
"GLYMA_12G170500","yellow",0.566295753966921,-0.209989370340606,-0.0228075176387495,-0.392739277552035,-0.742803762585881,0.804638341315989,0.44613285361279,0.632779293847036,0.549381379873169,0.4545253389411,0.258243784816548,0.0824710551469481,0.136416536857826,0.378398761447007,-0.0142711346260361,0.307910396965205,0.669845114698498,-0.0844170266016365,0.0645042901841556,0.0645133495530212,-0.705273753897539,-0.245765881312736,-0.444520345461228,0.0846970538758965,-0.257295941109136,0.137775242619753,-0.173714859639608,0.418424654891109,0.385435417271441,0.227936026433221,-0.462699056413523,-0.713664650339438,-0.449684802220024,-0.274750183664307,-0.218454292180525,-0.24623098652023,0.19857971645387,0.157699082710188,-0.281566079393361,-0.536018190903471,-0.119469736249558
"GLYMA_04G134300","pink",-0.566284001266788,0.38246772453453,0.282237562673285,0.61374930775242,0.868061543400908,-0.870515668715855,-0.349397515590253,-0.51914305833539,-0.394689715332592,-0.29691354402506,0.0225767893604208,-0.0730430647896053,-0.239473221870861,0.0223983854717617,0.237820207039057,-0.120384884824872,-0.583613096580259,0.222987898646117,0.0439074038293974,-0.0708922571683081,0.448496042686485,0.0979244219862574,0.22339378302694,-0.255383754877593,-0.19826239551978,-0.389812656991838,-0.166187751706843,-0.67568023519959,-0.479318966896366,-0.129355557442024,0.278708309139146,0.690685344097204,0.341681817247029,0.318633385850991,0.13191267838687,0.308658667225583,-0.0707358891598257,0.00291419226660919,0.104239306733454,0.271757279775357,-0.0640689226862946
"GLYMA_13G336800","yellow",0.566047151925058,-0.241785616439921,-0.341525556345344,-0.687753520777343,-0.818958582799668,0.863141366320025,0.46279240042607,0.579555430046358,0.276588322299077,0.233825176306431,-0.044666585823578,0.0800276569011281,0.276932998396993,0.0263125994765263,-0.33187699657059,-0.00780611701726191,0.39107702642349,-0.301994146945701,-0.117905394291731,0.0130434589406135,-0.299304018076687,0.102233869091343,-0.170690516071906,0.177910905874436,0.215186660140606,0.560274877498411,0.218620656090252,0.712608953132132,0.315291459788292,-0.00537263697411376,-0.361332297988765,-0.736302874533457,-0.448060129884117,-0.400337834421782,-0.36689613312576,-0.456218202503065,-0.099502793282896,0.0680653458564096,-0.190145625665379,-0.260360904250924,-0.022028349942422
"GLYMA_07G257700","yellow",0.565681252744607,-0.643831956225105,-0.498330292026328,-0.469800396223669,-0.943462129843476,0.878810705802195,0.108109977075908,0.394773400822159,0.370653988089326,0.456012090273225,-0.000268744707951855,0.125999399570307,0.0862847886352272,0.150787955303143,-0.0958728904780032,0.0412624752759158,0.657314575296442,-0.157990347090892,-0.120555759713094,-0.0203710572596632,-0.628640886215682,-0.260517470735972,-0.0684970226863681,0.502587746962344,0.108058259414031,0.254233875475322,0.23686850212072,0.736989425263758,0.712182777968842,0.405013716214532,-0.138349960038006,-0.58508087563976,-0.121496844694325,-0.232668600989355,-0.0879802800558226,-0.298850244210629,0.00666882272373721,0.100489507657427,0.0140760673304837,-0.108093320505449,-0.110683807965739
"GLYMA_16G176200","yellow",0.565405415143375,-0.237306905906017,-0.15101024431838,-0.704096377846545,-0.84398029637599,0.836409102918062,0.552756481827038,0.523738203917607,0.290980096488789,0.231158037426222,-0.105333627715182,-0.0860813215717803,0.106103335606841,0.117349378115051,-0.0763765500550917,0.388584928082023,0.713766091091448,0.0345269499365591,0.0616263491080391,0.166690131440462,-0.306062341812793,0.0232223111598475,-0.253907872741885,0.100653497348663,0.0428135622864336,0.639818062843564,0.242408782253242,0.745510569933194,0.313857790390509,-0.0978726844957065,-0.265390439692539,-0.700386980337576,-0.494091176251313,-0.513076097829586,-0.478670513880058,-0.472763883706474,-0.102622982708189,-0.15179449081407,-0.267214804692479,-0.43488756662644,0.0922193013824562
"GLYMA_11G109400","blue",-0.564891427238387,0.0682897982049812,0.0677664160246441,0.406894068571446,0.718726044752117,-0.858107966594167,-0.587005168243292,-0.775478686968406,-0.392204977418627,-0.520793900697378,-0.288552406076218,-0.143392454552816,-0.150856409496659,0.0627390434817126,0.169932123634206,-0.310554446623777,-0.52490307441787,0.129726990467702,-0.0932219726192482,-0.162357312753175,0.433729935994733,-0.218079290930014,0.207054448558475,-0.144479368195264,-0.142145427919603,-0.411467997493132,0.121998583069798,-0.493680080373982,-0.181339465044005,-0.106892625161117,0.433166959233147,0.840988288438412,0.581913151917195,0.320744300616184,0.214395000261825,0.547723577087976,0.110457861057335,0.0304015822764626,0.0725826246479823,0.409776503784379,-0.0389029386339299
"GLYMA_03G092500","green",0.564737988480731,-0.155826893148574,-0.162114874793025,-0.379343748254118,-0.780947384471051,0.925848352302642,0.51241813311324,0.818829883424711,0.408949997571917,0.61999316805546,0.352754752110383,0.0952712292576573,0.0498659879385361,0.130645168453623,-0.0633008364802839,0.148622421458895,0.496707363342188,-0.28164262175379,-0.0642190878530441,-0.0965180863684607,-0.621901491281825,0.111245515863672,-0.194895505488663,0.271544426845873,-0.0279246506111751,0.271961645923079,-0.175250276765565,0.490413299715907,0.290889022194648,0.254960009009605,-0.471657120232566,-0.875943504820808,-0.547426829621716,-0.321280262021037,-0.217799959228021,-0.552537940189071,-0.106859897176536,0.285633973254315,-0.103111167125199,-0.346506810210768,-0.188553888052437
"GLYMA_01G023200","green",0.564640998967204,0.00619713042988744,-0.000838403276960888,-0.235684609776061,-0.58414398575812,0.75727690908396,0.531758638489735,0.800368403506215,0.532890976378852,0.540920308088257,0.484174000872069,0.201640539301586,0.236581025557621,0.247769737681961,-0.120502440961836,0.231388139690381,0.439753909237407,-0.170316607386229,0.0231754162634093,-0.0387610642476701,-0.646735265452243,-0.0760884375012194,-0.499377344612905,-0.0498135351544425,-0.161607321751766,0.052634767496672,-0.403034597037372,0.209409635215645,0.171587453808592,0.236465445047379,-0.552427820801652,-0.792385255130596,-0.564584402828998,-0.183162388331033,-0.131901110962109,-0.324544830870332,0.161248143186771,0.309490195639969,-0.16880996461073,-0.531421858678402,-0.128733852391358
"GLYMA_04G189200","tan",0.564497967540646,-0.642231673625889,-0.572081618903928,0.124376210790331,-0.530610191866252,0.512912189157907,-0.321174416232067,0.216068997136505,0.525802391212569,0.542516619327993,0.399472619478659,0.140073160832458,0.0796145837594515,0.067184579530719,-0.0947393295197375,-0.252415145599098,0.245553232726484,-0.217923831031514,0.00994981731585104,-0.108124362942291,-0.626139397036329,-0.490177745163084,-0.115281715537701,0.384767912229586,0.187770355048503,-0.321342640221057,-0.059903136963768,0.251855614346074,0.714207720565413,0.808953123887776,0.0320149064706677,-0.241628218676654,0.240197588679724,0.219894072978663,0.323136066993004,0.0612556918352769,0.238695197127664,0.303737251217975,0.419567952845941,0.119980324980632,-0.0525038877431981
"GLYMA_09G250800","yellow",0.564276661573575,-0.223806545580868,-0.271112989983652,-0.59746963977218,-0.756027323375271,0.849333241743064,0.436880191496266,0.597033040715835,0.0677874800751147,0.304925317682856,0.00344421567336068,0.0381061127056756,0.0158577822780397,-0.0147035501035032,-0.211381565617594,0.0590100411204337,0.421207779321063,-0.265387277669236,-0.0380175146826741,0.00163751280053112,-0.172904570198425,0.34064868112112,0.033708925713524,0.343662740562009,0.363935517827302,0.630044706352368,0.232387481127756,0.733897170539821,0.259678820703639,0.0523986453420197,-0.346217915313292,-0.733070433816496,-0.420194967088554,-0.276045160001587,-0.408312192567184,-0.694966412111234,-0.39396911081325,0.0745424072598838,-0.208515406630898,-0.211066908363887,-0.193843009060984
"GLYMA_02G150100","pink",-0.564266496887284,0.548406148261501,0.358959566550443,0.589332954234565,0.863683753405867,-0.811655294090959,-0.146597005199766,-0.363953712128568,-0.381818145565648,-0.210337628175281,0.0519223580310385,-0.129953631284864,-0.090067803705431,-0.0619960667282526,0.10882106159992,-0.0652114825145546,-0.579348814556814,0.0470888149654844,-0.094033129298785,-0.157259906493175,0.419024763651078,0.300906690204671,0.301109732837656,-0.216520638681917,-0.252780344048337,-0.298636763634871,-0.261332220077034,-0.686655964730838,-0.617409640754444,-0.261855103260851,0.175546654674011,0.554780729172637,0.14580013077255,0.163601342619784,0.195401336237807,0.206367184956264,-0.116464126114933,0.103830361720004,0.195349919834389,0.321277786636369,-0.0478135658183153
"GLYMA_06G136600","magenta",-0.564059386279314,0.897825396694364,0.606141282960095,0.230879997757923,0.640103105697977,-0.480091112452643,0.452566237956902,0.13795686189484,-0.1710050886414,-0.18317313219113,0.168545521040995,-0.00344605801060529,0.0533332728213615,-0.00342184321830591,0.0395226843100072,0.150612250706065,-0.473699486063955,0.044273157375098,-0.0031836777283012,0.0227157486313095,0.299840976010629,0.396854714320702,-0.189824203223414,-0.642651403184827,-0.460231677631348,-0.0248438421968166,-0.490110386786638,-0.616965294103717,-0.88224512383847,-0.606270233097195,-0.234988016820702,0.0431022787264904,-0.459950522537371,-0.215641200685847,-0.212523759207599,-0.0438869149771633,-0.0558778797189209,-0.0228303416488416,-0.212167579378069,-0.271019471346977,0.0878828688214376
"GLYMA_08G192700","blue",-0.564041156544022,0.130463608895969,0.104779981356413,0.409295115897431,0.775274197659305,-0.884028089258611,-0.545056749103601,-0.774121821765048,-0.35565650911496,-0.583240083935029,-0.251280492875479,-0.13526016765907,-0.110854175676026,-0.0547942744252825,0.0792877059956963,-0.208432939501548,-0.513080270021261,0.178738578794905,0.0487534862475618,0.0739510652653008,0.523292062103058,-0.0776607673874022,0.305874818729033,-0.132261796475613,-0.0348967724569074,-0.366264876273481,0.0948253017908364,-0.503293873978809,-0.230854272597778,-0.162447611888872,0.425594274178232,0.85896213622576,0.565937730386892,0.416762323893342,0.320671808397206,0.575946156553336,0.17432919847119,-0.116202223924529,0.0453709632534221,0.325354489816565,0.0836412122220889
"GLYMA_17G070900","red",0.563770114155288,-0.841141085876099,-0.635929353945037,-0.0321783803420408,-0.614476517015716,0.516677574172595,-0.411125235179643,0.0126943921974323,0.426920110028982,0.407018571817302,0.156951796054479,-0.0407625330382468,-0.0648708331608867,0.270742109269276,0.0321169592814285,-0.128526185826086,0.477011428209549,-0.0233159686522612,0.0610299120021287,-0.0320996887975299,-0.581443529516687,-0.519354614191657,0.0669558487834814,0.585943642349516,0.136095856057599,-0.204742308308458,0.184852733341475,0.45429709993387,0.899820672326588,0.801858755015685,0.114106834143707,-0.0962176244729862,0.393130598557859,0.230459774121434,0.257732090225624,0.117058687060679,0.215746028182856,0.222136196134256,0.233279875103221,0.107809427691752,-0.163719257837726
"GLYMA_13G050300","magenta",-0.563711000921968,0.841846902814136,0.60123069245128,0.382716806748456,0.79761848501849,-0.648575517358149,0.236570121848756,-0.0379776130161764,-0.386034530247527,-0.213274705283512,0.112672654145208,-0.000574631953429336,-0.0316887979970616,-0.0600487584863899,0.0556591969735976,0.0724765339857284,-0.572529971924921,-0.0141977903250692,-0.110599328005983,-0.13865387639733,0.422843291393899,0.468743931496618,0.0382281566568322,-0.466755521658837,-0.30266560694856,-0.119364602393644,-0.418076454349737,-0.688758735858142,-0.873895105123066,-0.513178523581287,-0.194531120823623,0.226006069515571,-0.245711288673564,0.0360584219839496,-0.0682749226462242,-0.034645890612844,-0.190687084559586,0.0851965194689203,-0.0978135587232771,-0.0117576534603817,-0.0760289559132018
"GLYMA_14G132900","yellow",0.56356875752179,-0.138744564585075,-0.191856465792431,-0.567700009606091,-0.739963180671945,0.81728649782345,0.539594713578074,0.626178296014916,0.344732980448024,0.312054452046313,0.106907905736783,0.0521534830305112,0.149623253661428,0.0523186151265827,-0.18135666004729,0.17777691798762,0.46759899819862,-0.100749209614918,0.126340574476497,0.204729234389605,-0.293012579762732,0.108451171245755,-0.276428619871431,0.0432875582618944,0.0961594064407606,0.551822511369343,0.0772369088038196,0.620896257941159,0.225566916481673,0.000922684225380834,-0.329051957703499,-0.724996375057635,-0.511567086679011,-0.389714216965632,-0.427592437673983,-0.529961775456086,-0.135083778604874,-0.109599304006886,-0.251543926349067,-0.46350446599673,0.0887325485229778
"GLYMA_17G053300","red",0.563426633259234,-0.77335980356296,-0.542383454498227,-0.268718536214303,-0.72615065988855,0.642161059381077,-0.221857058503854,0.113323644029945,0.430935180676987,0.279760232902259,0.0731290864915403,0.14139587752043,-0.0248972427539796,0.3003783852597,0.000876388675368409,0.00474657180817682,0.593966007675475,0.0231086914194639,0.101801182229177,0.0667234972338259,-0.530421180168076,-0.47942084796159,-0.0793696297441662,0.472010604421741,0.167926073981683,-0.0010209469976235,0.251232527496567,0.591244242515962,0.851518870355617,0.619002422242025,-0.00347106051057618,-0.246757180878462,0.223069013266538,0.137917215465756,0.0576089270607813,0.0362945925464668,0.210075742966302,0.143911477570561,-0.0387421909549947,-0.123429584957798,-0.142309556989573
"GLYMA_06G109200","yellow",0.563421035064954,-0.273623413891185,-0.299195191069487,-0.644066387282422,-0.900821652506443,0.94332671588987,0.525275146460895,0.667763648770199,0.318882023816856,0.409171644273929,0.0380127736205655,0.0460410210009834,0.0604480683807522,0.0246919948648503,-0.0712066402564133,0.199332949653262,0.599220747240181,-0.150548791657534,-0.00599732568012108,0.0223485804677297,-0.449462649646663,0.0544868567364356,-0.218950609671698,0.210040063480481,0.0696760746227611,0.516227758442933,0.111218279651257,0.701121875168436,0.359137464166231,0.0607857046550002,-0.327546976136256,-0.813746975340832,-0.512983420716605,-0.436723455155199,-0.366694604652783,-0.553529169885764,-0.138755512204397,0.0250479227188461,-0.196126032051664,-0.356071437272751,0.00982119235271523
"GLYMA_08G292000","yellow",0.563412140328579,-0.501844298437719,-0.274814465597419,-0.470621232179842,-0.843009116590231,0.831005228054585,0.205600724178942,0.434976958082575,0.356600531393705,0.385552097615192,0.0399724976239305,-0.0288385125347915,0.00161335987748511,0.241854701431603,-0.0148297485206159,0.175907866365728,0.692266756225462,-0.144109011230814,0.00492259520238896,-0.0360432029855187,-0.542645785053559,-0.163316583834822,-0.082510426609801,0.412768222540332,0.0649512657427578,0.275345996707194,0.185263333863784,0.672269657738797,0.589275389137527,0.311421889694053,-0.241144169036529,-0.585601438288365,-0.206183405338558,-0.286089852132617,-0.187831383806817,-0.321958882630609,-0.0100204291691452,0.186502239318747,-0.0961570104211141,-0.189887198675187,-0.163068322383417
"GLYMA_11G236300","yellow",0.562897106045091,-0.153592327893084,-0.0608861384871982,-0.3996836785104,-0.778807627615855,0.883399796755548,0.518844388144966,0.755469093506761,0.391853115474048,0.609444987995962,0.253118699862047,0.0562792250904313,0.128735013379134,0.106109711707725,-0.0879803276922595,0.179263162674438,0.525157438021528,-0.229824322790316,-0.0531582098677719,-0.0205742956951845,-0.623035815963853,-0.0356454370224773,-0.358448538753512,0.121713534591469,-0.0694801585922209,0.280608880283441,-0.115393802947552,0.473387107279517,0.284891325080341,0.202797605368076,-0.471345617067982,-0.845549693149236,-0.537714403282143,-0.392548892451184,-0.309769773234564,-0.504406822180312,-0.0907623121625431,0.118719537149183,-0.104665780636321,-0.332649411685534,-0.110410453614617
"GLYMA_U034300","yellow",0.562879802909206,-0.349552348901037,-0.264676148677465,-0.338701025897486,-0.810500252458454,0.856252180683151,0.303672563632877,0.611779948393763,0.480695624226068,0.557441597146022,0.259430730957142,0.145688223951859,0.0718959346141756,0.217962464684461,-0.0239774470050927,0.0701119503387591,0.550512166101678,-0.234136332601222,-0.0677154507824484,-0.118035815061635,-0.664326875982877,-0.192911106152251,-0.295912306016611,0.239876056697281,-0.0714576658735506,0.197492088891994,-0.054625423662165,0.531800822503444,0.474486517655563,0.355550442431938,-0.361279182049536,-0.721002867652828,-0.356012441553583,-0.281233428011606,-0.224943357029716,-0.406560120079195,-0.0249508877231988,0.252049666476532,-0.0570242213278623,-0.283207168084293,-0.15235462076651
"GLYMA_02G207000","red",0.562435568830995,-0.893794707749007,-0.687715855490572,-0.333267064996543,-0.72302114017171,0.582855373626596,-0.363627126049417,-0.0560616365353519,0.238188678210211,0.157348619358409,-0.142578289001506,-0.00567204617020295,-0.0267139780028328,0.185219282035543,-0.0970195092864884,-0.13484427267178,0.52819976581437,-0.0537714860192007,0.00917709620959953,0.0315202055005751,-0.350926973107298,-0.382203355790996,0.17320220789623,0.647594425645498,0.389677427506731,0.097517831275004,0.480588159249245,0.704006569197896,0.904647046764277,0.575753698635207,0.155975850713958,-0.11829583015259,0.375558431470837,0.163646359266253,0.118831930195391,-0.00535019585317242,0.0838285134578558,0.083483065374379,0.0872625621737011,0.126049359804146,-0.140655905334698
"GLYMA_13G115300","red",0.561872555477299,-0.843099736103458,-0.628809787722196,-0.451126344396103,-0.833734228452738,0.703493399148611,-0.200284878965357,0.0722241722783095,0.308132918694563,0.192177392229689,-0.141197630710838,0.00811208341267406,-0.0411811926115432,0.247138016369984,-0.0491458063937033,-0.0285295308482812,0.619918844365871,-0.00200062073197361,0.0654361053884534,0.0786432338168379,-0.445666796855186,-0.384830354061306,0.0525794544403997,0.578289737745406,0.259818390038305,0.166600379360523,0.437972168600692,0.760207103490592,0.881356953632312,0.504852087200606,0.00215168506521168,-0.272958351226167,0.220223950544382,0.024960418530078,0.00908074965321215,-0.0566043316591711,0.104708623274809,0.0340095501896592,-0.0504368907114558,-0.0436004920757779,-0.134263941489256
"GLYMA_09G273000","pink",-0.561729493603797,0.613768054925927,0.499247471881119,0.624158789168726,0.868539907589805,-0.771384170407427,-0.115600576902938,-0.228107935596175,-0.166129838711356,-0.204497741774393,0.224922169657918,0.0888605196413945,0.00201843591924432,-0.195495053340193,0.111271190278811,-0.0282101368355852,-0.602437530081513,0.0935502199410043,0.0809443670127197,-0.0295152789719863,0.323366399687292,0.0668050817074489,-0.121640085985613,-0.538306308818955,-0.176254718613813,-0.4928616461489,-0.458613120796617,-0.859200213314418,-0.634472301747554,-0.208979840766366,0.0164288931882666,0.442917771587666,0.076910082260332,0.312983947110016,0.24938276052691,0.352973125245309,0.132188881015444,-0.0385755427688899,0.174892236820643,0.106858021891209,0.156323993514638
"GLYMA_09G044100","pink",-0.561610089124756,0.552694512217158,0.387269124889505,0.347437245298297,0.828605478910911,-0.787424194563555,-0.101149230272384,-0.397912186208944,-0.263609929331251,-0.504356364465158,-0.0278135054158978,-0.0805512609266758,0.0235406718480973,-0.0499179406725979,0.0061373122863592,-0.0659797294112737,-0.595281787365263,0.185343510109916,0.0926357345052438,0.151089314511111,0.567731322726448,0.206495110967546,0.0763449152814724,-0.438149521122956,-0.123029240969364,-0.209030606360905,-0.190491470495874,-0.622071163914344,-0.594465957479058,-0.394312005623346,0.225060632022191,0.575072905981856,0.129352852768436,0.211257307480261,0.11898864908516,0.385353164818606,0.149005915166688,-0.153144528845761,-0.115513280129034,-0.0152774117277858,0.156590647177919
"GLYMA_06G071100","yellow",0.561554430874299,-0.288319219250742,-0.288889371851489,-0.358591569455139,-0.81963170711633,0.903733057377148,0.3758446206063,0.713488415840454,0.489818095015304,0.579901868759153,0.31297978742087,0.247091021301064,0.176885791335915,0.113680281120648,-0.129860215641282,0.0570185303969397,0.464668960184097,-0.203173264978356,-0.058279440168764,-0.0443634425431171,-0.634599612313602,-0.121996842127489,-0.346164242893992,0.167941491748742,0.0439598809407601,0.229654514058647,-0.0852649232737786,0.520550176775549,0.402183845855389,0.330005896833553,-0.484903641392113,-0.817888749040365,-0.426825607250791,-0.249996530489835,-0.221929619112095,-0.431772934069805,-0.0190493300173464,0.158747922606099,0.0125356016909759,-0.307821615030472,-0.0576573240131114
"GLYMA_18G261600","yellow",0.561334680346042,-0.337823736924631,-0.295316959827669,-0.576286969888732,-0.827276810015527,0.88006732482525,0.350935277058102,0.573195635223005,0.174060040608024,0.357574580432047,0.0277992288399978,0.0620378955501703,-0.0142084392170516,0.298207389041822,-0.040207928336965,-0.0305715247443449,0.448281957043559,-0.188691658981483,-0.167127033983658,-0.19704370999182,-0.367780739024844,0.051008267665642,-0.150318711777743,0.303793814814071,0.154220110689838,0.469810625733727,0.195527489598303,0.709757478690594,0.398624587150062,0.191887955481447,-0.3098993918085,-0.716442452099122,-0.3627917765025,-0.326719491281084,-0.455022732910374,-0.54361108583919,-0.236518173434656,0.270994143938933,-0.250232770763199,-0.258777595761453,-0.336792907012463
"GLYMA_05G202000","red",0.561118324666433,-0.795588206110458,-0.596227642223877,-0.404611175559553,-0.725127980887078,0.616689684475556,-0.281929519939092,0.0272393559827052,0.236192392029462,0.120093070874484,-0.154013981624156,0.112056977227635,0.0466639087354112,0.163604037120994,-0.154577513747761,-0.18556361059744,0.404160673212111,-0.101774718520575,-0.0448282864734108,-0.0449931090191203,-0.323240760865575,-0.320413470997093,0.0982279589428049,0.564263699967595,0.432532736722038,0.137532774877363,0.475209892433613,0.702478947654975,0.810959181526421,0.508491322395952,-0.0534640056275087,-0.232127348428169,0.275812594796889,0.0590866069603206,0.0122282265628201,-0.0283329856377999,0.0584683407246244,0.121608589019035,0.0336173165277753,0.105771401005776,-0.188468440287733
"GLYMA_18G289500","pink",-0.561086838634747,0.585349850586947,0.445865382142172,0.731651828793312,0.899466236866716,-0.829927680556983,-0.156452943728353,-0.29501574738631,-0.16449471718819,-0.0984439554496743,0.257902821199687,-0.123148463447697,-0.101087414070419,-0.116874284238115,0.216103961650731,-0.036209623638282,-0.594221471608965,0.100702559944913,0.0685975562861118,-0.114335651909489,0.283178913684391,0.0729556792782326,-0.000348454473377465,-0.448408433007519,-0.37253967910977,-0.488232286895674,-0.449747902728089,-0.853668807527992,-0.617065910230229,-0.147343241718907,0.132389149856389,0.531568038805506,0.124105143480464,0.196826344791983,0.201088159420029,0.328494080461483,0.0518934790014675,0.0590162885119244,0.242581218407074,0.205515739854133,0.120757622765781
"GLYMA_07G249900","yellow",0.561031762327029,-0.372944143558748,-0.371486371561278,-0.524602707461861,-0.860331211470023,0.861459498996723,0.370692853220517,0.52417705053825,0.432601921327604,0.391919812608344,0.0770172316030108,0.0360475563723378,0.0693285116785915,0.0851325487328856,-0.0576338462329782,0.167066754273593,0.580439000649518,-0.0428658197559465,0.0842019326396378,0.0787943342616955,-0.403288507082462,-0.0693677148156953,-0.22886959868575,0.187674558366562,0.116305933096846,0.505659624872659,0.196875568670811,0.729439748558016,0.445089270447562,0.165118825226711,-0.281191246382908,-0.675869239727126,-0.361713975382338,-0.395032188909823,-0.35486413475419,-0.437055971942291,-0.085625244115772,-0.0261406707389924,-0.0578232874776727,-0.300300106442338,0.112210106639064
"GLYMA_U034500","red",0.560699362056812,-0.899854012977572,-0.640972248726899,-0.304884563416118,-0.762683345075753,0.634198689595447,-0.347380432346307,0.0143916556651875,0.398273751009661,0.22070252055792,-0.0398207838784475,0.0486134259912276,0.030690735625096,0.241092829125627,-0.0935215680790027,-0.130275688746821,0.53887605647863,-0.0329926823952122,0.056122090612581,0.0756305314774063,-0.50382661527141,-0.500671442187265,0.0426446640443154,0.593489673417328,0.287918888319394,-0.0267288232855988,0.359437113507323,0.646666240863858,0.952299455366692,0.654909802148371,0.0943278284911722,-0.178511000910685,0.343642323023323,0.172309848783146,0.19896383025386,0.106119538682771,0.258198362641363,0.0940770819417962,0.0546268242403492,0.00836211687361787,-0.120965649882639
"GLYMA_15G019100","salmon",0.560565076608956,-0.821402142023548,-0.719243756267848,-0.463776887176747,-0.753307537359572,0.576295312992125,-0.245797406600214,-0.0782634360815389,0.154356216439047,0.0912411655524332,-0.326500182953591,-0.00287951916634698,0.14533899918134,0.018881272492048,-0.21510261621264,-0.134723332204548,0.48497386427522,-0.0601583965896747,-0.0913258470671805,0.0275446046358688,-0.206450425790377,-0.283926238517062,0.165991111794217,0.556390810626759,0.44032542146617,0.341373382659651,0.631610946144029,0.809478726855903,0.784706594421053,0.356281867253783,0.17162767181388,-0.1591022356186,0.271544130905614,-0.092151454898625,-0.0662446170930121,-0.112830382247299,-0.07508549150315,-0.0910712006407899,0.172214244849815,0.213934204597291,0.0177097203533426
"GLYMA_16G031100","yellow",0.559469234968136,-0.348762727992747,-0.283274802468793,-0.204302738051583,-0.795389373368582,0.874281538899565,0.293136023674741,0.699641507010512,0.503565608801826,0.751875740754765,0.419246991436055,0.125412818117621,-0.0384365733180261,0.111476068933007,0.0818471900187191,0.0708947592377259,0.515181703959048,-0.202324216912484,0.000255277779023222,-0.125988736762932,-0.751526725999282,-0.214449480190337,-0.328249174100702,0.23105826626522,-0.0919342858183408,0.0744104945520951,-0.174770569986562,0.431090870343664,0.471322239963504,0.48953155463538,-0.331679924435472,-0.75395733678123,-0.347576875772683,-0.220772791470367,-0.147820310911605,-0.426364823956863,-0.0314962634118359,0.253498109110664,0.0781440245957646,-0.24213822221025,-0.0859220783387107
"GLYMA_14G102600","pink",-0.558794301274064,0.384373757362647,0.252075313471873,0.634403020336448,0.881838848679663,-0.897124759992651,-0.353061294608119,-0.537227834422726,-0.350274075873186,-0.267816763513462,0.0197269100903136,-0.142899076234076,-0.169149856248849,0.0342192249416826,0.235491976385398,-0.14817399826863,-0.58159895249447,0.169538603338524,-0.0124357089827733,-0.128722827427425,0.383749272476833,0.00925721642384219,0.162767517152014,-0.277768752714275,-0.319983243328525,-0.456430242126039,-0.21881889813126,-0.730442344343961,-0.462200525161296,-0.122055229693965,0.333320274364747,0.722906575713694,0.345518034101568,0.293406913654572,0.195321428240119,0.384618286303255,0.000784189452503277,0.0482375952938098,0.119997336378616,0.2858718170602,-0.0464319050609093
"GLYMA_12G001100","pink",-0.558050572448181,0.672412022815818,0.470426948883301,0.458864091770939,0.839418325656087,-0.785022545492085,0.0114825531102245,-0.285321972645954,-0.306384403519309,-0.306306828759318,0.0408054309615701,-0.116055122139405,-0.0579061172125462,-0.136303869385667,0.113125165935303,-0.0259774954563602,-0.60261595246046,0.127047197278374,0.0297158104164321,-0.041017473184112,0.490027742410277,0.226059922631523,-0.0165225877568686,-0.517907872931217,-0.275692618264198,-0.186621616715863,-0.285136339916447,-0.689869629916316,-0.729871684522035,-0.424829918051835,0.0904912604971654,0.457263243088869,-0.0083730303307805,0.0738417672624118,-0.0345276723080614,0.205926511358177,-0.0554805853248179,-0.09345757974376,0.0414619005556328,0.0762894863321434,0.153467687639095
"GLYMA_14G212000","blue",-0.557691285150677,0.199013284530708,0.178802617091878,0.609886235759887,0.824866773158361,-0.888207624034466,-0.554707556866126,-0.665571331602902,-0.347184152272274,-0.369427838515585,-0.0695580557794601,-0.0313226545004979,-0.108917315174971,0.0341834096736,0.111191089702499,-0.324257182035266,-0.613075637023685,0.031995497320989,-0.11579930785946,-0.203253610242158,0.391627049896931,-0.115779157477892,0.220817980212141,-0.152384927554778,-0.130768235745373,-0.501601578593691,-0.0720723494525168,-0.63306731986771,-0.290198793399875,-0.0229431870831653,0.385416383870404,0.800788051342881,0.529723188647286,0.381220039117661,0.285232838621037,0.506317728470107,0.0929986155565171,0.16472425328181,0.19660885055085,0.438066571029052,-0.0939798441988413
"GLYMA_18G175300","pink",-0.557516115959835,0.202775125282327,0.233725273094806,0.436093746626043,0.809239514083125,-0.841115579920233,-0.50089946868021,-0.654305712992862,-0.412106422743328,-0.578414940602022,-0.151205869000718,0.0506667190910508,-0.12568158476779,-0.0749927584664639,0.0227843046075265,-0.104228850172891,-0.51455538303585,0.256046194783158,0.121406384322409,0.141739816557947,0.581655173872549,0.0794971567284443,0.295170190896857,-0.133780144808268,0.216211333323778,-0.381183330491159,0.00927688401070865,-0.553311930823473,-0.308018700953779,-0.116824251411688,0.219055387412503,0.75998194133354,0.52047956613402,0.628584669562516,0.386530120887801,0.512842628977152,0.138732681196544,-0.150349678720172,-0.00259098961047352,0.221610500595382,-0.033255369352287
"GLYMA_07G056600","pink",-0.557246500799077,0.397994961361603,0.265947080360527,0.434893463774565,0.868774420712219,-0.87334146107982,-0.308809184883152,-0.566545496986243,-0.421587673729747,-0.486094747200832,-0.127112336775923,-0.213960545367678,-0.163893318447664,-0.0210673045036366,0.15264494743569,-0.162229845550397,-0.600641634237495,0.114920991608992,0.00835402837224272,-0.127745504938962,0.580710837972198,0.176996965359209,0.28599798318591,-0.227156539980406,-0.137265230365249,-0.283302322207017,-0.0635582827521416,-0.602057720641433,-0.482607550890437,-0.279937516726244,0.322874344594145,0.72839413989497,0.331815851966968,0.285416100287812,0.177251809109617,0.398198042781307,0.0167866865120729,0.0712737116817816,0.0183123865515879,0.297237986698021,-0.0144004074547307
"GLYMA_02G212500","yellow",0.557085742762344,-0.287151561341413,-0.269867450849019,-0.595556639807045,-0.820373913429727,0.845789722250269,0.413882303865064,0.546822879070522,0.331925027145948,0.30680496928775,-0.00715697905577649,0.0241375987523578,0.174073795125664,-0.0585708444629615,-0.213118739670796,0.119846798991617,0.499076167371428,-0.23989423801725,-0.047098487932601,-0.0152152321879816,-0.3266250772416,0.0732006767510782,-0.126570312323081,0.244399838364802,0.235593069950257,0.541974895378038,0.23534604169514,0.720228346834796,0.356131792951537,0.0522416450864324,-0.307991930471156,-0.71521851353409,-0.406124755792121,-0.446045221747452,-0.340991701244154,-0.440197424150568,-0.120558646084755,0.0479599360748775,-0.00403773668094254,-0.174437264955947,0.0756129542758498
"GLYMA_08G164800","yellow",0.557016473902494,-0.241469444913058,-0.267990511369236,-0.506262394479501,-0.862619149512442,0.932162593057103,0.49519987472312,0.728716374629761,0.478244981421688,0.513371361039618,0.216335879477086,0.0887553447456389,0.10470127231385,0.086477272988642,-0.0491864491294563,0.118161327277226,0.522811952706418,-0.148802106769031,0.0367492360966026,0.033741887414135,-0.583498932000662,-0.131286680223356,-0.44301241258691,0.0448065099847823,-0.0415353076962345,0.341289827097148,-0.0432759710058942,0.56274906762829,0.363798411645368,0.184006503090481,-0.386160451780547,-0.832120345223163,-0.51669575651812,-0.407700277312186,-0.363551185961655,-0.474633025120129,-0.0320122019834413,0.0387640643543604,-0.140624466351224,-0.424622770211267,0.0459395686600728
"GLYMA_11G121100","yellow",0.55687758187814,-0.0642492820401325,-0.0981021657706371,-0.447468996052199,-0.671010315415581,0.836876565640688,0.516823098574694,0.759838680148079,0.396557352391011,0.363291997999967,0.300950910662693,0.187395960597068,0.16232673426248,0.0227845317496529,-0.223744039536968,0.0974840515606233,0.352883433734292,-0.232652736150886,0.0594887733488754,0.0508695294570344,-0.335766098435078,0.159959141379358,-0.309680714932176,0.0412088756360574,0.237372305424871,0.382298438897659,-0.093789889123857,0.481309970039241,0.183054250768051,0.110972559125989,-0.554232545639986,-0.82159045770074,-0.537575735372743,-0.207049306854545,-0.291812201596197,-0.496794959869889,-0.0565096737337889,0.118140837142928,-0.135218040557568,-0.419675115801179,-0.02328304853893
"GLYMA_15G172500","red",0.556751144930133,-0.70026655502837,-0.481577861766616,-0.342920693059985,-0.834911510379861,0.765070903466964,-0.0639953527901722,0.284545380040691,0.513754917842504,0.383829148492728,0.0959412328018371,0.148113463921364,0.0957036691210248,0.207874997383931,-0.0985998731427509,-0.0174319192693454,0.605590187914697,-0.0919906821633227,0.0397590838880435,0.0950621138722108,-0.658936817858181,-0.492447203042181,-0.228116670595383,0.381086769799956,0.091577344460478,0.0182175512129513,0.148582428562953,0.588914643791347,0.803543057802814,0.552390307129246,-0.143720484669536,-0.445434238017051,0.0385835736161768,-0.00815222118912883,0.0273310217855447,-0.0688075740742985,0.226009234773942,0.0514239119895689,-0.00882355834737921,-0.190109341595593,-0.0501029002251619
"GLYMA_10G244400","salmon",0.556272459066629,-0.759648897223892,-0.637417613581251,-0.642566747664291,-0.805718941626978,0.634655097290435,-0.116840231973005,-0.0232535898322753,0.126773383444596,-0.0217383434566387,-0.385536799907861,-0.0204047345004895,0.0830411301566519,0.150244769229924,-0.183334471879569,-0.102267136773307,0.498755597438283,-0.0204243547966005,-0.0570398668605091,0.0739820599672133,-0.150914937502733,-0.228755017546575,0.110476612391081,0.501106452001779,0.369510058466957,0.468282532172743,0.665456144252952,0.891046838005864,0.736937349400115,0.217944439002077,0.177092293142408,-0.224401938290184,0.16258491489875,-0.17300779030694,-0.217286422316733,-0.14300774058154,-0.0447993297453154,-0.0861893802072744,-0.12860778713619,-0.00590171054115573,-0.0330732583907374
"GLYMA_02G144500","red",0.555828678049149,-0.848506171429327,-0.641109932368096,-0.226001587153851,-0.690472262290923,0.562037248308271,-0.356739708460575,-0.00803687982674466,0.53682026879897,0.215522949182904,0.0334368618788818,0.0324325439278532,0.181937745542616,0.153464594340598,-0.201735432926256,-0.134385513404053,0.475666446963387,-0.079507696077553,0.0798295546987799,0.119562505826253,-0.528760303329623,-0.559613189257769,-0.00845926689599577,0.505224010454299,0.249627765558883,-0.112003787618922,0.284613043804398,0.548502289483295,0.920853901453899,0.652950325364216,0.0693201124725635,-0.132725008654651,0.35152675853386,0.15446709667261,0.31045606116016,0.261510298475634,0.425695131354347,0.0788456714080094,0.181991355881394,0.0391022942566448,0.0606680243775442
"GLYMA_01G223800","pink",-0.55571182617372,0.494959963038546,0.39684404596619,0.69093234771879,0.832110971562155,-0.797151484317321,-0.191731715469599,-0.337117594031845,-0.322834151119433,-0.0722991315341669,0.146273501286552,-0.131584419039063,-0.226830290038042,-0.109861151877865,0.317478224544582,-0.00744342393857572,-0.48926222221077,0.148766915501957,-0.000428532373853955,-0.143059290242073,0.289669618207461,0.12377353791058,0.131333985963099,-0.301132564690181,-0.341392325858701,-0.421192348645344,-0.350577129962284,-0.761129042308143,-0.559287207612073,-0.143582844435913,0.186310238923536,0.530850575822969,0.161618485518348,0.203608228198047,0.183924194679608,0.204307824141946,-0.110234471009519,0.00861333057266389,0.247758487419062,0.277397800523571,-0.00065480871512669
"GLYMA_17G107600","pink",-0.555599876933106,0.617103703139942,0.401174415121191,0.622144019734365,0.809979911363794,-0.71004726835051,-0.0592886757799644,-0.171105454264533,-0.432091804051792,-0.0127852329812422,0.163279997608814,-0.00636893047759659,-0.129729285008253,-0.0352511862577219,0.186902542620715,-0.129158334104516,-0.622704035928469,-0.0282538697528039,-0.217955364394623,-0.325483816924065,0.294393501098503,0.288560018463682,0.136770319534363,-0.287226156206807,-0.314809909691475,-0.34160143502072,-0.383368738814352,-0.744996530566714,-0.686051088847766,-0.203811816212006,0.0173975667382885,0.366576151002785,0.00979139297393095,0.105156511971086,0.0666550754777315,0.0202263839480935,-0.268765448276615,0.20590910844164,0.196610686670859,0.307681501781784,-0.210115302213859
"GLYMA_10G042000","green",0.555566182794171,-0.0823369906696954,-0.153547160441943,-0.257658003447603,-0.694914527433465,0.847812349280848,0.498975712552759,0.824162613950385,0.51743143706145,0.645868159980387,0.431748120046855,0.161643998531732,0.138747862327724,-0.116502481268032,-0.0975717463045524,0.0867915064145439,0.359454861558404,-0.258212206710397,0.0342883609529216,-0.0576448031032143,-0.535250407937799,0.0365577783863687,-0.375865308342032,0.0203414604285768,0.0858682644979332,0.240735094791201,-0.223361746763605,0.371648367742104,0.204870891294839,0.240057152278575,-0.47806687911638,-0.857119551604438,-0.554458441324594,-0.316710270901275,-0.189184543331184,-0.521932352125086,-0.0880227489394092,0.114589186721476,0.172269337890403,-0.265105316784621,0.104853110553668
"GLYMA_01G109500","yellow",0.55552291978284,-0.271520475979334,-0.400950915004381,-0.438010349957913,-0.792982815002244,0.869555481274452,0.401477702002083,0.647827146184582,0.168471564928147,0.54462346207965,0.120811993721798,0.0895154789389241,0.0381798914795425,0.0410595341422164,-0.124341895069125,0.0829203857043067,0.468300434992918,-0.293799207158331,-0.172783602409754,-0.187018012417624,-0.459088158492255,0.198172263414186,0.0318772050045078,0.429270512501379,0.136617409928786,0.432873266825813,0.0837753514611232,0.633866508307715,0.320073153287043,0.204706829302792,-0.335972420296767,-0.760111793986506,-0.4201895101197,-0.356654899650466,-0.297496906406372,-0.674543343546827,-0.37086412841102,0.26433867047757,-0.00313843437158387,-0.0894121177864923,-0.242102272663916
"GLYMA_10G074100","pink",-0.555515767093153,0.60434178246541,0.428617451709301,0.563416689874048,0.837562574627921,-0.771003618328899,-0.0641129760538571,-0.275265518243412,-0.225857618313753,-0.225981943966477,0.148989182459527,-0.01632356829578,-0.0319611615099249,0.0179077616393703,0.137775962169904,-0.0108772526563242,-0.544495857721541,0.166460468545347,0.0377979963629562,-0.0222111833892248,0.337727700031056,0.160977995168149,0.029801440629243,-0.441465772431276,-0.359423773594764,-0.36365476528193,-0.39823625724528,-0.755130653099113,-0.636971284872833,-0.27828741367617,0.02654915070914,0.467090853066667,0.0451226892659455,0.150305638865526,0.155168588727134,0.258118947361992,0.0445554115450804,0.00338126076766805,0.0572871177075201,0.0533481327345042,0.0399730291488709
"GLYMA_08G214600","magenta",-0.555502166157631,0.855469348405171,0.622075104744292,0.143065541977765,0.691660664126621,-0.563012637997513,0.356250330159839,-0.00351248564121483,-0.260262232974103,-0.390606449772378,0.0057581881543182,0.0797060596612642,0.104051905556668,-0.0607906297915265,-0.016774782785826,0.0552117809787532,-0.538110407148795,0.0601797845742991,-0.0371518719108068,0.0470609815718306,0.457653508473512,0.317900738086517,-0.254845380654434,-0.722912532288252,-0.297966402543729,-0.0318149110745008,-0.374841589108184,-0.625998369985125,-0.850166751423906,-0.672383637093387,-0.138835621767398,0.153808758065637,-0.343458988055094,-0.0816490710940574,-0.152017824062119,0.0733541513774413,0.0189364280312576,-0.118142707481748,-0.281178033583699,-0.248410132106057,0.138096704612987
"GLYMA_11G028300","pink",-0.55537164712677,0.305214431693459,0.261451245456946,0.456253002795969,0.835861871755786,-0.83380621697109,-0.444804184458602,-0.573935619993579,-0.424028866596764,-0.521652013366011,-0.11550388301943,0.0487252467504396,-0.0802354749836502,-0.039449897047745,0.00495853119058332,-0.295143229020827,-0.666323637268676,0.0238273088291237,-0.0441126656800932,-0.103479688866224,0.588310156564961,0.111694399008489,0.254501226686671,-0.197978098501963,0.136528173679677,-0.358531972579269,-0.0421634851122582,-0.582310629682324,-0.399081124768554,-0.15999372990546,0.149194764163178,0.700376217204614,0.431495575417767,0.465796369595066,0.268283275123195,0.402658999052338,0.0331772259365272,0.0606393325047621,0.072276824740429,0.323194588076095,-0.0987471528364862
"GLYMA_04G103900","yellow",0.554971221716869,-0.413498371895324,-0.445134118734477,-0.661517421859357,-0.918982080661859,0.896722809233069,0.364724829410417,0.505074146680837,0.292531151234365,0.308500662208316,-0.0846593345288878,0.10827792701322,0.176404959291934,0.0652985690562399,-0.229470396444684,0.104719562055034,0.557777676735726,-0.173163776325893,-0.0871701326724924,0.0599805217543029,-0.415312920403458,0.0199268126534496,-0.0497176598569521,0.361099472835149,0.17027943376416,0.52265483712628,0.263617597291235,0.792382596620465,0.461221507611091,0.097483847558717,-0.24969710376089,-0.697856443938512,-0.357454363725365,-0.435529159148894,-0.297827435212393,-0.47242895301967,-0.120042920990167,-0.00495771784379192,-0.117899327966757,-0.236579191779336,-0.023131699354835
"GLYMA_13G115400","yellow",0.554959279107137,-0.39884459225161,-0.34374600178195,-0.577323558661515,-0.820427348756932,0.849009806568791,0.307459778707048,0.485946426161867,0.173412098378611,0.286973096158766,-0.022124091132888,0.118110879811106,-0.0150411953647744,0.135899128807349,-0.0828599841110177,0.158095406392137,0.557147797785109,-0.0121506311380981,-0.0120775932249802,0.0229861402839921,-0.257398165871548,0.144347372159443,0.000144194963411109,0.385100989903843,0.342878887795469,0.556589064279134,0.298578238580031,0.784520175801462,0.433061504453421,0.171061666527028,-0.339622374734857,-0.659018326722664,-0.284473812858926,-0.197996966488731,-0.323956387128848,-0.531906990072418,-0.247036577228123,0.0316936108096481,-0.160202269738077,-0.237882192610775,-0.155196787561842
"GLYMA_19G166500","yellow",0.554495583651445,-0.389305954447486,-0.227241055975536,-0.516884994114404,-0.893001236419695,0.932023579188743,0.358688416897326,0.619885310904667,0.437269529987605,0.451113016733426,0.150823838331486,0.148246550395434,0.034131870897785,0.173735486351214,-0.0397005864636828,0.169822574645248,0.640904604853806,-0.12557102604283,0.0352282534051849,0.0389560442235698,-0.597793481853372,-0.117515141954672,-0.250425609563696,0.283290080918284,0.0416097150092761,0.307036406002962,0.0521571688449076,0.648670955591388,0.506670449882743,0.273989513365035,-0.450571957723362,-0.770511609931358,-0.373097689226483,-0.272642595383125,-0.223936086652791,-0.403987665462919,0.0133144962720088,0.0997287449782231,-0.17735678119159,-0.372193594159555,-0.0995157865740693
"GLYMA_09G112700","yellow",0.554473116265713,0.0217583726914829,0.00316395320777318,-0.410103023181337,-0.675499555524289,0.831683207114343,0.633343543253796,0.822132018811219,0.318807283718598,0.511203634507581,0.29239715292609,0.136131483006782,0.094378612916753,0.199276050301666,-0.0467363823374549,0.244199813522233,0.453808381201459,-0.0956251994089178,-0.0210300576124929,-0.0239659058307342,-0.480099691351763,0.110670440516452,-0.415525928702283,-0.0329452100704825,-0.0695433018964234,0.342153964180331,-0.195697298020264,0.398673506130425,0.10287359596174,0.0806312978563631,-0.631148617751884,-0.881937540432261,-0.650555815750277,-0.333499334680312,-0.400296978772218,-0.60809563158183,-0.174419626511753,0.101371900573478,-0.23321853396947,-0.49846444482999,-0.173274100764776
"GLYMA_18G244100","lightgreen",0.554344694130953,-0.528636984055248,-0.179305902496591,-0.0562914382501572,-0.625748130570817,0.602386279744191,0.0112027186956507,0.299972123102604,0.544248394202695,0.525950803867166,0.309791215908305,-0.0541784802349294,-0.140449624241763,0.156765844805235,0.219742484701318,0.507002200467405,0.842281466459399,0.205024461142048,0.335358385764321,0.17472772881607,-0.655163617907939,-0.370512879161481,-0.14576880199789,0.34656625909232,-0.0287041884249184,-0.0863795135424188,-0.0557457624010907,0.36393477844137,0.638578888046246,0.569181472267593,-0.172585018703485,-0.359438263449973,0.00165845134369807,0.0542652175356763,0.167427468540325,-0.0399588435231073,0.222760646153982,0.0323201291432163,0.106228291717413,-0.228195647465828,0.0242009081876487
"GLYMA_04G015900","yellow",0.554205081280792,-0.118130878427332,-0.14708211870537,-0.563450303965534,-0.807721527438559,0.940062865490345,0.591968146182849,0.79915330781915,0.213768227217342,0.479339148607325,0.159832638135694,0.102898304466112,0.0281783743013155,0.0834811256045523,-0.0824378147102381,0.158501706300584,0.488954602812783,-0.267295738509921,-0.0942013450760706,-0.112887095181884,-0.434153875854641,0.226771693011851,-0.189777285027185,0.217642989054349,0.099638447005455,0.488273726606918,-0.0050462707337718,0.607655129422974,0.208367134572716,0.073190010869032,-0.522812621782331,-0.90982093444395,-0.606999113952517,-0.392932591356009,-0.418129663217449,-0.696065030001584,-0.283772546071714,0.210600419005912,-0.244342786099787,-0.347021901141524,-0.225778082848452
"GLYMA_08G179400","yellow",0.55415544597044,-0.339046810566248,-0.350020967177507,-0.482104161666941,-0.878392069830799,0.9150275146382,0.412650718324381,0.647411698880098,0.541990463537387,0.477053122856184,0.211607999444967,0.169856853931582,0.150480482943612,0.1841279078079,-0.107273788884868,0.161001622870994,0.606320420439735,-0.0747586093738737,0.0328445848665422,0.115093903620794,-0.643711213437297,-0.195082581857122,-0.36683525920638,0.148841436031753,-0.0640454727507225,0.281496561807088,-0.0330157285215984,0.581027738177076,0.469041124200333,0.249255216176068,-0.358487730333728,-0.761399047795486,-0.425479751282789,-0.304779465083863,-0.233456549532387,-0.370054548911825,0.0894927730191224,0.031175241758202,-0.138099356904704,-0.44815876912583,0.0309723288987369
"GLYMA_10G290100","magenta",-0.554100517559725,0.894936878937358,0.681904957558481,0.324918532291421,0.641587459776088,-0.479307346614876,0.46238931049878,0.170586140646359,-0.260545923003442,0.00269391323692549,0.203096620869507,-0.0926745978110269,-0.160608183719342,-0.127083682377933,0.289540212892931,0.266284520591911,-0.363586586130664,0.0187311293333999,0.00258674004687376,-0.1302120632933,0.2320541368869,0.429838160508747,-0.125112641177101,-0.543900415979639,-0.530179685520148,-0.0621719126358247,-0.535817099692642,-0.661101242820389,-0.892328508883094,-0.550883954957308,-0.137842654650969,0.0293185812593061,-0.46943000157364,-0.219754288013993,-0.191649211467342,-0.14396225063973,-0.196837079631809,0.055394887754442,-0.149517617264846,-0.154334432676205,0.0445257693163243
"GLYMA_12G210600","red",0.553938845623845,-0.866390079368248,-0.628021858088842,-0.413509900602094,-0.80630918456285,0.683200825165455,-0.265748810369482,0.0581102111742742,0.268616265603605,0.195055909082755,-0.123914837679431,0.0561829072373334,-0.0216924430526516,0.195460566493856,-0.086750486001802,-0.111440436159365,0.551510361899856,-0.0243691309793997,0.00877716970307764,0.0651460069577519,-0.428596134453211,-0.398805846584455,0.0502742595467415,0.588023408759148,0.351468669982883,0.105931972774143,0.427845483356805,0.72034133530732,0.896098985345723,0.556660483400222,0.0242269531598565,-0.255982952566564,0.26955940890181,0.118962468076404,0.0799960021259959,-0.0340855837384767,0.12437920284525,0.0414252209129465,-0.0241650274581518,-0.00324385622526167,-0.149222851358727
"GLYMA_09G184600","green",0.553368052448019,-0.0876686379171267,-0.122948480962547,-0.354783737943948,-0.719638363856645,0.888814803794428,0.543509001867899,0.845889581208933,0.437027390251166,0.591386106057762,0.399745837007184,0.17622141148,0.048789703294826,0.00774885051896852,-0.0551323753152714,0.202415331611452,0.472136039833401,-0.21743925258278,0.0617632416511374,-0.0178791948576687,-0.575552376917246,0.0739995472544941,-0.349927040081814,0.0949290746629101,0.0272751072676683,0.233358979388445,-0.244893871224795,0.39574218250579,0.226543684892496,0.227428498744571,-0.559263915510796,-0.888406364743505,-0.578665114496134,-0.214094041768594,-0.213246217984185,-0.533691015909595,-0.0675509619262476,0.179766124491403,-0.117934437255357,-0.419918568495632,-0.0626593764239385
"GLYMA_09G099000","salmon",0.553080820399151,-0.549654634263814,-0.474565541538825,-0.728508885456727,-0.901246568778504,0.828384040611572,0.201824849703544,0.3028880522231,0.133714140701295,0.14750555074004,-0.269495452206363,-0.00202302386478781,0.0301290723034298,0.0743804047121127,-0.133718125488924,0.0249396527787937,0.574410310664995,-0.121323135678499,-0.0154492320615117,0.072171711135701,-0.238952574771794,-0.0550399063715565,-0.0368840131688162,0.374448079454201,0.304112071958639,0.59979402037886,0.511664872824241,0.899276691642555,0.565531630221322,0.104781361925524,-0.136457619687754,-0.542372336412134,-0.169591735281309,-0.333596703878664,-0.422109913055398,-0.44384285683199,-0.22095671256895,-0.0857026689146885,-0.22827299020577,-0.143467313441123,-0.073824542050029
"GLYMA_02G219000","pink",-0.552993920470693,0.655577327471871,0.529734297181186,0.405589937215095,0.823014590769507,-0.765804684608957,0.0173514335950148,-0.295857964902604,-0.331434198272511,-0.347510881914985,-0.0121911187553338,-0.114460416915096,0.0062087701449917,-0.106124275735689,0.0343633918545159,0.00486114253664419,-0.543582400647601,0.0597463996708266,-0.0500581835310233,-0.00132971242372596,0.486486295844762,0.223761419219019,0.00483554304555202,-0.497640426975847,-0.25643061264679,-0.191378844568369,-0.268921478652851,-0.669783765821707,-0.697918736529568,-0.453998302818121,0.203531796047882,0.460397019269247,-0.0104538541616,0.0686852892540667,0.00911113659147988,0.215528823650565,-0.0231875987735599,-0.0872736171791833,-0.032690030391856,0.062741675890246,0.115344157064236
"GLYMA_08G005000","green",0.552710380433263,-0.170949524324225,-0.160358778985633,-0.411392546580067,-0.819127128140054,0.927728363776063,0.523236165776253,0.806698825890003,0.509464880691775,0.594392166356448,0.336063683603256,0.14346298765397,0.114648937820934,0.172033709209239,-0.0317577837428463,0.154137886468157,0.512949145535995,-0.193163943087865,-0.0145555526810319,-0.0448535220780692,-0.676402626944819,-0.072149007552054,-0.400319372449066,0.102860433948603,-0.131963621621548,0.245249822963876,-0.180354048195402,0.476941143441096,0.314959065800474,0.231360680521455,-0.516622524825201,-0.885919982866557,-0.568072392378993,-0.379488915871666,-0.269821385670307,-0.472156669304798,-0.00245883732495613,0.17987224009159,-0.126534941267599,-0.444262121334726,-0.0831842531281858
"GLYMA_10G064600","red",0.552528778908507,-0.806893389088156,-0.593380369185202,-0.436882115174708,-0.677365476448414,0.533243524499587,-0.290037668898054,-0.0794846501208538,0.226834133447128,0.0264906296941476,-0.23861493432907,-0.0751215424822502,0.0579984841119207,0.102102095233402,-0.113776442890429,-0.075860095972269,0.503190202430718,-0.0960838376688345,0.0385885970892138,-0.00407968003560803,-0.290002953435621,-0.390462276095743,0.0895649044287732,0.532281289565776,0.344227319739629,0.104111844018192,0.481271081242094,0.657887622320054,0.832345556127734,0.428422157800914,0.176950732676841,-0.0969424595692746,0.325882157811758,0.0847452794518218,0.136014660068882,0.138330907591021,0.210353114342986,0.101004111344234,-0.0370680264990325,0.0822095503585791,-0.066803923808071
"GLYMA_08G319900","green",0.55225608308189,-0.123630736356633,-0.169236789036,-0.374466870914465,-0.751236053467323,0.898326749075971,0.516586071652773,0.818197841997052,0.435098703022408,0.582842233219314,0.364727575713439,0.135685586120652,0.0470954837513579,-0.0362302395860561,-0.0835436301475021,0.128922955354892,0.436077159229727,-0.292257520109442,0.0184456651578845,-0.0823440362630243,-0.536033324376622,0.118316840396197,-0.251629475189757,0.16165106067017,0.068463458755373,0.313201039358864,-0.151390670408799,0.477024714699251,0.240552707137971,0.211903072605025,-0.519714067239636,-0.875812158471803,-0.559864504152738,-0.322284304161758,-0.255944994184867,-0.568565650642888,-0.126459904460337,0.226234694679148,-0.0241673305248122,-0.31279811329151,-0.0372963553851351
"GLYMA_13G104000","pink",-0.552007138588126,0.535020936054375,0.505290841371888,0.4597080290079,0.875700832945282,-0.812860909804294,-0.184930222822447,-0.40112679681744,-0.34490825071696,-0.462039689691172,-0.00783210319279646,0.103680241696765,-0.0159020231585939,-0.119220275950214,0.0305434655340467,-0.00179148068754224,-0.546972763744933,0.16617250013974,0.0976464282231638,0.0965456951250179,0.556326768886769,0.200435910362738,0.0769356495786223,-0.423528106333331,0.0318923524156906,-0.319442463745123,-0.22101904924868,-0.697751784173674,-0.585685932275615,-0.303935116754121,0.0283969723535981,0.563453489701589,0.197963585713616,0.402928108266166,0.203424754182486,0.340214179590494,0.0501982852000217,-0.140180545876622,0.00851251139584739,0.113993667597388,0.0467140107127671
"GLYMA_18G260500","magenta",-0.551990690024624,0.861253648615634,0.648769717115434,0.189840332174526,0.759281060121814,-0.644316547359075,0.305948475216085,-0.0910723720554398,-0.424695106322799,-0.403956452159135,-0.0789487729672833,-0.00978333511756436,0.00924061910564312,-0.253412170969345,0.00859765152671074,0.067818270688223,-0.574118174064436,0.0285367720012014,-0.0210702478512867,-0.0169620539624421,0.635223804929501,0.514336049757425,-0.018220854869116,-0.594645148648813,-0.141819082354635,0.090920977008996,-0.24636278216548,-0.574114162094675,-0.913445077710522,-0.716378226985701,-0.0518178587158596,0.229716277228103,-0.283595703985868,-0.105531488228274,-0.194792855513584,-0.0404922366416942,-0.202971639732231,-0.152462239468721,-0.15079232624472,-0.0372146791378916,0.140933259889337
"GLYMA_06G126700","pink",-0.551900270268888,0.711895050674553,0.549438517731314,0.552271626518827,0.806317041267578,-0.699685733250022,0.099618836570602,-0.110241756360711,-0.325179082761875,-0.0584892241865893,0.198875714223736,-0.140429836071044,-0.140215248952731,-0.15253121939803,0.20914829512083,0.103421051590087,-0.476953419441413,0.0716030372456551,-0.00669974230167947,-0.0665527797517035,0.294699189677736,0.273107915278145,0.00210068271860186,-0.443237487598747,-0.385284553134469,-0.322379395400967,-0.498402483273545,-0.799844229177681,-0.749073867317465,-0.328220332025009,0.0872602475611082,0.338329193655082,-0.106515757041455,0.104592231004945,0.107289414755508,0.0760160401089708,-0.0825435469604996,0.0128496125602971,0.0375998240897759,0.0442782958829655,0.0279938176394134
"GLYMA_07G045800","blue",-0.551863929037742,0.144532154778092,0.249781050480223,0.486504611282852,0.777971065905793,-0.875868048234892,-0.539623678372909,-0.737995972770798,-0.358718502902226,-0.475200081708606,-0.207973838379316,-0.13298279606824,-0.148402953396983,-0.118683011057442,0.136579971574351,-0.145595922884264,-0.478141077644431,0.147188829178364,0.0236719157037541,-0.038207947788366,0.501798470419696,-0.0438597722599691,0.342193485554925,-0.0830421480277603,0.0226782906230199,-0.379704949520309,0.0770770914730562,-0.520541987982428,-0.247633960322542,-0.115138542218562,0.475069217328008,0.83152144072668,0.561760215614459,0.354915028760737,0.349480724474533,0.549824484663166,0.128702781607072,-0.027685331012461,0.19853221722741,0.439361578098316,0.0823476283374857
"GLYMA_15G254800","pink",-0.55185623233883,0.683632437579835,0.515987053777924,0.467236230432012,0.852156041112131,-0.763684567599893,0.0174574564264029,-0.254446354496882,-0.293546861669102,-0.286723436069154,0.0689469906382632,-0.0973672648453401,-0.000832806763154332,0.0155511716996205,0.0743110615135414,-0.0304433217379104,-0.595142098628165,0.0562325724710402,-0.0965018908317974,-0.160893541925429,0.436087285169285,0.253903097435054,0.0358980969016912,-0.455181224464597,-0.316602293183334,-0.243514471661544,-0.325200319192321,-0.707415447826695,-0.704744096111894,-0.382018654984074,0.0627783943068325,0.448151966799426,-0.0106833382967073,0.073711515974407,0.0352405526374567,0.243077800449967,-0.00378412951186695,0.106006977869859,0.0335795954741269,0.117894876722355,0.0083355951750772
"GLYMA_11G232600","yellow",0.551834739220837,-0.155441845511764,-0.244846225894014,-0.57503817068712,-0.873357383741499,0.952908618118951,0.612674443806104,0.779032525904562,0.350809601661436,0.509778000973383,0.143226937133956,0.143041201716574,0.146178868757458,0.0335401645481747,-0.132860602000097,0.16436912177364,0.520612402107665,-0.219392001856229,-0.0864684083464497,-0.0377667017705259,-0.502303673655842,0.0823006465855817,-0.306286980998888,0.117980006675403,0.00603835623949851,0.512624311301277,0.00855825290534385,0.634449009431497,0.24503529943121,0.0460583583295603,-0.46500118654521,-0.912255329296488,-0.627655752814771,-0.514633872320668,-0.440140349016271,-0.637933555795834,-0.199114989692355,0.0761462273606164,-0.135483484900999,-0.361531322218361,-0.0153165291367676
"GLYMA_16G219400","yellow",0.551787672466841,-0.0596217494279716,-0.153403100492113,-0.261423894746406,-0.665714012857407,0.825973700298614,0.517186014984626,0.814153420403812,0.343924804060596,0.681701320049403,0.401544804962967,0.0650518757233977,0.0840019801161462,0.277749138007213,-0.0646914267105449,0.0982868463856255,0.399424903823269,-0.320308666203688,-0.135908805463294,-0.209296596117362,-0.658150253463015,0.0986871351613576,-0.225409649633196,0.205557850671898,-0.191024230518892,0.172602156287194,-0.286030123843386,0.347691063311573,0.195429212154278,0.267024446972822,-0.548495266816978,-0.831316707335105,-0.560993251386287,-0.325024022254243,-0.241317211222225,-0.56374790850849,-0.14426103635246,0.423471999615144,-0.108396659622133,-0.307810479648337,-0.357035864607674
"GLYMA_11G053800","pink",-0.551713593534342,0.565890900445257,0.468674439650927,0.308998194364184,0.821605449466823,-0.780699164588185,-0.111633772617721,-0.409262790391747,-0.335970429314982,-0.548466662140282,-0.145284911053707,-0.0539776106390112,0.109027388649683,-0.174302045620494,-0.107735106583826,-0.122508693041802,-0.624259931110849,-0.000342833074900276,-0.0122586631897092,-0.00830777207154912,0.632815050674691,0.263682236810232,0.119291183413242,-0.415518267936549,0.0298335627779143,-0.158162437546278,-0.0968249583191752,-0.582185074169854,-0.614127864650261,-0.455322619312506,0.0857819966047774,0.533967017070913,0.133922015213704,0.176360871110976,0.110386662162689,0.360161194401747,0.0653842495354929,-0.0989764305327785,0.0478276559164543,0.193867002758109,0.134520472599139
"GLYMA_13G350500","blue",-0.551419908451283,0.107430714398176,0.130740304152197,0.330398623108059,0.698630698673928,-0.841911656962774,-0.469588400669983,-0.7743089487114,-0.424488660009654,-0.5456120371372,-0.35481420558122,-0.248023973535384,-0.183873444694275,-0.0620820543028214,0.175441244271358,-0.096901367724309,-0.393055505974326,0.269958809267885,0.101421156933443,0.103472508482797,0.536063145836,-0.0317059859990219,0.355406690587598,-0.0836347401070396,-0.0912643906260492,-0.250075717710246,0.160794921560024,-0.417814631123155,-0.232786309988061,-0.23261367846041,0.617626555728322,0.856224834659195,0.520434759022699,0.23347645282262,0.258543417177508,0.484066556080277,0.0748678884016331,-0.234736588756032,0.0017375777064326,0.297446169534279,0.109175071494523
"GLYMA_06G021200","yellow",0.551415325742456,-0.403021920014489,-0.337714192626527,-0.551760325914556,-0.892180714833042,0.87799693182598,0.342607617868702,0.519832311865355,0.345389221418087,0.416168283057492,-0.00165539090266691,0.0786591718451201,0.196941337630392,0.27431731819819,-0.167617007981636,0.0790056054038825,0.605419113318916,-0.171606838277764,-0.188537576383737,0.00249664242998364,-0.591822684353603,-0.167086281485117,-0.218325409588504,0.29053291196734,-0.0712026906215533,0.354603739084043,0.140065379234762,0.679980443080971,0.505967958784963,0.199428844024877,-0.31563276652391,-0.698175604282457,-0.347589018424911,-0.382121244862909,-0.293191706208079,-0.411832918154028,-0.0577855400783395,0.0732615439851224,-0.166401581892795,-0.290355711361534,-0.167885101861481
"GLYMA_17G136300","blue",-0.551340934258262,-0.0149450671424639,0.0695404920838877,0.271668837772923,0.640733766552865,-0.80438528756265,-0.579325420038835,-0.831926587241455,-0.405117454066863,-0.64037850832329,-0.417414659059757,-0.0108591737532755,-0.0160518709665159,-0.0442339380264861,-0.0484213722439856,-0.14318125810665,-0.352719899638281,0.176182109114319,-0.0523294762582992,0.153455584391033,0.500779876057822,-0.0959361660659721,0.402830921853451,0.0195948965432444,0.0864170720069301,-0.307821572606251,0.223344879097438,-0.360047706463127,-0.0991444704265116,-0.174358949875535,0.465709179525344,0.855247687265104,0.625405652011023,0.409317717503088,0.423216235706153,0.592841375211243,0.206420566409172,-0.212102447011428,0.0253202444841793,0.341227908715031,0.0445395552680104
"GLYMA_13G230500","yellow",0.55128420010533,-0.313492891876316,-0.274290623179063,-0.591749936472038,-0.839323118714759,0.846587378891191,0.38694521879634,0.542814738063823,0.435973165905015,0.282962773411582,0.0307916361700462,0.188204310215143,0.280854565747426,0.0489973087325351,-0.233967741438873,0.0703026063550468,0.478571676640464,-0.139306376212655,0.00755490529462731,0.11904321678252,-0.398264791317676,-0.120622990051754,-0.34480339953748,0.0910252711479284,0.152404280859527,0.434335817228167,0.156419194581871,0.657916752701343,0.404467661043282,0.095383328110249,-0.296314449667618,-0.7088422892685,-0.395895708919738,-0.390102285218102,-0.298259643454115,-0.328244399463227,0.0522322844208752,-0.088684810337546,-0.120753229663947,-0.352581259286696,0.102168774778419
"GLYMA_09G235400","yellow",0.551209783815102,-0.504970539273555,-0.488178631065547,-0.456811463990097,-0.829431431896316,0.869860420410548,0.146829158328352,0.502596695554552,0.279886670979465,0.398184569877835,0.113068492244238,0.171189309725605,0.0214319599834141,0.256714193458067,-0.104352997469738,-0.0863303669000717,0.439493646193876,-0.194925198507269,-0.141025842558197,-0.146190007590774,-0.492059461573153,-0.00547619271555996,0.0287157594906539,0.53112392335611,0.234846959637272,0.260065675857882,0.151043771122823,0.672881609497105,0.573043202091912,0.406456843844882,-0.278432915055192,-0.632980353717898,-0.179467938457495,-0.109311144837882,-0.108419393960919,-0.376319001556607,-0.0757664918668616,0.312496386234822,-0.0971331774387301,-0.16334243094331,-0.328773119410393
"GLYMA_06G122400","yellow",0.551209649717481,-0.138971070847192,-0.222041680979309,-0.243108394408728,-0.747684973646281,0.88679736733794,0.496827785650905,0.842676261936561,0.416128879163651,0.777497960315931,0.439005942129119,0.125051404137017,0.0203830823032622,0.0646852807740285,0.0229861888238894,0.12822780016586,0.458491885962629,-0.265865511381459,-0.060321473094491,-0.152997811512575,-0.700293315223027,-0.00382595896819649,-0.330331349835539,0.152486625758484,-0.131465463665444,0.184607883383137,-0.26144514121877,0.383960387610232,0.258285530296496,0.326181257495061,-0.464235115631399,-0.877396325139421,-0.553891417279796,-0.327294897657735,-0.264368308414541,-0.610565751424849,-0.190469359075772,0.264038370315339,0.00833444926902742,-0.289556846451617,-0.143228217347843
"GLYMA_12G218700","yellow",0.550924010075157,-0.440822391200757,-0.467944332650493,-0.572801834172438,-0.870424335006003,0.889325086134209,0.286183784059908,0.517982377939849,0.223284814866591,0.377766766835875,-0.0208219641577961,0.141692948694439,0.133340078655847,0.0305755756663448,-0.20872422677835,0.0687793020337597,0.543460312361666,-0.212540506325272,-0.124291952037255,-0.021105159205564,-0.431482440712899,0.0877967661266806,0.0468489048241555,0.47970891754974,0.280959886489888,0.422446264127714,0.222071547485255,0.729727113491014,0.485959082386978,0.222143437391614,-0.318433542691639,-0.690807471194799,-0.287256331493995,-0.265449656159568,-0.154328448915728,-0.481016231287062,-0.165404034239878,0.103420343127078,-0.04817597164674,-0.116833767410102,-0.141909113448128
"GLYMA_17G262500","blue",-0.550809414759456,0.112021984678667,0.130370842416348,0.490776796133763,0.812175259925926,-0.887878006625873,-0.601211429257122,-0.761762390325128,-0.336742081273693,-0.556673317084873,-0.170294473301316,-0.0758157321161589,-0.136527714534655,-0.0438992722858376,0.0633300272503714,-0.203479508951264,-0.542886442558055,0.205659472307617,0.0863671471394906,0.0471772928462962,0.547861957886544,-0.00829293805162318,0.390534779524676,-0.0539207011769875,0.10593394651804,-0.429003058096367,0.0509317273221942,-0.537681134025915,-0.209404186415309,-0.0588742098015098,0.471558778894962,0.891830740088519,0.634385073193612,0.555026679220002,0.467904194510714,0.629526068998219,0.213312963147763,-0.0483030816136007,0.136452656960627,0.349890989881449,0.0520285568036234
"GLYMA_07G057900","yellow",0.550704948646107,-0.249098082023766,-0.218731293907172,-0.571016309581692,-0.868838480804845,0.919722467946939,0.497569151921786,0.679379497138388,0.366370873573756,0.432916751753289,0.115354024138675,0.117458242385748,0.137372541416118,0.184951984904437,-0.16166518444889,0.164464594222372,0.578730222165115,-0.213987068572022,-0.0984253757772467,0.0447485739022587,-0.578005197828838,-0.0233453053410644,-0.25540540427014,0.21246708764969,-0.0467073048759937,0.377570395942586,0.00301250048892751,0.619256711809287,0.363134622833738,0.120239065129577,-0.416806561766335,-0.819446223541485,-0.509450830898464,-0.422639066280082,-0.323246750683755,-0.502127697358096,-0.0440453061472125,0.117866131328805,-0.265071887962203,-0.418946567176272,-0.126227751441441
"GLYMA_18G071900","green",0.550699825077173,-0.0318861243417373,-0.0776732702408222,-0.235570942527005,-0.693762311031509,0.859202743955256,0.576908384292682,0.885345372651616,0.514504288860317,0.720302756775355,0.510813703888353,0.178480172165623,0.0639664750457969,0.248688227400464,0.0462702712915744,0.230530419818276,0.476408863087381,-0.113156662414262,0.0124082634487956,-0.0764389697524058,-0.718182688098242,-0.0575619704084176,-0.492446352267631,-0.0112870004854152,-0.234781121602291,0.13352929480667,-0.379575324363298,0.293577691828179,0.190664257748328,0.2846645804639,-0.565208145992886,-0.891382586303212,-0.626724650421797,-0.31079081616372,-0.289509020610256,-0.525011090715057,-0.0432239645707777,0.24514872803121,-0.112411120092484,-0.505527062913633,-0.146443843367587
"GLYMA_15G047700","yellow",0.550418941624832,-0.267144822031064,-0.247126757218915,-0.325355788009503,-0.769363655106557,0.888151773860489,0.363893514600457,0.724905679021686,0.441556982587238,0.578115147655118,0.375029936647883,0.161664955746645,-0.0113431758545718,0.274880052953296,0.016409314220703,0.0588834387441929,0.459657695323595,-0.148033753468254,-0.0375463604599729,-0.0746907902353036,-0.623839717756307,-0.0609538990087257,-0.287881088985557,0.211033677196947,-0.0067911109401791,0.181717109207775,-0.135514901987179,0.476710119284052,0.394936319806183,0.375827199268748,-0.439101500875494,-0.785959594037568,-0.415389822242047,-0.189949621450685,-0.216385080454593,-0.453360876671457,-0.0390362614422248,0.264538720508768,-0.103803603648511,-0.376301829564664,-0.215203573258733
"GLYMA_19G164400","red",0.549731024887134,-0.794293754637666,-0.482558011182426,-0.144394646024811,-0.736643909831584,0.666305612240199,-0.251298692253715,0.16164890234581,0.397297313369091,0.43223537124516,0.152227759117635,0.0553760442159694,-0.104479199406195,0.292328711227613,0.0226492838497782,0.00867698184526363,0.608413647800369,0.0296245472265422,0.0544052424283257,0.062782781155238,-0.58080729594646,-0.408156106153241,0.0305623008647966,0.596889937437567,0.216920694716306,-0.0373132863801276,0.213757665189118,0.581129687348371,0.855323682509902,0.719380062625824,-0.0353978219385455,-0.292085271532347,0.232429408787677,0.158270298595123,0.14181584474232,-0.0653312667642375,0.124125076522616,0.119719336217749,0.137792876029236,-0.0311403247725236,-0.200645709971615
"GLYMA_17G094400","yellow",0.54960981937848,-0.181367415967074,-0.188776391814685,-0.64486156256317,-0.814333274903515,0.879726702039565,0.564819977690441,0.6300347090264,0.2075912697166,0.305454794587068,0.0129727758994681,-0.0109583455599124,0.0322090526620973,0.213658569138394,-0.106796050096834,0.21954695983896,0.565422221113405,-0.050499964934618,0.0214164972732537,0.0878483311830453,-0.264748400053547,0.216461927403989,-0.151550761713442,0.18644754864224,0.102243570666208,0.67013714648548,0.176307131837036,0.745900608915186,0.25287181433375,-0.0219877083257888,-0.346396422001098,-0.767823559759108,-0.529759702552934,-0.426528886506485,-0.526184576800761,-0.643439593516304,-0.270304164643292,-0.0071686560452684,-0.315947484756016,-0.441294901563172,-0.134916667334295
"GLYMA_08G213900","green",0.549573268376244,-0.126565707898389,-0.144751280372322,-0.325061296933936,-0.745043821609245,0.893208409357512,0.5081106155313,0.837691388744074,0.560072385135529,0.622549189034521,0.438549587789683,0.196645077977951,0.144788612005627,0.0785077446496135,-0.077714735391273,0.152790559420745,0.47071235042448,-0.231211828881353,0.0224134148059394,-0.0158125317769377,-0.696473273330457,-0.0762214550751879,-0.427349347987784,0.076772763086108,-0.0839130596204495,0.128384049605594,-0.298633102052661,0.358095068607343,0.291531181135813,0.281328513580804,-0.504935060168745,-0.871334232996132,-0.556362730114517,-0.251741189956706,-0.140868694125095,-0.410155551992349,0.0874310512816459,0.201297132881126,-0.0788580679259861,-0.444794021392557,-0.027312674423401
"GLYMA_06G015900","yellow",0.549523004304815,-0.205890092695354,-0.229280980629353,-0.637951797290429,-0.858473075098284,0.948476963893388,0.545869141631142,0.723952463589969,0.165456970741953,0.426305695263834,0.0480786874994188,0.0736363411084066,-0.00233432480796255,0.0471389379168759,-0.0662770061237687,0.150086676735857,0.523276706117464,-0.242421864458093,-0.0874546982945741,-0.0957737368366616,-0.39656600657261,0.220734778378948,-0.117617384620417,0.292536790799157,0.14373837815422,0.548202386925801,0.113191452126674,0.696178083114019,0.272055756536492,0.0535112948591386,-0.442594118522967,-0.869024060415497,-0.55029335881483,-0.420409511317835,-0.417016159480461,-0.686235858948011,-0.307072277593236,0.153569144392573,-0.260632387400944,-0.299735747437149,-0.201667358655068
"GLYMA_09G066200","green",0.549292599895459,-0.0831088106448013,-0.189861504838337,-0.133138125779317,-0.617928721891748,0.786174020570003,0.454072499545801,0.81367694921117,0.560039695391571,0.705844525886714,0.568914881936907,0.0871057445924253,0.101698436141131,-0.0168189131108717,-0.049406660053706,0.138951500571329,0.351321109173399,-0.132940247213059,0.124850966373081,0.0548748635274691,-0.636361601324297,-0.024730359436073,-0.383734487090862,0.0227691297605648,-0.0462808614202941,0.0616954427162213,-0.372623916091457,0.239063663506474,0.220076395856447,0.359819734407475,-0.439406374365843,-0.78817336433795,-0.499488913662103,-0.154347609408534,-0.0568230465044257,-0.407521121747006,0.0548445111715895,0.123756803508783,0.0833230787441621,-0.381355005192716,0.0733828379332015
"GLYMA_07G114400","blue",-0.549152705352223,0.180656268425652,0.11409217211956,0.459161868882718,0.835909116128864,-0.90794196741755,-0.552595488205774,-0.744829443735943,-0.476254247644545,-0.556342587203638,-0.23666967722554,-0.0883593303134042,-0.177856327154313,-0.123130892562139,0.073625110306491,-0.268055872376967,-0.618410467365511,0.156135982979558,-0.00132623108104163,-0.0238017082154767,0.628273472945152,0.062901613228118,0.379961607435206,-0.103795919812398,0.112932508788546,-0.348515794069893,0.079387232610212,-0.541325324943123,-0.304854945037679,-0.144913149528421,0.451371592474413,0.855966739950851,0.575237382064921,0.482540962449834,0.337298032028042,0.473205522676454,0.0327070886816768,-0.0642465828398316,0.117525819074558,0.409961441703999,0.00738908751709535
"GLYMA_11G255300","green",0.549061334525265,-0.0717870916477387,-0.0104448679807799,-0.166446295736132,-0.635844992564768,0.816350006234606,0.47312287403998,0.843317805654664,0.589909627332242,0.668347805232188,0.579652600978329,0.151728386868282,0.0482862769076034,0.181458138290173,0.0322357816400766,0.198266006926098,0.459503391231543,-0.143674818361981,0.119999366031045,-0.0114336292664525,-0.704443374397023,-0.125001701905959,-0.523633970936529,-0.0231318284040221,-0.133048245192604,0.00556213325744315,-0.4247327284944,0.221531661564925,0.25032038626103,0.371101157776645,-0.529505293129911,-0.824190942906934,-0.527969758867181,-0.13343921982577,-0.134124109218413,-0.372201578783064,0.118548298248033,0.234692741590567,-0.0796019370088636,-0.512417996044244,-0.0783267490316324
"GLYMA_01G083000","yellow",0.548820695692844,-0.430808150138734,-0.428841641603728,-0.290004531665967,-0.830067475529947,0.861438347288078,0.214458136255907,0.602783843232155,0.430121431312456,0.65845593891173,0.260509555132544,0.152834503941927,0.115515480097201,0.173957025764104,-0.0498893158437778,-0.0117743894630339,0.483992525548629,-0.263940805424914,-0.194591291191301,-0.215034160963685,-0.731371725831278,-0.241816542380389,-0.251792752781715,0.313979257140066,-0.0370734238478232,0.105292990757346,-0.0430649130941787,0.505084909434214,0.52127343645627,0.463773843954791,-0.351205641542316,-0.713235847792621,-0.284806158648921,-0.26421610353476,-0.160442893681639,-0.400898650708764,-0.0688582825974429,0.283151005379893,0.111435967144443,-0.122092999635456,-0.181819857314381
"GLYMA_13G309400","red",0.548699233895107,-0.841869519794369,-0.530367842016474,-0.28960536210272,-0.752688498504744,0.634889926603775,-0.283183791224792,0.0466306064647544,0.423358144132081,0.261706258716042,-0.01211024494386,0.0312551013678598,-0.0236314987337176,0.274007105843025,-0.00514091672132249,-0.0286865902003366,0.600161316977451,-0.00796605563553499,0.0619367390824196,0.0651673281902389,-0.532672239306559,-0.49462247537362,0.0146448426619733,0.553384620555602,0.188727554039996,-0.01028001869227,0.321404016836671,0.630577909409931,0.912131971459871,0.625693619148239,0.0292373454570951,-0.205049806854685,0.28585218176502,0.0997664139638109,0.136329228281948,0.0807260765766832,0.246464863378466,0.104227855459498,0.0423287059024289,-0.0246838920625706,-0.119112547208173
"GLYMA_10G269700","red",0.548567726500823,-0.806505525312818,-0.598723906139465,-0.438073629597825,-0.841178252197807,0.737592655037144,-0.165330721663585,0.144580251551801,0.347711377777556,0.242210376652195,-0.0889602857476641,0.0644770278236953,-0.00459047615712276,0.0941037020763098,-0.0389250905317645,-0.0350504805459501,0.595609338592065,-0.0761346560008801,0.0766735044841507,0.0420856987005872,-0.462093484746366,-0.35685968561975,0.0265945003083292,0.56058416374318,0.325104735957214,0.162396859038478,0.399341710986721,0.737566497591996,0.847850136365738,0.501484941075101,0.0264844429086185,-0.337524046042128,0.162665909074249,-0.0263329513007155,0.0211500279786343,-0.0794868434405641,0.0922147284071123,0.0601486944764447,0.0253213707548478,-0.00415229356099523,-0.0511744278950243
"GLYMA_02G090800","yellow",0.548558751053274,-0.244432178192381,-0.251786980754072,-0.484935822630314,-0.871389029827374,0.921974956196258,0.515514981643263,0.726031144909779,0.450481005704821,0.570303508529187,0.194645546477117,0.102371186195096,0.115534792508293,0.108168537746358,-0.0105571950734852,0.220208488154683,0.619550828064302,-0.128743606087199,-0.0492908785890848,-0.0197799502501628,-0.675596197414392,-0.136806399311335,-0.38781641455164,0.119412051806853,-0.154128392700213,0.2966918369987,-0.0838940214229885,0.532564778023877,0.361894320900736,0.178199446696105,-0.390462655244851,-0.83887014526741,-0.536649109093897,-0.440529309326929,-0.300813532420667,-0.497327429057905,-0.0466219643398821,0.0848081866671345,-0.129553363114365,-0.393496838180948,-0.00257983070025498
"GLYMA_12G173700","pink",-0.548454207590551,0.299817996108074,0.312523767705263,0.546302505712933,0.843988243275672,-0.855274762044483,-0.439243322708457,-0.574345260556294,-0.180259293712042,-0.483410136137191,0.00909565977227031,-0.00676425925643524,-0.0405801917071726,-0.0895809813846565,0.0465984944545759,-0.116639737280248,-0.551020755587053,0.244633829355384,0.140928677351092,0.120835430692477,0.46124506378487,-0.0701608172405215,0.0672211985484674,-0.345290933361426,0.0464899765875309,-0.484302594135697,-0.150599579186255,-0.680352632278698,-0.350730963355238,-0.0988886542981615,0.142862406459099,0.713604174571643,0.435430763625039,0.509980173970177,0.376760700918071,0.602423383328777,0.285068561239114,-0.144658350473953,0.151308893811357,0.192178762475738,0.168306646997168
"GLYMA_18G092800","red",0.54829948220851,-0.790580623728472,-0.573810135626662,-0.199454055337797,-0.743318394841582,0.657665738247156,-0.252947844668156,0.127770316775513,0.409630474354347,0.385822570969834,0.0942027092417733,0.113519057973137,0.0551905338861497,0.393320783412688,-0.0936688496748227,-0.122860961174717,0.518694688055606,-0.0112205580390889,-0.0730484934681113,0.0388306330397815,-0.570779781063167,-0.425486538351592,0.0143818086291013,0.555864512650942,0.165035610155883,0.00499650195020103,0.254083118788154,0.609833138970859,0.85534065055604,0.683160015573113,-0.0293865015274958,-0.268761571068517,0.231466424279692,0.0853593738890985,0.0642771829905988,-0.0384810787065227,0.126418158078383,0.131841669508888,0.127250328003797,-0.0164370099520713,-0.227872513555069
"GLYMA_13G078400","green",0.548065589124113,-0.0263351512973862,-0.118021885888622,-0.352166399829043,-0.667322350601327,0.845566995279149,0.561346568850091,0.831272203617941,0.507986087372354,0.495589390576196,0.432915632100504,0.134775152208881,0.16246468056739,0.215160257785666,-0.150275294564625,0.126165797682265,0.366240673453603,-0.148248574386848,0.0625008886714253,0.0534071281746313,-0.523879770666486,0.087717457400681,-0.369350892784909,0.0190636028484117,-0.0386964847562767,0.24729769829065,-0.275772130205776,0.378412007789306,0.179348362907477,0.188756006110907,-0.52458680835695,-0.840944759608951,-0.591747140527566,-0.246544286384084,-0.241477483911573,-0.459188653509322,0.0247621540838663,0.167260231815142,-0.165432855720077,-0.551790791012051,-0.0759583898428014
"GLYMA_06G108000","yellow",0.54790399531022,-0.377827626916895,-0.420685842630945,-0.344805564369273,-0.774736783603857,0.832541688756472,0.222625748799322,0.578775071303284,0.524289741208111,0.466812085073927,0.275232978640589,0.19926842179455,0.14606811771605,-0.0139028333079955,-0.142297341727131,-0.0922680955965228,0.361691538606961,-0.221782183418948,-0.0241381921552072,-0.0438424184052637,-0.509020390863567,-0.173139593739794,-0.291963932706989,0.165828743447234,0.186123050139097,0.226550321008806,0.03296702185579,0.544837949950033,0.477245969991508,0.361680795522154,-0.355678443251987,-0.680921287126225,-0.278850264514914,-0.200647334752941,-0.17571020194025,-0.350642235613997,0.00474173438054681,0.127165997695644,0.132380541634986,-0.184204103368164,0.0994191523388761
"GLYMA_16G008700","salmon",0.547902500770635,-0.672192125273984,-0.398080208192531,-0.6330135114015,-0.910128545493915,0.812587151863541,0.0701966215422942,0.24180868310907,0.330925994280677,0.149332095065974,-0.183639274570585,0.0912750403035269,0.0909529900638615,0.160854030104883,-0.141279966421203,0.129311146882315,0.724124096590466,-0.0633207157468674,0.0290854080448137,0.175585233598547,-0.446705009591292,-0.267040440623616,-0.0507813285510223,0.464434938558089,0.233108790676573,0.337240953051532,0.392787057846969,0.809415815532778,0.737618286135402,0.264643852701421,-0.128788927994381,-0.475376633960249,-0.0472956761755863,-0.164862069339259,-0.117804184299687,-0.177231353155914,0.11121940829806,-0.0546600256248396,-0.192177607965956,-0.217129354021862,-0.0496488139209089
"GLYMA_02G145100","green",0.547738107659199,0.00488017501123157,-0.0639026762513445,-0.336021820206299,-0.680804902203415,0.861925899092617,0.620895306275636,0.867928090456673,0.361315352307408,0.6107405539845,0.383030192410557,0.153899442471188,0.111834208354745,0.127429492597877,-0.116317600727248,0.245692249105434,0.466266475246046,-0.177913489495493,-0.000766660004817002,-0.0022101542300564,-0.540190698712692,0.183471095499077,-0.307423839652749,0.0981691898238035,-0.021187072868716,0.307404503659834,-0.259299298872785,0.39259347541072,0.124541915168826,0.161043139274112,-0.607541034275163,-0.906481714595118,-0.649770843203713,-0.297720655979229,-0.309428409647792,-0.633032158628935,-0.180605053977694,0.149674908004357,-0.139631575418454,-0.433937022145698,-0.182110845517496
"GLYMA_07G085900","yellow",0.547330099033123,-0.101946308792715,-0.126167102144149,-0.500564941489553,-0.747779963003445,0.867830763129964,0.569436086653288,0.752877559309088,0.21428692897842,0.490480754183689,0.187556591977035,0.0318208544387025,-0.0551348654240966,0.149232621987748,0.00470613233854896,0.147256014199584,0.458231485283516,-0.195839969297595,-0.0326819128903418,-0.0875888978596181,-0.412275296967613,0.175323632131103,-0.245394472246428,0.144285871109227,-0.000956849178351139,0.451419896998105,-0.0417397407908976,0.544753265345126,0.188813512380137,0.0903551394078897,-0.411926281483363,-0.835312691271681,-0.577211361365581,-0.378954744390909,-0.43334038812398,-0.674033140646811,-0.27544606131493,0.177809685257759,-0.291447981424588,-0.397049195333103,-0.2169299428127
"GLYMA_08G211400","blue",-0.546964637904995,0.0478254458387226,0.150872460032472,0.566825958997209,0.76937516163621,-0.893313304846531,-0.659471787280333,-0.783191956737712,-0.256438212616515,-0.443176425934258,-0.149079293151662,-0.0701707842246837,-0.116034089460172,-0.00844488677151635,0.139287270212523,-0.231629077321198,-0.482965706035981,0.191268654162718,0.0366924008310843,0.00533622027885404,0.353154225694051,-0.266964017640966,0.215405513636638,-0.126488664113017,-0.10496848720838,-0.562655617833294,0.0163084365962904,-0.590873575713126,-0.134208358486046,0.0256812250379948,0.461822958439777,0.881102075689596,0.652533236964449,0.437694359501083,0.392594819569761,0.66164676852314,0.230277639459318,-0.0735235833066246,0.195006566465116,0.394867230749606,0.061071668283108
"GLYMA_18G284600","red",0.546961655538067,-0.829126643631206,-0.61289736911272,-0.403453070277076,-0.769635807534332,0.641769688682448,-0.261738559464924,0.0395323367309398,0.36992025781705,0.15420351624,-0.0976848117175647,-0.0124312239885186,0.101444674483899,0.104152557153531,-0.22370641928298,-0.163204029873546,0.4734570459048,-0.111059433679259,0.00780170107118213,0.123267216755407,-0.411824871821778,-0.405754363000165,0.0540540826406736,0.54614973603439,0.339897731981966,0.0951213673606357,0.411160979542803,0.690976316214543,0.869596390740317,0.51752068873487,0.0992433566939408,-0.223447563128675,0.26620063502086,0.0641119482903648,0.118558691447543,0.065949123331368,0.2388883894715,0.0218434490463979,0.039027562292419,0.00830596106133616,-0.000676679656096735
"GLYMA_13G242800","pink",-0.546934525701181,0.251183837732173,0.29440130625736,0.457919066991554,0.837646126958732,-0.873955087846928,-0.50398782330389,-0.650269205667472,-0.346934134985675,-0.578982106360275,-0.151919105249561,0.0689694061900373,-0.0266024199831694,-0.169054339922876,-0.00581587320520559,-0.25865069367992,-0.640766323967037,0.143106192966402,0.0516219253440117,0.026943814326588,0.600880432784989,-0.0315148221756344,0.128137938200548,-0.303600890239524,0.185628177869101,-0.409374486806218,0.00193318422559715,-0.611150372285137,-0.344549660071992,-0.158362961458272,0.26077918825529,0.752321481043552,0.497247170180539,0.487734270207142,0.318947753107359,0.551833986623446,0.165237427405015,-0.143273477852484,0.141320682767258,0.315793138232771,0.0998992419202986
"GLYMA_08G175700","pink",-0.546818495063958,0.499317790142012,0.382432316651571,0.77226505992194,0.911031091485758,-0.836738692010057,-0.263556397477451,-0.342492262378317,-0.159422361835602,-0.120675400516544,0.292971992412181,-0.0603768783160751,-0.159279999692603,-0.0803719712470305,0.239707077789469,-0.0783013316147232,-0.596129804315028,0.176800713316425,0.116319785146431,-0.0461437292940587,0.314547103264456,0.0308799463239753,0.00545113801452749,-0.424219874289367,-0.248452428421054,-0.538436158633642,-0.431441760092393,-0.850666075950653,-0.5294859408137,-0.0430513107713484,0.177027282491835,0.594265751050786,0.234593188595199,0.392648900705574,0.280126625861639,0.37216892429828,0.0862599310009748,0.0193617520402683,0.244766192593738,0.186450570397333,0.0930909192704239
"GLYMA_05G195500","yellow",0.546244572122341,-0.218296580258054,-0.251036482617231,-0.490121612609283,-0.801953806783967,0.855211950578331,0.473089351654237,0.663697449553587,0.335711733475032,0.484476775222377,0.115083054189163,0.120023463634735,0.225358045622879,0.0808768723782871,-0.137278154643952,0.119220455862884,0.476370942024368,-0.174185211399796,-0.153850114846524,-0.0715526461239637,-0.523246556094743,-0.0292394523926212,-0.282729741073303,0.151340874940165,0.0190755730659872,0.348360957764883,0.00306073569101959,0.538582429822699,0.299168595358906,0.127414673573515,-0.289521144113299,-0.778183790885322,-0.491402339768375,-0.455953094400782,-0.276750885176673,-0.470449259914201,-0.0796835823383752,0.105489100300704,-0.0349583021056433,-0.267754745435002,-0.031245655958263
"GLYMA_04G219100","red",0.54622145898422,-0.775627631077315,-0.534591207118054,-0.0503894973840577,-0.631395046123349,0.50524011208238,-0.31059594123203,0.041169100257515,0.511704777418175,0.437176989249158,0.167833428096847,-0.120870193113386,-0.0503436332894724,0.257557854167643,0.104486422783892,-0.0479179618220457,0.523578397428452,0.0161194762001939,0.1332882192672,0.00824561759775981,-0.649458052242828,-0.637335297256721,-0.118921581889731,0.421007700419238,-0.0643932563324893,-0.201011363751963,0.130066372489137,0.413034274298646,0.840946434591787,0.719129601408567,0.156245437251088,-0.124561594149434,0.294006392712683,0.0523703087504742,0.165269791374952,0.147463304109763,0.293843590844125,0.146403685507251,0.155487333525452,-0.00554576120312518,-0.0214171983408483
"GLYMA_07G000300","yellow",0.546180262980065,-0.561331349097831,-0.39464258519808,-0.428818083290913,-0.824249456762688,0.800789961046499,0.135644215279804,0.373034471932863,0.332225989289118,0.37662642311503,0.0558250112052136,-0.0503523643151583,-0.0433918919051931,0.267045378849567,-0.0426384569464793,0.169687696038979,0.658617239027945,0.0252394911449434,0.103220178941796,0.153783100253615,-0.488793882750575,-0.0713829107204319,0.0674802656966024,0.527416430183193,0.115826358987123,0.283017839013033,0.206090237929502,0.700890711436634,0.633346997363261,0.386171821552362,-0.194989153066045,-0.516885156357775,-0.111035527353407,-0.141236400263628,-0.069447542047086,-0.271976145216373,0.0143977103066002,0.0192216113966347,-0.115955859133068,-0.24494339845069,-0.186174139672163
"GLYMA_06G204500","pink",-0.545948246778912,0.489211130802611,0.459273496256983,0.786433034434024,0.84937375089966,-0.799650457333116,-0.229229786192829,-0.294350442540122,-0.0403708337848115,-0.0391673856200563,0.33340188112905,-0.0229854942843251,-0.103642357971012,-0.133454488800823,0.228796324726755,0.016918853980755,-0.499194716866314,0.127648904958288,0.161941110363995,-0.024544880411231,0.153399936536904,-0.115262870085882,-0.118834517323226,-0.465908470208584,-0.360183828046096,-0.631882934051334,-0.505358875248434,-0.889232408060028,-0.499404364256206,-0.0235621375398132,0.130464855796056,0.529891096049578,0.189091525945096,0.312363063850314,0.343237962324569,0.44908422305035,0.223073796694884,0.012402035603357,0.26655183296889,0.145945978911573,0.187324089065352
"GLYMA_19G172500","blue",-0.545923409028157,0.260367818228052,0.195255635572655,0.578461599866276,0.859813901718029,-0.928010836120711,-0.491352377725981,-0.681705612637569,-0.413520289704668,-0.378316110577496,-0.150197030593835,-0.121718475699628,-0.112955185192613,-0.183117491836231,0.126276641212591,-0.244269760876251,-0.622948993777899,0.105830189791129,-0.0391080485910936,-0.1050492010296,0.525856734621211,0.00607559818411572,0.280246653028297,-0.192184496253783,-0.0457283873242112,-0.397596952926553,-0.0205558445562314,-0.635691769589299,-0.377428828571794,-0.134816481434167,0.484905876339844,0.82364984133507,0.495395292597347,0.304693274969151,0.275038470840653,0.433274840428755,-0.0194384654495744,-0.0769863651450721,0.277596043459423,0.484918314740047,0.0662195877944118
"GLYMA_07G189200","yellow",0.54565384146184,-0.327600171002367,-0.380941987820157,-0.703324283747319,-0.904542254602911,0.897557653982984,0.431468158977777,0.553697613177333,0.27498746550612,0.303609705586921,-0.0922339227665734,0.124819670980548,0.196963073722352,0.0276254491759311,-0.217607270190025,0.0165320931155933,0.471349822517208,-0.268567147870922,-0.168241730875046,-0.0420292825666093,-0.408960751121462,-0.0288837370105757,-0.215226745555859,0.215819478399206,0.11645886012221,0.544497789441177,0.262157057345004,0.761370385281677,0.387555542034722,0.0264566022122486,-0.327529368048552,-0.760218307545169,-0.435910887846779,-0.517604003591013,-0.444074152550807,-0.493642926295469,-0.147208748868037,0.0568058021441219,-0.197600233538895,-0.232813828807533,-0.0158674549668251
"GLYMA_12G037400","yellow",0.545240366145337,-0.169371756002671,-0.236038251817255,-0.577138059945638,-0.818825181388452,0.937817012541564,0.547694084848805,0.756550476310136,0.176075710494146,0.456313791805196,0.115614780088543,0.140547546413805,0.0311250924125289,0.0458341568569869,-0.112044202429383,0.145602858983166,0.488284494625508,-0.248832172289636,-0.105607613214538,-0.0962183554419114,-0.399239644295167,0.274231275355279,-0.083515656550709,0.305494986967218,0.173141515558962,0.517939809643127,0.0553090057967507,0.653430269221563,0.241279274959029,0.0841786387472585,-0.49606058644736,-0.881947781976389,-0.558874049148825,-0.362916622096375,-0.378806350057505,-0.702937934898177,-0.319380373673881,0.183408827391395,-0.209631964841206,-0.289436611652401,-0.226908213671986
"GLYMA_08G134300","yellow",0.545118585956588,-0.0398330503115149,-0.0816528969710369,-0.597522227897293,-0.774387683511061,0.901215871463117,0.662628840330203,0.786457504759086,0.287057137621982,0.393760504628492,0.145281613518861,0.0775131527271746,0.108336147719743,0.0347104943110013,-0.13339531256459,0.202911633328456,0.479048114652999,-0.214081174284714,0.00600340328094583,0.0241393284476245,-0.347585069154957,0.184001527505359,-0.340094900634352,0.0178383041090019,0.0995740287506304,0.565018602578083,0.00910782704139491,0.596376492103428,0.141802506152132,-0.0401576717243165,-0.478568977519612,-0.893349666372906,-0.660356200220251,-0.454720588724819,-0.518088627522155,-0.642431012354005,-0.215646569186456,0.0499287682320381,-0.252559769652514,-0.434295062549805,-0.0386251198639553
"GLYMA_01G079100","green",0.545061398935558,-0.063621290685406,-0.121394882652659,-0.40662582265959,-0.789179808984201,0.924795800555684,0.631231882005661,0.87369355698305,0.539218169032803,0.608298110654237,0.380809774016923,0.16740881460468,0.158513956441422,0.0996099456825416,-0.0749687713915084,0.221830487346645,0.505884315533855,-0.188479865861414,0.0160813141261712,0.00404828519817555,-0.647901464813923,-0.0131179494812178,-0.456084533895148,0.00239940731703351,-0.13251767638827,0.292496638643585,-0.244368657224808,0.436636587796488,0.214799730464594,0.15322148561035,-0.520355721962795,-0.93039909861107,-0.667172066059115,-0.426618733900785,-0.316878126607193,-0.516918344286527,-0.00884018210290161,0.137594735531956,-0.119601750493914,-0.492733060013729,0.0133863482223613
"GLYMA_03G156700","yellow",0.544833651958635,-0.195833074139594,-0.215907703337955,-0.613146703986197,-0.848029860471325,0.915433211259472,0.553357678587848,0.698763093600972,0.29555921858636,0.398296479080637,0.0686958554803234,0.164319667104869,0.147745044489213,0.0816832248882763,-0.150223768677835,0.167794161359914,0.53204842219434,-0.170114088689655,-0.0653520877098185,0.0487441806993195,-0.478161489152064,0.0426678863797256,-0.289022621860242,0.154464613102879,0.0503632502420696,0.458512802035149,0.0420803099921845,0.623167596458662,0.288554374047703,0.0436716539096303,-0.41914701613692,-0.843980719140591,-0.549367756606854,-0.410366383284609,-0.365061364484313,-0.537263397169047,-0.105275588783544,0.0355849091099308,-0.249088704373706,-0.395061494516158,-0.063186041939235
"GLYMA_09G195100","pink",-0.544812259066837,0.304379911642643,0.185448721574844,0.591131782896322,0.898847087613611,-0.91555361109231,-0.494928101687458,-0.623303688003494,-0.246828143490736,-0.478550069533826,-0.0117294366728815,0.0500922435564048,0.038876322933092,-0.102900763393158,-0.0563825873715381,-0.286233833256651,-0.69014427509582,0.109984510042582,0.0169214400294074,0.0421487453347585,0.498348757332008,-0.0290048676360055,0.170890141788653,-0.292090692347022,0.0170437609100385,-0.501473729441784,-0.15172772964297,-0.708048940818515,-0.371787238340473,-0.0971161074305789,0.29673093828637,0.786851192313757,0.484122109220732,0.526661180312025,0.410894756597504,0.572947536672155,0.213385802673446,-0.0730275523954211,0.206274222473674,0.295745192646592,0.126664822974352
"GLYMA_14G190400","pink",-0.544758563152055,0.521063064717981,0.471287724851582,0.459325817645664,0.865865504418705,-0.837217987449369,-0.157604764200173,-0.444748272188327,-0.313386350753025,-0.386745358753726,-0.0468621179883528,-0.162507048634484,-0.0692980353056488,-0.175167939156131,0.129629774597984,-0.000623613901903298,-0.520999634261707,0.102921521489526,-0.00769609640621158,-0.0645948842143215,0.517691567826252,0.182971757586432,0.166864111042036,-0.339443547856712,-0.150453134330062,-0.295508456533796,-0.195497213422395,-0.683086130134204,-0.562168685707598,-0.336920403717242,0.314138544001041,0.631117930775402,0.198442181078497,0.217116858423474,0.243740351622267,0.406701740611623,0.108843228161453,-0.0151465556609774,0.109388982040183,0.229890322273111,0.162956198473841
"GLYMA_13G205700","blue",-0.544591618909673,0.093507121168925,0.193737013038742,0.233629579072748,0.72531117242822,-0.835357693428338,-0.532339817656957,-0.80035668368618,-0.530638251672849,-0.710976644458248,-0.427029609256729,-0.150925447943248,-0.2025263487636,-0.114000885240143,0.0976034171439346,-0.174255592925387,-0.454877257260948,0.167270153988371,0.0841163277850281,0.0540682861564736,0.675337730563682,0.0565244002398062,0.388419419413168,-0.041023555361001,0.177228218722484,-0.225150136343575,0.248115159479505,-0.37571938987887,-0.215702742574687,-0.241552565738788,0.456544351170801,0.841301462093165,0.580701715427254,0.423041098097771,0.245050941807578,0.510633149885498,0.0644234339118239,-0.166241703341197,-0.0945673937445515,0.330293975163209,-0.00823744072610632
"GLYMA_09G165600","salmon",0.544539490424139,-0.745562225138366,-0.63542733963054,-0.511021070362619,-0.758648761092243,0.595414140587361,-0.156758263366332,-0.0145160816721595,0.206513575300285,0.0441188328019807,-0.271164971352576,-0.116644763737298,-0.0048746498091453,-0.000535425344245447,-0.130143704690884,-0.118035049850245,0.451368310022553,-0.0179038556146785,0.0889954842964152,0.0960456520537983,-0.134908087932948,-0.263689074818798,0.0389987158624808,0.407773079672696,0.417667324235565,0.425373718953443,0.614899893342681,0.8249992402369,0.713831539343498,0.285529310486539,0.162643840402941,-0.211185967245696,0.18053626956497,-0.124652061355723,-0.209368502565552,-0.137719225695472,-0.0464051265041127,-0.139429672473631,0.0282440191983856,0.0445509863831792,0.0944148144376876
"GLYMA_07G091400","green",0.54427952605518,-0.0842577259186251,-0.151854234972853,-0.216156947899022,-0.668647739358671,0.831701503283012,0.491910010364345,0.832471396777228,0.606112307608539,0.637782190254379,0.538817401331322,0.251144624798314,0.0933781991152088,0.0987006570031999,-0.0310419198601983,0.18159661328964,0.432219387561196,-0.15710794162123,0.119739258850858,-0.0119578776611248,-0.668789610495286,-0.0842361440230646,-0.476131313909889,-0.0083974637910671,-0.101475571401699,0.0879323703230456,-0.368628789188098,0.284084934374577,0.249430367097238,0.321397888234721,-0.526527402764085,-0.835465375113281,-0.542029420687463,-0.161745101691066,-0.138837933568729,-0.388915569889528,0.0977743492865949,0.21654330989365,-0.0496152694542414,-0.485966799784745,0.00602503489435889
"GLYMA_05G157600","blue",-0.544245942872267,0.139800695392266,0.0231687811986878,0.435115158153436,0.776427985415821,-0.876826319054456,-0.546772840290707,-0.742651286233844,-0.316029593126284,-0.559269379717473,-0.213167909532938,-0.0705645330897254,-0.0100394813868917,-0.108371458883893,-0.0404647843272161,-0.272525177025481,-0.580962723894946,0.132399828459754,0.0204023534127525,0.0483103784812131,0.514365784135419,-0.0481338851573925,0.320814916825437,-0.127218038696509,0.00428487588299236,-0.393886809496218,0.0401239560954197,-0.53007249698693,-0.241202195662598,-0.14476594875461,0.471214660004083,0.849887545485301,0.563244284455516,0.412984588062271,0.429204699094125,0.590727788991696,0.209967393269642,-0.106614399490329,0.15877991255879,0.339326175392265,0.143557362344493
"GLYMA_19G229700","red",0.544144486628106,-0.850616803952198,-0.641743158773036,-0.272167500211941,-0.77830751210468,0.676325287756371,-0.283392822224556,0.099374847957648,0.310611170704795,0.354904864530865,-0.00931301402542893,0.00827545313063938,-0.0583605537039182,0.0826937012556013,-0.0444668600224606,-0.123642423008193,0.535837798644511,-0.151401286004611,-0.023623852622573,-0.0315945445712759,-0.491700639092047,-0.329324632154341,0.174728408822355,0.687884632579434,0.318637328366389,0.0553874523944095,0.353173462249743,0.671930069502076,0.883677362465466,0.632615574882544,0.118956368741421,-0.25804072215371,0.268485763189904,0.0866994827730941,0.16750139679332,-0.0822325445088447,0.0582431999284105,0.146307314995235,0.187561207081402,0.144036761813948,-0.118530772651016
"GLYMA_06G139100","pink",-0.543842817512382,0.430591487067667,0.335845797028161,0.745899619085415,0.824556810710471,-0.801503811459563,-0.272190417378492,-0.350497483829549,0.0102886280493863,-0.101364838134807,0.288129735081258,0.0360938541552184,-0.026860616868089,-0.180208772771367,0.174802177011977,-0.033631530767171,-0.512523865522816,0.149030394721812,0.191681330476741,0.0518832608954017,0.154645822727255,-0.160254731681534,-0.107457183854584,-0.469762386508477,-0.371198305900935,-0.62411985552173,-0.46439272856222,-0.853483878541575,-0.441850453870335,-0.0289690022775852,0.181468039607291,0.564247062218849,0.230043330134269,0.296905150037814,0.358219690924406,0.499907722238074,0.255115840584001,-0.0736986048000396,0.285975234654567,0.148866160990712,0.26231306336101
"GLYMA_02G182700","pink",-0.543631710222108,0.637249423267685,0.48661635343528,0.580221820936139,0.885349447433156,-0.803022744922077,-0.0747995020167603,-0.284531479800419,-0.194596183016206,-0.233586904381939,0.164388905961776,0.0341162385582436,0.00334508029348043,0.0174512933290064,0.139348494543456,-0.0633766157573682,-0.607806780061063,0.120267640565212,0.0438887699277109,-0.078643883645666,0.352272845595704,0.0963650645988163,-0.0701522482663719,-0.521830787448272,-0.384945446864329,-0.391866264769193,-0.405533807505044,-0.79705127260367,-0.646414647153748,-0.258519539510272,0.0824038323678206,0.500716247935266,0.0636172052704114,0.170421962099511,0.0797460572203992,0.307024618777845,0.048862629411689,0.0360056488210055,0.0456015519921666,0.072775679020517,0.0442022610198319
"GLYMA_17G187500","pink",-0.54358097183878,0.447783476762417,0.277416052446772,0.745831261322725,0.825231341480022,-0.78837134703472,-0.263874055733091,-0.335907996933385,-0.207343738922342,-0.0584262686731117,0.22811417854556,0.0585690745209153,-0.0630706438747287,-0.101583810601465,0.143276664939259,-0.137050945121829,-0.596820224425219,0.141446286071836,-0.0145191777898942,-0.0614589900817027,0.272505082641644,-0.0193027643457822,-0.0333637319340277,-0.422456701218355,-0.242667069906861,-0.490815900456761,-0.389179450100884,-0.790683378955804,-0.504756954471807,-0.0363167990709361,0.241107678164776,0.5439219863909,0.219775323792302,0.31125666242578,0.210726081063804,0.275974842316428,-0.010504066813164,-0.0472180269330591,0.315033769687687,0.233564875418842,0.0773258526102722
"GLYMA_09G282900","yellow",0.543511652951778,-0.177605223587507,-0.277427250890104,-0.59497499613768,-0.824165334582984,0.891346802429756,0.536939063167244,0.678927116758108,0.464416233198637,0.349094441002245,0.116031105922325,0.13200621019354,0.223400919177882,0.0923080660453392,-0.172531512851439,0.0719304030916914,0.443817520502102,-0.210628690096214,0.023385721619008,0.032886924473038,-0.440208086770772,-0.0326515144448222,-0.370175167608175,0.0310418973617946,0.0190778043750685,0.470677450091996,0.0407656296457193,0.619963400220413,0.295246706582762,0.0371035859117464,-0.392834394276587,-0.792819791259761,-0.538470310265346,-0.473466168818917,-0.396978279839845,-0.444639792259423,-0.0219667586069719,0.0531823152033075,-0.155511074853879,-0.404503353033312,0.0924176429111395
"GLYMA_13G151200","salmon",0.543351538184425,-0.702138562740897,-0.519379699441678,-0.626621915135449,-0.813557471519035,0.677433994185128,-0.0189765208006838,0.0639682205954271,0.270033924273585,0.0382300257260409,-0.284922053301157,-0.0833020090905662,0.0449251083397292,0.100495727699427,-0.12207865089885,0.0921858533404489,0.620356122857918,0.0390696479262737,0.103126386009666,0.164413221937629,-0.22919628555714,-0.24818182170069,0.0127075707062516,0.419459896618523,0.317738966860321,0.429159052039924,0.557773471737027,0.838362585876164,0.728010327597591,0.228649247909326,0.056766832478373,-0.282112219798475,0.0876255507180335,-0.179380451868497,-0.166677145121867,-0.0695592899099875,0.0778945976014807,-0.126660485935243,-0.126544575322191,-0.100575495747742,0.0812976681316587
"GLYMA_12G102300","pink",-0.543306400980571,0.577507630725238,0.405536123420094,0.701249719402453,0.870750673081241,-0.804305318658565,-0.150065971273386,-0.277968486727566,-0.191852349557203,-0.119073092175425,0.25111609743507,0.0883435612787856,-0.100735050588612,0.0551833846786559,0.228019934125272,-0.0553887190992253,-0.598261053820068,0.220467732860335,-0.0070139895341414,-0.127658140110804,0.284706388259264,0.0412927865233137,-0.071032263832486,-0.491662225905594,-0.366926169287618,-0.4784755176472,-0.463021248462383,-0.837994447982296,-0.610089387031507,-0.133658599051917,0.0500979273015297,0.500372416319379,0.112213006766062,0.239385883965746,0.144315668389717,0.277579850814463,0.0311212761951876,0.0539395518206162,0.159935575248344,0.08970934140082,-0.00937782509152002
"GLYMA_15G072900","pink",-0.543088563252173,0.635845299502956,0.497812399269407,0.529601584075622,0.840262752677006,-0.744020321777785,-0.01460579595794,-0.230919545663204,-0.25344744330504,-0.246386072328096,0.17761836923487,-0.0432925657442065,-0.12141019266203,-0.0187966817741411,0.0986296868072888,0.090602340237014,-0.477736280113131,0.169799523702512,0.179180259575152,0.145939024017632,0.366021561540419,0.236540430918343,0.0213295026167337,-0.432876755040853,-0.300850277461397,-0.339451225739678,-0.436776754345979,-0.750988740229957,-0.654671383677316,-0.28910842562579,0.0274897060035688,0.436761348798588,0.0140881812958227,0.262147503765218,0.15330509685347,0.217566092406823,0.0454454724091596,-0.102500779401622,-0.102925496042984,-0.0881235208493025,0.0153909063240838
"GLYMA_07G040600","yellow",0.542755181208076,-0.446213304909166,-0.274942544053622,-0.564690533264301,-0.86189510116522,0.806893581327116,0.296198661824669,0.418987047698222,0.476693394879485,0.325288038676048,-0.0261619064098267,-0.0251127946337551,0.137024619654317,0.248442864277762,-0.0272392361760425,0.152322551399093,0.662104809731748,-0.0736085882410384,0.00964067869732143,0.0629119646715844,-0.628587390432472,-0.353659681656652,-0.327519831079644,0.20640619292435,-0.179629698700015,0.233993934208958,0.123621500911562,0.607584998222855,0.569485150137201,0.195240829490656,-0.204364156139011,-0.583031327359243,-0.276818067373905,-0.38333902422515,-0.198142028009256,-0.148990161504562,0.224797531457478,0.0321246293517394,-0.231970519709016,-0.357973048914661,0.0158732868588895
"GLYMA_14G031000","yellow",0.542515013950871,-0.128092556899824,-0.0774051484390576,-0.195246939077175,-0.710920189851593,0.824070118836152,0.482225390800832,0.772809795240237,0.531522261246019,0.720082251471423,0.42620898195438,0.105603729939208,0.163368741483404,0.120192942727117,-0.0798856813291257,0.222020042448171,0.54424237029437,-0.254010168472376,-0.0174514101921778,-0.0113461420602005,-0.764213596543561,-0.0940570238072575,-0.32697548937541,0.144520976314642,-0.213099593353167,0.103969817668162,-0.29857421155857,0.332266754302293,0.277127634805708,0.29315762036712,-0.435286970260421,-0.809196976354953,-0.529461648362923,-0.364102870012319,-0.133221979434545,-0.450487463134179,-0.00170356572944394,0.199050748143668,0.0521841930221774,-0.322420271720757,-0.0702708718248021
"GLYMA_11G033900","pink",-0.54198008524056,0.513456599100476,0.522428046776652,0.61690968243318,0.873216237059955,-0.830595751230488,-0.196635865861638,-0.380570186900094,-0.114474904353159,-0.289491705890017,0.156501243684409,-0.106465166867219,-0.0392498435556628,-0.163264404373622,0.0920186642529022,0.0749223097266947,-0.478562151925648,0.180638599802279,0.180188216141072,0.146757056741915,0.341638718225588,0.0423711097216146,0.0233704045891846,-0.420071132570909,-0.200352538386661,-0.494886365542399,-0.383220581549067,-0.808571964976687,-0.530078875408483,-0.19914920060417,0.21682638220433,0.587047614273352,0.196129096141404,0.337563315409424,0.359787718926139,0.489275722817286,0.266794755504458,-0.131637929490947,0.155424398513193,0.0927597271309935,0.229199335766891
"GLYMA_12G238300","yellow",0.5417581081666,-0.228708340768874,-0.262466176609321,-0.549435725621251,-0.825680745421449,0.870774321651403,0.477996953203072,0.625824558779413,0.283048169346623,0.409779333036915,0.0407828475606433,0.0674085172624616,0.12752559987528,0.0691931436058765,-0.111847339536679,0.10740597280896,0.493554400166141,-0.163946604864978,-0.123507070204073,-0.110704920606664,-0.332508798826918,0.111342477638161,-0.189383818531518,0.17683044615243,0.15415714596364,0.582812884041114,0.169186516551856,0.701406181038757,0.289579933720458,0.0612169306184536,-0.341764808618698,-0.776641226551687,-0.491175138944691,-0.505103582119667,-0.459251173731275,-0.617471233682947,-0.281837073978435,0.0635358848520711,-0.00158483754649871,-0.207695990023824,-0.0421558189971237
"GLYMA_07G018500","blue",-0.541729720502932,0.281501863793845,0.187849564479898,0.401740760981852,0.857553913754564,-0.917339066457971,-0.440425840879636,-0.719730572179065,-0.451950520849624,-0.616527149411843,-0.258819467897015,-0.14524064985521,-0.072703221875627,-0.100217187631041,0.00641005909514943,-0.206727732441353,-0.607435543224118,0.184606986630262,0.0530426480775394,0.0744286877818781,0.671091307453588,0.0968422057287766,0.306668675665104,-0.205677481931124,0.0614302799445747,-0.267629152314768,0.0793995293233638,-0.540684991974869,-0.389293148675522,-0.267882818371498,0.45665432148557,0.843591683986118,0.485089079229631,0.39491302517283,0.239693386919125,0.491555692188014,0.0600167974110658,-0.159977154553069,0.034205836736796,0.314060277214176,0.0715918240054514
"GLYMA_07G082700","pink",-0.541621411133615,0.655108306081425,0.464729058926445,0.566823671370526,0.844935253841426,-0.718811386444214,-0.0532772880638488,-0.149178607578111,-0.214225092725649,-0.201965051094704,0.225650153997878,0.172701261024867,0.0311950657295971,-0.260250639773827,0.0271201579906788,-0.0632406015566701,-0.648884565152705,0.0734290989747912,0.0346596876858038,-0.0089430612986432,0.347521101772843,0.17595933401041,-0.109559159328932,-0.528540873548624,-0.120778206106266,-0.444302469761699,-0.491537613836853,-0.844150895366133,-0.682364500998985,-0.238594015928126,-0.0373390223697401,0.351708844817138,0.00256138421012093,0.307783055582322,0.227964937697394,0.226407592655384,0.0396459859315092,-0.0740229928377726,0.109715340282774,0.0602296989705391,0.107706411802276
"GLYMA_01G213000","yellow",0.541466855119231,-0.164284660826947,-0.130431272084807,-0.605272019758472,-0.801740530182375,0.877920880445307,0.555366291089579,0.681850004302626,0.311911621531268,0.334082948563239,0.0939761588448411,0.15526354697613,0.124381745327841,0.25133848105334,-0.134254487481482,0.23294168811977,0.560833769919281,-0.0638942009306956,-0.00715219978053294,0.108902633131433,-0.457591829401245,0.0480269907099807,-0.31260956021314,0.129467361775819,-0.0124496032544352,0.440723100380982,0.0168681018384538,0.598213423211157,0.26772076263255,0.0374646149899742,-0.444511819063596,-0.816161961505112,-0.549609931105134,-0.364558294618058,-0.401551431740132,-0.495275585477465,-0.0694154855407742,0.0206124482798392,-0.392649258006586,-0.5394746679616,-0.15441492191517
"GLYMA_04G036400","red",0.541433225049248,-0.861613972511002,-0.699467082687764,-0.0838446936215761,-0.566173943039606,0.421554838735873,-0.485673457718377,-0.121085012415398,0.489606831808018,0.222026284166421,0.0401822570847331,0.0250552668885047,0.137495293705622,0.107205394721605,-0.126182494776276,-0.251015012615602,0.361938230725622,-0.050590169395518,0.0937877806079143,0.0846509988900278,-0.488016983066295,-0.662383937007366,-0.0437769399612442,0.442651115533109,0.210850501877506,-0.236044824735672,0.257418389925334,0.420742318041551,0.915736401344766,0.715058539043769,0.241621405986391,0.017581066543363,0.476699723662986,0.25654876120982,0.344443687048657,0.316278740144385,0.398744305903163,0.0431377933136984,0.263476172011087,0.129499377260906,0.0846572160338715
"GLYMA_19G026300","magenta",-0.541275124047911,0.885666056276127,0.696263332885443,0.0888744380362484,0.561798641969531,-0.439074287094901,0.524025813504439,0.126729588879323,-0.380103286583768,-0.19480922358563,-0.0321119835845048,-0.0976590194697297,-0.0812087322875791,-0.202818065724775,0.138290178591297,0.276059639372772,-0.33458268049193,0.010799045399627,-0.0529724603109006,-0.047313106870992,0.3736257401133,0.53724223869849,-0.07402933150433,-0.531446717970244,-0.380639498858968,0.141032342541827,-0.34173239795261,-0.502715907955635,-0.913671568399015,-0.750388701268812,-0.241619975788305,-0.0247476950646186,-0.517139046474295,-0.323569850744837,-0.244351289329205,-0.201252733917164,-0.236207877196673,-0.0825721436299004,-0.269530769316484,-0.158286783135092,0.060490814534681
"GLYMA_02G309200","blue",-0.541032111829254,-0.0491603923237853,0.0446029430020996,0.379347558825832,0.681344639987897,-0.852735718325348,-0.658173698589148,-0.874074947950694,-0.319355927592651,-0.601634386053239,-0.328421264504497,-0.116220130946591,-0.114968016297457,-0.0509409780013911,0.0722534436738074,-0.163979964832742,-0.387375582282761,0.236707232976482,0.0377176140542902,0.101057649121854,0.483241873801458,-0.176030422048303,0.372017802073032,0.012513146526471,0.0545810481692736,-0.380630809636963,0.197036522090482,-0.408051138739,-0.0636192389477181,-0.0771593610130632,0.575454404300899,0.925668522911917,0.693552535217583,0.437085612353216,0.453651269565737,0.700944738516389,0.288948157292618,-0.152917819690749,0.115984894689449,0.371601515503814,0.113873560240312
"GLYMA_07G120500","blue",-0.540955391114441,0.164118398827624,0.100343810774618,0.285340900638957,0.755883558834276,-0.838756273887623,-0.464282224548145,-0.740384533437121,-0.528429690586407,-0.635254678558244,-0.343796270386913,-0.198412593871017,-0.2416101672379,-0.187324761613261,0.12858104707093,-0.195451275947575,-0.536432691852322,0.201153697915406,0.111259717718706,0.0270074687575504,0.756414838773147,0.137759311244871,0.381675820804054,-0.136710300680791,0.168226219991162,-0.119873593185945,0.255683455457889,-0.373782186669402,-0.311002076908243,-0.27520110383816,0.459808652292238,0.820242950717036,0.515643137633595,0.361904979328141,0.141378580173626,0.37952611452864,-0.0770479831403315,-0.173022711304378,0.0146387525158481,0.37527909106897,0.107522396868686
"GLYMA_06G315600","green",0.540791829662334,-0.10820498900113,-0.285597538031634,-0.304067996947161,-0.745808255057675,0.863213067499622,0.516647601952871,0.818814893800692,0.462166324562656,0.69686419438367,0.392277346827142,0.162597612877567,0.181033445714283,0.0992544142046076,-0.0939575146394485,0.0363313157021412,0.372076847672263,-0.317275840176733,-0.179954625643971,-0.204152720841272,-0.699460101036084,-0.0547810801678094,-0.384347095027131,0.0859015170758111,-0.188587403489066,0.199069311087423,-0.253616413154307,0.380986225799644,0.229367106308105,0.251855669951193,-0.4327915315879,-0.869329441587843,-0.584624357377584,-0.432186018593507,-0.308053720260626,-0.54515428048991,-0.10614514535177,0.320683913072429,0.00105523554996549,-0.304112528733553,-0.0958685783224614
"GLYMA_06G100500","blue",-0.540700806302329,-0.0269607720837521,0.0548990671983263,0.451291791202258,0.704657172987362,-0.830603478505892,-0.650438663314713,-0.804126556882984,-0.484529648318473,-0.455660776732239,-0.291125731913981,-0.152345341810617,-0.246883913996645,-0.0450743906612954,0.184411525223105,-0.123940456229702,-0.373757920590018,0.236802701005189,0.00615204243416366,-0.00270465579132989,0.474836728499091,-0.0206133751634453,0.507871339887933,0.131573263630163,0.0851087202473687,-0.384444716615248,0.174378916247801,-0.426842909674526,-0.110031008661342,-0.00715237623953549,0.508602549847777,0.880084906153352,0.676507256729424,0.468851375480178,0.424604594308898,0.504037305895359,0.035535226908154,-0.0891286076880934,0.139010569064469,0.47693141398368,-0.0934530466578206
"GLYMA_03G185900","salmon",0.540670160570737,-0.386300174895547,-0.317075112964849,-0.679406346665771,-0.797085829158282,0.795164518113257,0.290393933422799,0.39017872313933,-0.00301815124791959,0.157882592157403,-0.233656618371404,0.0629308181253253,0.0068896728082524,-0.082676078008445,-0.152780776003666,0.0429510811631022,0.46953678926069,-0.154177167754091,-0.0535185169357873,-0.0363441065875158,-0.0526463724400955,0.234537463940409,0.0765732555684277,0.380628845776084,0.516080438239897,0.707666107157661,0.492560762905419,0.857500550983741,0.373669785443137,0.0172124674506673,-0.215726386653803,-0.606650112088628,-0.259491767885749,-0.331220635854099,-0.44290171383232,-0.594993181230049,-0.404945117931829,-0.0365239973678468,-0.111687330371313,-0.0364553643094064,-0.108264210442836
"GLYMA_16G058500","yellow",0.540540917617898,-0.279826792550706,-0.330396840317569,-0.592680197943781,-0.828184145183943,0.820113373100547,0.458473109375539,0.5209225541295,0.418648332685796,0.32287531283078,0.00717221198192551,0.038513772808374,0.195663274325119,0.296709369838639,-0.140245413968585,0.140082047291456,0.546171117570165,-0.0975918352395527,-0.0647005778209366,0.0198186366997684,-0.473373095182736,-0.119288903485799,-0.26837216584219,0.122939123345083,-0.149609745493949,0.458468139763791,0.129018950886899,0.660046788209306,0.383032636211984,0.0544984043069857,-0.278429181804826,-0.657338867841038,-0.428420114885551,-0.501310769163768,-0.394468353060424,-0.376828992618066,0.00137870492409263,0.0759419547115106,-0.187346187741325,-0.384825427470644,0.00810925816592132
"GLYMA_13G098100","yellow",0.540109466105987,-0.339206329082817,-0.33207874486097,-0.239966041792559,-0.775910427844733,0.861236987015625,0.279983048482314,0.667256567727946,0.300863688828888,0.724132799143707,0.2909846110498,0.0795616430232379,0.000724100182021333,-0.086998665802024,-0.054184372544644,0.0162541591015692,0.449569847747298,-0.328199646992551,-0.133706468305186,-0.154094740308708,-0.597709799716623,0.0256561911683026,-0.0755967821456354,0.387696780055933,0.146740227259802,0.213825479718165,-0.0332774330091372,0.507675064927168,0.410787674166911,0.412061953297016,-0.349192307328228,-0.754278776990615,-0.329978724489227,-0.226911152167762,-0.125299590378603,-0.568997634963547,-0.251141838368082,0.205935535027376,0.207349061462068,-0.00506022785461093,-0.136085510153704
"GLYMA_20G144700","yellow",0.540086865938332,-0.234830926176763,-0.253977966149819,-0.646015409572335,-0.802924609030062,0.876399824693137,0.473032204939944,0.604247482148657,0.0677961044502879,0.309210123523501,-0.030041860118873,0.0106261148638313,-0.0681152881841656,0.140654099350496,-0.0497205699237824,0.0865535646350318,0.466126889573559,-0.112307850915874,-0.060114602127302,-0.0597940785820251,-0.194234981073309,0.26532840280866,-0.079211454207726,0.270932442780212,0.257124550643105,0.670525860820423,0.257797140944102,0.767260019403227,0.268568642463146,0.0331839000224676,-0.337275023798342,-0.753319767813787,-0.458598211662665,-0.366036084104636,-0.554037991935988,-0.706434445756743,-0.408856375013222,0.0704951240117129,-0.289824110306563,-0.294349909959625,-0.242654953286339
"GLYMA_05G003200","green",0.539248877035262,0.135011776111516,0.0296521578340632,-0.31384322102496,-0.61232284410131,0.810939444071934,0.689314353502864,0.910396889686943,0.454864929999165,0.570713606123849,0.435237828412096,0.208033500203399,0.262093778114256,0.0682910166075701,-0.191546368080644,0.193270551765537,0.35030833051919,-0.22293615918506,-0.054321821739296,-0.0442490564346475,-0.508592059602388,0.113391617964621,-0.504177873588723,-0.141529726897335,-0.0620983169763205,0.286000287808597,-0.34018110688803,0.287923242791611,0.0145798915545712,0.0709562622531008,-0.633033772950667,-0.926566296695795,-0.726650903101075,-0.353747824226731,-0.332391713592445,-0.560224398914073,-0.0717403960875237,0.152603976794427,-0.0556679336240917,-0.470337651910076,-0.0153744237255073
"GLYMA_18G132200","pink",-0.53913420136163,0.569047350473244,0.386751762774768,0.581253168247486,0.853870810471417,-0.78518858927051,-0.100188109447527,-0.301996655683206,-0.257261896894829,-0.199680690161457,0.160185079140416,-0.214203964861334,-0.275548086283818,-0.124783763133032,0.342708382630378,0.000490360459047052,-0.537724168521597,0.178458713899315,0.167029196432084,-0.105101478396643,0.425199765579883,0.179303705297167,0.0500408267389399,-0.429094528802667,-0.311783067538304,-0.309748635800728,-0.332172853159161,-0.724722405850956,-0.618107504817214,-0.241916221909198,0.194844656229218,0.52778680448743,0.0970313750685924,0.185921415797921,0.0727406260747581,0.218979687450547,-0.0561405273001409,0.0157031093682953,0.106673159206171,0.141084587100469,0.131685251289201
"GLYMA_08G208700","salmon",0.538989106953267,-0.572664036171248,-0.559865415403709,-0.690723355508702,-0.861560126652978,0.768415044022366,0.150402827875829,0.229491795360865,0.0681507814257905,0.141280352052117,-0.308280658919211,-0.044498666675396,0.0179413006639433,0.0252548822181007,-0.143927662760825,-0.0147465431524737,0.521383661775501,-0.141133586372558,-0.0927188431636377,-0.0271098475184591,-0.150721887396996,0.052069187462137,0.150346297928745,0.496006799061136,0.359536906146985,0.646230362346426,0.568401648500238,0.921475014438006,0.549247568298049,0.093929204331526,-0.051813137105054,-0.462320235283211,-0.107937522478309,-0.350694350268672,-0.329752212225444,-0.442178553814461,-0.261278034432487,-0.00910018924441637,-0.089009318138643,0.000918124897934683,-0.0490532129825771
"GLYMA_01G098400","pink",-0.538945619633241,0.670255456335842,0.504181113083839,0.604788345007044,0.908862657514538,-0.809748387661535,-0.072052105190144,-0.263415432924547,-0.326860792373444,-0.206880458319607,0.142178635437208,-0.0227042483981404,0.0102230832272071,-0.149073103364446,0.0300370844156998,-0.0211962034386971,-0.644039384214259,0.0609722667615481,-0.030184756141067,-0.0544303100384859,0.426837373844332,0.279915638122565,0.0989372441666154,-0.41224816926993,-0.168981591583818,-0.349900078791531,-0.375571567622933,-0.792097622902339,-0.719465731247919,-0.281496137907955,0.0692402572301705,0.469098391005087,0.0579399976635979,0.189037304972182,0.162078701268184,0.207861231356019,-0.0761657784000964,0.00961921698054839,0.143969695577482,0.196038388850711,0.014891120273386
"GLYMA_13G092700","yellow",0.538842516863785,-0.449879178122484,-0.338796699144515,-0.756751875264284,-0.907637637603422,0.8773798320574,0.326565015174468,0.431179790107063,0.217980779610256,0.160845469048369,-0.195156727679638,-0.0258662597988914,0.150594528653149,0.11833401594705,-0.227219949634733,0.111055328415997,0.614090034640775,-0.161257595061421,-0.0826588314752999,0.095180242931291,-0.346271285560931,0.0342147060317178,-0.00390499442424879,0.430563577401278,0.222864036595951,0.516224717623524,0.32403466789638,0.817534384241561,0.50946827216127,0.0532986236619393,-0.195036907391944,-0.639080911752108,-0.29625922628455,-0.352487938662524,-0.20064997836747,-0.378173928448141,-0.0286858875466234,-0.0208732345827808,-0.269694763216611,-0.28996838871558,-0.0862987251885542
"GLYMA_12G201100","red",0.538620744530679,-0.733263984934883,-0.491629440772434,-0.0805324424397412,-0.57609523165656,0.486804103001344,-0.310595734603727,0.0317671096319012,0.529876298774103,0.306631045677937,0.15220089359135,0.0301584364011565,0.0879914381621769,0.185043176509579,-0.0367998184769523,-0.0125064722559363,0.498380366277554,0.0621843798390208,0.152123261301683,0.165441598970578,-0.562351561098747,-0.613516189154918,-0.168916237277287,0.337271112168768,0.113935074224433,-0.221514879847699,0.119037435760116,0.371963641979696,0.830802514406886,0.67907300113502,0.0404239578417803,-0.111672121912151,0.317812769157478,0.282975397043125,0.311328677512558,0.250274319445441,0.415144722038618,0.00865272113653189,0.131195524359393,-0.0792525838002428,0.0556939117356027
"GLYMA_09G231200","pink",-0.538548170460797,0.20372414565582,0.241933271113103,0.599535463031726,0.828449989383375,-0.865818951030444,-0.523093600473017,-0.625470471528124,-0.47862979243992,-0.319584509105271,-0.0974848027898817,-0.11768942866882,-0.297106915566328,-0.185824581469924,0.245605038386715,-0.175420203000059,-0.528591142519258,0.0994078167341476,0.0429491783148103,-0.128037977336262,0.458979866116305,0.0489379605125172,0.347708368669091,-0.05287326702566,0.0254428806689698,-0.480428348656306,-0.0629096112174976,-0.643549025233458,-0.322077382080744,-0.0370397124438023,0.447809548213224,0.775026739316493,0.519529060609022,0.454762488971593,0.405073419238713,0.394105813056601,-0.0370139258080264,0.0229692903969815,0.197082487342836,0.47637865625295,-0.0673691234895339
"GLYMA_13G088900","green",0.538507064449303,0.0582218126832836,-0.0585984000389057,-0.275572331674794,-0.606398200874591,0.76064405322443,0.609562609610392,0.808644605011329,0.420164444803157,0.565947250502388,0.380641035884141,0.0641888432148364,0.203015324854911,-0.0550687354263074,-0.143954660096482,0.211809349292079,0.35739194602564,-0.12863676243596,0.0931766732455413,0.0733048303523004,-0.44403597702225,0.0942290827291498,-0.453748177501695,-0.123827269699519,0.0153007059864394,0.299154722556623,-0.259135576095178,0.307280113824239,0.0496491072103737,0.0946222186046729,-0.384743604333726,-0.826455935708924,-0.637332899064853,-0.361097355975068,-0.307297742195796,-0.547197541487623,-0.124938925030107,-0.0341603244449914,0.00868079892250124,-0.419593888740193,0.101040323415869
"GLYMA_04G148300","red",0.538485890028913,-0.901099828152079,-0.679739423296811,-0.29685799266384,-0.733673777586635,0.559054258369008,-0.388057210110253,-0.0785268740036447,0.405013877605428,0.188911827522512,-0.10837549865696,0.000675256348871178,0.120250644999306,0.160655796783508,-0.153663279365676,-0.210033541588111,0.459977100564511,-0.108660121797297,-0.030560916970721,0.0385306742993183,-0.46927644346754,-0.548336182991094,0.0561087667055665,0.55737272598414,0.247264603706954,0.00348875083431466,0.436884737692936,0.653563660240228,0.933886062283701,0.596307483688046,0.180313954726437,-0.107218498568704,0.376826990615543,0.0375405252789362,0.15012287382785,0.164383007324505,0.263126972355876,0.0728280998285369,0.162368241695466,0.141309096707879,-0.0129678934445803
"GLYMA_10G245700","blue",-0.537888720681845,0.0491355861607296,0.0998588535864346,0.431338312462851,0.683676975375143,-0.822230082334711,-0.563812771974915,-0.755261984526805,-0.132555372899055,-0.507622099101164,-0.194254585750098,-0.0955991630576803,0.0144223940255259,-0.0695428127960368,0.0319186566793118,-0.180350140532712,-0.44426304838493,0.203095075743302,0.0844827216476838,0.120476931339617,0.375402948661428,-0.247892293904425,0.200158560600984,-0.168012363836747,-0.0807940190879821,-0.428109363656945,0.0915542298095064,-0.47920588545609,-0.125063209098482,-0.0802899925122257,0.431935692598856,0.82629463728515,0.581929081376894,0.305632056581517,0.377468695487256,0.722280187045275,0.342220503239755,-0.16984321606956,0.200221357276115,0.337398160162886,0.27343282843001
"GLYMA_06G054600","blue",-0.537687102817458,-0.00526092537544173,0.0183699111750884,0.346857629345674,0.675774601474785,-0.823948778561978,-0.620047088784467,-0.816907360578622,-0.361007344500982,-0.574234409086892,-0.356873975727041,-0.112107460678806,-0.0103148913166156,-0.0460933453211056,0.0280370056405897,-0.25537435539866,-0.461108263847742,0.114868926715565,-0.0253179185063838,-0.0227465390639591,0.469106041905391,-0.149862946999257,0.361551754030313,-0.0242909694475545,0.0242565858823002,-0.367731898755591,0.219103322282949,-0.408538689962035,-0.104134802692398,-0.11496415900153,0.48150432523673,0.870837400185223,0.643708579063886,0.356719330361979,0.365568114802702,0.625398955928511,0.176829270700817,-0.0774561278221241,0.156010005305383,0.476889535821753,0.0581613461200646
"GLYMA_08G162000","pink",-0.537607726460079,0.518328385609308,0.300472827478269,0.355413365463634,0.830077366279789,-0.767295346192828,-0.1468849844502,-0.39151036625396,-0.548498012232443,-0.419360959605528,-0.11095456130442,-0.114154670715737,-0.156675703791424,-0.103002306935699,0.0998748794031725,-0.186612932353231,-0.654395952327429,0.00547513338590048,-0.089956030116258,-0.201887868980293,0.627569687465209,0.377458098959029,0.27677927021153,-0.239408954726287,-0.0491615482391239,-0.139868995308111,-0.0846232943786338,-0.556585361810137,-0.612458713574953,-0.361919010981831,0.190706842513013,0.540798494406465,0.158652578801124,0.217461369147363,0.0411998240550129,0.142098692774368,-0.213945239864812,0.115216191343724,-0.0550706940387259,0.2800788565862,-0.109201989112003
"GLYMA_14G110000","tan",0.537499582705085,-0.484277284797353,-0.415925009420833,0.355322389607455,-0.416583275054397,0.472666198899368,-0.226657456294054,0.346458980838996,0.61628286089334,0.75487625944844,0.664301740177114,0.098833753487615,-0.0745704195040728,0.155171878456308,0.125790548685521,-0.105116592846322,0.270171290651459,-0.0812769383691192,0.141757993063206,-0.130637161641518,-0.718972378562545,-0.463939944435038,-0.222244288358307,0.255127098283856,-0.0128551526045735,-0.415589742401836,-0.298656568666422,0.0744460359309159,0.585621169819084,0.896214811592279,-0.128925416028498,-0.284895190259797,0.135851512575529,0.260923657962345,0.254878865668581,-0.0206435765396047,0.177793056798813,0.349151120770765,0.474458548847527,0.0319511471257476,-0.0828987522798596
"GLYMA_08G016900","yellow",0.537490241035685,-0.142854310780466,-0.192979871144551,-0.591945363174801,-0.855696564834238,0.9146595914319,0.612265131392123,0.732179365468534,0.394882176185269,0.466945622087675,0.0842171286091901,0.0590784415512889,0.231749726360991,-0.0434664308656276,-0.146543884511563,0.220987025280158,0.549746148694716,-0.258570896707832,-0.0988748891076326,-0.0409767697412022,-0.526184390506488,0.0390421099142201,-0.301395428478514,0.107330775136809,-0.0372984059764305,0.473537192855473,0.0116622399489148,0.604474252507136,0.246810312886466,-0.00832279106368581,-0.428652888709568,-0.873316384542258,-0.621410996174437,-0.587400367528842,-0.357939266500429,-0.534371195981943,-0.104629590699512,0.0601432880226043,-0.0879359232547921,-0.31444596808838,0.0862344167482692
"GLYMA_14G017100","pink",-0.537403686032976,0.485014354899714,0.435228280409308,0.536327096849878,0.821889045803022,-0.718205062271421,-0.216424362983745,-0.293496558347569,-0.176940802014513,-0.35104116216414,0.209567390298357,0.151276882072974,-0.102395527525714,-0.0499177781778127,0.0601395896973245,-0.0783922824914693,-0.600462704230277,0.253719692201965,0.0745519268416019,0.125678748993513,0.455838764845295,0.160293938131959,0.041342038370421,-0.389662572303447,0.0696296679658562,-0.39030722154543,-0.317009125836006,-0.692287707217418,-0.513823580735134,-0.127089360437243,0.0133284819496368,0.482420086548348,0.194708854854603,0.452823769881863,0.232267143765783,0.344601187982585,0.13939134141231,-0.0770219824299629,0.0525510613895148,-0.00460566643744881,0.0681282389184816
"GLYMA_13G279200","magenta",-0.53737963306499,0.869940332154843,0.715655381164839,0.144553087982598,0.623966832143474,-0.518147414138102,0.448932590820856,0.0312094258527499,-0.365422779420955,-0.225721673358925,-0.0713176351743853,-0.100347111113467,-0.00430975098336081,-0.202376455002927,0.0734223081131398,0.191031439997669,-0.40115832493368,-0.0312903617210913,-0.0847418650371146,-0.0555768521924093,0.416677055876843,0.449532661483276,-0.0902890811392261,-0.572504998141341,-0.375212323927329,0.102428862637993,-0.309290453936396,-0.538809370008106,-0.891280247201034,-0.735204519963221,-0.116346860472706,0.0924443066497044,-0.423783649696379,-0.303061228252623,-0.246126427899324,-0.119659497363129,-0.208700756137529,-0.101399856337209,-0.167676570035891,-0.0678982685508459,0.109425950071506
"GLYMA_18G259100","pink",-0.53728362282102,0.27529685010469,0.291338841057801,0.650794078844216,0.855899646345093,-0.855543953642328,-0.461468445681187,-0.567317265953015,-0.264120138972513,-0.31635018570478,0.0493571123468908,0.00703336586677105,-0.0735306598902626,-0.163281178788175,0.0389077470422132,-0.0755299132597187,-0.512332371914715,0.206030471141826,0.0913702323577009,0.106619557617285,0.426530737915689,0.00290572818298521,0.198190283127813,-0.21327825547952,0.0530948663246712,-0.494678816711566,-0.153760660015244,-0.684390195637051,-0.339708365909815,-0.0122585214744957,0.176508925147294,0.724589723257182,0.473890143073427,0.547482865581767,0.433030453315495,0.507475534322059,0.144430735478053,-0.123609755402188,0.251189359548265,0.323619724855888,0.0963085710476777
"GLYMA_09G082100","red",0.537225900758945,-0.817483072155159,-0.669246683765951,-0.360719176151867,-0.673835674913837,0.545164994561869,-0.298890682616328,-0.0633945104486535,0.265325058331594,0.0872350745354663,-0.127980354304813,-0.075089193764707,-0.0219683614305164,0.255642123663562,-0.0937154784187477,-0.116372016877722,0.456309360094995,0.042816156262137,0.0654016908053677,0.0454563791996777,-0.255509389241925,-0.300047526397944,0.178678110507408,0.580568811378971,0.333930190974813,0.187739435625964,0.501082673587971,0.719458099578477,0.826638013629101,0.500375452972997,0.184501217124929,-0.0907035622378641,0.333729427377336,0.0640049861812286,0.0351898849921108,0.0414173910380067,0.113202573617644,0.0971204914213101,0.0147187752193769,0.0423289560347689,-0.0988673335850716
"GLYMA_12G193000","yellow",0.536993038300668,-0.403981858937595,-0.348255753326769,-0.458737033886711,-0.866553549746527,0.856259075844072,0.282634552353207,0.549279893531835,0.448940541350558,0.507882493307716,0.0952925306055106,0.121732486719706,0.157492730984264,0.112431141007829,-0.069903302769282,-0.0777620635579568,0.46023930620031,-0.301123254238962,-0.157621902134921,-0.150564909294694,-0.666247982275768,-0.323254893401504,-0.371209284717477,0.173462214839433,-0.107991701810936,0.205194895594273,0.0611714481793403,0.565317503729277,0.51095143306156,0.27975830039961,-0.283383626181679,-0.695168043530776,-0.321928561785468,-0.426158537782595,-0.255662065520619,-0.329636122593733,0.0208574476871937,0.166591386653313,-0.0150107824491089,-0.177086212579427,-0.0198850022099652
"GLYMA_03G138200","magenta",-0.536792234902616,0.823184330058829,0.808689282470454,0.273898580582927,0.749188167736107,-0.621448527667704,0.276404120081247,-0.0613548093006211,-0.385627894345993,-0.308524196731676,0.00823281094688584,0.0245807353655222,-0.0737215070745794,-0.145922247221335,0.13156141198242,0.265530749102496,-0.377639616720053,0.0859568084050014,0.0297761177400694,-0.0183893429372905,0.471043290456685,0.427737835639307,-0.0495573644197164,-0.51992620272644,-0.218411480600908,-0.0632831197144065,-0.347596696355977,-0.639469072237925,-0.841935017368178,-0.592322105336025,-0.153159626296054,0.20482634105854,-0.263628395190084,-7.9478353984681e-05,-0.0995223626030156,-0.00470985199029695,-0.148405300454503,-0.0822819776949382,-0.194041010473782,-0.0936173809456654,0.000134352912202272
"GLYMA_02G279700","red",0.536511238566418,-0.876893527168557,-0.67776958933612,-0.350199837492721,-0.65365314567355,0.483660516910373,-0.41542386172595,-0.172224404332189,0.126256379234986,0.0410204610256369,-0.2742501530838,-0.0185603122741627,-0.0179484302414711,0.175948829018657,-0.092786639233572,-0.233250112969748,0.404377605443365,0.00384896542311077,0.020462644439809,0.000842938512604807,-0.190277152930693,-0.389615263414852,0.134925342664864,0.555000032988185,0.44056166266343,0.159092303258135,0.593264885733214,0.707814717791257,0.854190634340409,0.504332188960896,0.238559805692082,-0.0281212995607201,0.435747736794911,0.119565720617485,0.00761428433985561,0.013434297742502,-0.00424152173792679,-0.011284857929013,0.0772495774539459,0.17961202720281,-0.148424532010436
"GLYMA_10G278000","red",0.536413515069378,-0.832757364402355,-0.694795011915442,-0.231021883473229,-0.646099631040989,0.541183914902181,-0.387067028353672,-0.0133226434136533,0.327666974028997,0.189504884731051,0.00623470669565902,0.0872734512522553,-0.0363084204658229,0.235613143921341,-0.0557993050287593,-0.260200391465712,0.353254618307154,-0.0424667413764525,0.0413395137702606,0.0084617114911719,-0.388034030562551,-0.456756904769356,0.0404120066044307,0.528680495282665,0.317861113399697,-0.0434673149913082,0.33717374166786,0.568255166975731,0.861745451217109,0.651447724576435,0.155060938049941,-0.115252385385069,0.373671139872924,0.230772084585098,0.148199539196999,0.0959524718673545,0.20024270190401,0.153855791174311,0.0459007887448806,0.0259154776903899,-0.147789549285667
"GLYMA_09G076200","blue",-0.535735297993175,0.0357563467362347,0.093964844646855,0.268684501161165,0.644662791528828,-0.787226710817148,-0.539897810260071,-0.781012177454174,-0.378755785328636,-0.622074128220422,-0.371977843093227,-0.153825272416961,-0.0663834921242852,-0.00961187329761182,0.00239990423300493,-0.167034882233051,-0.419055386800026,0.148272888449974,0.00307451483880914,0.0604374237488739,0.547612883099504,-0.0496170769731656,0.378126198295574,-0.0208432492045563,0.0840859530319865,-0.24360180121354,0.247083813840822,-0.339386589478605,-0.155532585337299,-0.180104179772109,0.406678382348473,0.824184223314777,0.579545027352261,0.345558545537662,0.290757609461009,0.561989142146879,0.148456657971974,-0.131734315490269,0.0301471152270896,0.343074563686215,0.0396412197035697
"GLYMA_05G197200","blue",-0.535735151187464,0.0669354785004789,0.0377511444461448,0.577621084386119,0.801076174675808,-0.882593381287169,-0.676216113797501,-0.741278715862525,-0.338367302834264,-0.438209779653822,-0.112956719694685,-0.0300745131569088,-0.128464741972152,-0.137350358584648,0.0769037337380502,-0.322318959291757,-0.605625467602516,0.0894062659579955,0.00996874461587854,-0.0890875372879919,0.464152256538218,-0.0956757590294027,0.338197345137825,-0.0480596569009225,0.112073716960921,-0.524663599463052,0.0150946603099811,-0.586818457914777,-0.183393001421929,0.0425832062563915,0.463531586801169,0.862938715620254,0.660891646616137,0.52038248343784,0.477937093134601,0.581861813881114,0.1485450376858,0.0450944396393302,0.265250086518959,0.492199995826145,0.031505284563528
"GLYMA_18G284100","pink",-0.535672929691223,0.270836745038795,0.22403965108629,0.523220341941379,0.863780679765628,-0.869325652855515,-0.465669505500307,-0.609522495053353,-0.373294470229696,-0.5053235049942,-0.0399670254927286,-0.0548058343257152,-0.226046871005444,0.00891372830691106,0.151523022268802,-0.128529389394364,-0.566096510332758,0.327045200693717,0.160470856820531,0.0674000086952266,0.595710371797849,0.06650743191693,0.210020116377965,-0.238858047482442,0.0911107677583528,-0.388543476925618,-0.0746787624779221,-0.616589047508213,-0.364040807099423,-0.0938553904612158,0.293356119634705,0.770417336268925,0.478605359477257,0.578543083955455,0.285207609625329,0.460030491014945,0.0856372578844683,-0.0956938913619563,0.025336432747733,0.172476910382611,-0.0312138519177532
"GLYMA_05G245300","magenta",-0.535626579965358,0.908183430980747,0.651375475674812,0.41658588934468,0.786988341941083,-0.621785544165966,0.32191438164319,0.054006378942024,-0.192125096795739,-0.153007527102125,0.225883212928659,0.000928892768580712,0.0547296455554941,-0.177718095814188,0.0602624309330168,0.139019171546079,-0.557678469600256,0.0461105371735654,0.0456259664513036,-0.011232425526887,0.357728006651993,0.365670885476121,-0.182336552816647,-0.67415308717185,-0.348275233992059,-0.17946102842324,-0.547097215481717,-0.77617413419661,-0.904519815052385,-0.520429790383762,-0.175008390258642,0.163303619597367,-0.333801819834476,-0.0429807082845924,-0.0180370200274575,0.0569706969552638,-0.0247226367575598,-0.0635917472426556,-0.0241660428301534,-0.128639825266499,0.170401310840965
"GLYMA_08G128100","blue",-0.535623590767952,0.0159087711074715,0.0447303641912931,0.499464496974301,0.728779222142292,-0.854029138686759,-0.626678981942647,-0.793888731830343,-0.44768744694827,-0.431601706373283,-0.247625964157948,-0.117662099786923,-0.188867817561625,-0.0103276838522314,0.104445912186469,-0.147747754955963,-0.424601974859109,0.248811543805789,-0.0229983853065889,0.0432659494371911,0.460873276225449,-0.0418795302432698,0.450218198576554,0.0543233930486712,0.0492376292188269,-0.39234735516085,0.128147454668434,-0.464073209803964,-0.151214948931253,-0.00934202945358264,0.485346777723259,0.87711152175085,0.656746382020608,0.476699829894935,0.385145195323189,0.49211135092029,0.0369554723783727,-0.116629153203497,0.155664327956578,0.44022931495368,-0.0654802381245625
"GLYMA_04G020300","yellow",0.535368081322323,-0.229019547982828,-0.273822054540897,-0.333330661252193,-0.709482480613345,0.844223959441607,0.356624320653846,0.696241379385134,0.107282017766627,0.599695334055583,0.229038240285742,0.0816409325230138,-0.0896323184490149,0.00672072596735213,-0.0508992756350111,0.000748952665442364,0.378838453978264,-0.350948715223514,-0.157311341530538,-0.242194403630212,-0.43198211335204,0.243047345709521,0.011694249999223,0.409375869519906,0.220413456726928,0.326692871032224,-0.00431120676093482,0.524866229974629,0.284362906105622,0.296363226069764,-0.410672574201291,-0.771393986116626,-0.394665230028897,-0.196721538844975,-0.247548217421664,-0.694752555264931,-0.396932713044494,0.32983643248385,-0.00150887680126576,-0.0583508030637209,-0.350210643301114
"GLYMA_17G211700","red",0.535320080355287,-0.769482382107503,-0.657050474585615,-0.533427741705977,-0.876806767771475,0.752965801559857,-0.104591198398654,0.153017248653287,0.277078626084313,0.217409569920618,-0.180645210877414,0.0751946231113667,0.144120196915885,0.269018975897412,-0.192759763903804,-0.200166581981382,0.500379536927457,-0.192427192083727,-0.218036454061726,-0.0708573202502375,-0.486432186201024,-0.358429224828892,0.0113814508178219,0.542104110469144,0.174802555710508,0.225098188891398,0.421819139683856,0.7768561413253,0.811833040416556,0.411866952728123,-0.010858707958485,-0.369755268542728,0.100553379310454,-0.151832985089001,-0.0818200808466126,-0.121910018149006,0.0724507759239517,0.161079559660949,-0.0580881846071776,-0.00544794852343532,-0.18400670313397
"GLYMA_19G110300","yellow",0.535128853466722,-0.367903119896341,-0.284607337112523,-0.481935167537532,-0.831623134437525,0.862290854355728,0.33936559834501,0.570952461729972,0.518175920400599,0.427480638216345,0.144295768769334,0.0169072680419128,0.0726473516908903,-0.148485899122528,-0.0550371468733389,0.1862962140146,0.599676050488486,-0.199768856973956,0.153993854901497,0.0874501899294465,-0.550292404383599,-0.0987216580596861,-0.187329683124566,0.259302884209444,0.0971527074700691,0.265765099562679,0.0438998015889505,0.577592854811511,0.486119594150238,0.221641412399147,-0.272577265902535,-0.684877307533538,-0.339816336225344,-0.299044329081416,-0.0545093082827693,-0.284983603089689,0.107738325535067,0.0220474667548794,-0.0130744501452057,-0.23970302250823,0.196510177765631
"GLYMA_05G158000","yellow",0.53512520422559,-0.206356569655055,-0.269950794561281,-0.272663590790578,-0.728922667706181,0.83245333163248,0.38456666458872,0.717925117635115,0.556171022688383,0.596079924737749,0.411047224701441,0.182128481020394,0.208568281328764,0.26538969931272,-0.177837570320327,0.0240732927204214,0.404019767354401,-0.261984930378407,-0.0999741667319755,-0.0338282875100787,-0.701324809593362,-0.140766397888608,-0.365454114614684,0.12782905260443,-0.131985520945582,0.111161438759321,-0.228212966731649,0.391331959981627,0.357453586047727,0.352332891704243,-0.465721770372547,-0.765941556577508,-0.444250417631811,-0.244975905003908,-0.155041616722064,-0.358781464577872,0.077342297759071,0.24514273363985,-0.0611627310986756,-0.379786348248792,-0.142002442783861
"GLYMA_01G058000","blue",-0.535119749175453,0.0841058001389185,0.149201373232012,0.37105680824851,0.693001126091743,-0.831309689981287,-0.518423654135048,-0.745904895720051,-0.428303983786122,-0.497778287868573,-0.331454364127362,-0.184869942432242,-0.193436235626698,-0.0910094371714114,0.222253021902592,-0.116284902034677,-0.381204227557383,0.220928953834827,0.0034089478637695,-0.0688719727709848,0.476313598331429,-0.144104849196791,0.229333918220421,-0.127795820062338,-0.0343513358620228,-0.359967758242767,0.131773141304807,-0.4882318438862,-0.208476315705615,-0.165326555750513,0.494599994893284,0.817763652158042,0.542235418194673,0.291880580895672,0.282658402815456,0.521638949377464,0.0903571701937908,-0.132588147468407,0.134077519908333,0.402895204424383,0.0707417395547384
"GLYMA_06G033700","green",0.534771575301374,0.0143121845003181,-0.0476119760552819,-0.252242269175865,-0.671693991429309,0.849510499621917,0.600623382620521,0.900184978825661,0.566604894384451,0.659737512919144,0.521930007161148,0.185837471277687,0.175124483263764,0.0594868716696397,-0.106228651458243,0.210087012657396,0.403178824247469,-0.200496130501875,0.0671023699227843,0.0218696127364209,-0.634982449761242,0.0242037145539318,-0.458976084311948,-0.0396800262647522,-0.109712754610052,0.187089322826188,-0.367022789641269,0.303773595399099,0.138304504545765,0.219554031656049,-0.556213146362592,-0.906513442450262,-0.655469409864872,-0.318207188517483,-0.2373363310223,-0.496869937022253,-0.00251657990621535,0.151682329399762,-0.0516813889611787,-0.497757817667265,0.0122174595033869
"GLYMA_17G091000","pink",-0.534663120892246,0.295161232201759,0.242071776656475,0.700271639682763,0.883494993380912,-0.895515910339628,-0.466548948849384,-0.566042628322614,-0.333141362866032,-0.241410426767157,0.0563680671275145,-0.0445449313864237,-0.209051835500449,-0.0826706247504398,0.233805776566973,-0.148535654104938,-0.562888188915707,0.136308876441446,0.0287642600533999,-0.146760502976491,0.379024385368507,-0.0621544032746855,0.155078608854107,-0.245071744404237,-0.138711463074596,-0.5511191310666,-0.215867120963559,-0.754414063963959,-0.378532432846082,-0.00171426188566666,0.308631869667657,0.75584653915396,0.459096171397943,0.454035628091341,0.346929728868531,0.443825914387221,0.0522630958741311,0.0790300301644072,0.250213092817796,0.381297483641986,0.00897836036448014
"GLYMA_18G095800","green",0.534658889633879,0.10659182198315,0.0690119548590999,-0.185299412829338,-0.592278969635505,0.781130184570759,0.663343303147369,0.883805633807699,0.461372111073984,0.716309760773171,0.499791372984563,-0.028315471429871,0.0924960102973329,0.077006622890538,0.0039935075449065,0.329404824712729,0.479690925298868,-0.194565017522338,-0.00780702323838884,-0.0936496510905362,-0.582220981324463,0.158129889196333,-0.326315006946892,0.0190465764124553,-0.193992753787839,0.244733603543271,-0.37725757727839,0.268129713218749,0.045099505394503,0.152466036778545,-0.480557659042858,-0.862690950736415,-0.689900259742771,-0.4123909341253,-0.281331596966308,-0.59461647900864,-0.146740166226755,0.22547228697151,0.0481451725099707,-0.384865881850587,-0.0384932837826606
"GLYMA_17G220200","green",0.534458565572029,-0.12771018537825,-0.262735513158737,-0.340672043650223,-0.773042666414753,0.883809683038152,0.514042099066339,0.81565828009134,0.522723568108467,0.64027500921163,0.374402706911561,0.227512980530049,0.211004083903849,0.0877755362321287,-0.106849804749901,0.0589621937124953,0.391820637531493,-0.255406804433299,-0.120246609169505,-0.134587899119405,-0.677223452187757,-0.105452956031287,-0.458105831550846,0.00788621098979622,-0.119696591840398,0.212116638861011,-0.219496762182665,0.404480095439234,0.257139507672123,0.234296457917386,-0.548043344061093,-0.882018233916537,-0.579492311843152,-0.397756616647346,-0.295760452380065,-0.491480831427642,-0.0327595103958464,0.221312775726583,0.0197226342078168,-0.336430324665311,-0.0181987931640148
"GLYMA_07G210900","red",0.53433389107794,-0.702196139061963,-0.39760518118871,-0.120809965765935,-0.554717302153398,0.474960617784355,-0.303021553264025,0.0305538411446396,0.574793187307862,0.194740302464697,0.16129581095028,-0.0153885679213288,0.14041039956484,0.330743346272726,-0.123516603902711,-0.048617463564703,0.453943434658623,0.0932569658290404,0.158730565452202,0.246532794769762,-0.520484633642187,-0.593643532514794,-0.166882005056367,0.319933078713124,0.142513680935668,-0.229557953034513,0.108585683460462,0.366850208889816,0.810703020227084,0.64483380248591,0.0877438156942082,-0.0972071986647652,0.307410230503624,0.226910222060087,0.307650395523252,0.330253295222947,0.533074695094336,-0.000569194705384527,0.0762147176502627,-0.178560354426218,0.0268174716017194
"GLYMA_04G037800","blue",-0.534207470725511,-0.0245343786485855,0.0215377525033086,0.547207617575438,0.723707535454626,-0.826466948503399,-0.675313759203202,-0.76019888241285,-0.381191816413611,-0.390297301082667,-0.148400080794943,-0.123061857077245,-0.299847359279812,-0.016500571352606,0.257681123392565,-0.190333349092803,-0.424313183275717,0.221008920829653,0.114432662458869,-0.0429938817420295,0.417094365729709,-0.103542610893034,0.406597229575992,0.0662494054842406,0.00605036215533687,-0.466940853159974,0.0825167049811189,-0.487356577602245,-0.0915184647461508,0.0832820276525705,0.544823155061397,0.878779744375163,0.683328175825616,0.520410886840781,0.400460348930129,0.521018143102155,0.0625131161081416,-0.0185581859768824,0.181134587961243,0.438953219923522,-0.0484517845097868
"GLYMA_12G158600","salmon",0.534056370522233,-0.521347050255091,-0.367334239610796,-0.685323699740121,-0.804277268396853,0.688511625797992,0.158751550857559,0.168798478271675,0.152526143329465,0.0268549402933386,-0.320251847511863,-0.0862892806784566,0.0890129129643061,0.2046310725073,-0.161812714320807,0.0683786385860864,0.57753574263082,-0.00263316963317131,0.0342577694704513,0.211189215437762,-0.230272659449317,-0.165042369237026,-0.0932798625015144,0.284787020972991,0.167096091720305,0.522755500222158,0.490581976240618,0.810888230408901,0.545031961031331,0.0532860937385737,-0.0867469506624702,-0.413010452949593,-0.11541077669403,-0.313645819862567,-0.381052439363726,-0.284632958113823,-0.0681301320195052,-0.184597738482829,-0.317173753958617,-0.241290037035139,-0.0784667173178186
"GLYMA_12G050700","red",0.533827302276323,-0.919150163771397,-0.642028369347418,-0.257966195560363,-0.616570803639392,0.466327214279576,-0.492367839193785,-0.183325766422412,0.248112912894852,0.0594382448590066,-0.15391521322145,-0.0264816539785509,-0.00757940182031436,0.0858095445497252,-0.151272067788333,-0.171116627470944,0.450807692154576,-0.0163459636257054,0.0620246291955863,0.106496510839558,-0.250065088470715,-0.384426572150417,0.232898468486107,0.658165831467225,0.518692562219723,0.025720360022722,0.511839567491943,0.645839790488641,0.924917507198947,0.615886964836714,0.217434831050077,0.00989126289765568,0.512796914182053,0.286350701880874,0.265700755371638,0.153394365008391,0.182519728276116,0.00417940630042566,0.173417649063021,0.198920645677501,-0.0562736474883142
"GLYMA_12G109800","yellow",0.533557473139073,-0.107162953010595,-0.207792185895277,-0.586424348860685,-0.72122928515773,0.808994718082656,0.560433618261881,0.649368900189983,0.0659647898842331,0.351948487369972,0.00353536489531969,-0.030355356630591,-0.00503670162610547,0.0398028708492175,-0.085605926944109,0.177794899302284,0.484015065219171,-0.243767018860436,-0.0246591005098095,-0.0668977367903847,-0.285214966433027,0.273591655463005,-0.0969165457223692,0.213314820485592,0.085955707535583,0.539157156652832,0.0759775496400977,0.586232938586039,0.160941608300786,-0.0430666905806264,-0.31206608497447,-0.754282314606368,-0.539767943427637,-0.381055619482482,-0.407359602440825,-0.678182441698773,-0.339709119354024,0.123584935140668,-0.287068039680902,-0.293659964481424,-0.208565238339919
"GLYMA_07G273600","yellow",0.532971687570402,-0.0207988479771798,-0.0915767676549087,-0.426513995158471,-0.710292979613943,0.884761488276934,0.599993619746342,0.862743069418714,0.404733922802232,0.521621572384198,0.356140964263862,0.185375721620171,0.150369593357229,0.125765951422687,-0.116090316672989,0.156127755261183,0.406613663424446,-0.227660765229351,-0.0366256059032697,-0.0474005626694323,-0.537745498831037,0.103182177144015,-0.388655861137683,0.0344047005849164,-0.00289164616913392,0.282721699413849,-0.232695272096306,0.402826308570319,0.162620452450649,0.14119053327555,-0.602873179939932,-0.908978821578744,-0.637231898183276,-0.287070922119322,-0.289923687088978,-0.535384860994671,-0.0609878941868553,0.2125206275287,-0.214942650558924,-0.481372425795707,-0.141104698109113
"GLYMA_11G090000","pink",-0.532954283902144,0.37117680942854,0.362490046288202,0.483315303293725,0.841210984215365,-0.85427034706533,-0.324695162440083,-0.547970475179001,-0.329757791337541,-0.420775403103886,-0.0851787555148513,-0.133386337105798,-0.0591844197238804,-0.072210571736724,0.0450007626010524,-0.121592029992791,-0.547875111971985,0.147490862936887,0.0494734925073659,0.0780401066732127,0.455711172600359,0.0347083219500449,0.157184495090449,-0.290912200979107,-0.141180417124068,-0.413694963957642,-0.157343419376618,-0.676193667883911,-0.431308108568245,-0.20531416316312,0.322621877948494,0.712607375253614,0.356116220161829,0.359854972342567,0.299733018288085,0.467432005236944,0.142166184844498,-0.117437522425964,0.0335133638758418,0.209535039566037,0.0507462754323159
"GLYMA_12G113400","pink",-0.532924796553482,0.504597675255938,0.443847038433841,0.6995630943066,0.909447596510051,-0.858342309181172,-0.241787065928741,-0.394522321288669,-0.219799018427266,-0.22723539399272,0.170316072018245,-0.0120496568194281,-0.0676998571360023,-0.137070531223962,0.0884665982639857,0.000816645734068691,-0.537099257683619,0.181529823187515,0.172229566368015,0.0934558325372282,0.36483338534745,0.0795745747201237,0.0688218102939038,-0.367776148698374,-0.173410811581598,-0.498253461247899,-0.382133818575258,-0.821422587476238,-0.546215610493234,-0.131856498070227,0.153383761170872,0.601627198872256,0.23650778262362,0.381619039034891,0.344477779063091,0.385374911108878,0.103687455146034,-0.103182778803857,0.186590512667498,0.164520761509247,0.102970189508568
"GLYMA_16G038300","salmon",0.532832090148122,-0.758022373595705,-0.555468176793407,-0.648173474891204,-0.723064950268457,0.585502517131548,-0.202759861410971,-0.0772782988959594,0.0509294065594606,-0.18663164395758,-0.402850852746762,0.0272420315517962,0.0533477697609437,0.186564721295963,-0.263557163330003,-0.170207065141057,0.42951782977563,-0.0394227007392642,-0.00304793161350126,0.12033477804754,-0.0162426278308717,-0.155006946591382,0.164571757961387,0.53099249444963,0.589513295717425,0.434504808833108,0.693940804934396,0.868194651108329,0.735234108864393,0.236157302292268,0.0679808242018068,-0.168201524057115,0.251574224413162,0.0512149697461607,-0.123439784495703,-0.0847322078060459,0.000737954614237668,-0.0596714013945323,-0.221803463540114,-0.0245085931380447,-0.155289994248524
"GLYMA_02G223700","pink",-0.532495410299204,0.452730672632815,0.396093380641863,0.333240377497244,0.848843652409236,-0.879571536378398,-0.241249760897463,-0.590775246102328,-0.439096752864576,-0.598783850420016,-0.252854904808728,-0.146754024660606,-0.0236701245662419,-0.205823573773347,-0.00753449683137087,-0.115916434457746,-0.600180913053929,0.0851354071633129,-0.00957477562610034,-0.00851547024605083,0.716361669086562,0.196313512809243,0.207986406946071,-0.357993938799808,0.0187370062818952,-0.133363667564078,0.0378942969685416,-0.539035130502565,-0.549231039149304,-0.44424906991293,0.29000631748586,0.696956477035763,0.278224783083746,0.195111725276782,0.103289270983354,0.370415224930024,0.00296252473942759,-0.145742163193365,0.0446353625418325,0.278854424934781,0.142904828837614
"GLYMA_10G244300","green",0.532338425476344,-0.000413331285942271,-0.0879711643500934,-0.191290076834308,-0.695057857255078,0.857909829825665,0.607634223676933,0.910578357468629,0.520615142924121,0.790023593377804,0.527906345746627,0.144459151010714,0.109321456807334,0.103888212612979,-0.0114207231776596,0.21426265473547,0.443534428120798,-0.198579586859049,-0.0244724827048844,-0.0930648028469297,-0.703113556111186,-0.00682170787669022,-0.458091839017271,-0.0192183203693398,-0.216969996348683,0.190363546154514,-0.370518881656198,0.30365205802472,0.142630814492307,0.253050687336318,-0.570949715858481,-0.919611161033991,-0.665354362287937,-0.394067629619781,-0.29082569229168,-0.588169469413862,-0.112361357053871,0.20683389730731,0.0526713456837876,-0.399226685313956,-0.0405629257005928
"GLYMA_09G192000","pink",-0.532255024816199,0.361200605171592,0.26694910894702,0.624327900796151,0.82031118145006,-0.804216671938601,-0.384231787337677,-0.446277411892852,-0.156976137746096,-0.316193085050975,0.126391527922828,0.0704881796351272,0.0148693884279741,0.0249517953192531,0.0336806234158508,-0.288754963290539,-0.686437471396677,0.0905252734218916,-0.010869196946686,-0.0758301490783822,0.365476806670806,-0.0409171460047587,0.0562867262576271,-0.3485540827702,-0.114918850526868,-0.507478969155096,-0.273449426441742,-0.709640561891224,-0.412578808543916,-0.0586140740925897,0.208051091435531,0.620467903023095,0.327898369631422,0.347643032069846,0.311838256564194,0.449765290719775,0.17696791256561,0.0404118745783001,0.212851118847178,0.207613279638557,0.0440063092691825
"GLYMA_13G362400","blue",-0.532131004420187,0.141440755006313,0.182471900746998,0.483981582946086,0.797200915194524,-0.8720134739596,-0.573560376138945,-0.734160069066388,-0.48368572288152,-0.496660394632299,-0.220363390636294,-0.0865518820465352,-0.143523742661894,0.0786624407556187,0.0703025542417286,-0.221225479710177,-0.516777677973097,0.0884263965883591,-0.139706488659795,-0.148548746901203,0.500503831959172,0.0425538809060232,0.446123248452945,0.0402664401050279,0.0179738661488471,-0.396160126421651,0.0618118557639796,-0.512540455686183,-0.251525095034306,-0.0789858889309009,0.385794231771587,0.831372035786443,0.575716863786748,0.429046387563263,0.328031408183039,0.467946695245942,0.0295428320227262,0.119417366716865,0.0899192630508904,0.430058943641853,-0.212567180679895
"GLYMA_20G183100","yellow",0.532006325692225,-0.587992215449535,-0.483046848602189,-0.437040904879285,-0.888052722973881,0.833373627854668,0.133899340843362,0.405150942517053,0.436633021665803,0.442724658462654,0.0755602806001914,0.0338356565429492,0.0526013112336634,0.242962496611527,-0.0248445146867309,0.0477140406774239,0.618984698746494,-0.05344044082422,-0.029258843473149,0.0647643723432591,-0.645338009715942,-0.32107831598884,-0.177901424054214,0.378349216192267,-0.0291558692798829,0.177730652310575,0.120068987985639,0.637427137362415,0.67526243236388,0.40649628179706,-0.153389453662353,-0.551626015220939,-0.143522055865099,-0.192311217157446,-0.0647495129132562,-0.236434434160091,0.121195527857579,0.046378167080487,-0.0791769518368752,-0.267066976057283,-0.0794794838042399
"GLYMA_08G236000","green",0.531932793170333,-0.0789672132467947,-0.126153846470858,-0.262773268256461,-0.751404810119013,0.900034803164074,0.568577409884057,0.876067743698847,0.445941798655612,0.750904662734027,0.443518256052416,0.162990750065361,0.0868031974538265,0.170922399924126,-0.0373680785032058,0.199892307971823,0.489964178704246,-0.206180339975601,-0.0978403035675915,-0.0867502823968446,-0.704189977806446,0.0652018297956,-0.290027922022423,0.16305241199606,-0.15670026932289,0.22992938006025,-0.286173419422234,0.398959910919652,0.209859413981765,0.266277507261198,-0.531324501063021,-0.913883396264434,-0.621740497362326,-0.392994922576248,-0.27324098220725,-0.622913789043342,-0.159467655902711,0.234088183750159,-0.00837364147044689,-0.371127550337793,-0.175139622168949
"GLYMA_10G064500","yellow",0.531857372358939,-0.253823622385539,-0.292597209370321,-0.350603170013978,-0.820628877101539,0.881506670880654,0.434677020910378,0.72418419355797,0.369160871493949,0.669553814303287,0.264847114827772,0.105235413176343,0.054091275864972,0.04984639736594,-0.0467081873211539,0.150631959663502,0.527368987664433,-0.227255269277753,-0.0817458108584052,-0.0777120172908537,-0.687305153801862,-0.0721745957903636,-0.269066698130643,0.23545965914108,-0.0978885191050762,0.228454816918964,-0.121494561282716,0.484234499446064,0.342822217368274,0.2728166459237,-0.364286247887153,-0.820140173311285,-0.480044052199428,-0.356524060006675,-0.230137147803117,-0.532997941599497,-0.125688620699155,0.163694975378008,-0.0282387648564624,-0.276059443280327,-0.102585782557968
"GLYMA_16G134000","red",0.531807408158478,-0.860782634089717,-0.669282602211991,-0.191393918322832,-0.669248266945929,0.537639133191349,-0.394995101611384,-0.0243565409632852,0.310177139232732,0.301178612664479,-0.0356264644031243,0.00837827926399613,0.0146469201838284,0.0177196763058979,-0.103174854347849,-0.243735461044813,0.405416946177278,-0.200041001026745,0.0317060178190667,-0.00344460453988804,-0.474429860236563,-0.488878294278005,0.0803913134665823,0.594451325677376,0.280228680112676,-0.0909089843707075,0.330230534728891,0.539961877819387,0.881428645682955,0.662512023825814,0.189267457504894,-0.114999098731751,0.387154171303518,0.166780089766853,0.254538782656878,0.0912211437296693,0.179160532579515,0.0997919213408358,0.196264979546283,0.204407844923653,-0.0543075491559461
"GLYMA_10G212300","magenta",-0.531782909499828,0.879343942420576,0.7656324892138,0.362378498630405,0.715201980229517,-0.543105387899428,0.348558979536129,0.092600064619759,-0.218309449166922,-0.144385992145693,0.188691411890865,0.0498841242437005,0.0716199138032872,-0.107155530939546,0.000848517318171236,0.211115584182189,-0.440389373359138,0.0401593775959584,-0.0274334517451059,0.0430050662982691,0.306556490027147,0.410747125078922,-0.127510211362613,-0.564426834985168,-0.291904333905058,-0.144440139822814,-0.515563859841937,-0.70362593444482,-0.863866498655569,-0.515389525564514,-0.324709879126403,0.0809006136240742,-0.361947536982759,-0.037497003065305,-0.0146973522180905,-0.00293214457790563,-0.0524273245153971,-0.0796276795953953,-0.0633610901696182,-0.140279754782347,0.0413502469506522
"GLYMA_01G010200","yellow",0.531731282543524,-0.141818931076183,-0.166214039837608,-0.591571976458063,-0.815823767596319,0.936357150064713,0.568133241049579,0.772662966570459,0.315406489918812,0.397535088076391,0.16718451241476,0.178405646303587,0.0885381686448266,0.138003127053633,-0.116232943166737,0.153243478846806,0.484492982471767,-0.178275751394016,-0.0387875923006159,-0.0149662045704699,-0.430734435445323,0.129804717312065,-0.291565566872467,0.131505831153703,0.109034491208148,0.464288113373513,-0.00386449782305973,0.606271634437368,0.24649412954834,0.073157560395848,-0.549613040016039,-0.887896090531371,-0.586196757055471,-0.360427616004016,-0.398568518889389,-0.588970042602113,-0.150592364388829,0.126952306052481,-0.275105498688661,-0.452738005173529,-0.140915720037771
"GLYMA_11G215600","blue",-0.531598776262777,0.168098770419278,0.141788671909024,0.362289920457436,0.750396097927983,-0.862775032537758,-0.463007018179923,-0.741226840833836,-0.466550342880942,-0.554795669426112,-0.306528627948738,-0.243029538735939,-0.20810219996677,0.0154309603531882,0.167923033350454,-0.185199259688385,-0.502300045486178,0.271441262143405,0.0385996301205084,0.00566233135851667,0.60976706089283,-0.00168766816659336,0.2860150145343,-0.17215793395574,-0.026223118518129,-0.243267003684563,0.139075918636572,-0.460266134814531,-0.299535672760879,-0.223367277683541,0.556797031911575,0.842526405072338,0.502273988803367,0.290242760326639,0.171102462619552,0.444282016309267,0.0304490064286682,-0.132321870117527,-0.0042543331563631,0.295535775872849,0.00600629039020099
"GLYMA_09G230500","yellow",0.531486630324085,-0.0334979463023405,-0.11396421536632,-0.474575479909105,-0.762166822804792,0.89222160101852,0.638941588400951,0.843201436601546,0.460651178102846,0.507438324715237,0.300585776863174,0.14036858917793,0.16016050661547,0.0504594917083044,-0.0991080372693356,0.181198646567968,0.442178230727038,-0.195695218798969,0.0430642969950335,0.00839144414878911,-0.531227838506867,-0.00481174593817038,-0.518779603437786,-0.0925427036887364,-0.061858149342493,0.350198328237657,-0.181988003127408,0.441154876453781,0.16229445234561,0.0678674702146617,-0.545343430004476,-0.915813253833319,-0.672954647942833,-0.41235210871318,-0.381227496109836,-0.535712581912054,-0.0443619095410995,0.0746329770868814,-0.179458842590769,-0.50504563040501,0.0399700164470435
"GLYMA_07G022400","blue",-0.531190777448069,0.0753508522216285,0.16894537029513,0.571030978176901,0.794364733313049,-0.871547477436441,-0.644244134867651,-0.737706811107466,-0.298204075972079,-0.468536078451978,-0.0976445651523749,0.0158448552817393,-0.18020805293801,-0.0420150834904769,0.170421517425299,-0.195666735341166,-0.501390282898668,0.301593735000202,0.1400134673822,0.0270733419901993,0.494934939045888,-0.156151221608168,0.198490099760652,-0.16217892532917,0.116241094024548,-0.483841984055027,0.035708532977282,-0.566264182495889,-0.171243019787561,0.0376991445261335,0.420251490145056,0.854576904944634,0.650361789180591,0.578514373943366,0.387194132271956,0.605431986783,0.167952517521197,-0.113735439099211,0.216975488536204,0.358615485859544,0.0691095004552306
"GLYMA_17G066600","salmon",0.531082996544724,-0.370761128950393,-0.29827677712508,-0.756430410309622,-0.888947021523299,0.871384562773745,0.415849822072722,0.455079163958271,0.0873185177304565,0.208975443936634,-0.228453600216722,-0.00808712566702658,-0.00531716846166484,0.0484757007900397,-0.0915436167439056,0.184645000587353,0.610408213746707,-0.0737405117478948,-0.0439635203034361,0.0333756001499948,-0.189851283868554,0.182203207353769,0.0125385579949507,0.363334994469435,0.287912948367972,0.735178503817466,0.436230181052262,0.891731466937675,0.387820103679094,-0.0323565802989409,-0.246452225036291,-0.672823910010524,-0.367402313210712,-0.458034297287293,-0.478080900501466,-0.590372730506413,-0.320052455388655,-0.0684135380533966,-0.233716030016815,-0.207687429501825,-0.0891705413989973
"GLYMA_10G048100","red",0.530997113480288,-0.751252909177758,-0.567029413681823,-0.206038670259848,-0.751034504460936,0.672271574470917,-0.184939838320119,0.195565205439567,0.553091320691716,0.381737292681671,0.182696500831614,0.126486873429351,0.0200002399532461,0.366530384253146,0.000129915138753819,-0.0200078285007416,0.569215564988433,0.0391211613344115,0.112411511731875,0.091413353390332,-0.676104223026178,-0.544363200753544,-0.149042823417238,0.439538065028566,0.0230686521750564,-0.107136513041735,0.100330623403934,0.515643424141053,0.848085668544768,0.665786378332679,-0.0345406067494779,-0.302562264744297,0.16003409349628,0.100197739727153,0.152245297514942,0.0629279177948804,0.328286366538952,0.154713160096115,0.013123453830858,-0.19674250394683,-0.116315049008522
"GLYMA_03G264300","yellow",0.530906056115282,-0.240077272468322,-0.263561850781182,-0.672410966774341,-0.791674955347728,0.811347834926533,0.454198495241377,0.532199278621405,0.246843504751425,0.187752577423159,-0.0924204242167924,0.136445542958972,0.283715199121126,-0.0921834082701897,-0.34277550855836,0.123499390251582,0.473535139539853,-0.178886045549801,0.0263838180458874,0.217357079886032,-0.270935131953594,0.0321458978459908,-0.264585188098942,0.0854737892281678,0.260347520212942,0.522523354167451,0.204558266591907,0.654619935162754,0.295867346392907,-0.0492232823903892,-0.34751380788457,-0.702061335086836,-0.426628270711427,-0.327741101494832,-0.313625524913764,-0.430562546325845,-0.0640149613250559,-0.201579084151868,-0.207793270005564,-0.329879873424628,0.103211184140817
"GLYMA_20G017100","yellow",0.530685366427083,-0.28128580065345,-0.224588615809751,-0.424370902184018,-0.794351695133705,0.831463910907948,0.371072695146374,0.607987778687419,0.596751031005231,0.441826600298406,0.217479725157846,0.0312968962956981,0.32364714769826,0.137968668482159,-0.235984308853408,0.0459152110973683,0.465440770664762,-0.192189748031507,-0.0455174241665089,0.0997034746164211,-0.647400859867435,-0.252472614928815,-0.412561774546039,0.0887992491072309,-0.0632466276447126,0.178920801504677,-0.0651380816118602,0.483723550374415,0.427819875099629,0.234685667844756,-0.295078756512014,-0.705494640248474,-0.394907365383779,-0.355079213484013,-0.151412833861112,-0.195557922512211,0.233494335652162,0.0337199594138175,-0.0468864553631173,-0.376889607096496,0.102007576876602
"GLYMA_03G230000","yellow",0.530637442258265,-0.0935270344238094,-0.131317277682051,-0.418936572394278,-0.78532432471067,0.930710272007736,0.582424039290934,0.861549006284657,0.401706201788869,0.609127367149008,0.333186641850538,0.166673714934843,0.0831966587873103,0.0348960400110999,-0.0592826647257097,0.143935183363923,0.464413124414546,-0.257083747135719,-0.0719773371799862,-0.0849050227765085,-0.584816122399809,0.0528771456147815,-0.379871519748243,0.0742685717346888,-0.00639181490680766,0.314255609617304,-0.178863038732262,0.461557820477552,0.219529076115428,0.172776018418141,-0.552492927563699,-0.932824135689234,-0.623693949971729,-0.362206523855377,-0.324438657401583,-0.596041211909915,-0.12960250795854,0.181620901469704,-0.0913721052692102,-0.378307611669166,-0.071098589194624
"GLYMA_14G083100","magenta",-0.530084787574346,0.810076325495094,0.635120013170114,0.225240491407854,0.599644992562962,-0.492505289960094,0.36096554089887,0.0666264387781891,-0.275130933713499,-0.159932257698164,0.0519996313173726,0.0903336464613197,0.0486797827070656,-0.121532197283351,0.0909434829716012,0.140422516551109,-0.420890673790331,0.0397980680980268,-0.149237343200956,-0.102056358540746,0.311904752498742,0.303621704852272,-0.247834992367227,-0.63129941088416,-0.345334813217433,-0.0210791149501457,-0.38376013634391,-0.586830575023046,-0.829184379711656,-0.580486503264247,-0.25394608096256,0.0368234797275665,-0.395941875245793,-0.187072076797404,-0.228925595435051,-0.0853535355763762,-0.158273331237945,-0.0843519376368714,-0.136296451975502,-0.128258878524374,0.0590924170794978
"GLYMA_06G011700","yellow",0.530065178680391,-0.428331253449729,-0.398409712028832,-0.544341354057005,-0.926121517078606,0.931366969457604,0.335445584319945,0.583383854326882,0.338429404483254,0.472830558761991,0.0506469295155818,0.130886593724943,0.0891127892592596,0.188453423212223,-0.0851802793207109,0.0335426521517829,0.581340716150964,-0.25584145226227,-0.188705353353164,-0.11606765036927,-0.60678114276713,-0.126635913861405,-0.175848087059725,0.352847608368408,0.00017277356348696,0.34462029557471,0.117606914560095,0.68979264219192,0.515419991822645,0.243036563910772,-0.240795803209929,-0.745615626168253,-0.364569242480843,-0.381974145808255,-0.277220723336538,-0.467870807741576,-0.0901598473098525,0.202186155544691,-0.120854790678151,-0.230380247735869,-0.170055098216969
"GLYMA_12G222700","blue",-0.529878917547445,0.157457070868867,0.133693562619822,0.362891717174689,0.748864670982045,-0.858929595227952,-0.527673763635189,-0.74038516366235,-0.379778024538476,-0.565913211324884,-0.320478625576432,-0.0442647846745426,0.038531188825161,-0.21367461470737,-0.0398310566103571,-0.357423815971751,-0.623019033172322,-0.0134069384912928,-0.140172363608284,-0.0983865800964603,0.537601207156988,-0.0622877408881312,0.276415275203258,-0.156938451923754,0.0526887924650541,-0.344393296032488,0.132303081564496,-0.501009059784675,-0.259947577681879,-0.208816124610137,0.468507309843747,0.809831564416043,0.536505040448565,0.271738924422765,0.321309569481396,0.561950023428694,0.125195738520679,-0.0703139739428355,0.18403122280455,0.497869167185822,0.11151559913674
"GLYMA_06G194100","red",0.529660669728951,-0.817576422879859,-0.604773417967511,-0.405323479733565,-0.670227901901438,0.522038931909563,-0.331767202927891,-0.103236966901561,0.220389304370486,0.00050633959907303,-0.21923349106342,0.0633979833343907,0.0481714878900222,0.0815049162297464,-0.168635935151011,-0.18811430589923,0.405773174545175,-0.00435479063660727,0.0718588249890832,0.132455371938112,-0.15553617052485,-0.403558601202302,0.00785086110833172,0.408164033697253,0.516537617680531,0.219075259787533,0.579799665875421,0.717950018863909,0.809694736377224,0.441938480422788,0.132542417074977,-0.089026189520306,0.361565291377711,0.151180594534214,-0.0482149738774652,0.0369132635713618,0.093740014464581,-0.0998675006467761,0.0171497595318411,0.0621640520526008,0.0131011118804261
"GLYMA_16G143600","yellow",0.529628500312408,-0.302672206905708,-0.260392991715366,-0.330029855367246,-0.706174110263696,0.839960163469798,0.265974398912254,0.646774130280951,0.147854795342662,0.535738721214191,0.240779952155049,0.123660090314843,-0.105686112867521,0.105883758795129,-0.0402507947167694,-0.0266947633614152,0.394723891681702,-0.303892030609059,-0.0898922315167196,-0.170105085286307,-0.45458032416196,0.169427495829695,0.00307652229339898,0.45335826370199,0.244501564824023,0.240294808040827,-0.00460397507127143,0.522326469027891,0.37604213656746,0.374519905869195,-0.406209075709402,-0.721830276364726,-0.305058923116299,-0.0707629512310441,-0.159449125228339,-0.58122359505784,-0.281390035307497,0.325087905340799,-0.0871278014904104,-0.126058464893601,-0.403489234758785
"GLYMA_13G135100","yellow",0.52952131652648,-0.149225440888282,-0.223588102571187,-0.400467687917187,-0.719261857433893,0.845150229522959,0.47994620403832,0.712330234584669,0.348188172303281,0.47639221565469,0.258622289055449,0.103201293107554,0.125941533154764,0.13987590281616,-0.158200015342331,0.148970920578669,0.432865983858278,-0.143520170533791,-0.0549758480978038,-0.0401509933094315,-0.395611502081459,0.245518217798223,-0.0636554467885838,0.25948468596645,0.157859047371154,0.41962339265076,-0.0452419936939654,0.553392835480051,0.235129655866132,0.171072288479084,-0.463573814582505,-0.780963996016738,-0.49470521317585,-0.328509726425944,-0.233411664159684,-0.569472648130958,-0.179141620663055,0.17739167613757,0.00928599278153938,-0.300451015808171,-0.124170002638551
"GLYMA_07G213000","magenta",-0.529275673950779,0.849593378118015,0.618457108623505,0.245879451563709,0.721499588812341,-0.592863934594939,0.326660084862683,-0.0296856189094243,-0.405303417511547,-0.281711056719813,0.0194849865783805,0.00942840343363307,-0.0171810931930754,-0.0246669910668653,0.0483931668293568,0.0652369929037891,-0.540297718635058,0.063122527653643,-0.0991867938832088,-0.0755049565421774,0.528671068036038,0.476800729009292,-0.0614465573055421,-0.579795640249743,-0.267130575510495,0.0796629670888589,-0.296120500012557,-0.561761717726998,-0.894196725077689,-0.623173338673235,-0.135011455766439,0.183229916548323,-0.31582529335099,-0.118764898321971,-0.291599770132041,-0.108622546780484,-0.246333127162291,-0.0177379218318301,-0.19128722397851,-0.0932740842372073,-0.0390349116662769
"GLYMA_07G049000","yellow",0.5290594080827,0.0430343900840027,-0.0465104304957988,-0.503678322997512,-0.678565775095047,0.825260324091553,0.660176566966648,0.787093994529193,0.29155964039146,0.394234442341029,0.206006397430811,0.0475833372496793,0.140915927387669,0.00240258678847466,-0.177060903963575,0.144828736894274,0.361067093459638,-0.196841247504848,0.0297946931445968,0.0586258984747694,-0.276302531731479,0.22395996570384,-0.359735677139939,-0.0684379127759683,0.124376432149601,0.539015470107697,-0.0546473114759121,0.502772562058052,0.0485424554131875,-0.0533744440213391,-0.46281662667333,-0.860796199904487,-0.670053441782065,-0.443875502576059,-0.500217191660919,-0.65731833524493,-0.227688044732289,-0.0126686177395805,-0.15587561940374,-0.424378063002536,0.00471610719610307
"GLYMA_07G028900","green",0.528974946769907,-0.122842996038128,-0.119356599099815,-0.0679161505120231,-0.60523236967978,0.794398805421506,0.385588583538341,0.805599448857897,0.543289834787291,0.727908062753753,0.632792910697506,0.178794572726501,-0.024350687543491,0.198228468361256,0.0329164924646188,0.190045681500999,0.440172691926654,-0.140185903655452,0.0996502268208604,-0.0291016273034214,-0.704515410224675,-0.00484542209928419,-0.279454753457305,0.184535585981489,-0.0722173881935759,-0.00743016838611213,-0.402728546774676,0.247156059144842,0.284618808236345,0.473736013367226,-0.497959698604218,-0.770848119957826,-0.441876946147476,-0.0615065135540729,-0.0621365095242106,-0.408376461684326,0.0255448282588058,0.325837767237148,0.0043106666449895,-0.399004187575244,-0.182320874088593
"GLYMA_14G222500","yellow",0.528827667498132,-0.282626953092495,-0.253940198240029,-0.734594859401538,-0.835420118137834,0.884863244331378,0.446746527506776,0.561297655328957,0.0397586655072908,0.23424923431834,-0.125992390683117,0.0380357665262975,-0.0266764339684603,0.165244702556383,-0.100715822413399,0.0857745006590296,0.514954911572207,-0.220289337068635,-0.104338533328321,-0.0581981921384968,-0.267398707942584,0.205283663901071,-0.0439486331324061,0.343185522893514,0.206101664785078,0.602370694572366,0.280495965436251,0.772902488095222,0.332008973960276,0.00863097428223623,-0.374553090600426,-0.738666377015737,-0.425021363033418,-0.339320757798603,-0.461175928345713,-0.623121948589993,-0.308884225045756,0.132044112398369,-0.417971465511659,-0.29171140861302,-0.318616273669758
"GLYMA_11G077200","blue",-0.528781749330332,0.0904434764611337,0.188834899534083,0.418603447742786,0.710428633727263,-0.817911109726059,-0.542771806685793,-0.724548772562705,-0.428352509568503,-0.492297495625728,-0.2506080355731,-0.0953767023496029,-0.260135263959135,0.0792589289741115,0.241215630700421,-0.163709369628663,-0.432869875821125,0.257360771850416,-0.000929491545475909,-0.0602239164535984,0.482229576440751,-0.092207620011624,0.269939735858173,-0.098345322538363,-0.023246546335476,-0.35782240006586,0.111898310576079,-0.469116292475788,-0.202386256641801,-0.0980773000021762,0.477587352620544,0.810977751260932,0.552567117965098,0.351638655329425,0.214991405934841,0.449843975454957,0.0201769997909626,-0.0488103270354956,0.0356686053997131,0.329856125981508,-0.103913209307052
"GLYMA_18G281000","pink",-0.528718449871939,0.248820309000079,0.254829175080535,0.642309344295084,0.894117877824111,-0.899790266223625,-0.548773412310008,-0.627795224305983,-0.271495604513866,-0.426781587112905,0.030426793544584,-0.022432629419664,-0.130858955068628,-0.0680906473507124,0.0795557860447093,-0.231497336155644,-0.637022024695833,0.162532528068006,0.0962033715054774,-0.00203043780582813,0.509455422347345,-0.000495212496796391,0.240008889617058,-0.201798235564266,0.0808509878449327,-0.513997203618211,-0.12175033348746,-0.682198771531986,-0.32139794392819,-0.000975320603669886,0.346998033010263,0.804826312862028,0.540311088608175,0.563179994361176,0.389718160451003,0.555672470884541,0.158548786684269,-0.0156083736148358,0.218031049734178,0.327553650567248,0.0267210689747688
"GLYMA_14G008000","salmon",0.528653636011066,-0.595954429670475,-0.479015257395082,-0.625540324190421,-0.817643951057007,0.787772127420004,0.0573589850866837,0.275487584671513,0.00263514685231688,0.157579324776515,-0.226985073142632,0.03801040125957,-0.0220654548251563,0.0340188850623378,-0.200485992212621,-0.0629133608084327,0.483014708518635,-0.218832329910157,-0.120755114413636,-0.0174724911489104,-0.218025392644483,0.109478100718341,0.236056210253951,0.638180974648758,0.512802823112237,0.460438820105459,0.482373524854713,0.832230149377295,0.594544819404931,0.239188505589855,-0.139613320386359,-0.487697171012512,-0.0385201964689796,-0.0948107455738433,-0.147541824917288,-0.401152607373885,-0.222909857442228,0.0879995169698469,-0.154054602772912,0.0215677745233814,-0.285593154131436
"GLYMA_07G244700","yellow",0.528547154208225,-0.0824555561101834,-0.034819300539889,-0.438065718574438,-0.783649477635377,0.901722829793684,0.605238341315142,0.815619240335242,0.423203869333352,0.572210717360202,0.270991690354536,0.0524708702375583,0.135056137966279,0.015745832679882,-0.10213602779519,0.210408324141464,0.516318363296833,-0.256460882863743,0.00346808786463487,0.0087396384891867,-0.559492217111792,0.0385220281346603,-0.383538126273303,0.0574216862430559,-0.0371529963087443,0.361812431363494,-0.136837851239154,0.48773952910003,0.208735735831014,0.107555269546847,-0.471699260215302,-0.899157916888138,-0.629564407132623,-0.449148456615976,-0.341943343264047,-0.550201037113647,-0.0924879821794139,0.0786755087132782,-0.0945852914130918,-0.384389839134097,-0.00775162712995636
"GLYMA_08G026200","yellow",0.528418016473125,-0.441944405583747,-0.423861937990204,-0.425694087817589,-0.797082486904863,0.807849356216335,0.211296527807724,0.48685765387393,0.339654371874819,0.41808038895885,0.113558867370929,0.144009745047831,0.0122150136501411,0.0639522516232258,-0.0223014040201768,0.0155477429112371,0.469264730831943,-0.152698718121593,0.0439736839923599,-0.0630370044669851,-0.495170713335291,-0.109872585364383,-0.124058804815674,0.348413087414389,0.123246800529427,0.267349817212188,0.128075337319403,0.608013799375185,0.49460944028251,0.31770010621425,-0.152848433377387,-0.605379283795984,-0.230967703111691,-0.282361324210251,-0.205214145545058,-0.354533910454957,-0.0710852958025766,0.173373775393064,-0.058499844474919,-0.172469439110098,-0.0696040964863876
"GLYMA_12G033000","yellow",0.528313903052114,-0.162476220378443,-0.248585979445165,-0.477303042931558,-0.75524452858477,0.869186473002508,0.498005993900272,0.716713652597968,0.175522355237024,0.498939797705349,0.158648228780112,0.12750915902214,0.0185126243208075,0.131194737152067,-0.0602460678373955,0.137808780274821,0.440306969549836,-0.197581966719661,-0.122026463706273,-0.167769303113091,-0.429393340862232,0.288448224013161,-0.0117630333009165,0.370882946866156,0.0792668654866712,0.439717142371917,0.00609136478986925,0.589081110221706,0.230411971149263,0.136554102973752,-0.41843419174229,-0.815637171234627,-0.51616411040178,-0.362584314966734,-0.295497093435778,-0.651677264001249,-0.307604677948638,0.261268948276875,-0.1775518706515,-0.26007588724593,-0.300081482644662
"GLYMA_14G219100","yellow",0.52813522763142,-0.392634453756727,-0.318404830916874,-0.476278382507363,-0.829967305227255,0.82754555671888,0.276815546203214,0.515782776506362,0.313813436973456,0.432569985580015,0.0320996998321029,0.103705787805907,0.0900058963312223,0.120356015701277,-0.0720748009055209,-0.0204216416502235,0.488854451028293,-0.275972129251165,-0.200436742227591,-0.17961557663822,-0.55128212987349,-0.170194163946012,-0.211338774037192,0.288543913836122,0.0172626701732303,0.268369103141553,0.102940898908984,0.595060710593876,0.479086125025998,0.238104034610206,-0.14239790896179,-0.661217142298677,-0.301146119290457,-0.373134895323422,-0.224938163860568,-0.380873731844955,-0.0584419189313131,0.204252671138103,-0.0477385024532606,-0.150912043435154,-0.122565276407988
"GLYMA_07G049900","yellow",0.528122366289462,-0.558355715460296,-0.514664448132911,-0.395353584272759,-0.85307385263698,0.853075059575712,0.0873528238861372,0.472782775106699,0.430124091475724,0.448932335990191,0.136875215683311,0.396106694036282,0.157340393426642,0.0947460599643015,-0.159582797792779,-0.109054591994553,0.470282144247704,-0.261953656236551,-0.147480352398683,-0.0896114178901356,-0.639359014280948,-0.272712574560595,-0.172059761813982,0.397641532438755,0.166653969130536,0.116376659713627,0.0911955073101989,0.592222061026127,0.647884588357347,0.45492337535858,-0.260232749003171,-0.625317966738507,-0.142145655241347,-0.104098566374826,-0.0409739669212844,-0.269205064191311,0.0543249420208771,0.215818808451853,0.0339129041855606,-0.11922476617567,-0.112566270551943
"GLYMA_09G111500","blue",-0.528061299167547,0.00623250050650296,0.0981788177119727,0.53631526877904,0.732322559218206,-0.848329605033199,-0.659875004336555,-0.779101171841287,-0.360119474578676,-0.398083615498769,-0.188583712235759,-0.0973381384375181,-0.152214895397644,-0.0279761108785782,0.118710941182599,-0.247293666630129,-0.472333906095241,0.158671223997544,-0.0450616681250618,-0.0492458969749117,0.416615336965245,-0.155332813865009,0.336300584193472,-0.0108798276630644,0.0228567825892348,-0.459291536742952,0.103371099143613,-0.502137526785516,-0.113374239732962,0.0477870041676889,0.547908087600197,0.88033670986026,0.674234987683404,0.450275544245065,0.37313304067655,0.585548997838741,0.118504889764193,-0.0224598259426249,0.215366668089055,0.489980079422574,-0.0286168200276732
"GLYMA_02G296900","magenta",-0.527895676303961,0.823215145708077,0.71867220574455,-0.0247247874986742,0.582771809994906,-0.467833253663254,0.439427260457628,0.0062533165704224,-0.414510483383596,-0.403438125250245,-0.159560193858749,0.00345272191636631,-0.0458848488684571,-0.0999743623019577,0.0719052738025989,0.190296172219013,-0.381316361377973,0.0342000203243095,-0.107173049762007,-0.0372153208560524,0.523362456435498,0.523653366476659,-0.0200716617860669,-0.496703917281209,-0.227602130969812,0.196084572835703,-0.188424331978102,-0.418880554747373,-0.84372177007683,-0.782032233151253,-0.110373545856788,0.0883425123802018,-0.401159898282428,-0.261519835332422,-0.305677818124874,-0.0939935054677112,-0.183193146581333,-0.068048048307812,-0.366935092593111,-0.170629673858858,0.0312761505605741
"GLYMA_08G187600","yellow",0.527718437145213,-0.138557330118042,0.0333356943810632,-0.355190798844404,-0.7598334655047,0.840207930254604,0.548652590838785,0.73370949007141,0.56230166347384,0.571088448521423,0.318209983364681,0.0274527114969969,0.0869323016029968,0.14918565940229,0.0401748515593069,0.383746833427477,0.682957571080481,-0.081491908584407,0.102909682661696,0.0572722634201055,-0.673199697172176,-0.130141637617017,-0.431311876958008,0.0402677293567582,-0.217206434021809,0.224899180175106,-0.201574268185072,0.416038737056081,0.294543577482659,0.174030132545119,-0.382994947167874,-0.799909861673592,-0.559260374553968,-0.409625282856963,-0.231156963533458,-0.368898647708911,0.0949181601724632,0.0769855451828251,-0.0823879024851067,-0.465434640565751,0.0419425506801849
"GLYMA_05G194700","salmon",0.527549446787357,-0.376120697392872,-0.411139670125475,-0.712053931818515,-0.778378725062485,0.750324782753859,0.27126535546787,0.339845073953974,0.0708925225086384,0.0725994418521951,-0.256055367785322,0.00802049236165851,0.12568321648651,0.00953243335084578,-0.225985848631151,-0.105104218747953,0.346230292327065,-0.143236448418734,-0.100023831263421,-0.0244624556460635,-0.0391960762211275,0.0683585406636545,-0.112914725193322,0.189094507564377,0.408150574731938,0.685976769489145,0.49300475244884,0.827392522227136,0.374175224356347,-0.0236296233259975,-0.181327046081179,-0.554043821823952,-0.252247485086028,-0.356128403615484,-0.508577053704351,-0.499151676551808,-0.296095304584723,-0.0904573623156035,-0.148470589629381,-0.127344304777011,-0.0228906951125877
"GLYMA_18G061700","green",0.527504535766364,-0.0179927703470316,0.0577194004099134,-0.296592373940613,-0.601672769374634,0.798551746089797,0.513323413518566,0.804827545841238,0.412441595641624,0.488260371558258,0.423435899705742,0.216724712163398,0.0397944901236833,0.10466195099405,-0.0455316558844975,0.213149428257982,0.432761116943821,-0.138723900414682,0.155406066656279,0.0524054660946636,-0.479837248911637,0.0859618988747723,-0.397864802048371,0.0096438204958469,0.0698103333793496,0.187078319337017,-0.278405729132043,0.313496700001286,0.170170498009796,0.212732684700992,-0.616195559381206,-0.821932826176682,-0.54014472717211,-0.0954234576697383,-0.194366824333088,-0.465376121201662,-0.0233214675431677,0.138062855213394,-0.185713229429895,-0.492853396127088,-0.127824315416351
"GLYMA_07G000500","green",0.527248716053198,0.0223564433063766,-0.135439372584472,-0.227612046686674,-0.624384913618334,0.793700669443282,0.556597076792382,0.859918171903959,0.614058771675264,0.619861592591162,0.524399286836447,0.272739443416468,0.280501838490153,0.122962799125183,-0.156328331762139,0.0936436190894622,0.313739792964413,-0.270979640865373,-0.0437573205927837,-0.0970565609107192,-0.684487872461428,-0.0870946416716488,-0.5281420631497,-0.101356617940026,-0.189199162724233,0.0757636876655214,-0.427232882236926,0.215646503111471,0.14721108987133,0.230393746805769,-0.590310880901829,-0.855075824068294,-0.620366281884003,-0.278250065400224,-0.181708924842853,-0.380248615623381,0.1276662115368,0.293277286789817,-0.0164628339253135,-0.456918042727395,0.0115358107450404
"GLYMA_13G126200","yellow",0.527214533116385,-0.316786248450826,-0.299916033882471,-0.411356437968558,-0.82637733368472,0.862670555648004,0.361822409786655,0.629060857527275,0.643054177108515,0.457752966264431,0.259296348669369,0.23998514338547,0.273948359170277,0.259792231848717,-0.162315417830531,0.0888971985207918,0.507614348164154,-0.0905303213952073,0.0233992692462597,0.125394149435048,-0.685508927916846,-0.286093062198834,-0.42662738107696,0.0817515147826117,-0.11075432447233,0.161535750391,-0.0979901689191685,0.494834926998139,0.463688610580447,0.283511240129922,-0.402066817062081,-0.730559100553279,-0.39832890027027,-0.30773340208916,-0.15160327701216,-0.234988435663111,0.217975550729206,0.0238580926322106,-0.0687053509386684,-0.461806129373628,0.0400486979327806
"GLYMA_08G232100","yellow",0.527092645416195,-0.283465920107839,-0.151800636265578,-0.460694318180941,-0.830193647891641,0.876133416707257,0.438920135145502,0.647660462951209,0.549366416097229,0.475827679163176,0.223114813030115,0.0793838430661298,0.125880874437249,0.154314826012162,-0.0425875713535827,0.240972960774897,0.627878781630041,-0.0830642464403836,0.0315173154324483,0.0780491903241908,-0.63999914170429,-0.180335096524396,-0.375778258399801,0.124113610743808,-0.0929833305686541,0.24908785616804,-0.0548250829407588,0.530081812468594,0.424220300856391,0.215942791928029,-0.362867794926638,-0.753406800878285,-0.441517106791694,-0.349065839384915,-0.211022539398448,-0.310556490951115,0.136608201464866,0.0684176602235809,-0.129319617901159,-0.426894145200318,0.0575590535018668
"GLYMA_03G231500","red",0.527007415279776,-0.887337039516931,-0.658293818006947,-0.0399920914777859,-0.504700775672802,0.385101915865826,-0.583054683143738,-0.17514358756448,0.30333350591145,0.178140366807794,0.0166590868754399,0.0330778496324683,0.0714398894938075,0.239103149555348,-0.18510808964626,-0.30138096714698,0.319000232015105,-0.0626218383796593,-0.0175045322242488,0.0138712154424863,-0.368026979560884,-0.514700214361449,0.132284394747735,0.590642561350185,0.399984688850532,-0.202005684655755,0.341220369885034,0.458916813316169,0.911656095695784,0.778854537405414,0.18189988012486,0.0653119150300678,0.57213908891017,0.397578761527871,0.310801761033002,0.232138157561839,0.235304531479574,0.154462163806399,0.259790167356151,0.231088476711935,-0.18973935480942
"GLYMA_03G159200","red",0.526975451129757,-0.80460928984617,-0.551893841120811,-0.197132485981881,-0.613115855077396,0.497491566741209,-0.374066523741512,-0.0353359016256087,0.419978447303624,0.140220302589446,0.0237754405423362,0.0879810695140306,0.0902498770287892,0.245705391631669,-0.155165678870631,-0.110914701228681,0.466885669722939,0.0305803625605872,0.0994186158206839,0.187734885677012,-0.436879975353378,-0.555921693140083,-0.0767949455843137,0.408432934100306,0.284094438849931,-0.120508837772209,0.263514754955022,0.491222414607858,0.859632198128565,0.626380897389826,0.034272806691943,-0.0945844418230118,0.370228811086687,0.327895302541951,0.234852029243634,0.193946060934579,0.357642536841613,0.0027382846413744,0.0587608527854064,-0.0585495849402264,-0.0499242947476665
"GLYMA_06G283600","yellow",0.526478857941634,-0.334126082645408,-0.393439038210431,-0.536167047080167,-0.757353370797387,0.823343586689334,0.278836989230819,0.537269060673606,0.231932533423498,0.302616610950533,0.0748993607821659,0.0918967669546923,-0.0384671571651233,0.0728496041113978,-0.0618531917253196,-0.102886344544411,0.341791656720296,-0.285189436083421,-0.0808536025333271,-0.178928618171982,-0.303087227615104,0.0754171957286696,-0.0868748272922853,0.29002333713684,0.250046737864459,0.419216613605705,0.192469424011085,0.657113486236373,0.397123632667808,0.194428451215715,-0.353426629425726,-0.658541221440452,-0.30087410562885,-0.224289259855081,-0.332535956787793,-0.488560336334711,-0.196570953985811,0.26513459559226,-0.119035479694031,-0.154681962804356,-0.14073814882174
"GLYMA_13G054500","red",0.526214477742455,-0.748256707593613,-0.503301478791077,-0.391804714600122,-0.791475152082827,0.671698403175166,-0.141473112334379,0.130476299955344,0.467924627419414,0.225429525924059,-0.0279762552636383,0.0965476329524044,0.10292637760676,0.338093166805711,-0.0534118399686063,-0.013414833946241,0.596809816647908,0.012564482434873,0.0350145513097104,0.109790272059696,-0.59183005487535,-0.534026256641375,-0.157331964713872,0.407542747147881,0.0378298846375784,0.0106468444428668,0.239986337271358,0.603069039921344,0.828627763390331,0.495261274797058,-0.0276299089821721,-0.299499575413786,0.130183732242698,-0.0338230443984895,0.067360337733528,0.0591373341281638,0.311568746733623,0.0459171642217534,-0.11028375436008,-0.204761502178712,-0.0925569296918272
"GLYMA_09G152400","blue",-0.52591016608648,-0.0817995295205852,-0.0201506800953199,0.459347100682344,0.692497294548194,-0.84456382734098,-0.712211665288533,-0.859358185299181,-0.298059777211334,-0.533208796139828,-0.246655436593498,-0.0655608286763574,-0.122125200376959,-0.0530510005282051,0.0563262821963627,-0.191080754600658,-0.415272898557346,0.2575834400669,0.0582988034049051,0.124745339167891,0.454446116692607,-0.176056406242994,0.40215193202841,0.034947344924491,0.102695842984699,-0.437690554595083,0.16726721657216,-0.429720074190775,-0.031787358796963,0.0285467386936415,0.503531965448064,0.933788522611813,0.742727839395584,0.531066249449139,0.48573647471614,0.666092850077479,0.239956261793309,-0.151286572406847,0.171196743182794,0.402891534251456,0.0848865602377793
"GLYMA_08G263700","pink",-0.52581028418503,0.297153726056999,0.284960714327533,0.663782980222547,0.812531343817986,-0.809482617867781,-0.435380374804304,-0.498499360979098,-0.191590827494801,-0.271969783000179,0.0993003091546879,0.0432809711528064,-0.025759943485055,-0.082817228255114,0.0430117679752422,-0.242913975777576,-0.613294745802698,0.125466751137995,-0.000747800470273215,0.00409531359727631,0.39086519443028,-0.0399180680641123,0.110714092862243,-0.288635491510121,0.00253250510857061,-0.482490843212886,-0.19276541933979,-0.679178231109555,-0.356990064950067,-0.00864183806810562,0.190067748471489,0.663075111876411,0.411266931574774,0.436106346046922,0.338478272695749,0.468051889855739,0.150344336363134,-0.0488100693351182,0.334284680515789,0.332554216917549,0.0687234576204867
"GLYMA_16G040100","yellow",0.525420008211469,-0.383245271239138,-0.224272382843605,-0.562578089671053,-0.829411627476695,0.85385581063117,0.281430196613152,0.520605016703576,0.252442945228256,0.329958912559975,-0.0141457596794836,0.116842271922827,0.0648221160108681,0.168128334689344,-0.107347538736042,-0.0143004672007915,0.474307992530431,-0.242269233791032,-0.0997982483912998,-0.0825619542354372,-0.449026474860079,-0.102645856963534,-0.228564823198421,0.273112558750337,0.160585070000706,0.331991172513236,0.185762858209252,0.646241165915919,0.464886246564328,0.20138755666936,-0.385301550389151,-0.688337345001688,-0.300497127500079,-0.281646915917051,-0.277795469760647,-0.396045253514532,-0.0878358995062234,0.118014633553662,-0.176223836776309,-0.214781982171836,-0.203265591646198
"GLYMA_05G022500","red",0.525304411278424,-0.776559216001795,-0.477748278965222,-0.188176264866905,-0.605786463668327,0.493411408972087,-0.336405295282355,-0.0278377436914664,0.529910828129857,0.141999452871816,0.046721830687761,0.097225158159626,0.18182613830308,0.249044431492278,-0.157424345893858,-0.0120400326131609,0.548242414730611,0.0581685037714392,0.178460337133941,0.261216306263423,-0.526892858571228,-0.618005095436233,-0.127865246066283,0.384385798165359,0.201830166640403,-0.191124923859188,0.184028896831864,0.436434061638743,0.874274343132831,0.622849744549597,0.0658652233710841,-0.0892585837017288,0.344678055721129,0.284524031082916,0.320824369831389,0.298535128287907,0.47821517523265,-0.029048685310689,0.0458985368106417,-0.130717859309491,0.020578552894119
"GLYMA_07G084200","blue",-0.525300158160363,0.0703804890894675,0.0668675022133483,0.480724502831469,0.768373400926241,-0.89316867080603,-0.597846337339154,-0.802362830201792,-0.381749459291235,-0.489586680251547,-0.253626766964517,-0.205481866982008,-0.197799396701502,-0.130429370927882,0.176627264287528,-0.194969176641055,-0.484702914667898,0.217692406851377,0.101414396989112,0.00609782844181105,0.533770349688988,-0.0745513420169565,0.367512166781852,-0.0731347113230561,-0.00362067184445558,-0.37458191981591,0.122102949297946,-0.501217501475383,-0.195857030936236,-0.0934319790529638,0.540529780702694,0.914579815316532,0.628867303260916,0.38899848368593,0.368412568047237,0.545715025212937,0.0912700274935866,-0.142799135332148,0.207190592155548,0.453695841376783,0.113291856151676
"GLYMA_17G133200","yellow",0.525125775270312,0.010704926935133,-0.0827217301245255,-0.555623185983395,-0.748579157201609,0.864990428882395,0.705967101029798,0.798387533594263,0.417544687560205,0.418160567007405,0.207828959716985,0.0435805400543422,0.155580078840112,0.0180032016149567,-0.112860764362003,0.230507511642908,0.469754429973671,-0.15983939286487,0.0801098157662448,0.0940695781703123,-0.416273483941033,0.0652352427147518,-0.485749810477206,-0.132342213422775,-0.0614306145314792,0.493058299419744,-0.100381056315493,0.501407671436413,0.112559551306598,-0.0630152884208432,-0.463831164350273,-0.877213356357628,-0.70247041144198,-0.492244507508349,-0.47113559356395,-0.556900675689148,-0.0784327833705495,-0.0207145786575916,-0.238430586850958,-0.530352520632575,0.129726051617329
"GLYMA_09G027900","lightgreen",0.524967235108582,-0.502736742553236,-0.199016352904022,-0.3686675626392,-0.780579432706958,0.73298564112269,0.204312296739154,0.340581992258989,0.412814365172627,0.395431394000195,0.0689292256700124,-0.0700796184793241,-0.0793931070123486,0.296643934826828,0.147368365403226,0.477960183538043,0.900085870126156,0.204619597908225,0.199065571879799,0.222977677451613,-0.550657325078831,-0.248527986758775,-0.130761419153431,0.342244480148037,-0.0536815862087787,0.241537632611508,0.131009382956395,0.6041622693191,0.600379985990171,0.316818678841868,-0.128832799938928,-0.462139232400528,-0.155896870048682,-0.174901113036831,-0.114792010701173,-0.215356474501373,0.0965556799463795,-0.0638656399267682,-0.101008407800506,-0.340729294751323,-0.0272029214543302
"GLYMA_18G001800","green",0.524938507184462,-0.0803738937230356,-0.0113670470921406,-0.245296575007976,-0.627962113837547,0.807466169993574,0.463556542280847,0.804354136908425,0.51391692144651,0.566943125869879,0.503121895371851,0.143964805537613,-0.00740936356881399,0.158842264328782,0.0289815842831866,0.192538451794486,0.454249537640689,-0.16944692123107,0.146304546303459,0.0169050289902615,-0.632616322176291,-0.0504102577632618,-0.434719000831928,0.0406922418992824,-0.0793921369105308,0.0471296655211678,-0.362115931557926,0.260350708535535,0.252020975704976,0.316504261104553,-0.534886837945487,-0.800032774804009,-0.506105020869233,-0.0949179937694483,-0.112201576145638,-0.362995593683462,0.113096543950239,0.233902567367923,-0.186557683768385,-0.516182335901829,-0.120542393794681
"GLYMA_15G183000","red",0.524826090712821,-0.855106902343892,-0.540810961840599,-0.258419233476064,-0.641304214793593,0.494241603531382,-0.416316656346156,-0.108610662137935,0.29846642002606,0.118681249548045,-0.123522922996176,-0.000227093229226388,0.0868435113365831,0.123937310731616,-0.15939579180737,-0.173571243269869,0.452137944309586,-0.076333916470697,0.00866634616246396,0.0869895343189626,-0.349056901943159,-0.428641999188844,0.151353560129309,0.610079176261147,0.378511051246653,-0.007607363250732,0.433067864797935,0.607068766754819,0.878675573953977,0.572674816827083,0.237801235852014,-0.0638870104241872,0.415876584302665,0.127502907344339,0.236713918978878,0.146375169124284,0.207331074598174,0.0213885082900208,0.158873693017951,0.145509151468912,-0.0531174868184071
"GLYMA_16G095000","green",0.524712260388706,0.0412628759555273,-0.0528205994393446,-0.228711241133509,-0.655656847036195,0.84576223657023,0.619490185024088,0.921937887066819,0.578485500393076,0.679483311203915,0.550774428764682,0.232248375401316,0.158803931483326,0.0782337514486659,-0.0720426532953358,0.217831184481302,0.410439293767298,-0.172135287129911,0.0491126458097077,-0.0189294812368711,-0.641201943118395,0.0150492354395042,-0.504105656685541,-0.0836926201248572,-0.131249206003945,0.175985368074534,-0.404565959759401,0.271353455243343,0.120394634350817,0.221260311827256,-0.630464635636965,-0.921482064176729,-0.67666954629439,-0.30438604322132,-0.253938201975698,-0.519570341661058,-0.0120758398050429,0.172475928566831,-0.0144258510711368,-0.496106626508738,0.0130724939073275
"GLYMA_16G178800","red",0.524590444494595,-0.826095055069998,-0.516348027769072,-0.352009140348036,-0.717989806228228,0.559656785407815,-0.250282375186427,-0.052962510333335,0.288726771158995,0.16350111136746,-0.162132905693474,-0.144231335066562,-0.109503130502999,0.163260819630816,0.0696576080652055,0.113186997228157,0.70549442190822,0.0828639367672556,0.122180233500865,0.0875589716066299,-0.363393025560734,-0.398043007624134,0.103788603286309,0.559326241716419,0.218307392406656,0.133785208096949,0.441995639532091,0.676687801790481,0.858534081922409,0.466372385979852,0.170959723611008,-0.115636035021473,0.293698959983067,0.0346534696248348,0.117919074505023,0.0407110125968695,0.146236215887272,-0.0206738360511257,0.053254368714406,0.0273119785074764,-0.0122147218697843
"GLYMA_11G076100","magenta",-0.524434439158896,0.84046895640272,0.692412120082444,0.43389600633038,0.828021935991331,-0.691450031723055,0.218444971332045,-0.0782189727382477,-0.233375974990912,-0.238068075998491,0.157318318076917,-0.0102023466953837,0.0408654844017444,-0.140674239144484,0.0678614256666138,0.130482081428873,-0.533362526597695,0.115107558170867,0.0811199681774133,0.0488920023294329,0.426485169947282,0.336193093880887,-0.120767910412807,-0.637004542462016,-0.314749838456887,-0.173198192443287,-0.444328706981978,-0.744111504149772,-0.84494136927087,-0.496311056619374,-0.0695658648263773,0.280639623961419,-0.216546934821329,0.0128142923266723,-0.0515085319594503,0.101579797796745,-0.0496375948732457,-0.121918340499441,-0.0687010402078146,-0.0912158058104697,0.132979015007455
"GLYMA_04G050500","red",0.524372583408038,-0.835881787367213,-0.698856925604108,-0.536307582750974,-0.791741363523758,0.649017541868427,-0.22816278271027,-0.0163572791377487,0.286867803826153,0.0199611201610269,-0.240254713013841,0.012393571214738,0.0922587936839517,0.216968999013022,-0.210619467579471,-0.14987527188062,0.500788876230967,-0.0829540196009771,0.0187239743188213,0.0917770288995129,-0.294925234873164,-0.286512819814238,0.181679838381941,0.617540649705796,0.348465349981418,0.255850237321436,0.536944316797982,0.814526702056995,0.859808470611407,0.40328473050364,0.110896740262124,-0.185851115045429,0.25905712640724,-0.00985344138356491,0.0392751718317202,0.0214444187918475,0.157022725395133,0.050743608745147,-0.0614145600550074,0.000855191444103183,-0.0803694279099739
"GLYMA_11G127100","yellow",0.524360232412543,-0.499412132708045,-0.477259677400821,-0.584660631156589,-0.940870316754849,0.911909467867913,0.280602493034527,0.496461425233787,0.405478154834039,0.38174862748666,-0.00632891957563926,0.0830721218201018,0.0847645991731636,0.0384156214519165,-0.106338918158276,0.0856452214312098,0.600098612467283,-0.130678881605734,0.00921683484756321,0.0529935230780089,-0.528654515418342,-0.143996898026951,-0.138943647636838,0.348257162416713,0.127403076064246,0.389582916685169,0.227748371956602,0.749667470852788,0.570296469844628,0.22587210062136,-0.255638902073073,-0.679110968080321,-0.285225566349301,-0.361084265342419,-0.205965223921112,-0.368188459912417,-0.0148274888880115,0.0091205382676547,-0.054837767524172,-0.215022070624942,0.04990867140239
"GLYMA_16G147700","yellow",0.524263462963244,-0.150240590901286,-0.240828677386708,-0.739477385622598,-0.82388989979629,0.885980828738796,0.582316956717961,0.645689665258913,0.148964616171301,0.253374121719005,-0.0713522290124686,0.0493880631590993,0.112224928192194,0.10097503299644,-0.153790915354612,0.0910768227735114,0.441877481894152,-0.209004355023358,-0.118269931875946,-0.0603562524365614,-0.252029790173346,0.181097655747612,-0.221104305166774,0.122093032006498,0.140763135127833,0.670395715872159,0.219486223602328,0.733075490566041,0.209196511671233,-0.100978024485621,-0.386141118806434,-0.806537919654073,-0.565742196629238,-0.50235312734392,-0.5676230975563,-0.636971587315203,-0.279983938642459,0.0752607375801676,-0.332987791951155,-0.349905802518807,-0.119184313884122
"GLYMA_02G282100","yellow",0.524242679688072,-0.166577214308148,-0.0578745228714772,-0.519246100378638,-0.771797865967228,0.825385249703635,0.552807889706784,0.632735206520341,0.528464513349181,0.380833300908774,0.132393029394244,-0.0360997719031896,0.16453401744113,0.101604871744171,-0.0473132433045518,0.328848141837316,0.656133984243769,-0.0753867956963066,0.164436935738359,0.161437318721294,-0.51539232163595,-0.0993900808821134,-0.384207109584833,0.0367175301479576,-0.135315841654885,0.367256518757113,-0.0380066845841434,0.52844888022239,0.313507579919448,0.0387508418870461,-0.298124390610536,-0.724494059611383,-0.525695834973145,-0.440599973367439,-0.298661316559931,-0.329181313528029,0.101148134187106,-0.0689912614109476,-0.168517375069292,-0.467916840810825,0.16075679267615
"GLYMA_05G226000","blue",-0.524198956671584,0.0482722127185428,0.0746221938828138,0.501963843440471,0.746702996438435,-0.853052050531467,-0.611515247765782,-0.769932081158886,-0.318151904690112,-0.469199605155964,-0.166887134444985,-0.0816673649178194,-0.192845124891229,0.0220694013111661,0.165293598830046,-0.167431844560887,-0.464462474777095,0.256027873480928,0.0487303665723982,-0.00877143450237376,0.464482815305643,-0.116477305899068,0.328836762628864,-0.0525368896156721,0.00661156535105508,-0.399291521630236,0.101097397782697,-0.476604940067445,-0.157786811433546,-0.00942721846555051,0.422069914421107,0.874078142126925,0.636415177172956,0.452240733247687,0.33367573342697,0.573429644685336,0.141271281482031,-0.00769595313625144,0.136597765584231,0.37994764929473,0.026223392514888
"GLYMA_02G301200","green",0.524015255365146,-0.00671524943352636,-0.0992455370397607,-0.355229654046571,-0.72825161301216,0.88447420373202,0.649232321617698,0.889244781635285,0.454607307587087,0.65160769726925,0.403973795708244,0.134435912393118,0.0937774690480981,0.0497935114449464,-0.0317336998667653,0.215763927835984,0.460178806317042,-0.20047046116455,-0.0124723078017542,-0.0445500060977047,-0.61048568647161,0.058900707901061,-0.417917214898638,-0.00488728967165682,-0.14425536077211,0.28429583235787,-0.286211507104501,0.376986684844074,0.144410076033394,0.138399613037957,-0.525954819243934,-0.924536568836186,-0.684145434037321,-0.398693651485649,-0.317540023874538,-0.585133105848137,-0.09182171406057,0.160459724562238,-0.0920176388323705,-0.449364388301373,-0.00960372955486769
"GLYMA_02G162600","red",0.523990447070642,-0.850351399553976,-0.736673716176392,-0.282504162109801,-0.69313337457679,0.553833610016544,-0.361878398680981,-0.0388266894906827,0.303918626828755,0.177874389984086,-0.0904818014004084,-0.017767333913082,0.0833225105632334,0.188539701873386,-0.177415309240432,-0.215234611739137,0.408100072306518,-0.130463560561627,-0.0381697240302818,-0.0424059181260399,-0.404502585671012,-0.396320019418234,0.157891089215419,0.624315534793026,0.324577188742254,0.0262579976893889,0.405274000873388,0.638207699617581,0.8630083939285,0.581476353855875,0.120022410459592,-0.124337007533474,0.351827947062771,0.112802064990692,0.189036724105116,0.0838255448455448,0.191344418698769,0.198245698202711,0.140650787351192,0.148361270965862,-0.138513596272019
"GLYMA_13G276600","yellow",0.523959134779275,-0.119151193826853,-0.221170057696529,-0.47656833195653,-0.756667296294252,0.836620181362816,0.545992662854222,0.717075191553967,0.58960259718584,0.405179486824064,0.273823993930394,0.18145244546793,0.293665758874579,0.189395833765684,-0.208116121848188,0.132703264355553,0.453346314693538,-0.13352213965316,0.0430813736646382,0.129506417685951,-0.590015446122111,-0.141646113540157,-0.494872675501482,-0.0494773602910496,-0.175756742741965,0.264680318979387,-0.187989575979507,0.439326738360539,0.273039931290804,0.101882660921295,-0.38814266631475,-0.784789463432098,-0.563749295311394,-0.363339395505197,-0.269482722494568,-0.328817035928735,0.176249783858909,0.0363591967456819,-0.223334544215729,-0.600241705046272,0.108322940572753
"GLYMA_20G212900","yellow",0.523935669366334,-0.0874310815786489,-0.10980153103577,-0.531958680700696,-0.754815292712752,0.898845161710075,0.582833571650797,0.780860679093546,0.149338594416156,0.461897071293133,0.16048729439963,0.100176401836755,-0.0129814701406271,0.0731543714573386,-0.0810470802137859,0.162944993460162,0.461629936820941,-0.222120147989303,-0.0559418920356175,-0.0325443417775465,-0.366778382559823,0.258864627758754,-0.199119475399445,0.179717092217728,0.152831548641126,0.496033213749562,-0.00512571697934766,0.57589957428949,0.168376571405812,0.0661364420636253,-0.507222440119096,-0.880267553599539,-0.591286167125524,-0.319989706704025,-0.43676071880701,-0.723433409827306,-0.333256913877252,0.125361961469243,-0.283271914948712,-0.368506637070912,-0.249776794726667
"GLYMA_07G220500","salmon",0.523880330126197,-0.562964988057036,-0.380231145893596,-0.587472608252871,-0.788745075310812,0.694401175199473,0.115889862689046,0.16912207105371,0.15710647564121,0.144136742808246,-0.253617226684008,-0.17756303770901,-0.0419686266894757,0.178503354052694,0.0105123603428588,0.127226795030783,0.628931782517891,-0.0108915626006307,0.0339004142247451,-0.0241230663378726,-0.200755896757992,-0.0334922338667622,0.124289925460546,0.464247564455861,0.229378165494266,0.550934089650049,0.530249929716829,0.851625568015765,0.577586329540629,0.144401434621867,-0.0715513661543686,-0.375223887572205,-0.0570236604297774,-0.372887278131015,-0.287888975723578,-0.287726543129445,-0.14421759342755,0.0200498123550696,-0.066506737483165,-0.0157938483038858,-0.0670731649062161
"GLYMA_03G122300","yellow",0.523853318245795,-0.15260547508843,-0.177547365882376,-0.620627130120347,-0.811512685722513,0.912575934995663,0.591484117666807,0.717987549084581,0.217153860665566,0.390786771700235,0.0815478859685997,0.0288088726651059,0.00842542264008131,0.0235441922022464,-0.10526080270812,0.270997219721211,0.571013347327195,-0.12959299276151,0.0378787176484127,0.0926124516475096,-0.356609265925014,0.2792233732842,-0.0933263488496345,0.261254519355275,0.145450166522141,0.565965721743252,0.0710038342242116,0.664831037767259,0.230596409592748,0.00799809008068653,-0.455472661123196,-0.840431913990041,-0.571530215238945,-0.371767771375326,-0.355013931824741,-0.645649026805674,-0.232060022804719,0.0180251811204739,-0.292044354954694,-0.40515245228483,-0.104448966427255
"GLYMA_05G073200","yellow",0.523770955331143,-0.251321760946457,-0.298526270529142,-0.735824959565576,-0.788508112789802,0.809728054337342,0.461976877164392,0.486178026098765,0.119560530856801,0.14314636512676,-0.172286824577068,-0.00617095134195989,0.0759648728223295,0.0633352401405698,-0.113154856313497,0.176867963837034,0.534659911516918,-0.129004144410697,-0.0357878685451834,-0.0173496839324338,-0.172184044132013,0.228423320382597,0.00489289044957685,0.29600034508558,0.209089765761058,0.667681833236489,0.307711812109266,0.775337594935172,0.291232851695076,-0.100937320719134,-0.220458432860149,-0.656361638942333,-0.42858008673145,-0.450372045983648,-0.412678701385613,-0.567665811066112,-0.270385461488757,0.0318360269931238,-0.280727880552398,-0.275399769209996,-0.0708228201299935
"GLYMA_06G033500","yellow",0.523715380624932,-0.298591167558266,-0.363439545947937,-0.410600346495533,-0.806663075163432,0.864492459728116,0.372164779052759,0.641235166867668,0.393230808603771,0.527576791268207,0.216997037652566,0.156808926681099,0.11101609813764,0.274974260840008,-0.0500575319628611,0.0287106354295668,0.438586002257474,-0.1564664180247,-0.122903553869529,-0.171990065048464,-0.591350757046831,-0.0697932058076511,-0.232072748611183,0.237950482978461,-0.0445566706486437,0.284790571392771,-0.0113307409606767,0.561183032488997,0.39548623221874,0.280634751430044,-0.38696765292699,-0.743174090988037,-0.403460068218064,-0.344240808589241,-0.273220104121617,-0.43010823758007,-0.0595881924005133,0.312918872772739,-0.0719162800845762,-0.264701166940488,-0.187099268674827
"GLYMA_18G092500","yellow",0.523587937758224,-0.179601217855587,-0.173861159413335,-0.616893176718415,-0.851440583207602,0.92457433534319,0.5636877984586,0.715944496374383,0.386508710504449,0.380442329069486,0.106486163859024,0.095870144676867,0.0984232809545268,-0.0132491623254987,-0.0996693940622138,0.191391109990191,0.529204106996327,-0.155901879496381,0.0316950799824598,0.0563226058469267,-0.419844528057397,0.0746196011852534,-0.292785107446533,0.102986819490371,0.108513328720947,0.512616189949473,0.0658871305318944,0.65004570364944,0.274699413304386,0.0247818292789021,-0.440790741083932,-0.853299257912585,-0.571288568366728,-0.477274340664796,-0.394277409262116,-0.543787771099861,-0.110138684320954,-0.00570101720502646,-0.176233901351421,-0.399098259491329,0.0687720969756699
"GLYMA_06G063500","yellow",0.52357741375941,-0.477929361694284,-0.386079152974819,-0.52637816741937,-0.903817068242308,0.870190088855956,0.269156162507034,0.48699914159,0.418656303866606,0.39692951574207,0.0263139017956402,0.110741157956943,0.0911361488789753,0.14672683212189,-0.0516815717302605,0.136913798433278,0.638005741299043,-0.151042466210395,-0.0153000555455338,-0.0281964058409386,-0.60164413248615,-0.215264127732978,-0.188319035533843,0.341805554745344,0.00825403511710588,0.293515900415822,0.144593796802781,0.677412488975858,0.5598451101506,0.250149455808848,-0.257727891571115,-0.655456283043131,-0.285061905156205,-0.382949322180282,-0.186297800555419,-0.310324462465327,0.0431603967377219,0.11982746424429,-0.106897103371044,-0.253383847209068,-0.0517116298780345
"GLYMA_03G231400","salmon",0.523512034194619,-0.484214316329169,-0.48267950670498,-0.619845729526754,-0.766647960736926,0.708893505543489,0.116841286618295,0.248464275593004,0.020303522607507,0.141245540202571,-0.266327913668362,0.042756141288916,0.137350855174862,0.157972344938515,-0.291338353235299,-0.21983835064816,0.31475322776122,-0.258864331405479,-0.328316450102439,-0.129818610092177,-0.160823686238427,0.0242910012911968,0.0768405202319706,0.415938933548387,0.351325163175328,0.544350024761051,0.498557429879163,0.806115164635008,0.473163060363845,0.117261492003875,-0.145459572460779,-0.467247203975889,-0.109451347636441,-0.331004039398218,-0.379019731625124,-0.44477580295631,-0.285108180032655,0.0986677270633914,-0.0673974257325092,0.041817455698818,-0.236466913150562
"GLYMA_15G112500","yellow",0.523486856437553,-0.256588978329094,-0.298112796778272,-0.597015926272722,-0.882776706419846,0.936148762851239,0.507296802662791,0.684181455154063,0.277395917922286,0.447138207944987,0.0542559143965815,0.13165914270468,0.106330725775525,0.167876061867194,-0.101261285061195,0.153250592066267,0.573223405368731,-0.19333728447281,-0.119081198797151,-0.0794287286590209,-0.531061790098271,0.0921511431511112,-0.137079502796227,0.315549125994881,-0.012529150916781,0.460782506283318,0.067806620376419,0.674759436899894,0.341906660164818,0.0962199736018023,-0.410763442038072,-0.831686740338935,-0.521063464555712,-0.454600929838473,-0.354608454021324,-0.586289901555035,-0.195650029815733,0.1573525500602,-0.209096283016762,-0.323624948742,-0.205469805433774
"GLYMA_11G141800","blue",-0.523475563652607,0.163089154847181,0.0675138389215078,0.308985669384952,0.742257834433753,-0.862291239466332,-0.466127651902063,-0.775671637261477,-0.577008652659524,-0.579869514564712,-0.411144971930546,-0.244126810317503,-0.141256987892588,-0.0757323040794342,0.0654696468790827,-0.248766163773963,-0.550626476006599,0.138137733866955,-0.0752960474504476,-0.0644588690741402,0.69686367621138,0.120418620179291,0.434710172750908,-0.0754648241632268,0.0513097356613037,-0.12121400637882,0.25519882800016,-0.3711761441249,-0.317966529971613,-0.287391929097521,0.570272933958702,0.852723383188634,0.514444266430545,0.232460175948777,0.118196158975437,0.351362730140408,-0.128140374984975,-0.127509829914841,0.0763834701834744,0.449872040757862,-0.00698108696823058
"GLYMA_20G163500","pink",-0.523344657767964,0.25826575453852,0.250006523316739,0.447212312335716,0.846102019950878,-0.88170861412854,-0.457070294332802,-0.665535913681802,-0.455367138336643,-0.563758241703309,-0.173472793857115,-0.0872334565233281,-0.22021748343947,-0.121878018048845,0.136116197721952,-0.154539263105128,-0.559666328060899,0.243548992139861,0.128326586802502,0.0233838607554256,0.690897072827053,0.125631723465789,0.295157683138931,-0.190094519720937,0.16283312280924,-0.274101923279149,0.0495026078044988,-0.540717147269769,-0.380085125765887,-0.190345927187708,0.443653893017947,0.800749616198651,0.486205960970847,0.490772294317945,0.241786100429466,0.431348514360552,0.0270745466019975,-0.106910722344798,0.0436539336196266,0.289215726368383,0.0305182295199537
"GLYMA_20G020400","magenta",-0.523312370859557,0.831735424694479,0.518099829727298,0.311734739935939,0.734748023443195,-0.570871346722238,0.271921204946632,0.0334491108990555,-0.204005250396268,-0.251996048887874,0.17980463112768,0.194916116813958,0.0834153779849871,-0.0794873243295896,-0.0232490988473622,-0.0150254720288024,-0.639704766282644,0.0700537661084952,0.00014874299724653,0.0424819558887198,0.386065705881921,0.35542903857044,-0.166167401302371,-0.615581381309981,-0.271842188228715,-0.147832228574134,-0.482617678007015,-0.694164732089164,-0.831903422744814,-0.488405644516959,-0.129656172778108,0.164193033523654,-0.287850371881947,0.0372669809535293,-0.0628483223053167,0.0529167883202719,-0.0189108106120807,-0.0586872360196769,-0.178594743462195,-0.209938784276513,0.0868356678953479
"GLYMA_13G129400","yellow",0.523292277709475,-0.21902896444402,-0.219100764482281,-0.542578503193798,-0.798921180256167,0.897697337813503,0.462589955406734,0.692970324305482,0.166122413824258,0.446441646991815,0.0758457290068808,0.0911110489209198,0.0548475481082707,-0.0389209202103802,-0.117343048665442,0.0896303893787869,0.46612003353486,-0.248487274230296,-0.124506918830402,-0.0761093746446094,-0.391123536263055,0.182268710635801,-0.120200743966107,0.28232541704444,0.234380828710465,0.437211887152155,0.0792769270776061,0.606470007240454,0.289315476419857,0.115010853504223,-0.416261664072316,-0.814899266662454,-0.471350403109689,-0.300774313778918,-0.263337376740518,-0.615466673882049,-0.257686838284554,0.0933972429675016,-0.0992552661484307,-0.204497172963114,-0.153625067589874
"GLYMA_13G148400","yellow",0.523245648919094,-0.364222700237421,-0.285495963111854,-0.384767474010864,-0.790190799583111,0.864087007811623,0.278558814920811,0.622225685325714,0.544509404622252,0.456447807899892,0.283041464589527,0.165041857257613,0.145734180327536,0.177685235544587,-0.121570438790588,0.086643282858717,0.518252832194741,-0.115509178147173,0.0303118073830603,0.101620149398497,-0.634882562339714,-0.17643782334616,-0.282421618309376,0.233486478154564,0.0650732146174185,0.102792329782058,-0.0927345685876781,0.475897643603959,0.509902257243685,0.370832234780488,-0.348477292505798,-0.695343236455818,-0.310126535863722,-0.121095615614022,-0.0156429241873938,-0.229424998626279,0.193678577108554,0.0796578525847065,-0.0678404986780601,-0.393797196492804,-0.0523296874571746
"GLYMA_19G152600","yellow",0.523212762735972,-0.245352672383466,-0.353769293681505,-0.543255664044696,-0.854789680549361,0.892442486881353,0.490337411609794,0.658127175889742,0.374249416427,0.481069837703329,0.0882883480913532,0.00948269551667283,0.118494436637401,-0.159384449133499,-0.095385689497981,0.108344026104267,0.478331472969725,-0.24517418589837,-0.0313564563507405,-0.0293778982690454,-0.445425239385993,0.0408295017822327,-0.20980274702244,0.162000055363616,0.077339129087592,0.494836670227232,0.107445789516741,0.650614639497213,0.314283928563284,0.0698140604378438,-0.272460269173666,-0.790299204001417,-0.50331651808556,-0.544255284845556,-0.341621470024947,-0.557070271633846,-0.188920529919709,0.00438862012113451,0.0371686354221841,-0.195931165867726,0.174030968692798
"GLYMA_15G041800","pink",-0.523212437506487,0.566962534073713,0.475928161925015,0.375318793244212,0.806700640656394,-0.741385938427495,-0.0580587685896508,-0.337376715838477,-0.286297087840156,-0.409455597985751,-0.0220054484928034,-0.124461779372731,-0.0685167870797764,-0.0741199939722944,0.112244315125328,0.0126816841828552,-0.502772624376903,0.130668199496245,0.0100405983156977,-0.0647136751040103,0.516826599753807,0.249376450281575,0.112563221015728,-0.384022691073635,-0.159313700332938,-0.196812687448591,-0.208344232495379,-0.609612682490143,-0.593907482361561,-0.381017044835367,0.120497293485294,0.50251272031829,0.0842420747573051,0.170571872659526,0.0980389579313082,0.296361979172941,0.0469480899063088,0.00552491634620961,0.0176359051814668,0.109730541680549,0.103190991859492
"GLYMA_20G229700","yellow",0.523101793299695,-0.193568061689813,-0.220662917994017,-0.518674944836578,-0.811331028998176,0.899164645291971,0.501271375518775,0.703701231444934,0.318925982463711,0.480420871264779,0.13735863658048,0.0715066253915562,0.064429674205574,0.0819932451934802,-0.081013200704982,0.0467146872763932,0.441594091818033,-0.318319179004029,-0.125697063100417,-0.161106072388265,-0.474931776404079,0.105932299512173,-0.163514412398481,0.251464493526171,0.0129362210907933,0.437194312185556,0.034931367714173,0.618958103824822,0.297812301306159,0.105560133621171,-0.343069006256498,-0.808351553297116,-0.513606052363969,-0.455707377315125,-0.342645347067801,-0.55021098642981,-0.175092412386075,0.236186721087862,-0.109325606674983,-0.247663220355596,-0.106159306414958
"GLYMA_14G214800","red",0.523012042539658,-0.825711895890631,-0.544297738185603,-0.178727567407275,-0.613221754986113,0.481180345313592,-0.371982177680888,-0.0768286878686561,0.317661679101973,0.220372308370147,-0.042959674943045,-0.0810304445724086,-0.105055536128805,0.133046984357439,0.0316309783662198,-0.0377353246382404,0.549460593211142,0.0566885098396804,0.127211722163167,0.0803661920574963,-0.375934293783985,-0.438049473550856,0.106118545025195,0.559332034451516,0.276374479509754,-0.0196326918966264,0.353518124602126,0.550315614024868,0.861127121340019,0.612817467779774,0.231995282896338,-0.0495633262110959,0.390409232521246,0.186415977778435,0.193632786348977,0.0866354897031233,0.157422622094986,0.0109411788738486,0.178815663443352,0.105319235538825,-0.0307010786486265
"GLYMA_07G076800","lightyellow",-0.522924149648231,0.28970505189562,0.251849776961543,0.0807926679123742,0.676027196561724,-0.721819070509874,-0.241874985240975,-0.603234759971191,-0.572833132292692,-0.699788349223998,-0.448701778591053,-0.156723393227481,-0.105887418663304,-0.308265313678091,-0.0483345829879125,-0.078741996619295,-0.466962293218996,0.154475054034791,0.082358062171951,0.189200696833041,0.810250876422312,0.388101965327185,0.45559215116948,-0.0752537283549302,0.280069895527282,0.0530499009824882,0.241627148322238,-0.290171509135059,-0.414161199712116,-0.477820198296025,0.412530975733077,0.650913936706116,0.321723958368239,0.255379344227325,0.197034123607176,0.276364721253975,-0.0847697712929366,-0.346206084391357,-0.111265138566595,0.239910397340433,0.140056272818737
"GLYMA_17G261200","pink",-0.522775396537214,0.495673410050591,0.361311125043048,0.693525491877749,0.830165132582412,-0.802261557712505,-0.20406481690163,-0.341601592383684,-0.162195360008969,-0.130460506021259,0.196062953961582,-0.0385455214130455,-0.00447834548841659,-0.0723884901087809,0.127802333040273,-0.0554238485222632,-0.557146374816982,0.224399741321515,-0.0180143203263004,-0.00442715063071075,0.303488819307434,0.02461613923082,-0.00496355731549105,-0.44293619535825,-0.282680161684797,-0.425944430995735,-0.361246287158753,-0.765634572636789,-0.552555447351879,-0.137111887249585,0.126151499857377,0.530051415744793,0.164183208476587,0.221086168850784,0.196684847511559,0.295052257717369,0.032349375464061,-0.110054286724966,0.304569773619398,0.185687005113892,0.14462864540984
"GLYMA_19G118700","yellow",0.522650873595987,-0.14297694900982,-0.187519029161477,-0.359971503852468,-0.794346733421443,0.902513403161145,0.539253834396734,0.793148757359747,0.359374149240347,0.655654688100932,0.308981079084208,0.0978320665988373,0.0300933384362698,0.0716163949619833,-0.0364851750053537,0.193067663325101,0.501401456945996,-0.213403218791572,-0.0629787886193386,-0.0896104284070866,-0.560412686647973,0.113962211384344,-0.224803094654933,0.198599764015556,-0.0111096359353191,0.39941620453176,-0.0890618723943077,0.544740782397092,0.232015870526882,0.197267091611832,-0.470781810089054,-0.884480819664054,-0.580288116759496,-0.429348728986949,-0.394987885160082,-0.659716965201504,-0.257899605340899,0.180487207933013,-0.0210386211038254,-0.288345179222571,-0.117527408246056
"GLYMA_17G019700","red",0.522553867802931,-0.768463900735869,-0.542875254533886,-0.235158374660251,-0.505841649906092,0.415132153446744,-0.429443188741847,-0.124505700575052,0.319144791206399,-0.0180487944381569,-0.0603362165697999,0.147094351110153,0.164739579770954,0.174036093003459,-0.279753550119328,-0.23214563175072,0.313826802792678,0.013130449442374,0.0576957279868073,0.187003277428243,-0.224677107891399,-0.405136775287001,0.0662090740163059,0.467959614630756,0.48541498760972,-0.0506384135274079,0.367404648173591,0.506397015980224,0.816237165872707,0.567934110228186,0.0760290394667164,-0.00611982883696313,0.447699225887226,0.3840114713359,0.287982225629205,0.242149757380063,0.33020710476198,-0.0217089667654817,0.0708675388235093,0.0223204745646732,-0.0356595399269089
"GLYMA_12G109600","red",0.522475704229135,-0.87262832333982,-0.584931774583231,-0.490124344137719,-0.763158175422688,0.573430719091697,-0.280016130832793,-0.117403470444885,0.191700170867183,0.0500060509412298,-0.345014155339217,-0.088250347487166,0.0197408246028172,0.125031311265223,-0.0830313372582505,-0.0461749527761788,0.589679764889825,-0.0164824730503267,0.0348427676987787,0.0941735548933002,-0.293105255165798,-0.403688017547119,0.134103946881459,0.575178248087478,0.331849669480469,0.216006710539292,0.604444325795907,0.771489017835584,0.872450856460093,0.3954479929678,0.207630738690003,-0.10720651123103,0.33013898865502,-0.0333037523034185,0.0150935140242823,0.0392095251357288,0.0965687010655784,-0.0693554343774609,0.0180380138217624,0.11796829272459,-0.0326379162134641
"GLYMA_11G126600","magenta",-0.522451108283836,0.824213258715947,0.55224454860178,0.165763415998139,0.662239164209205,-0.479039585053042,0.338530084663137,0.0787014400001848,-0.374638317775885,-0.308353578374561,0.0834439730745484,0.0714926395939733,-0.0685272702732022,0.00442825781089662,0.0563877083471076,0.0161077307813638,-0.568587245478635,0.000150754919946046,-0.0881337151397919,-0.122555888241425,0.492702404015907,0.586871387279918,0.0369484918366351,-0.438266016495844,-0.170135600464006,0.0413285799711727,-0.353462366801076,-0.526126139936083,-0.844297320200439,-0.575468177031028,-0.170675097948251,0.0932883887138616,-0.344218433393551,-0.023295860062897,-0.166723973958524,-0.112294462694203,-0.177937588290387,0.122786826026557,-0.270736471486956,-0.170080156350783,-0.120154851601444
"GLYMA_09G031700","yellow",0.52153773359656,-0.245794889841001,-0.297629632642851,-0.502026193486745,-0.853136837555868,0.893334895541651,0.496101159199959,0.683901538414367,0.285030330359864,0.553778486162094,0.111958352227233,0.0183681663781876,0.0530509465731931,0.0467557954655756,-0.029419821771228,0.152901086353023,0.554883219614587,-0.218566093220381,-0.104129526848391,-0.0781789108502527,-0.576122767117324,-0.010253026915521,-0.235906792279247,0.229440460327288,-0.0834782284110921,0.395542055494823,0.0075480580046447,0.591244948050931,0.316070855203977,0.130084553825682,-0.244239177984974,-0.807388914574962,-0.519868255641837,-0.473793048297244,-0.387025301901413,-0.604405369114187,-0.209816476609588,0.109248262077588,-0.129863274910937,-0.280618151724219,-0.0790106373998167
"GLYMA_10G237500","yellow",0.521520778335365,-0.197987809056482,-0.284433643829829,-0.545022671222574,-0.721148646131462,0.84299239600157,0.425998811865815,0.63555328838391,0.1029808880577,0.330663250795766,0.0686021812081443,0.129013486746535,0.0466761028392972,-0.0231909202926943,-0.196713813772808,0.0382710213816909,0.370367934393828,-0.268440015658315,-0.106351031388152,-0.108294999895758,-0.201432504315872,0.377781507337474,0.0642231749335805,0.373148285712034,0.383260128247597,0.561090410535844,0.16584840748157,0.67381806639837,0.241500632329746,0.0908615747241675,-0.380095578300818,-0.749714794173063,-0.425121542188642,-0.24917826543444,-0.318150420930805,-0.637706356628883,-0.343630499833899,0.180618084571331,-0.104905551666388,-0.161370180972439,-0.19857710944621
"GLYMA_10G094900","green",0.521462852299023,-0.0954530842358226,-0.178105615002921,-0.349195983085334,-0.77385681232539,0.898583202154712,0.576091781725141,0.841487094312449,0.42845140138973,0.690960180262869,0.359121852992164,0.0364732002472303,0.0987548445058065,0.0764291874714186,-0.0557624961716819,0.169506559422841,0.485941581106525,-0.267177654531495,-0.0964255967563328,-0.0808360101081299,-0.680275438943024,0.0343582552559304,-0.31769639756368,0.139597248309312,-0.165830529407145,0.261168682848105,-0.235424204294728,0.426012766527694,0.225840358366398,0.199123497745495,-0.43402350855658,-0.894273419706904,-0.620881132281831,-0.426332646255039,-0.279909268940498,-0.579231208053621,-0.120053489636902,0.199735233258738,-0.0624194320402987,-0.358671565847873,-0.0922307891589306
"GLYMA_12G093800","pink",-0.521042086659784,0.240389009418839,0.214855959479924,0.518331390305909,0.849704482460858,-0.876023618371377,-0.51129231792442,-0.642486893270926,-0.278299484878959,-0.539141038673692,-0.0562033683847904,0.0335469259309761,-0.0542615023804393,-0.196297178939849,-0.00337591172939339,-0.206648887153223,-0.613399886735519,0.191771163672294,0.184676226903251,0.142673652070244,0.597799618617925,-0.020153675312595,0.148001151730962,-0.305812310535286,0.19213594854868,-0.417384851311218,-0.0537162751539048,-0.620260316705497,-0.327527286875495,-0.0987474997601075,0.327367848647079,0.77883168832251,0.513135703267813,0.568753930045197,0.347459573584613,0.537262698815333,0.17726371311955,-0.190092504780388,0.143237680622137,0.243932955746803,0.182109985237255
"GLYMA_06G081100","green",0.521041823481744,0.0469163156222941,-0.102452085722813,-0.385696567474894,-0.709973156622973,0.856146031441169,0.678462108626128,0.874159580808314,0.33709582932674,0.613791952475028,0.306762975061532,0.131214875670729,0.143586247172349,0.0732035012219736,-0.0903769710418798,0.14960280673516,0.371132446282777,-0.248319333864153,-0.107200429757879,-0.150216225542684,-0.513441517964072,0.148863650097802,-0.370750475258796,-0.00241344799847027,-0.109734110524653,0.389772967710776,-0.207369958922137,0.416698419597507,0.0558316520613603,0.0489491983929,-0.479053256418627,-0.928349789680818,-0.716982782493713,-0.528104838992306,-0.437893196136916,-0.678478428576086,-0.249564513291861,0.179195316027414,-0.0568609660232996,-0.368539667029072,-0.0872430087263571
"GLYMA_20G097000","pink",-0.521027719092879,0.397337749549216,0.319992810358167,0.675293901690746,0.849671433668062,-0.798046848747113,-0.346324337307223,-0.392655701861784,-0.109624310403219,-0.270235399991535,0.222921730659395,0.0356597549349112,-0.0452265512011943,-0.212262443749058,0.0558449307800372,-0.128256724026896,-0.605573363851115,0.128068275594706,0.129165408774033,0.0348217517501824,0.379492575501935,0.0281819249224897,0.068637465027116,-0.347692301255265,0.0220676346599493,-0.525685869944612,-0.337517326447292,-0.764285218977349,-0.438727543401586,-0.044740314424385,0.187512389487406,0.595183477672488,0.314032675104268,0.473567597431112,0.451946587170913,0.47507651672692,0.239125994142896,-0.0185014234347769,0.30473067230532,0.208694486664511,0.220849176689584
"GLYMA_13G283100","yellow",0.520873569139669,-0.181163064992558,-0.0970058686452557,-0.370540560964821,-0.742255048166441,0.815876119188302,0.466110872960565,0.66216973398349,0.48904605958466,0.540097540772495,0.251226989488769,-0.0358211373671899,0.107137944274028,0.264045543067173,-0.029575943759046,0.205414542626941,0.560370489289144,-0.204215037788598,-0.0338869472938314,-0.0729901968230958,-0.638523785042907,-0.0944867417757814,-0.29733960437712,0.143692868494373,-0.228312736297324,0.242420725073663,-0.11693343767834,0.469621631718372,0.331407137991089,0.205080662082111,-0.407817969301128,-0.728382339642956,-0.473845518505901,-0.422983796874529,-0.274784992377895,-0.375361938612813,0.00889100253166936,0.230271594710057,-0.116500685841607,-0.356953733157045,-0.102059140593592
"GLYMA_11G120900","yellow",0.520630460975136,-0.306265017045282,-0.206183957672518,-0.64113820415194,-0.904889940020037,0.933416736489587,0.479693801590974,0.631012113014148,0.300130886918312,0.408516201525703,0.0247411776808187,0.0183860163543605,0.0230685804005633,0.190499667402877,-0.0335070342864204,0.149890160728711,0.624879685122235,-0.221631787857938,-0.093696775918781,-0.0309010742325997,-0.524953017793582,-0.0225052952659342,-0.220662417856181,0.261442524130712,-0.0498742640970435,0.458598477163067,0.11689205539585,0.70125286099632,0.406151927012566,0.0966337278587786,-0.336119669611666,-0.791951621670055,-0.479159796308244,-0.456637501529191,-0.385939793165684,-0.511622684300297,-0.0984481599566181,0.13838040262448,-0.30243605060362,-0.363906467051311,-0.14444097706951
"GLYMA_18G099900","red",0.520513354196124,-0.852891868066943,-0.585379386760855,-0.0807091104934917,-0.648044737577445,0.545733443321131,-0.415047147834359,0.0172421371740815,0.497659009487245,0.322938638865317,0.150506004858076,0.11198269955778,0.0118536377799379,0.261992662012065,-0.043739521205279,-0.100913809842978,0.485909778895114,0.0717105876413498,0.102481815633861,0.126119907431201,-0.573438880060361,-0.571409481233541,-0.0202203976197808,0.524114040757619,0.245261869707087,-0.190742467360324,0.218931698655998,0.488470082992682,0.918422047038221,0.785484440555773,0.00939131435022801,-0.140857520621133,0.385328854014158,0.274276164536488,0.24913174710469,0.174503949823601,0.307302503739036,0.0704052165303341,0.191209422495476,0.00562892385987678,-0.0894313995210062
"GLYMA_06G128100","yellow",0.520493151194026,-0.0711022239696258,-0.0913003527487647,-0.623452405798705,-0.81674325950124,0.888492531282407,0.670089275483749,0.730727229048353,0.305090238160228,0.412964583732991,0.0473737982353271,-0.00794756932639201,0.153883286485764,0.0477438140781638,-0.109583320509311,0.228103177423312,0.526956326083471,-0.193713951836627,-0.0899096413724167,-0.0154233675735832,-0.406655931665873,0.126141505741183,-0.301357437813433,0.0473271036774118,-0.0422622716253332,0.573595983893813,0.0535595629417146,0.622196487269479,0.17029400524066,-0.0949460277194531,-0.412529973993726,-0.862933566094893,-0.660623014995894,-0.617655721965075,-0.48487761578037,-0.600706109880185,-0.188965231529585,0.0170490617960297,-0.18676608413369,-0.372585021157715,0.0130006947330335
"GLYMA_16G018500","yellow",0.520372111967868,-0.411508810815208,-0.401313387570993,-0.283756750186765,-0.801321186404611,0.85578781681434,0.198313575859763,0.614238706041027,0.523734669603224,0.577813391165389,0.318729097607579,0.400345912158089,0.169323254975161,0.212825686861681,-0.116369409937429,-0.0491217993970027,0.441272035855072,-0.240789646897275,-0.121867675881586,-0.113675845248037,-0.748217811493477,-0.258640324992778,-0.285482530758048,0.286541359463501,-0.0102911333865989,0.0312335106207886,-0.119327486726584,0.458777749248308,0.535036310118011,0.475666783337867,-0.412635011446405,-0.713254166975753,-0.273963725287765,-0.137441861763265,-0.0635703535333606,-0.306194094604026,0.0748804383993365,0.279349843900574,0.0266509553020545,-0.242479572003381,-0.168062149298228
"GLYMA_04G023300","pink",-0.520216662779244,0.469635181856173,0.361332792830911,0.435545488549046,0.881561749463933,-0.878763038229918,-0.274177799488797,-0.533024553285343,-0.43079859806668,-0.506024876225638,-0.150578898646525,-0.0784611388141353,-0.0268509150049923,-0.196536572144466,0.0194381831618434,-0.206838088187988,-0.675199512543901,0.0828315629350146,-0.00942289021063294,-0.0338284060096141,0.669450809838809,0.174074782973898,0.158367306749758,-0.38405509794584,0.0492077687719644,-0.23714360975614,-0.0526540260052684,-0.633409686912796,-0.566902031308532,-0.346942538243663,0.323142393076122,0.68557473203744,0.288609266091427,0.246807521615115,0.118256411035403,0.34108998624617,-0.0404215322866598,-0.130323768423228,0.126610125226306,0.30718226793899,0.100704911923192
"GLYMA_14G006000","pink",-0.520194943464336,0.415037916178699,0.204247849530907,0.739866091009396,0.822050064524483,-0.791396404934792,-0.304489689336193,-0.360571704627865,-0.348865223234595,-0.0130822796863826,0.15692187184535,-0.0818479965188226,-0.191953658254384,-0.155089408187483,0.232124238696898,-0.232282242612163,-0.643345139597441,-0.0287203324984314,-0.116902382522273,-0.31334760132271,0.284602336520555,0.0993038212551094,0.188978849691376,-0.211668842238688,-0.25866650643017,-0.463195923524764,-0.309704546411358,-0.744638432409291,-0.500926333387698,-0.0318811135482879,0.234907641957446,0.559000575575313,0.254730728477775,0.244349252869614,0.224098435761392,0.1890240304035,-0.172822167750468,0.166418259343287,0.382801475859895,0.467776599325219,-0.0619369081575221
"GLYMA_06G058600","skyblue3",0.520187935671404,-0.309417207822062,-0.252039758498316,0.05332456686359,-0.332366534562013,0.355419578440977,-0.0818961919088797,0.2114061434813,0.850486533883853,0.224737726497741,0.438050255894101,0.114524781150847,0.386490444160507,0.109407437198819,-0.264542606202517,-0.0912664405113961,0.181002484357641,-0.0402076519827616,0.312942719617707,0.241289450205827,-0.467600699034946,-0.51369532571107,-0.42589458070238,-0.0991246795927098,0.0231202586008128,-0.257404196261885,-0.196666552804197,0.0955874292897939,0.476584650970549,0.483210463544692,-0.0929540643866441,-0.182044557421837,0.0529478038791568,0.12837013533978,0.24221596813548,0.361534426088719,0.639399756224806,0.0290222233447703,0.233051196373514,-0.256571310450273,0.344131528120268
"GLYMA_14G077500","yellow",0.520176432789059,-0.357818112275271,-0.19659224352869,-0.179278887437364,-0.754107447292757,0.801663105041382,0.260837790994082,0.606619970872016,0.662669750589613,0.653115697944513,0.416911278608286,0.162401065311274,0.132775501418978,0.320420107467282,0.00748726551322928,0.194975969799649,0.60919390014262,-0.0843483557264254,-0.0294209609680128,0.0107688232655632,-0.857778284415733,-0.338137641754648,-0.336273601409352,0.230760946683363,-0.240282635633302,-0.0458428329086307,-0.239032044686991,0.366702355612807,0.519881986895687,0.485871074393523,-0.343586687954582,-0.663413705117955,-0.310657390241994,-0.212758236263531,-0.0167849689743593,-0.183882510270648,0.240731184535347,0.227337721654805,0.0303920549290722,-0.361570783698509,-0.0812153197730286
"GLYMA_15G226500","yellow",0.519987787247654,-0.114036334410776,-0.160502630462201,-0.434773736825011,-0.735216523575135,0.858385668321981,0.503375206205024,0.761035584987366,0.405868929366606,0.487182980053441,0.272405456452335,0.239083851210982,0.138176817759605,0.150175591178288,-0.0687660326289432,0.0465145659220522,0.371529285755406,-0.260159930410352,-0.064974492126126,-0.156888007455339,-0.52548110900668,0.00654170390914087,-0.358513560749525,0.0679892543617458,-0.0424267440042543,0.306018501817227,-0.11223821269273,0.473105614792904,0.233729408104959,0.153751329961099,-0.492732915920002,-0.837176851514959,-0.551620239497062,-0.380022818519673,-0.372612273187182,-0.505348974493467,-0.101933342865652,0.263884551803336,-0.163633897158662,-0.36638270855179,-0.12244415176633
"GLYMA_18G243000","yellow",0.519860425352322,-0.0084666205176046,-0.0577250514083975,-0.566440116486426,-0.753077479588582,0.866151337981404,0.683122363865242,0.781952809827271,0.261525697217393,0.429607868628504,0.151638867094602,0.0475491946060075,0.0526993478570127,0.123861225442105,-0.0433572070177377,0.203095761770961,0.474205094942964,-0.157753494016008,0.0227039743060276,0.00601783420171797,-0.384737485664462,0.103881997445345,-0.448770442467813,-0.0700745369917543,-0.0568490026076909,0.532277377070311,-0.0421990396193143,0.541209114307553,0.106450010457988,-0.0482247785875072,-0.475042253486,-0.880322989970584,-0.684773463800719,-0.478939685096181,-0.59260560253955,-0.668891511858428,-0.240759878218469,0.0387923558743734,-0.341206603443655,-0.508082721732841,-0.0835676486731779
"GLYMA_13G355900","red",0.519440233621948,-0.722853973242453,-0.490477283362255,-0.357106145576825,-0.717596686199678,0.608688188581449,-0.171026517283171,0.0859468627403814,0.542838229606598,0.167604362100409,-0.00270050823926035,0.090089121304101,0.158736466168107,0.285159133428142,-0.0897688563041123,-0.0291571801875,0.547856890593945,0.00387259080212982,0.0837729774077987,0.106481567108853,-0.55136222623572,-0.596974663667429,-0.222617684228358,0.312254861298288,0.0671733349828716,-0.0310455031874699,0.236187316639721,0.545154126425575,0.829303308007575,0.495979859728029,0.0235931845222339,-0.22322600814918,0.184459466638235,0.0449189301420415,0.0679325347632686,0.190731096761363,0.410599802478532,0.0717721533732422,-0.0569139259523606,-0.182265243704855,0.0468233366830872
"GLYMA_08G177400","yellow",0.519429844110897,-0.0156702238572829,-0.180728585137172,-0.571589937968291,-0.736112152989553,0.884807935355594,0.649631358422375,0.802264434480129,0.250139231764476,0.40733739525282,0.172867432947426,0.126457555933288,0.0877424920892095,0.073135953619407,-0.105702240780151,0.10668418329121,0.361088787749318,-0.202674425006981,-0.0470733386859082,-0.0977664044203309,-0.322097453433126,0.264246968441432,-0.26330229961274,0.0668745990176216,0.0962959595296012,0.550479272933928,-0.01778969574395,0.569468430719352,0.10470267350574,-0.0194919521248907,-0.524721117586105,-0.886955851035547,-0.658061052261975,-0.439576598308985,-0.488207870414805,-0.668288222283053,-0.261873034601686,0.15711369517444,-0.225011313867701,-0.389333416514265,-0.111628567795259
"GLYMA_07G003500","salmon",0.519405098611772,-0.718159090996859,-0.569894485030212,-0.576271071692375,-0.783524167190468,0.678451064847331,-0.0933550240851585,0.0808280065283832,0.282596959849731,-0.000660812111365997,-0.201475925500859,-0.0451892933964069,0.0446918593482355,0.172837061319912,-0.213761989768447,-0.0612487668510027,0.509786477229587,-0.0160533119450666,0.0823550812152117,0.181601453377779,-0.219992278957828,-0.137012379087037,0.166299953608045,0.560101269700469,0.406715231105254,0.362411462508174,0.502994242574359,0.822740641310947,0.745007872330105,0.301538232189773,0.00369918299603822,-0.282179281027424,0.13073426212125,-0.0412663558454823,-0.0174365924829857,-0.049170150216425,0.15266304015572,-0.0322257133237212,-0.112733368148239,-0.10831180605787,-0.0403919580666664
"GLYMA_02G022300","yellow",0.519388216431518,-0.405626045094165,-0.346072917185909,-0.606146231287671,-0.841878963074353,0.822600825855239,0.322112679771312,0.437886023558565,0.40940698587366,0.23697012320524,-0.0422071446484553,0.0339038104305417,0.216698603212563,0.149616750722021,-0.238475674396901,0.130374071543858,0.581759242069823,-0.0286063476041366,-0.0145599321679891,0.235493216058552,-0.405532920464294,-0.124599724669935,-0.201177617169935,0.210431109716746,0.132200163029942,0.412024855969281,0.205766483477081,0.68996911589094,0.505500881151729,0.128228279983581,-0.189293621699245,-0.593116003519688,-0.286309479276457,-0.295043934814574,-0.176982050994299,-0.269071668043143,0.102415100844051,-0.153288806963254,-0.117415619493126,-0.355288060170127,0.087559127820561
"GLYMA_17G064800","green",0.519385639885445,0.068343686633369,-0.0234234543799905,-0.148250222777716,-0.608894673173611,0.765802203594104,0.634633965662465,0.862953094555632,0.577824966844747,0.740947770191829,0.53324590150945,0.0549034328175188,0.120121472169017,-0.0801618845812642,0.0214297948692357,0.316223887532833,0.451555105915512,-0.0967154381324137,0.15721410205086,0.0530314614692757,-0.612261844268632,0.0129139749700026,-0.479541836347944,-0.125300880083848,-0.200120715042458,0.196241957048469,-0.399556265954906,0.228479308367457,0.0747583665581171,0.177448454564145,-0.409700060030913,-0.843756754746005,-0.668689626335355,-0.398889763628238,-0.243794094072661,-0.51502269844227,-0.0499700754564516,0.0149621066336819,0.126500838903103,-0.42641956540639,0.203542627045288
"GLYMA_07G253300","salmon",0.519371547308616,-0.509733467984384,-0.435452293022591,-0.656403579426085,-0.751044166468718,0.727554720045849,0.106989906276806,0.231780402324149,0.0992058631308897,0.0116365030716738,-0.224856894729477,0.0220884320442962,0.0546926424690862,0.186722122378452,-0.201827199127441,-0.101799963861502,0.40230171422669,-0.0303797105665123,-0.0650766860623722,0.059048439899216,-0.0560447094589473,0.0543125112188042,0.0456260552189896,0.372795613938469,0.486504599075925,0.579767637148764,0.527755306275551,0.847179189728904,0.534559450081109,0.143275441629933,-0.113290725652652,-0.431074950807347,-0.06432171096229,-0.133816261399184,-0.338488673274328,-0.333356680750848,-0.165182512467397,-0.0318048965493829,-0.194401981119638,-0.136507348878757,-0.145156676668191
"GLYMA_12G013800","yellow",0.519240937826804,-0.0561205787441391,-0.118352339687203,-0.644157465121455,-0.724656353169872,0.837265407377308,0.61158083099337,0.674876699741088,0.135356960351238,0.277128889401893,0.0234629387030983,-0.00101435165005705,0.0239004062574047,0.0503650446728903,-0.100845599141973,0.144745473598761,0.414884965604298,-0.157164095620889,0.00383306237853023,0.00737452403144259,-0.153786092703215,0.337836593548163,-0.153343735332471,0.119713272782839,0.196729539123315,0.696947100888934,0.157595147960288,0.67929994877863,0.119128839760067,-0.102445679850804,-0.352239752974733,-0.790435046457908,-0.587586349365604,-0.456206543235006,-0.566549826821527,-0.688751409835184,-0.354544533779105,0.0196749316520626,-0.30127856657231,-0.371705317554509,-0.0928663269630156
"GLYMA_09G213600","yellow",0.519092289827881,-0.411674465456716,-0.378359898624977,-0.707748534411809,-0.899536768130964,0.863822569415544,0.364939986481567,0.439726802068134,0.264332510166713,0.231181713944996,-0.162282600722428,0.042005777202122,0.146312802240489,0.144510133608139,-0.16065788946736,0.123360628235017,0.595280864761946,-0.137430825505282,-0.129684804493914,0.00307467965669405,-0.364806816975076,-0.0229714330040134,-0.0768045671267086,0.322054431185068,0.133511781605595,0.564019313883642,0.337808454772626,0.815891539328825,0.470012623458587,0.0396172596330661,-0.236437546202905,-0.643607542048082,-0.335997042095498,-0.485843302165864,-0.361385359726503,-0.430527670112763,-0.103070569370742,0.0480821557410326,-0.146037561530651,-0.221222640083526,-0.0296729499660029
"GLYMA_18G002000","blue",-0.519035086855947,0.0096952123031796,0.0318400583989732,0.502557048736851,0.694246241536501,-0.81998699082207,-0.64468884217527,-0.74855755786174,-0.456454747087221,-0.349625792020078,-0.236806967895288,-0.108709068302711,-0.161593106734169,0.0528158372665318,0.159916266047827,-0.354239783673943,-0.533282409873593,0.070422056451615,-0.173822100367305,-0.213573458158269,0.365112406449642,-0.147496657344321,0.350109590112237,0.0319768162236119,-0.095938774309788,-0.434988040771777,0.133818913266899,-0.468583553396564,-0.14028293261698,0.029688837521736,0.450746692882956,0.818339472009531,0.628564782552578,0.346431498374203,0.240847653696062,0.460348617351675,-0.0320854107257392,0.0831170534791027,0.173555168654103,0.553776516237608,-0.183389634884817
"GLYMA_04G033900","blue",-0.519014559629714,-0.0372093770155863,0.0599744439224594,0.290311545942633,0.650022135003045,-0.820037078942338,-0.632404907475009,-0.848515264020288,-0.502133674256924,-0.58269736406443,-0.451534783197141,-0.160006798619783,-0.102913456605414,-0.114135074257809,0.073760327223347,-0.24561307694029,-0.407741496927737,0.0894396838305627,-0.0808878910601423,-0.0363938310096897,0.499995231484888,-0.159666873860451,0.330553128941654,0.000893906479495231,0.0730507458726616,-0.335717725571006,0.26194092488934,-0.384526510724882,-0.0951899735467258,-0.13141366533354,0.556560998348047,0.866759598593033,0.656717807486582,0.374522123383296,0.304784714405749,0.544925381012504,0.0776151441449178,-0.126585198162814,0.0560082364259914,0.46820922418872,-0.0104619679333356
"GLYMA_14G203000","yellow",0.518696356376832,-0.316456895639546,-0.198672066955406,-0.528262503360406,-0.803057278310178,0.832218895254252,0.40902482158558,0.54520731446785,0.219457714479844,0.391775396409109,0.0108541571630574,0.00650678844310401,0.0225966843247104,-0.0120605303717094,-0.0844969945977459,0.335194495563241,0.704252423100249,-0.0864607964045098,0.0487514598777408,0.150781525903154,-0.430343439051828,0.144749140676793,0.0229633326042592,0.424135884588028,0.122056898743654,0.427642626279528,0.107519582789535,0.644173971230323,0.379469004086083,0.116598118142213,-0.218428743726302,-0.684983747160665,-0.383964732586878,-0.283727580396383,-0.164797891022679,-0.511121156175025,-0.163628464260617,-0.0592318144000649,-0.187154260957483,-0.296062097681343,-0.0847112290650539
"GLYMA_20G060400","pink",-0.518130725020221,0.556001645628147,0.469393464522669,0.225269787312368,0.801030829914786,-0.756927118352748,-0.0807485778711016,-0.409297556839528,-0.505453093895653,-0.579702023455763,-0.205890430919054,-0.0937430662150237,-0.0431818658376513,-0.0798171025328086,-0.00674076369572352,-0.108873079666923,-0.600756812368799,0.112851771049652,-0.00400802323212837,0.0347159918942255,0.724580375915035,0.328928418975,0.119326813192301,-0.420313022925102,0.0354437678319302,-0.0490606455696301,-0.0282576411269677,-0.510502249419053,-0.632515873151818,-0.481050175104404,0.140230916439887,0.526071756579598,0.118329149643117,0.201833463087865,-0.0560276016829538,0.198026243354348,-0.105737918429856,-0.159642071916912,-0.19066472250783,0.0744570719240848,-0.0242359736528698
"GLYMA_11G054600","blue",-0.518039910229499,0.0407268204418766,0.138895379578458,0.391172903113144,0.729147533511806,-0.852971951949402,-0.599597515330845,-0.812488286300733,-0.342611218979697,-0.617216230401588,-0.268250079766207,-0.16260764455502,-0.0937077986485728,0.123502235164212,0.0517164219135056,-0.130352108328524,-0.397371897515369,0.271591811043428,0.0497946948940805,0.117260118728506,0.503886135451859,-0.102741063378885,0.353058591067066,-0.0475450006516307,0.00738651703360315,-0.370187198361308,0.137185021070047,-0.437793725941992,-0.13994539297184,-0.0921390406395107,0.41884363116308,0.891982668942042,0.6337955871363,0.45725603395602,0.354921269425191,0.615445706304671,0.211433793712552,-0.115459378422836,1.62972725383228e-05,0.26134101790678,-0.0221968861479463
"GLYMA_08G299900","magenta",-0.518027705189257,0.829938147484029,0.576018343207067,0.499225414032061,0.748639733762843,-0.559748354013431,0.235937488555554,0.104503601003111,-0.313828453877167,0.0118643728657504,0.280290283136421,0.06745960426926,-0.0532855426243022,-0.0749863062898967,0.120578464028205,0.0314458748859592,-0.585008948805311,-0.0669004650503073,-0.155733046379495,-0.28801102873698,0.268306924122877,0.423631852803626,-0.0466409216703142,-0.463304850202996,-0.304129148355776,-0.228041437588415,-0.542424427097983,-0.743779904051645,-0.849928514846361,-0.343542992129009,-0.284599008631703,0.100705536957444,-0.291014505059174,-0.00652871104208955,-0.085124548118726,-0.109582701261174,-0.246375247379054,0.219550905051188,0.0478748668597209,0.0538167701250244,-0.157809606653711
"GLYMA_20G140300","yellow",0.517829729358578,-0.320402174738309,-0.275348956361306,-0.734890532919091,-0.847703156247228,0.808986736639103,0.440279638993476,0.429173826936491,0.217824934542211,0.190470169438332,-0.226855260288245,-0.0759028868496479,0.159022435702509,0.00471967505576989,-0.152097264114615,0.21809526034705,0.59467617174792,-0.121051678808459,0.00108600087790094,0.101860062371891,-0.264270525781943,0.0394463065215503,-0.117415434952359,0.222083713598402,0.124309319600806,0.629547236995408,0.350800614319083,0.784931228974445,0.367140385829573,-0.0831137374803094,-0.157387721595489,-0.626917498369307,-0.389231507426334,-0.536763801712136,-0.38399662722805,-0.413568936248714,-0.13409444674596,-0.145949846520611,-0.195337345095617,-0.249787121195188,0.0816140073687545
"GLYMA_18G195700","pink",-0.517635365394463,0.534842156492997,0.362726500950571,0.460205617373249,0.876973788816451,-0.840658314144251,-0.151412456469804,-0.432824721661976,-0.320751026256598,-0.397563837145739,-0.0243037009495655,-0.204761167320866,-0.0838991040176996,-0.120679300994801,0.110594873725558,-0.0694653394778786,-0.594890371184043,0.131573329853007,0.0711521957048257,-0.054172575352525,0.550595021731941,0.211746424943617,0.148673349806678,-0.374171886862339,-0.174957082668217,-0.263863297067861,-0.200084254022575,-0.673046730365496,-0.592975057644387,-0.338428307543194,0.303411323303887,0.62936503733304,0.182681284935196,0.198110003639599,0.180546639058701,0.361458659046417,0.0512566249999227,-0.0253647623608278,0.0746138177411906,0.189141803602244,0.143290455898362
"GLYMA_05G226100","blue",-0.517398335705261,-0.0434548017254432,0.0372770049352332,0.370859856910336,0.72401884945241,-0.853092140103443,-0.702839276468365,-0.863567566671759,-0.447812630112779,-0.619526691689227,-0.338444981695752,-0.0555624165864081,-0.16759386643606,-0.0608462691456798,0.0654712381264893,-0.293749571307206,-0.501864285331164,0.17624188084054,0.00439425845043952,0.0118970620725633,0.582170481391644,-0.0758443467044314,0.431918976711872,0.0474245972064373,0.195952987940207,-0.36375441225753,0.248446176437887,-0.400655337478291,-0.0835497909100604,-0.0434687284832288,0.542289465030908,0.92765753449968,0.736598202410451,0.557067421449205,0.393272225502022,0.602061100547168,0.133814765440038,-0.0702805316960563,0.0699989935379734,0.452489191585548,-0.0175539321295677
"GLYMA_10G029600","red",0.517397930211832,-0.803159602729725,-0.617368206254848,-0.348233660561378,-0.765054168561058,0.649046580578002,-0.216915174316346,0.0812048927703882,0.360520780472802,0.258133529347425,-0.0471393426409464,0.0359994792269986,-0.0243133597459019,0.124331199293766,-0.0483969630023813,-0.0604750324801826,0.541237165833124,-0.0104977361170596,0.0414662742743207,0.104697533954288,-0.475010478935295,-0.412206345560884,0.0236824001786177,0.535505447084006,0.241615495500948,0.0678381918696227,0.341696603574776,0.646239570324198,0.851791088325393,0.540166796723053,0.0790429859063111,-0.242662316444612,0.226378520983453,0.0781414135048662,0.148421829597089,0.0144573360918142,0.198927738138494,0.0187536107512201,0.0279995014980773,-0.0193806254334048,-0.0108564600007953
"GLYMA_19G222300","green",0.517307199410445,-0.0145809356659279,-0.104321176573989,-0.306297371406066,-0.658533369606023,0.816806496733361,0.558479092648053,0.807471138842705,0.277883636332293,0.620302742106139,0.317716319458787,0.102461788123856,0.103948054736801,0.0839341554435686,-0.110098283698392,0.144862752127385,0.378555589724816,-0.271780947774793,-0.223664962706663,-0.237979742425463,-0.494714392407491,0.26050322171357,-0.117096027036117,0.226216798462748,0.0322522138599852,0.329938240278766,-0.183928709442402,0.409683505390117,0.111862746922221,0.148575532704669,-0.464375713130325,-0.851931899183382,-0.601210080895336,-0.406669979441405,-0.263659649163897,-0.649235808556713,-0.260597275016063,0.329538741425338,0.0623951212075575,-0.213113192766535,-0.226889471081267
"GLYMA_14G080100","yellow",0.517135489150873,-0.0149588754467451,0.108021957415797,-0.51351537298742,-0.704802229512152,0.814666658092282,0.641035180176321,0.731486562553349,0.408082400529717,0.358128664898497,0.183854601354525,0.0757399846243079,0.149279409586168,-0.00416391260037746,-0.112624223597807,0.398440404433472,0.595774501982203,-0.0540881266104482,0.119258649236713,0.195056180958739,-0.388618043709699,0.070922265984552,-0.422337357459401,-0.0580945997578697,0.0626491851927975,0.432436857664074,-0.0817514102233122,0.475310435406649,0.142939592284779,-0.039421909232449,-0.524096620943358,-0.828374617856843,-0.62760949748138,-0.373165656833927,-0.353224310197541,-0.462127683310606,-0.00626015795084094,-0.127639335928266,-0.22347294446212,-0.533217916174577,0.113037673703639
"GLYMA_05G233700","yellow",0.517011736831993,-0.201064860115948,-0.191016203017171,-0.329154327356119,-0.721350624301442,0.8477505706407,0.402009391702256,0.730003368370564,0.303318455566552,0.580518525597597,0.305610484576697,0.124589633744959,-0.0375723600758588,-0.0635982732089978,-0.060359267895922,0.0938431209135188,0.412122537922387,-0.267947881841884,-0.0211139411560272,-0.0657243691952585,-0.499372284743079,0.154113441516477,-0.0998083622404308,0.308673018530169,0.162900176291006,0.250040388053944,-0.108158545232099,0.465101174670268,0.288143324102127,0.273958548026829,-0.405522609496921,-0.793556403852558,-0.435708133676092,-0.201610012797364,-0.101162877285621,-0.540911860033553,-0.14905020783817,0.189203755903163,-0.0142545855156246,-0.229140056010293,-0.124272742214266
"GLYMA_03G101700","pink",-0.516907586524397,0.424911584337316,0.386575186309772,0.585019290384371,0.917980930361984,-0.876461428805414,-0.348077609312116,-0.505015963257225,-0.321941534558747,-0.43502141856677,0.0376898481864479,-0.0424096232950159,-0.109374431411022,-0.079727575952256,0.0647974627876927,-0.154346406252777,-0.617868043413993,0.170952607597941,0.142363220764439,0.079920188062313,0.553176237230518,0.104566172373874,0.131273243526541,-0.334314803272955,0.0167853199352933,-0.421936561993794,-0.212536836483567,-0.72446604518373,-0.481278790978027,-0.155045269579744,0.356077489916711,0.70171727496828,0.3547614751063,0.486851368940428,0.292054860046291,0.429018337147808,0.0958692382153182,-0.0902083205430413,0.0729590743782865,0.174600544193923,0.0289823928651023
"GLYMA_13G108600","red",0.516905312447077,-0.751429680681715,-0.40228151220755,-0.237877068500007,-0.699947116595232,0.620200935411361,-0.229943715604905,0.104798944296898,0.371958329801506,0.323904208028721,0.0372459938191769,-0.0520637235312163,-0.0555309052859776,0.25576305998907,-0.0077971979166788,-0.0237502064301419,0.585591304259235,-0.103530726176205,-0.0110386021173663,-0.00962870491120794,-0.55721139565998,-0.41346182182737,0.0359402740610331,0.585730573007505,0.157764333692761,-0.0334583370378728,0.263036419952326,0.567442139884827,0.837319695699332,0.608669198202801,-0.0157614596065394,-0.246604528851575,0.228450557150002,0.0973056311686879,0.140785786675373,0.0602886183941994,0.214333684066467,0.201325074671971,0.0508012455186259,0.0324327818133181,-0.188651079935058
"GLYMA_02G309500","yellow",0.516900372670564,-0.217460326572919,-0.222861712925139,-0.441742026887514,-0.733180451422344,0.866721753139135,0.405243019215603,0.692904778185125,0.136694704337331,0.48535982563685,0.182999683949378,0.0872774729764807,-0.0461646837936172,0.227573528673931,-0.0661099553802177,0.0713073077838177,0.443316871087193,-0.228688002948876,-0.119133620363721,-0.114142045318257,-0.460869795908356,0.219805717592006,-0.0317884972043437,0.388227295989469,0.130341816885251,0.32670868151933,-0.0178668987127937,0.547119116678999,0.303315551817695,0.241560123957661,-0.458113249059988,-0.775703442214463,-0.428435721923696,-0.191727875023285,-0.260897392237041,-0.620378671098281,-0.273101997031804,0.288802760156917,-0.246689506348282,-0.270841696822948,-0.448933736606155
"GLYMA_06G265700","pink",-0.516798060013138,0.376027730531033,0.339087123918345,0.629239883643218,0.808250672024479,-0.767273178716492,-0.330477024015238,-0.417872990294836,-0.217417876399344,-0.246631211902321,0.131060926881487,0.0175333173687287,-0.0968731001116017,0.06106445978139,0.110808024187553,-0.172225300665453,-0.558924759873635,0.0759150568735977,-0.0620195126665622,-0.141588914128071,0.350911021602314,0.0579750966215901,0.15464879959306,-0.237719283395136,-0.140052813737497,-0.419934233620451,-0.223803315426883,-0.6473568146498,-0.409031212615393,-0.0544611894634653,0.168572728236718,0.597059010460357,0.309676257758134,0.319650526755669,0.215414523013361,0.374885848383066,0.0540338912365192,0.164627018548191,0.236473163624854,0.308564190318073,-0.052067304444315
"GLYMA_17G061600","yellow",0.516737023245771,-0.308150736968785,-0.306974161847889,-0.190652133651902,-0.751455570779833,0.832792216296558,0.303910702943943,0.674061710362322,0.334490880926244,0.776842638819098,0.331521989089829,0.0715012621966796,-0.001688314603125,-0.0625149433009144,-0.0132017563107213,0.0728007140624964,0.481863754439616,-0.328775306692982,-0.144414769368005,-0.168892784577423,-0.685953827938983,-0.0118305064148432,-0.085088607419392,0.395118549602007,0.00676981112358817,0.142121585156527,-0.126443974038758,0.439549076671109,0.389393282471755,0.418602124225693,-0.295030893734011,-0.739554483501408,-0.354597736305161,-0.263257774892201,-0.0852646690096496,-0.53684725049303,-0.197013797937519,0.265070631726513,0.177094589080338,-0.0424897342349518,-0.144859965453687
"GLYMA_12G108000","magenta",-0.516427360134735,0.836659686277696,0.550675518973764,0.315519556370218,0.65801593852714,-0.518880217384844,0.37171000505826,0.091414929789927,-0.268421031394066,-0.0592553256854701,0.137289326470961,-0.0647021899432664,0.0195404781058306,-0.178364130514632,0.0824370938821003,0.124197073042012,-0.476023099898166,-0.0300496184406796,-0.111319547352096,-0.094472516366091,0.245877394062184,0.373750206801791,-0.110579990615676,-0.540734967370891,-0.440793944561701,-0.119059520386225,-0.494501369141663,-0.677448672438317,-0.845074558607938,-0.527230449807304,-0.0771962270557576,0.0967209164190112,-0.376922167006753,-0.158766040979227,-0.0834316706785883,-0.0594053339480071,-0.125839563851124,0.0153029141866463,-0.0774282695380316,-0.0749203303889407,0.0890351654279772
"GLYMA_08G294100","red",0.516390637242356,-0.730915239589485,-0.509998601534222,-0.300003286188808,-0.818196088293306,0.71924377288729,-0.112180119918398,0.222463577181742,0.429494371276335,0.417389786402822,0.0494030525901781,0.144406525777719,0.0506571496195271,0.315425796153975,-0.0180435097191733,-0.00530536125186385,0.609851850915578,-0.061773446350313,-0.0823488079052173,-0.0402475888045186,-0.676233346077049,-0.47158854087845,-0.0919415586072009,0.490681612744036,0.0193994254553562,0.00946987809939524,0.192955065102914,0.595090091874776,0.803938489600747,0.566525243951895,-0.148801323094301,-0.390968745332005,0.0855287591245278,-0.0648122851848798,0.0266085748018951,-0.0747361351637432,0.169551646326126,0.17652317666588,0.0497724448993839,-0.0765913191407259,-0.182691265698099
"GLYMA_08G220200","yellow",0.516332031191209,-0.225325813501272,-0.158552271898372,-0.443890039949393,-0.794041122249149,0.913909540441731,0.463211274948397,0.727050410955101,0.248849041988245,0.517357155661782,0.218027232315266,0.147785828118364,-0.0439717050988154,0.241247613461302,-0.0370687241269877,0.204762044898205,0.574098188061147,-0.172951472151212,-0.0626361905856365,-0.0532827137879459,-0.517136396156164,0.189445132630254,-0.0536669558041409,0.398322838472293,0.0762408956984521,0.370352550876612,-0.0332171682147412,0.597356019337892,0.322872744260434,0.226690013403556,-0.444702700947522,-0.822866444098656,-0.477913713228615,-0.264918486481189,-0.261724943805078,-0.603831111108258,-0.212732103641157,0.238067649282268,-0.208834103629957,-0.349568378099239,-0.338069762105342
"GLYMA_01G015100","yellow",0.516081558151955,-0.0381678724832751,-0.125407996331668,-0.533316444281464,-0.724412454478088,0.868923911644688,0.616910188986494,0.769904162104435,0.214296418933745,0.405735461206396,0.161123773126454,0.0486800935476999,0.0377600138204041,0.0165692532392185,-0.110487780827335,0.156481106906259,0.421146072109052,-0.235149135949445,-0.0343637636394002,-0.0883988520485769,-0.264385266776394,0.361364935489457,-0.115679860777822,0.170488867337058,0.176573536659212,0.589441006107303,0.024563354927245,0.603314060497751,0.113238764949267,-0.0201559793332835,-0.46293332904901,-0.855513323608532,-0.622906633735169,-0.428332944443622,-0.427732109726426,-0.709428449143332,-0.321351862448371,0.148494005618309,-0.123110572060421,-0.30570776921794,-0.106825741481501
"GLYMA_13G372500","pink",-0.515963606213526,0.698984449585502,0.526997432930733,0.376638601037746,0.874552373098177,-0.757439293267191,0.0136366570572791,-0.255031568796917,-0.283216463961576,-0.462854174432084,0.0451409269292914,-0.0164834200327433,0.0339715896473422,-0.209325509784513,-0.020838467215759,-0.0286846274718692,-0.64157799597254,0.133219009305064,0.131266468673368,0.0990074730372628,0.62845755675512,0.312680893560019,-0.0294088678507429,-0.577276309985399,-0.00306116133100554,-0.185241309828805,-0.275107426989252,-0.695495591768766,-0.726488470544497,-0.450170130407029,0.0666389979719733,0.450828090187148,0.00846463404068119,0.234602571797438,0.0883913612080454,0.261111529458142,0.038300315026652,-0.170873043667662,-0.0225670775211052,0.000130019814192729,0.210879054867771
"GLYMA_16G011900","pink",-0.515931306045242,0.477447080514503,0.448018624174031,0.642039118258131,0.889757182304661,-0.823576485857107,-0.279179526258726,-0.397217249355831,-0.433429444422199,-0.229639692199712,0.0884846345426529,-0.0665649161936632,-0.121247809056482,-0.129729795944826,0.0533082263932591,-0.0897559635446498,-0.592437261991954,0.048878833382308,-0.0987339948981964,-0.060287651512447,0.459201177751013,0.288690056366033,0.317990492737498,-0.165073437207466,-0.00764283750198818,-0.394922897230596,-0.249740034819619,-0.715694781674337,-0.55230961684753,-0.136331718647583,0.212098919006737,0.583628980798629,0.26320738544582,0.378886051541604,0.278970157320823,0.236120584025853,-0.0993729208941713,0.036636788423389,0.162521788597896,0.319454682434299,-0.134443243607705
"GLYMA_13G130100","red",0.515751355459369,-0.873682288113765,-0.68340481755395,-0.38483853586994,-0.768489694133729,0.625917836055431,-0.319184900477383,-0.0116255582370841,0.360998738084432,0.147528389636916,-0.155370161173012,0.0791241642316426,0.118096480661749,0.0556451041534009,-0.165627519112656,-0.168945473612206,0.487113681178797,-0.127828484910728,-0.0265148211515191,0.00395809330715559,-0.410025923481609,-0.409566241530065,0.124256133067714,0.612456592680536,0.385244847652928,0.0806421016895976,0.452979862712846,0.70082768992209,0.905215943550179,0.528703302981588,0.11748868054882,-0.184779366928049,0.317588708057333,0.0477738407692663,0.206839517428778,0.0955950994181167,0.20948272374814,0.0802191490065967,0.171048667885108,0.146190435584628,0.00426701544796881
"GLYMA_18G045900","magenta",-0.515641141326746,0.830897401753828,0.527196842425727,-0.0486083079399964,0.485180202921654,-0.338748626885565,0.531225707912222,0.162253976350105,-0.589870989205854,-0.19460972938123,-0.144501349913685,-0.0333083404083584,-0.117044481147624,-0.173513144253486,0.0832504102275828,0.0993952000399618,-0.414445334286077,-0.0992824902453087,-0.225342121189206,-0.149917402059598,0.460332512480023,0.681765594454282,0.0579890030462633,-0.393439206667783,-0.244861300809175,0.283294664770217,-0.211191032581307,-0.360830090487413,-0.886354853439673,-0.756649067015642,-0.174283555839978,-0.0725901988213851,-0.511891167370705,-0.30673913178056,-0.382660414256694,-0.407192045425014,-0.482586193237338,-0.0204578035764083,-0.341852825620894,-0.073096601597775,-0.125189938164145
"GLYMA_01G132000","yellow",0.515497657506944,0.0433949361536994,0.00919805522245425,-0.571776940745341,-0.752204871854151,0.863969337265707,0.762083291692298,0.812764308703735,0.392126069323566,0.436144176990344,0.174502229737142,0.0371024653540794,0.178429875780187,0.0457657624972662,-0.108615228417827,0.364928828141909,0.553114780318343,-0.113296341100723,0.0646396064505756,0.132533565063195,-0.474317291416988,0.110648318616779,-0.418789162611677,-0.0609426625232894,-0.135150583234588,0.469509490922381,-0.134735575243779,0.480147317566224,0.0850316871604412,-0.10777381657106,-0.463779648207567,-0.895099296583216,-0.743747988715533,-0.541742228670548,-0.414839820611887,-0.544934296358057,-0.0542662640923806,-0.0461456928467519,-0.296964496895256,-0.567436549792122,0.0822871806696777
"GLYMA_09G217700","pink",-0.515347688834714,0.41476568369909,0.366122252730282,0.629827767754824,0.897414084192078,-0.866482811261185,-0.326001155925306,-0.487611508308366,-0.182828161424417,-0.352775385437469,0.113379317455994,0.00261403104704193,-0.0757299943441594,-0.0250074919398323,0.145133555899947,-0.046949974913258,-0.527544923888205,0.249905554292879,0.132449269360537,0.0447296935154572,0.439750574789899,-0.0118392542515098,0.054470920307404,-0.393542906323699,-0.142550839119538,-0.471338768810737,-0.276944743812538,-0.754602834219844,-0.447616757781501,-0.114333925551004,0.2482010761892,0.699928912794143,0.336631522466213,0.425398418586443,0.315468024788505,0.497481073299302,0.188314216765299,-0.0603948595860328,0.177929457696126,0.154390121197133,0.137035745332459
"GLYMA_20G002000","red",0.515286430580041,-0.816271879974056,-0.669907791858879,-0.318834614535604,-0.747149861336383,0.66328345542172,-0.288403704387001,0.111629178718106,0.345146371628575,0.253567015886487,0.00353504732187013,0.150655262939157,0.0427272459914057,0.185781637892255,-0.122432896446395,-0.236391086055796,0.401689839252975,-0.103539448668556,-0.0446228301953291,-0.00164065776279774,-0.493021719795076,-0.367149641224627,0.0868426188818696,0.614528461847673,0.311828231869551,-0.00363152423972539,0.312145733868181,0.626819977283442,0.856723323197449,0.624497748451864,0.0394506803036483,-0.267234221859737,0.258020513732636,0.116243680634397,0.148071803358685,0.00188809151110191,0.153119942274218,0.152135035970258,0.0422732173707779,0.0217116213491095,-0.167190359058436
"GLYMA_13G127200","yellow",0.515103405035404,-0.245181335486047,-0.274069399114667,-0.495875478604294,-0.803512987355287,0.8956082040873,0.437966657957738,0.695410061614327,0.416757010502247,0.414282141998964,0.228064339213875,0.116768184131412,0.0479508996284974,0.0973390257544859,-0.083155923867195,0.112188540968067,0.468989962048632,-0.0734361194915951,0.115443065694272,0.142873669558603,-0.463032075088084,-0.0208103128040058,-0.33318425893505,0.100463431290508,0.119846116396083,0.351713309089521,-0.0101467451923694,0.566297837971406,0.349923593472647,0.192712860279393,-0.424651822840045,-0.785384054283972,-0.456752697134524,-0.232972415497325,-0.286155418826873,-0.469696566233849,-0.0422382465199047,-0.03086447422041,-0.193767449114333,-0.472475026981107,0.00871784522012573
"GLYMA_15G023200","blue",-0.515050784745913,0.189136285370312,0.245242927161725,0.418455340811026,0.801647271911969,-0.882858608415735,-0.511010765288952,-0.731717603882311,-0.285493097810206,-0.608444400946688,-0.211528518948011,0.00710350907226719,0.0184413563156331,-0.195041870716175,-0.0442945870539538,-0.177752380202153,-0.538920241500759,0.213456870894243,0.0978911861975329,0.208389739242456,0.556246948508083,-0.0871666460158497,0.173024162804851,-0.255785190321363,0.11419364327793,-0.391565328464031,0.046372492221388,-0.562126064196139,-0.269760674986441,-0.170671756147931,0.401427550751287,0.818215769851051,0.539427076528797,0.472156491842261,0.361447190239529,0.645775499556781,0.262961026828035,-0.2696539170203,0.0647862339966613,0.271207150100029,0.194632827692249
"GLYMA_15G108700","yellow",0.514898555256515,-0.081496030541535,-0.164746073335231,-0.479133850648026,-0.729517035861207,0.85299955904967,0.548172855443931,0.761868182710334,0.252975628139643,0.499101838195018,0.171537080634613,0.191138972127296,0.126434929231332,-0.0101346068828049,-0.131803267260346,0.0601985148909239,0.386748411005153,-0.374895934649189,-0.138447995047441,-0.149246447000399,-0.497029518550115,0.154154502908422,-0.214196195884246,0.181826300459144,0.00674258268657685,0.344343632493571,-0.104310920427686,0.46973152100276,0.184478877284331,0.0744910411590466,-0.488148997389184,-0.847169857903772,-0.576339120508203,-0.374550257733313,-0.288851210770803,-0.603978645043955,-0.198148075231412,0.221378687805746,-0.163939535863671,-0.261383269102105,-0.156901567224223
"GLYMA_07G026300","pink",-0.51489120509533,0.211004231500398,0.149045557059007,0.641476793637245,0.841605555158036,-0.84722035388818,-0.568102344420812,-0.579238901165557,-0.35372882141071,-0.321590641863976,0.00572487978413888,0.0498531256000868,-0.138376252066757,-0.11920625012475,0.111565570963718,-0.38156179090449,-0.71258707569519,0.0707262052695975,-0.0231250689817184,-0.172698703391779,0.441546525911038,-0.0267291513863782,0.223962779780881,-0.160221530880447,0.0719104430578455,-0.547144742160553,-0.108632008420369,-0.680943111143972,-0.306299186697431,0.0447092268675229,0.319470261832493,0.738868583611774,0.529230845452089,0.522362923937986,0.385183508050511,0.459963072858416,0.0398097091820634,0.0695304840529587,0.284001263110354,0.465003554411848,-0.0608347738114901
"GLYMA_08G292400","yellow",0.514838396314231,-0.215475090064888,-0.0679762222867625,-0.57029717486242,-0.733430288731372,0.811922844501204,0.461509275535937,0.573517078137071,0.1576245703014,0.280990692783768,0.00942843713780505,0.0236214504561047,-0.0634129838467621,0.0450758585510487,0.00730281907207108,0.388805883300677,0.656648685016436,0.00347062729295996,0.107030431441878,0.0748496392563974,-0.274481556291035,0.185140588819951,-0.110705716862663,0.2665726733871,0.268128012915305,0.49685665218058,0.14734185445117,0.632347971445036,0.283735776575993,0.0524817866712108,-0.354629644055678,-0.705595382514222,-0.424453147262498,-0.250321218948685,-0.327626647652348,-0.516209136785665,-0.201427729141971,-0.00185226520307114,-0.277859356563576,-0.35085441032579,-0.14536173139347
"GLYMA_09G260600","tan",0.5138265479841,-0.72497396802661,-0.443355145937234,0.0861845956221403,-0.392328229411488,0.36947532904786,-0.494693200539056,-0.036556297656838,0.366238248690129,0.239851719390263,0.232374627614845,-0.0211214497572362,-0.0319254912973368,0.146145130571875,-0.128537299986707,-0.16011336760804,0.285168375024397,-0.000507294440157253,0.245331398244815,0.173007553398595,-0.3452563021809,-0.359391960453083,0.123871842316157,0.523489672202742,0.446481375488488,-0.277139370207088,0.150055161283501,0.317846960523732,0.779507219596725,0.801859964451682,0.081239272129537,0.00252305864964011,0.482637320695657,0.522343071502729,0.414139237267125,0.222842202581692,0.276881038853598,0.0882466573296114,0.219656069086462,0.0860616555915397,-0.14142430845496
"GLYMA_10G231800","magenta",-0.513747959045306,0.829545108634554,0.63300389456995,0.275820122322188,0.607906951990517,-0.453161345001659,0.400244731342996,0.14355340804284,-0.244167322454184,-0.0648721909278087,0.177111905936756,0.0170560255793014,-0.143785140119997,-0.021467031812028,0.269442518331646,0.15615935357173,-0.420487893422849,0.0297131463830222,-0.0366190326073373,-0.179883384185307,0.237411182261843,0.374635743277364,-0.147605407112592,-0.525789133177876,-0.474748803636404,-0.0725697075165771,-0.476450753585619,-0.613107777062589,-0.821893329996842,-0.500413006530613,-0.179183309117594,0.0388795285175602,-0.413054420059463,-0.178906936712883,-0.22105896388761,-0.0874317409728024,-0.153330034945139,0.113229937781738,-0.192237421306321,-0.168011426546484,-0.0433215984043634
"GLYMA_02G017100","yellow",0.51371548576712,-0.412073081690368,-0.296397695998731,-0.402201476412184,-0.837428598221269,0.879789767786145,0.263751873524561,0.577481723857678,0.345255447554936,0.509794101152397,0.164745925753149,0.150598328657937,0.116352534338594,0.129298682228777,-0.166916640959533,0.104097898054747,0.56880121592545,-0.215667768668261,-0.186524514019348,-0.0387647376235273,-0.568260717819567,-0.0388347437181858,-0.0777475363308237,0.416601131052966,0.184548369231595,0.279289772412723,0.0804112517415217,0.623870304639554,0.496802595605953,0.33685528009294,-0.37361192449746,-0.713375171504117,-0.296745704731642,-0.214414858440576,-0.144266696694406,-0.429150858228496,-0.074470149960666,0.168909321473209,0.0487981071044811,-0.159427223942827,-0.160845419467698
"GLYMA_02G234800","yellow",0.513562979484991,-0.0898758923423714,-0.11677945514627,-0.447384571477085,-0.737641930857501,0.835381980941526,0.572751453954735,0.736846239415679,0.443509363636267,0.468171578589936,0.25149694529689,0.0460652690732096,0.19437712781046,0.0749436278122146,-0.165470472558286,0.247885054499508,0.526035326759241,-0.149904433936585,0.0577383089064016,0.183314690826281,-0.552042544797367,0.0298547461578032,-0.332904569212064,0.0647878683718513,-0.100404969496887,0.314241023592597,-0.172617972933329,0.451347943940464,0.218832511584738,0.0813587310675624,-0.376521149945516,-0.807400215543811,-0.587628294043468,-0.381634466091424,-0.244626726079032,-0.458387395242448,0.0130060130690617,-0.0107559209102238,-0.242674982890159,-0.527134113834094,0.00324987822158087
"GLYMA_08G227700","pink",-0.513496842898045,0.53298076310809,0.533062639609934,0.486769845782453,0.84880323003764,-0.756072054946798,-0.16609861283382,-0.335367111702345,-0.308220289870741,-0.381567463294195,0.0537787324401114,0.0573709553129802,-0.061040456233445,-0.151732572169635,0.0561194407912439,-0.051498692643628,-0.563610572899695,0.133439891934746,0.0607118808329039,0.0018543945489353,0.51847375930048,0.238679045221657,0.104768317595376,-0.339148835233391,0.0616194852572704,-0.325472383476423,-0.262607333713564,-0.686572423741502,-0.565164681810348,-0.249136058136902,0.143514625626,0.509719963600322,0.167624430629577,0.363561680016001,0.234074369561518,0.312261567824019,0.055848438027959,-0.0325015513883792,0.0885046762272678,0.139453550085455,0.0231362728054093
"GLYMA_06G118300","pink",-0.513221134928197,0.645125768675819,0.62522964671323,0.659535211512761,0.814471444394586,-0.736504817089202,-0.0161619643692313,-0.173811453573843,-0.0428769376142095,-0.0932616268510728,0.28495094799832,0.00153198098456093,0.00445549395617385,-0.124335115733062,0.179159070491817,0.164519078418387,-0.42745340931379,0.148273071009614,0.104370290734548,-0.0238770076956447,0.172271499093591,0.00602900698479296,-0.179619186385002,-0.555443858068377,-0.389295986370344,-0.49413694626378,-0.546486306556996,-0.860356362437445,-0.639185395560181,-0.215750157838553,-0.0185281552480685,0.381791956591333,-0.0214482966971219,0.124459414308769,0.201708309381454,0.335750238068709,0.177914526905129,-0.0172288692783293,0.180743420300212,0.0258668593580583,0.181092430050678
"GLYMA_13G292500","pink",-0.513059968066451,0.534648429086572,0.444306071886494,0.514198048125695,0.857550860629932,-0.794017733545019,-0.186036208603111,-0.380141839757067,-0.21482779134651,-0.401393897498626,0.0731576424686055,0.0195605616595883,0.0563352818868786,-0.121022012749615,-0.0921263491441388,-0.13700260815367,-0.649903866270897,0.0803957542814753,0.13602011854662,0.116891054434015,0.537930786573078,0.197570787008534,0.0959245527851175,-0.406619540760581,-0.0232974359915607,-0.283113460768121,-0.227479268827028,-0.65660480715824,-0.573425623406057,-0.268324946086857,0.0869354976836808,0.549606659267373,0.187880161800707,0.311508185069354,0.1891551912047,0.348537015146656,0.0854393656829691,-0.133397543953224,0.143178981735433,0.127629104161536,0.147103922257455
"GLYMA_17G134500","yellow",0.512993082856333,-0.392857620176964,-0.440780593753999,-0.615413016731103,-0.849272764858818,0.816341003423396,0.308994320305135,0.449543371639422,0.345771781840798,0.274446879533529,-0.0807518672223105,0.00275343727476277,0.186479087336535,-0.133467206106088,-0.203255509512718,-0.0382757929163902,0.436629210127135,-0.280985667217196,-0.024695606824169,-0.00819864766591838,-0.330237905639368,-0.0346879270190766,-0.134217711313749,0.23264302037692,0.19072875713527,0.504145758130885,0.287730831392924,0.736599320838875,0.436789366521503,0.0665447022836359,-0.203091188820307,-0.635361678303773,-0.318138320864277,-0.452361188658848,-0.262392619313606,-0.391496621903681,-0.0869757568402919,-0.0364541330592423,0.0139027624942198,-0.112640259099066,0.183316820425759
"GLYMA_01G212300","magenta",-0.512921199844002,0.808250755710795,0.540728686457717,0.537024912819423,0.750602970330232,-0.580559331854409,0.22006141977611,0.077196120138759,-0.200689883051098,0.0483882183073916,0.315847131834109,0.00885542672072026,-0.0750377571054088,-0.233439966731327,0.174739356478938,0.0130795561497474,-0.578307950128319,-0.0743247237742137,-0.0443324745821341,-0.188274151772762,0.231968105868052,0.271260426240183,-0.188878158422036,-0.590453091398884,-0.381766701709597,-0.284054739845665,-0.575197777423357,-0.793977594980211,-0.804296499215085,-0.323687277189785,-0.0983251047452787,0.150502071148517,-0.259784640391154,-0.00563250287019043,-0.0459549048523829,-0.0156138168331727,-0.149060121151273,0.0808403826848947,0.100981238519589,0.0393516376964451,0.0780592722934425
"GLYMA_01G184600","red",0.512818736056226,-0.778189183556698,-0.687724785235198,-0.104150993979373,-0.647277971890592,0.589065178918097,-0.357199817980249,0.136026568797413,0.469049599496495,0.353920718678344,0.194069728565332,0.207014006129612,0.0653411963086125,0.151749010055248,-0.11631144144219,-0.267813886101033,0.334883553865045,-0.160935569851777,0.0251787906214955,-0.0685403995993694,-0.563000691207352,-0.487366856223435,-0.0429062837677842,0.484796919687399,0.276458235690018,-0.194280474809295,0.134689212181005,0.444621143244323,0.833682676438781,0.746775533973337,-0.0654333544849429,-0.237608802535114,0.292086753823473,0.251722341469535,0.271090797994369,0.0652747814602163,0.233859272169627,0.246939106647477,0.233940646592983,0.069583512826942,-0.10380678524731
"GLYMA_09G175800","red",0.512684553328655,-0.845273031102766,-0.61962261487279,-0.210402872250745,-0.645266919161168,0.524370522062707,-0.377788002007639,-0.0414246459940318,0.433016897687032,0.193013860246394,0.00875066761599877,-0.00440839054764952,0.0380781027039316,0.243854530010639,-0.0849297161692099,-0.0995553351421352,0.4953677311531,0.0429871148862207,0.124478360945631,0.145185931108045,-0.473874614392977,-0.487383493306951,0.0801730490748975,0.563333635521695,0.23556442871973,-0.117124745117782,0.27617772126967,0.525837353011958,0.906505663387198,0.652882065020035,0.115363028900016,-0.0729837410384716,0.387274750429472,0.247796436475142,0.345733223858706,0.210699204121062,0.357875055469689,0.0483257661466659,0.101717032974931,-0.0171627196738768,-0.0543977992142517
"GLYMA_15G170300","red",0.512471195406179,-0.849445790709339,-0.621764159706525,-0.41086966856059,-0.697200336986154,0.54003303026424,-0.31624860739501,-0.101584057086068,0.257662633026142,0.0412491603018067,-0.208898044058501,-0.117474768759787,-0.0430403169024846,0.166397518329808,-0.0976678484324061,-0.102450332617894,0.526725007664467,-0.02347632623627,0.127101662503099,0.162245882539902,-0.29092488334916,-0.378297813853772,0.15339482489806,0.594274023900388,0.317536157847471,0.136252368860666,0.49254213180361,0.701672266570572,0.868193036145794,0.467415335424848,0.325037107446547,-0.0659163121369528,0.35507324869329,0.100397169230444,0.0965901648217959,0.0874105145313271,0.181351010105984,-0.0170727137435041,-0.0723405888174115,0.00157819002386354,-0.0561287323364825
"GLYMA_19G205700","blue",-0.512309693146177,0.0483055661655514,0.104122651956508,0.569239229905126,0.773508645694284,-0.841329845674242,-0.667272248692886,-0.720567480043227,-0.321120779152054,-0.425697168380045,-0.0859872857071075,-0.0997772790458304,-0.139786137945539,-0.120329146436111,0.0434447546859573,-0.262487307997774,-0.552934737137447,0.169242023632177,0.0536158052928987,0.0973143211761632,0.472086212555527,-0.0664713656511577,0.346467073831583,-0.0360145556100156,0.184658861527409,-0.495403459401938,0.042777280967147,-0.547927464831861,-0.151024831820142,0.0764678450597873,0.450296509717182,0.844852116118117,0.668860027549732,0.594450004294855,0.472216358514761,0.58945653145663,0.161404128090601,-0.126544154346956,0.240048728597433,0.421114530491002,0.0426657905476147
"GLYMA_20G150100","green",0.512056818413321,-0.0569834255623194,-0.0904546714307639,0.0281186788905938,-0.586491849174084,0.757957872520124,0.43973384568682,0.835023716674649,0.578201147663281,0.834200526628819,0.688161837450346,0.165521878078333,0.00905008333694492,0.225339493064462,0.0543656002360533,0.185407259895628,0.414740029426006,-0.103993433083554,0.101634530682122,-0.0149435242098301,-0.756659939584585,-0.0980904720378921,-0.433514580268996,0.0185132050499166,-0.243151263252962,-0.015774557002027,-0.478775222243442,0.176329725382493,0.207963407806651,0.450340369350937,-0.504361751895111,-0.791914020246625,-0.512167307879511,-0.169437197921928,-0.156174812623315,-0.475402166348889,-0.019411465763615,0.234625561736439,0.088890255828332,-0.425695185712098,-0.112482240667508
"GLYMA_15G072200","tan",0.512016814309347,-0.673125323158976,-0.447708038664243,0.0880146438905694,-0.588574802311619,0.547474452343305,-0.278137144345609,0.204634095453802,0.585537587857283,0.562058493119954,0.368461761431153,0.107804220773547,0.0367299386630325,0.252229612912991,0.0133911335900543,-0.0912149453262034,0.440981798069083,-0.0502322820211088,0.0975893934281587,0.0296685121159588,-0.742634066574529,-0.602160001110084,-0.195482749304019,0.3659024802717,-0.0123732287736877,-0.326957506139938,-0.0620214118629176,0.287000303174333,0.779363594991708,0.812160200690506,-0.0797837623169277,-0.253846169453131,0.216680124925952,0.18132096814976,0.242209370722575,0.0859295363717164,0.288904302554837,0.168832106467161,0.25888584968027,-0.0345166667765444,-0.0888331850747129
"GLYMA_10G127800","blue",-0.511892615745856,-0.0297685922318199,0.0516069445683806,0.566687878342049,0.716404504839792,-0.823285951261103,-0.696117112711914,-0.752541539425669,-0.343476794828568,-0.348854604431271,-0.133899918034534,-0.101465437919277,-0.254507873630684,0.0542517479838496,0.231756778797017,-0.256531532506621,-0.451579340823545,0.123754732120585,-0.0369709736166426,-0.184846614102172,0.312201112561647,-0.161545161397978,0.394310615472727,0.10038132601754,-0.0788867224801802,-0.545274425858924,0.0588429985367193,-0.512498923747027,-0.0704897834951902,0.126886114836523,0.415698332648805,0.846522683652686,0.683956892459344,0.468513537555971,0.412701837142574,0.572713331349966,0.109380820118308,0.150190589948223,0.192048931180895,0.513453822708504,-0.141303097488096
"GLYMA_07G081900","green",0.511775768351901,-0.085631430651291,-0.16009505526455,-0.302880112562654,-0.732184339491578,0.885876082653588,0.536415948496052,0.85458523794461,0.562246005872758,0.632062531079586,0.456538063010666,0.248145783281359,0.156458599971999,0.0871369707133805,-0.0859122609556177,0.148476836632783,0.417312642025363,-0.176691436424225,0.00570415149473747,-0.0164148194330789,-0.63755748371767,-0.0030762891987232,-0.396387840123682,0.0347647355144606,-0.056748887119915,0.205392600412693,-0.280372467384523,0.381226689601152,0.232341123161688,0.251156072669035,-0.555368792392115,-0.891764664576336,-0.593652996104707,-0.324839731602053,-0.21999777133163,-0.486385747365835,-0.0064221007897936,0.167052897520929,-0.00285682502248464,-0.435127628907694,-0.00314176022851524
"GLYMA_04G188800","blue",-0.511722692446389,0.014549942811462,0.100726078913457,0.512805501590249,0.726242028150558,-0.800080009257827,-0.670392124498767,-0.708471590523143,-0.255206151023643,-0.457737576398011,-0.093028785052175,0.0801015152078712,-0.0887958134908011,0.0407777953445323,0.0526450192515997,-0.319824915248769,-0.520548825239188,0.13459005696481,-0.00382333168701036,0.000858787324701295,0.372643573781535,-0.231243606961123,0.186293201353211,-0.10222299086557,0.0549450837787578,-0.544719455389564,0.00266810126199049,-0.536978187365303,-0.0847013639741122,0.100251272754273,0.371240229168048,0.813173119125833,0.652393977798802,0.571977166835727,0.379098947472713,0.609792173565613,0.225719350976622,-0.00294326112593189,0.11395190074941,0.325307126423359,-0.0354930081830535
"GLYMA_14G206000","pink",-0.511572260264889,0.378470708835804,0.348328394303802,0.258912521246653,0.828726681050336,-0.851466171458498,-0.29774913213834,-0.631113573995274,-0.573495707925736,-0.68570752791518,-0.337704048418743,-0.150142988920505,-0.108447784651002,-0.169221677145117,0.00828992304491959,-0.131331960138279,-0.570947047544475,0.145587931370508,0.0219587364211016,0.0110573342578998,0.832970860658897,0.303988416430446,0.32765216932823,-0.230347172507767,0.229790126917767,-0.0641128542598082,0.147131571812595,-0.449912613748438,-0.500963246303671,-0.425418568065755,0.331133997598529,0.72661604708246,0.350036186221409,0.308607549817226,0.125797831145037,0.320258503002429,-0.0804672377719322,-0.149773194792516,-0.0429237748956562,0.294441188656361,0.0222353603622726
"GLYMA_08G052700","magenta",-0.51151768180206,0.913271607700634,0.648510019575487,0.353726574138171,0.703556094141026,-0.529259537641007,0.381891859449967,0.147090174828178,-0.151305551457445,-0.112839969083566,0.24151437728199,0.0717573803148139,0.134032029054293,-0.195617017664043,-0.00140274854164985,0.110938602487855,-0.551410858619836,-0.0253020950810457,-0.0362119327690619,-0.0416999481890386,0.288814789873631,0.341723175646937,-0.270349905474305,-0.705222986715526,-0.335326672884123,-0.159172159433768,-0.563988631516363,-0.741615914346622,-0.897863560805547,-0.528117328610448,-0.292689164184004,0.0394311985826559,-0.414149010496067,-0.100834243001196,-0.0654514098013687,0.0103734146969615,-0.0186344442481377,-0.0384440847764579,-0.020677613522642,-0.147617740027304,0.172044573527363
"GLYMA_11G023900","blue",-0.511462407300898,0.0241122832366896,0.0992642913611856,0.36325239460846,0.754125102247963,-0.874252536330578,-0.634590422977972,-0.859264156862899,-0.490374143964365,-0.651248709475947,-0.360060149849533,-0.173926948602003,-0.259593455376609,-0.10007041354453,0.140536061378639,-0.206848117242669,-0.482304890323229,0.245789770466549,0.0937381651151622,0.00905581217292427,0.709146550742927,0.0295710875690961,0.445014573167749,-0.00236543231887467,0.236238085677918,-0.235285924238451,0.286383640564744,-0.368512778086699,-0.166704700863369,-0.126580744901734,0.549258352461797,0.927055811263333,0.685487897791171,0.483412635836583,0.285948829568326,0.529471620655175,0.0353776109290488,-0.128347482422863,0.0912974469579993,0.446390541313134,0.027080899336721
"GLYMA_09G157700","yellow",0.511454400251825,-0.112681573126143,-0.169996271450221,-0.632800565547655,-0.769719791234429,0.858362884610624,0.591985460663409,0.660647809807825,0.0804269746637441,0.354074277382407,-0.0263397643955253,0.0265003440653635,0.0449855471642946,0.0520579892662153,-0.116288425010426,0.186181005041303,0.481360861354894,-0.171457968487893,-0.123248780498481,-0.0805928382839762,-0.206991697839145,0.342850845179822,-0.0658289441121432,0.234716393753928,0.215660095478596,0.703655618302918,0.202038900925445,0.715193434344585,0.154626770504437,-0.0721107323891838,-0.395878370970382,-0.805263387239057,-0.566184690592509,-0.4727339095225,-0.510918599340127,-0.725678396074714,-0.403469468036451,0.0776921198670197,-0.193987100974413,-0.245308096139732,-0.1588620259897
"GLYMA_12G013400","yellow",0.511322136196417,-0.0262432944497989,-0.0795019600731084,-0.656153962124301,-0.757823268915453,0.870280614787354,0.664887531913194,0.743002404469881,0.203014171224602,0.310352309499623,0.0603771381331051,0.0692438506028956,0.0737069427720678,0.103241560101105,-0.090245127654475,0.172377659856058,0.446967624682168,-0.143480829246886,-0.0378546747250208,-0.0226897149912677,-0.259266132198902,0.210112081899841,-0.340480734283125,-0.0109245264521363,0.0963121838034479,0.631276117051222,0.0728548226577531,0.623263303912947,0.107727855553129,-0.110070038357559,-0.508432919270622,-0.867526570034548,-0.660081336509182,-0.466092466666713,-0.585754549466411,-0.679330736858298,-0.277674271538738,0.0400335303574838,-0.334787599186268,-0.457426789362605,-0.0936709923241375
"GLYMA_14G071400","blue",-0.511314763093698,0.204440803374193,0.104315293731943,0.495163755109656,0.814897746627297,-0.872581014757328,-0.507225816605711,-0.690390352714393,-0.308271832376384,-0.519744258261251,-0.135361390215024,0.0514054022660849,-0.0399253977912951,-0.182703487838718,-0.0137158293509622,-0.237767078331283,-0.599428466756934,0.184587420340134,0.0489866559884166,0.0452574586653921,0.624096702354818,-0.00707589363494267,0.212526920409293,-0.242766502026603,0.154944961057116,-0.303358744939867,0.045022744876841,-0.529980797474592,-0.309224438343696,-0.128066251517882,0.41141527326108,0.806365291354835,0.524886387718456,0.467920996230543,0.271446737487747,0.494573151952014,0.086342520558206,-0.169365978577075,0.239745763292584,0.344665777711629,0.198835250712438
"GLYMA_06G145000","tan",0.51124655379291,-0.700865381134422,-0.50211426390905,0.116695100774711,-0.550152444400659,0.523578448322666,-0.360715463178759,0.184628501597882,0.471529025567437,0.536667270812325,0.376922329182362,0.0730736496260828,-0.0330618203226714,0.255561174035798,-0.00872515186220918,-0.186162694415002,0.346737421321452,-0.108213070414917,0.00831602998693018,-0.0988466829913405,-0.66033188319118,-0.494546697224967,-0.0627310277561338,0.472240856552517,0.145124508835578,-0.331904820959978,-0.0190502198306293,0.292105018161765,0.768491929628216,0.863523866003171,-0.0800542096166871,-0.229425382589214,0.28284629574124,0.286034325404181,0.277455564582503,0.0563081076201638,0.213178965071298,0.309649746348243,0.308766997747446,0.0677425213701874,-0.21700782311769
"GLYMA_15G003900","yellow",0.511109212743081,-0.177253851988353,-0.268889559239871,-0.654574691525216,-0.825813249095727,0.877836713138155,0.557026107008963,0.648781299586936,0.155320297394914,0.360318053560385,-0.0505255852826619,0.11833234404405,0.184184200275143,0.00625998138210083,-0.241345442622682,0.141973662543929,0.49535956390293,-0.244512385668006,-0.194464829977611,-0.00293815578001964,-0.377548894872332,0.20217488270869,-0.0963855889061105,0.261600175937239,0.11377930984395,0.559785539338953,0.13888676434785,0.673476222971235,0.240025881465049,-0.0460030717140524,-0.315263310609385,-0.808358622879725,-0.54289330746734,-0.488162016652396,-0.376509534767665,-0.61543256214527,-0.248862135914587,0.0298752067493231,-0.193055377853434,-0.258627380072471,-0.10623642773318
"GLYMA_10G147200","blue",-0.511050769480602,0.0760814277638089,0.0665782175921814,0.307601809603257,0.682758927776122,-0.833561970163365,-0.525410129544886,-0.784870461688961,-0.310002881027655,-0.602926935279825,-0.333083049861623,-0.106420386573784,-0.0108234549882223,0.00990654673654075,0.0537510591065349,-0.264717383330113,-0.486601401264653,0.143355237814669,-0.00160324766982423,-0.0113683161298102,0.495949632106996,-0.196031187325985,0.189579436965522,-0.204548721067041,-0.111363051039151,-0.297829085616952,0.191601752789313,-0.417228630801447,-0.180431977632261,-0.202303502374425,0.462573261934094,0.834355839219963,0.546082668296236,0.233353972103604,0.191181784034193,0.593168584331158,0.177879784671006,-0.101534085454397,0.0564873679704148,0.355749239318879,0.128691019149166
"GLYMA_06G107400","green",0.510905978377,0.000840668955206205,-0.0817181572479496,-0.218465050394689,-0.680598919271569,0.839823753713278,0.590556628215602,0.884644690343514,0.430377275204181,0.755961811400355,0.476684499582281,0.0277292324900936,0.0980046002900817,0.174027317033893,-0.0412751721042603,0.168825248462753,0.417122538165135,-0.280468231985363,-0.0928318602458753,-0.142957123683497,-0.690423032979221,0.056181273729776,-0.356072350268119,0.0721622446590758,-0.233277452921532,0.192348219900332,-0.349854236796195,0.317016916031184,0.133237840715128,0.23957068415501,-0.511528147335788,-0.892768288312895,-0.649110752638728,-0.39200543417624,-0.313015426004837,-0.598043454350364,-0.144895498411068,0.293606805974886,-0.0392677317826448,-0.377016746648866,-0.19152761191984
"GLYMA_13G294300","yellow",0.510844266602599,-0.214608384071976,-0.137365725728308,-0.62040881911816,-0.764081789132208,0.845823445808322,0.457932364306542,0.592275169802649,0.150942087622774,0.252147786639267,0.0106072763267975,0.0554743921571135,-0.0700304886905716,0.0979415548118807,-0.0704750020014076,0.112592730327725,0.465956055712138,-0.114222997018438,0.0811223971290694,0.092037296103082,-0.205930558743035,0.181815853842558,-0.172672925177462,0.179566306078797,0.268295067533184,0.579187879624471,0.198081050517478,0.696305605235185,0.281435481670206,0.0379147010063336,-0.349949658987956,-0.725631428078422,-0.431667299281066,-0.271619091836902,-0.462096960808296,-0.579298861095776,-0.242883278492172,-0.0170567043173072,-0.335808064591004,-0.380823308088451,-0.150563860673117
"GLYMA_03G136900","red",0.510831303875086,-0.878757585840255,-0.663930610637114,-0.2888481247326,-0.731462669981946,0.599304839950212,-0.357710503576753,0.00655101581086534,0.315157523133799,0.251934725187824,-0.0576601756259419,0.03485420019226,0.018412591982598,0.177116579445355,-0.0956410966209556,-0.186408613103405,0.477006343378518,-0.0936959724641632,-0.0331550608299706,0.0336551277088216,-0.528720651438899,-0.475351472814761,0.0881665952682212,0.631579390006735,0.231959152252815,-0.0697015067094924,0.339690230848668,0.598200428096793,0.913442953705647,0.641313313431648,0.148411868075347,-0.169249667861915,0.345788320324471,0.137493868915886,0.209524505923002,0.0855833373554044,0.204790945508765,0.115516302493851,0.0430981683544956,0.0727572368869676,-0.140255368454471
"GLYMA_14G210600","magenta",-0.510643802717793,0.944823835863775,0.676522506192041,0.32376907028404,0.714895686700915,-0.534747346190903,0.425280704043334,0.137736520205073,-0.223971043325892,-0.145671844265959,0.206346376419981,0.0427282203796004,0.0776751660355414,-0.117704236567714,0.0065085303186569,0.131708390215828,-0.537535937439851,0.0250818326585705,-0.0720862534106491,-0.0409298313309906,0.376728227547381,0.450680895117205,-0.183311170087601,-0.670387698333914,-0.336778281697625,-0.0401083319322863,-0.512753602334125,-0.680619033784463,-0.93928594624868,-0.584238329591996,-0.251265649491792,0.0547948330555435,-0.439482343172561,-0.137113453407701,-0.168767127213138,-0.0928213425731837,-0.132543881389412,-0.0347140435949873,-0.078035132627324,-0.178325586067667,0.0953679017482587
"GLYMA_13G370200","green",0.510544327796753,-0.0205867974745958,-0.0151713098704152,-0.210732886716133,-0.647903875371369,0.844748666384289,0.542194084131194,0.879715974640146,0.45526687563627,0.670545975274576,0.521371591976259,0.218988026233286,0.0260199000116486,0.107868990243669,-0.0110520319321542,0.214197520182414,0.438528023463288,-0.120796367504661,0.0738529478463756,0.0242804521303605,-0.585066985357663,0.0534954715786205,-0.429934674612211,0.00209147789119464,-0.00423677029989464,0.17618478548934,-0.33610313275501,0.302199571912203,0.16719675988948,0.283231011801123,-0.604698412704658,-0.885813892905812,-0.590278795667087,-0.169894814828316,-0.23537294380268,-0.560901531231541,-0.0915073583257873,0.137099114810814,-0.056186092463297,-0.462205928225201,-0.108659067004989
"GLYMA_06G172300","pink",-0.510543460136145,0.400138535964201,0.383377083398184,0.662289994975157,0.879390791309385,-0.853868279142804,-0.369948197597086,-0.457171766998024,-0.0924166238400342,-0.317265424967522,0.17110528068119,-0.0472123321080858,0.0334985021288586,-0.0752980118054666,0.0276632618732595,-0.109475992945383,-0.564392702976195,0.0732590946030109,0.0967615909309595,0.00792509483027879,0.292313982975142,-0.0647469674801302,0.0481155963451609,-0.331039509172519,-0.181115690549099,-0.622777571067719,-0.372315903946941,-0.817626861180489,-0.411683150970138,-0.0517875674005796,0.162720246736738,0.649902892969093,0.333439297928108,0.427560760654307,0.45598575752575,0.596546514471251,0.330963483714189,0.0343295790317787,0.190275574176136,0.172222212949431,0.0926550428074779
"GLYMA_17G251900","red",0.510362056549426,-0.847145421168608,-0.594013214694482,-0.209432210376588,-0.644860327132359,0.520876261551065,-0.413348895780952,-0.0495963703471605,0.190116884017264,0.259858410319789,-0.0943089257897449,-0.00952896083336359,-0.0633437592367523,0.17512899795529,0.00258944547013511,-0.232821905910463,0.425833970175065,-0.172246613824234,-0.0637464752601014,-0.160886984048756,-0.42751892930883,-0.410278890186181,0.159736703534844,0.659549485752636,0.279488917471708,-0.0445604975215937,0.385884175310773,0.574388125752277,0.86198801889177,0.640662899037017,0.174858074477211,-0.102856256873388,0.389142123778581,0.1355596432816,0.154093142863441,0.0102279792485984,0.0384954825654372,0.23396430834227,0.130448518398803,0.241839492479479,-0.265322438367102
"GLYMA_02G015000","yellow",0.510216189609786,0.0419395635742146,-0.0863267657995516,-0.412814261247879,-0.657321731931239,0.807484924264068,0.647686374224978,0.787762563293383,0.3322489273435,0.476819595760561,0.269813887760635,0.0718510904624871,0.134460877433386,0.111875489962006,-0.125136138864076,0.160580569402802,0.374003184735867,-0.153488228076551,-0.110599905568468,-0.118166228448053,-0.323248267350746,0.246525429805689,-0.281300586691409,0.00600830348635601,0.0463579843738591,0.519146976386688,-0.0990403530949123,0.486690806543688,0.0525890296813717,0.00185229555891851,-0.516807941640275,-0.837545808096617,-0.655747935735383,-0.458267607266943,-0.450120013063871,-0.64691738369306,-0.229092670011494,0.156081357876903,-0.00079102476010736,-0.347252637448105,-0.0175823486179722
"GLYMA_14G217700","blue",-0.51005591119881,0.0672532021897983,0.0495691131236484,0.233953386977774,0.649045350264303,-0.807544082816301,-0.480272036407142,-0.788775891621858,-0.371259506181564,-0.625460943946083,-0.393097018551048,-0.255488396910764,-0.0706452534776726,-0.0689817313381294,0.0540115225236208,-0.160450227847892,-0.40807450845069,0.18425098078228,0.0642525041078819,0.0909812307549737,0.528992671906836,-0.0732935328271052,0.317760815720546,-0.0848535246241635,-0.0753594628888452,-0.237115074795251,0.203408378827088,-0.365480114985484,-0.171322162505579,-0.252191478947995,0.578184878347429,0.850518230063395,0.53995885676091,0.293350059519004,0.306681857246002,0.59342006034607,0.201356972620433,-0.18801872429494,-0.0507648878893199,0.270850124717093,0.147000176862255
"GLYMA_17G148200","blue",-0.509843309210579,0.159093720788375,0.144266108995234,0.610896132956124,0.80487212893452,-0.883581669735837,-0.554804682255063,-0.668623389568105,-0.11413436397785,-0.392892189221009,0.00382290843739768,-0.0689257439287438,-0.0319511062280572,-0.019794082848506,0.0976871309797142,-0.205657232986764,-0.520772796628311,0.178712772483699,0.118330144488397,0.0674857781831654,0.299235849659565,-0.283216684317369,0.0745001702515985,-0.271192521343586,-0.207182815682302,-0.62697054077704,-0.164816668469977,-0.702949971457473,-0.206939185169425,0.0125167098424091,0.389741482701481,0.819915529878174,0.544834299911286,0.468343385293653,0.456551270951567,0.715624098052074,0.380307157102229,-0.0671682979185886,0.185492910741108,0.253199572128803,0.1509867681765
"GLYMA_13G093800","yellow",0.509752420904955,-0.190509343650715,-0.177354759424833,-0.693784341256331,-0.824702351651761,0.861385602686218,0.564256524427348,0.586317963619397,0.130354037366996,0.281602269850134,-0.11318281418147,-0.0274026813987032,0.0291602103181161,-0.0523599670735179,-0.107718925986902,0.261837098141891,0.577494935866725,-0.124724543449603,-0.0173654685666184,0.0223669605254923,-0.185096833084044,0.28854683055048,-0.0500342471425704,0.247466628753141,0.239807706946964,0.749839305283968,0.283878937305346,0.790203153838836,0.221689603635029,-0.114178214637314,-0.31060265194909,-0.764211111383291,-0.526314467647149,-0.536616664910871,-0.508412902803806,-0.668270287873108,-0.348285833428242,-0.0635647666230071,-0.165422231978242,-0.249802810830695,-0.00171591086991751
"GLYMA_10G271500","pink",-0.509684553716671,0.352193675982787,0.336157244945479,0.481818245772531,0.853782577760933,-0.822297377096685,-0.388330888963481,-0.516219459452408,-0.373185001983319,-0.485825402706142,-0.0475703794764721,0.0250902130048562,-0.148722539946165,-0.139129399751654,0.120920488334864,-0.201700519339146,-0.632470775834562,0.171228486758905,0.167293172455836,0.0360144243875372,0.599485211072336,0.120231798303136,0.147256098944068,-0.299726337515478,0.143103666118474,-0.379608074612203,-0.104528632293858,-0.642807019690725,-0.429299451495995,-0.153164809877768,0.217118368650909,0.670878194423915,0.386671147806215,0.496611274160998,0.288380276447374,0.407310720807049,0.0551035060815633,-0.130243039712863,0.0551286731364003,0.233483848143019,0.0171059756749388
"GLYMA_14G082400","yellow",0.509577306141769,-0.261362886922026,-0.153912567504111,-0.471723475786252,-0.780503199782013,0.811652739948642,0.43256259698805,0.569931733892919,0.263641269669487,0.472304821441949,0.0601990062521091,-0.00179494069192144,0.0977927879599119,0.23759603076443,-0.0634332463662163,0.223620195975308,0.607972602699661,-0.0992559192313169,-0.216871448927317,-0.0423812016593299,-0.563736139894471,-0.0430820520820703,-0.187097835166892,0.264141146680955,-0.10292628751809,0.330612988769138,0.0451906569469385,0.560109765381989,0.363881489303374,0.145567490432125,-0.26388807456853,-0.685242109781932,-0.414185156249222,-0.40465001423085,-0.279423298157589,-0.411436740657955,-0.0648155455851777,0.131730079138275,-0.165422242077469,-0.275706365230829,-0.194543143961344
"GLYMA_02G252500","yellow",0.50947069011846,-0.226080126217985,-0.212854672263383,-0.441032732856891,-0.731628423328648,0.821677545328105,0.375867494189678,0.634777094543942,0.366960058281003,0.391655720662571,0.165151938586892,0.194179399131415,0.130060787872915,-0.0744485088863622,-0.11535471057157,0.0517570278961967,0.385695925168213,-0.247574566104628,-0.0631989720849373,-0.0963155388907541,-0.392163526568095,0.0565039989390936,-0.188697165656975,0.204882888599274,0.239277629919712,0.332868629948708,0.0208976651973675,0.534833504920388,0.311169248777282,0.160846926406464,-0.326634144660386,-0.735754964310108,-0.411859491538881,-0.307812681576931,-0.174102058407383,-0.432636929919777,-0.0741723963581186,0.135008370426268,0.0578394332603459,-0.199667865791957,0.0421489562095381
"GLYMA_18G166400","magenta",-0.509454321209755,0.844533937472954,0.577946447402045,0.257713563695511,0.539253217958414,-0.382598748413237,0.444050696926737,0.238948550001234,-0.244422230534807,0.0404032737149881,0.163081219159741,0.0944101153649772,0.0420927954338943,-0.318576563260972,0.0940567688814556,0.1002867870888,-0.470567859099681,-0.115979387908529,-0.156335918616055,-0.159594138022252,0.181721582229765,0.409039897592108,-0.166594846526249,-0.535435394010909,-0.356403703415789,-0.0674193424741772,-0.493144520592393,-0.619846233469,-0.855539826942846,-0.533656550665377,-0.239429007037962,-0.0962839747362628,-0.493031422128809,-0.256523079370052,-0.138250161195275,-0.184873625782136,-0.213872179771888,-0.00826560446377025,-0.0163293382648859,-0.0357273193771753,0.0786396126321567
"GLYMA_07G201300","yellow",0.50944485415207,-0.0304697667258144,-0.111275410731782,-0.529483815582808,-0.697223115371088,0.834929721623048,0.597866958336439,0.742317718037322,0.254199449589061,0.3447529129277,0.17453014984608,0.11648347251945,0.0040018260658381,0.0218878940733619,-0.062288225734662,0.171026821768394,0.397313819326767,-0.130146170688262,0.0832406805565974,-0.0245643729842519,-0.216992518268026,0.25701498337725,-0.279563040640332,0.0121972804565046,0.206283515749673,0.58461735870917,0.0369565550140637,0.581417185128997,0.104182162445761,-0.023884154933897,-0.531299025068736,-0.835668641269601,-0.605143810632997,-0.377107687009512,-0.516781163994601,-0.659010243444647,-0.281197191077887,0.0600875480162129,-0.173359856964641,-0.388020024077337,-0.0291055058406805
"GLYMA_17G205000","yellow",0.509392593247924,-0.192685158313759,-0.227385703966532,-0.465931160834997,-0.755053533959851,0.877032120011156,0.43015774207947,0.716697987355161,0.22166622326704,0.492180602168371,0.195535380186476,0.176411936519673,0.0307307916440311,0.113201421802601,-0.0807038154301976,-0.0158426685706014,0.358047315993125,-0.293528180181172,-0.179289786090622,-0.176424768428241,-0.446752413163084,0.134701389212614,-0.177457061823739,0.250505536266108,0.145810335592486,0.370726654492552,0.0198625249713782,0.557566678345711,0.275440821869531,0.202935940285779,-0.479731051407549,-0.820057643649639,-0.470821086695077,-0.302407849955018,-0.364911047927906,-0.587584283161873,-0.247159958864231,0.271329734199538,-0.153423460856601,-0.222867103094688,-0.270305187679919
"GLYMA_02G301300","green",0.509074779347472,-0.0333881154888974,-0.0914742803787277,-0.180978489833573,-0.629361177566311,0.778748243674067,0.51728380605493,0.816245345323277,0.460094048427331,0.675853642636879,0.487561973580361,0.174628044235201,0.144152718299523,0.105065321626323,-0.0534695732531871,0.233316727043849,0.453002482482378,-0.13011229666195,0.0115880996899015,0.00272503986832482,-0.653771217848855,-0.0138607822105476,-0.403503352965042,0.00389609010196143,-0.152201001923565,0.108785019727635,-0.363807439520781,0.252770162953796,0.169073642912354,0.26132752361485,-0.467297019472449,-0.820304252940175,-0.567407991510648,-0.228291848787891,-0.175614384498921,-0.487328299578995,-0.0255221349997006,0.147969420415337,-0.0150140871849792,-0.427102075345093,-0.0726057532854112
"GLYMA_17G067700","salmon",0.508991199216668,-0.533080708951963,-0.282764806273153,-0.692765039251832,-0.804710208713859,0.747818508253928,0.151379571440949,0.234474318502541,0.108462567075198,0.0347992593813848,-0.290787666232068,-0.0963095594203078,0.0295883664368325,0.06976803890906,-0.150822612050775,0.176240281051683,0.645003402106896,-0.0532545434500077,0.0395514660966243,0.117618548682469,-0.155533928375747,0.0990639183582205,0.188765997177389,0.545085301862633,0.430943265387748,0.534397142337477,0.491710084891382,0.848523796839318,0.557803672200349,0.085650736601078,-0.135544540483009,-0.458561630948256,-0.0991682337247297,-0.224625196396293,-0.122718739455554,-0.294826416379108,-0.082348723634191,-0.0757182785698458,-0.193249695793668,-0.128476944204534,-0.100873832610619
"GLYMA_14G087800","blue",-0.508888717042811,0.00296719512625384,0.110567028709151,0.6323385158108,0.765232551852906,-0.856571112349593,-0.684180889207962,-0.757973310338206,-0.22647680120377,-0.383789001746561,-0.0398342304541718,-0.0824979580492216,-0.163123261756118,-0.027832207724589,0.106239450385738,-0.11144889001355,-0.413869229590889,0.315793164101057,0.146755029916158,0.179370023597171,0.381275229391492,-0.176510335666083,0.311126662564254,-0.0376296590377283,0.0769848219147327,-0.548053450140402,0.00150947423233226,-0.55972178424875,-0.0904573840000287,0.136138768767659,0.402170674299287,0.883551157536073,0.702774110875101,0.636647484434304,0.528846910216115,0.658722459945856,0.258433083068189,-0.15521563232557,0.229209511353734,0.345761636654533,0.0807454805358761
"GLYMA_12G018100","salmon",0.508887155295758,-0.618191850339715,-0.421401151163626,-0.59513888714053,-0.749538117345371,0.662450630195141,0.00626973894674071,0.0978325503151211,0.1178467597058,0.0189909566132112,-0.277873537308976,-0.0243602275525074,-0.0139267536149345,0.0722043814331277,-0.161675541805577,0.0397925267349486,0.532596331148167,0.0413866353331328,0.0406493899068361,0.165375157294099,-0.0498632568283638,0.0359905657415286,0.213090875956158,0.518877041796879,0.526940899489406,0.5506794038503,0.58523743127029,0.868429345941802,0.614568561811906,0.180337397833761,0.0435976449309642,-0.303951935836219,0.0618573120811697,-0.131790191817564,-0.18105351861861,-0.260178756232206,-0.124250010595988,-0.143290675875149,-0.074382987096397,-0.0470695750131383,-0.0181981616362229
"GLYMA_10G020800","yellow",0.508592607217267,-0.386251921174108,-0.283242766921935,-0.624658726709338,-0.839320329266466,0.803158786931849,0.331837615153237,0.428587256239595,0.275778357298531,0.236683312554557,-0.116766082042404,-0.0159069664582774,0.129383459017913,0.185541289351289,-0.125506467105611,0.0755430235675971,0.566988814718454,-0.165682567584136,-0.0636503214368117,0.00120056841821524,-0.396234385471703,-0.118286280727384,-0.178497106543704,0.244785583333176,0.0357022161974283,0.440621173912719,0.242035677849532,0.706465214800094,0.452743500260572,0.067746261358473,-0.202914957302289,-0.593922286877874,-0.311580318852038,-0.438680767390556,-0.312313043392066,-0.364549219949872,-0.0256388760590345,0.0315627826889705,-0.187603090291591,-0.26435963730821,-0.0459662301963846
"GLYMA_20G066800","red",0.508547062169691,-0.855283177371401,-0.577064044006899,-0.308370517389297,-0.753672974976389,0.62275575625183,-0.317268711469503,0.0311108373558996,0.415894455346764,0.200306702681706,-0.0368596719583503,0.0931154343797516,-0.00934877747515445,0.205995491736001,-0.0194706099642667,-0.126072591706793,0.534971794106757,-0.0434034175509376,0.120410772568741,0.0627392863192608,-0.499200772021276,-0.533250717081374,-0.0466004638923986,0.501482647824247,0.240779348105578,-0.0156158728200229,0.346135438509266,0.624857311303588,0.903815307496593,0.599254996246517,-0.016935198525107,-0.207184674816597,0.297068435002981,0.118017692986367,0.132581199040732,0.0945101428755156,0.252422381210754,0.0738477529284348,0.0499440695847226,-0.00428038506613202,-0.0720009296919803
"GLYMA_16G062100","yellow",0.508341098701198,-0.464487652510191,-0.47288507681435,-0.42467357460072,-0.848102106926875,0.821157961818842,0.202806421602919,0.473381034500326,0.307403809583394,0.498027202041393,0.0281223767294299,0.119732900303271,0.187667294471591,-0.182390695386918,-0.210839970163795,-0.0382100615507638,0.455074897445937,-0.305622562967039,-0.198204194505293,-0.0510352861732491,-0.524298404194827,-0.120431587039829,-0.0889777240258275,0.358872909150295,0.206157063912269,0.302389281969934,0.196221852379508,0.633830153607561,0.503864365542982,0.272367785020876,-0.181982959974454,-0.645498579726886,-0.234660041741541,-0.347236118011084,-0.11691389255032,-0.409475044503452,-0.128490264006293,0.0232440608963893,0.204885135975673,0.0438128798326434,0.0764854691854796
"GLYMA_11G247400","blue",-0.508335442880175,-0.00913624332437011,0.0705812534952181,0.589038531178123,0.738637046774042,-0.855605539814926,-0.673072226392181,-0.773038543244877,-0.284273805591629,-0.352432858641248,-0.127788568089952,-0.192809884930027,-0.21043747710446,-0.0385653546966162,0.226608243491056,-0.171206206993979,-0.421701610297307,0.219814164303052,0.0896153000127926,-0.0243479844019967,0.357132961938062,-0.218154833198069,0.286887150866932,-0.0336999880612844,-0.0462638725352686,-0.534361601725379,0.0345712901103754,-0.550361975127321,-0.0873995889692107,0.101382694431893,0.514195520131775,0.889785016994446,0.683474565888718,0.473375839687754,0.431274688802626,0.62431835285593,0.177315907978,-0.0585419087667986,0.250751867692984,0.446556371746714,0.0495361883232579
"GLYMA_07G019700","yellow",0.507767838559194,-0.042784314917622,-0.147326699066809,-0.60241546568629,-0.738242170112595,0.852717028270396,0.607037690398738,0.723821731770816,0.145981030433465,0.357353563426226,0.0393838927977245,0.0858254271583238,0.0785925562142065,-0.0604615130681061,-0.138055196027135,0.0587079128644044,0.352084308830407,-0.301058160884639,-0.0905036431252327,-0.13560217253378,-0.214332295853908,0.271380814360631,-0.233345419633942,0.0605172750174773,0.209715105873402,0.63908347296242,0.126347077923324,0.628779135025949,0.103566822390262,-0.0864940135843288,-0.455728041497508,-0.848230073122442,-0.612095238204929,-0.482304353457312,-0.555889184001886,-0.718394128180254,-0.384618841080202,0.0919530122157179,-0.1325985960257,-0.229955384240871,-0.0678974985823571
"GLYMA_06G055500","green",0.507569303053209,-0.0186797684447091,-0.0941930910064442,-0.360157706869566,-0.664277861819841,0.847172933802059,0.563235112182085,0.833633724038164,0.336423368556235,0.537406918813989,0.359482989707852,0.101059623079266,0.0306422892782236,0.014729016498107,-0.0727825933636062,0.119185873820976,0.365342984700817,-0.227625814801772,-0.00735408624645372,-0.0639898327029132,-0.405341623816541,0.215290777301535,-0.266368192702826,0.0803452261429469,0.118263761679664,0.356010090451063,-0.175232561440912,0.421084721281721,0.129583947567372,0.140210496000636,-0.476925349499635,-0.857513379256563,-0.595649393348289,-0.28039710042794,-0.294028573696455,-0.626773932980492,-0.200141829462771,0.167489324447769,-0.0340217470837085,-0.352760223616908,-0.0759630920474308
"GLYMA_01G002000","yellow",0.507516734307187,-0.522927694459697,-0.450398011407433,-0.339470444612606,-0.867440966484334,0.872224841622777,0.161072632539674,0.518902597441997,0.46591090229907,0.551834557085532,0.214899151350289,0.167711198936939,0.0366585494504232,0.250449068728236,-0.0438250413072477,0.0420598628458106,0.554626432619318,-0.0769339331939467,-0.0867392644063669,-0.00598559079292148,-0.651809821974458,-0.243474648246724,-0.177066696843144,0.364249798953996,0.0607982658169335,0.185356702252899,0.0752939932890539,0.618277368781978,0.613155639826125,0.471045443309821,-0.273795911934694,-0.644921755273053,-0.19870850686774,-0.194691759409066,-0.156247744758656,-0.333846330662733,-0.00612058172618808,0.132766835749751,0.0523056605343489,-0.219032725444111,-0.129456688511991
"GLYMA_01G067300","tan",0.507457846708929,-0.649808233140915,-0.560979576075827,0.164171622771521,-0.453828106265573,0.411435284944531,-0.372745603641374,0.101634943862328,0.44880346889918,0.485769300049403,0.362904479371053,0.0724705556673424,-0.0476675695903877,0.237817895387111,0.0272268954337576,-0.198033130962774,0.277569723372247,-0.0235566398772343,0.0392744926963046,-0.0606515636550638,-0.55711059814079,-0.538120784401029,-0.131511186073873,0.334088526322675,0.105931574046378,-0.299021558014832,-0.00471740986202356,0.238288858824988,0.700850115417911,0.807671221287003,0.00202885395425531,-0.12333866348566,0.310506122343525,0.294203710665914,0.203007147716053,0.0681463608359258,0.190430419708616,0.236154856856748,0.327250760596582,0.0736227903681543,-0.12640497516198
"GLYMA_20G132300","red",0.507179182782608,-0.838842196927918,-0.580830543713064,-0.184442506058231,-0.58503237519463,0.425470794931471,-0.396000525100851,-0.157741045797494,0.341674618634311,0.152811203719256,-0.080456200192828,-0.133080283397248,-0.0765505132234093,0.111079271635829,0.0157889084783942,-0.00450222913768679,0.550355346701195,0.145951613290924,0.208726329970947,0.21364659126225,-0.309368741989913,-0.46165347108437,0.106120215865503,0.508702661062493,0.285079709205806,0.00580293241989428,0.4011782736856,0.554999938464138,0.863079189567276,0.577647969191975,0.271161643657226,0.0304494749008119,0.435027841931786,0.193393816971985,0.233392479315023,0.166371249792846,0.217948034769893,-0.129526554365644,0.155888889686039,0.0665169563636994,0.0677951032450835
"GLYMA_17G130100","yellow",0.50686670444835,-0.125974752527607,-0.21606199523605,-0.607287945711506,-0.726743504980757,0.822077856801451,0.536516150509636,0.623932888770555,0.0188478695378965,0.30738601403598,-0.0259600280540519,0.00117198164262707,-0.0346065537483682,-0.0077654678351535,-0.100583211422364,0.13197275017316,0.410748250401975,-0.142249824055145,-0.0669723179956221,-0.0757146492167668,-0.0945171255935443,0.444290587360803,0.0397297409380729,0.28242733445346,0.314081910772833,0.741833312946482,0.240355389619949,0.734732333180147,0.137268111872027,-0.0615171677466316,-0.359249958014717,-0.758151047251788,-0.516721809807994,-0.421557880464295,-0.530810020996929,-0.77459474815721,-0.494997613849124,0.052324096934587,-0.169208990419602,-0.208298915516294,-0.16636943277549
"GLYMA_10G189300","green",0.506844842581223,0.0154833890831494,0.0140785224163972,-0.310646286813032,-0.637330302047389,0.818209319169722,0.571090575515552,0.84536652364461,0.48603137584035,0.546455307226414,0.44405255161541,0.21255157139364,0.11112634146448,0.290008879558295,-0.0210576831446941,0.171503717894282,0.387429015054723,-0.113398973117706,-0.000921116969952132,-0.0626123589863358,-0.588159171002079,-0.0124491009477008,-0.505209068089879,-0.066702588351699,-0.144326088704745,0.170414067670221,-0.328245218041243,0.297954566184423,0.148537564867962,0.198887320419566,-0.662352575741995,-0.864392067955526,-0.618286784627267,-0.274480724746006,-0.307070322856274,-0.457922415987353,0.0107623663479504,0.230122163980525,-0.198803793538991,-0.555344566073618,-0.17032558377501
"GLYMA_13G128300","green",0.506769317562326,0.0269958855778106,0.049165134237946,-0.0230078139921691,-0.536509656712499,0.719215848114303,0.513819907101902,0.832575654606837,0.555248063950054,0.745606899323534,0.635315243720743,0.206147155897408,0.0589345400357022,0.268635723838011,0.0691341483272732,0.402695686244183,0.501448896011075,0.0187452128614571,0.120171191366654,0.00943917609799778,-0.718042546443553,-0.0358481047108515,-0.428301454601496,-0.00711689152134089,-0.23978899207605,-0.0134192756345726,-0.503003014831048,0.13150730775224,0.131766685754738,0.358902929983671,-0.612300010935007,-0.792242945525837,-0.562562889927888,-0.170554416292162,-0.131264331982563,-0.416592677458115,0.0270429836577469,0.212968068704502,-0.00924485301726598,-0.507988121387874,-0.149981552260983
"GLYMA_06G109800","magenta",-0.506742367593871,0.820655365902378,0.584803740196192,0.0736710917533057,0.643391101941206,-0.544260582590236,0.398141521133882,-0.0362075912952652,-0.287171809186526,-0.400890176891356,-0.0647568387306321,-0.144726804844274,-0.0249398802165571,-0.039735907911204,0.131502321579934,0.178381360307586,-0.418310733922548,0.133664601505349,0.0598688804961308,-0.00208224740423094,0.490700052094531,0.393115251585005,-0.128486114198197,-0.622597036728481,-0.377596744543212,0.0901282827607764,-0.290226508755296,-0.519328287209306,-0.835909573262221,-0.725715399252435,-0.0245490110625444,0.181591070828774,-0.363873096629046,-0.228254235527201,-0.242385320751677,0.0109625896581873,-0.0549950633705194,-0.0853818418819795,-0.328261782648572,-0.243557891353099,0.149459044155649
"GLYMA_02G111300","yellow",0.506724564030233,-0.38811279045896,-0.313383192074711,-0.641239317031145,-0.917517768669453,0.911847847984533,0.390013247656177,0.545189210346708,0.259235144595588,0.363040881890853,-0.0596722877168415,0.0128509717490178,0.0940019682670882,0.256706888569013,-0.10700318611088,0.100529935732873,0.617584802369086,-0.22795170751774,-0.170765599312337,-0.0824470924943225,-0.505158223226863,0.00256753209534808,-0.0655650975123964,0.402213547936212,-0.0060670374800296,0.464142705110132,0.196649580068822,0.757074008588528,0.463447393804251,0.120958763699759,-0.286201171619536,-0.722626115253161,-0.39178796258261,-0.463071717437965,-0.319719181405264,-0.485226953900885,-0.123033642964109,0.165068363664707,-0.212676942199206,-0.261419065103968,-0.221327812978793
"GLYMA_06G045600","red",0.506594158384125,-0.800997234920227,-0.483515191038341,-0.339754926107674,-0.663259336761893,0.529274080206775,-0.296709712923687,-0.0505087195036382,0.348691270960732,0.0641535897908596,-0.0865620783180322,-0.114633351170858,-0.0394464257293397,0.294497071214563,-0.0369424516174992,-0.014081595374389,0.560262041077251,0.0585652595181489,0.195198363321143,0.177931258609857,-0.389775842564764,-0.436791271605091,0.0444930275227842,0.508231947808168,0.208336222673614,0.0153138140028095,0.364027209492332,0.607414102171171,0.848269876522455,0.51316812848608,0.0430535276934505,-0.103948967160465,0.320792416456709,0.158784393178302,0.154458656075665,0.180765670447154,0.321074054206534,0.029253135271993,-0.123171073396232,-0.109683017776422,-0.10213126056893
"GLYMA_15G209800","magenta",-0.506385978628286,0.851357757002242,0.746818226612629,0.226221144876689,0.622812848910167,-0.511795987655083,0.431913834981803,0.0658833760703323,-0.133055581223884,-0.216818558324632,0.11203873043873,-0.0100557868063997,0.0232743933216946,-0.00718601952016502,0.154694293983907,0.286928014920532,-0.325007259549633,0.23809333106224,0.0909090692364751,0.143375658485119,0.308601968430176,0.222487201951971,-0.364257855984354,-0.782649208170961,-0.466918996679369,-0.0419353711079819,-0.460576516884941,-0.630774058208623,-0.831176211893685,-0.611014493255204,-0.168112275162704,0.0904355508442369,-0.420568433606501,-0.18324663120985,-0.235001669738854,0.0253060621637203,0.0278580156965609,-0.233419251660827,-0.234759863185505,-0.365258962400367,0.197315462100121
"GLYMA_06G106200","yellow",0.506313499313092,-0.221051373798173,-0.152261467813794,-0.584304803000339,-0.80036809759833,0.845909928628106,0.470662785639769,0.603584310734403,0.374257863431991,0.325765552162418,0.0637297155193735,0.181255514647064,0.187860026141477,0.224215239281853,-0.20065156985792,0.144690541110592,0.515564066088156,-0.148120763710535,-0.101317320708795,0.100431326843029,-0.484285843491627,-0.0849214985477867,-0.339877371959285,0.10168864669023,0.0151630369346296,0.38021934952547,0.0569707405012174,0.589378522474049,0.339441221474084,0.0834240966215036,-0.441407999776265,-0.747905290532544,-0.462140855063453,-0.375963679542782,-0.362858853074305,-0.383069703622541,0.0395805633305943,0.038957587205254,-0.292873865439094,-0.431120769462808,-0.0831631267496155
"GLYMA_06G134900","green",0.506294431275366,-0.0372872300745865,-0.151750282498006,-0.340863499638828,-0.717820763314651,0.847240795535048,0.563598454795643,0.829759608300844,0.411065377073987,0.60824541523219,0.340677396201724,0.221586101608595,0.24700621522684,0.0617107413466442,-0.153559023111569,0.0989848886442484,0.379845381516079,-0.29627603724719,-0.143328274331082,-0.114565078256133,-0.600700681513678,0.0476493965918651,-0.365114831310828,0.0370870954324101,-0.099201419408091,0.265848171859191,-0.225455893702262,0.388222476727435,0.151231621565725,0.139543434825431,-0.573556652482568,-0.901966908674415,-0.632954552395769,-0.421088360697102,-0.289493089000732,-0.580502760716943,-0.141540462778497,0.185538608904211,-0.00971755016457074,-0.327701201093871,-0.082778288992813
"GLYMA_05G091600","red",0.506000237503334,-0.751913335535939,-0.493366181062883,-0.164607281654493,-0.630220153451403,0.525320184777397,-0.288580334220552,0.0394656349979343,0.672050295702748,0.225002102752962,0.130075609555044,0.0876285975129397,0.200290418501899,0.133993339221485,-0.123852088815531,-0.00225308666181095,0.535367180255801,0.0288691837165246,0.185959146554365,0.239256493248766,-0.604749092273246,-0.640675338781959,-0.157914972458554,0.357288365416285,0.123176081017756,-0.219611745198912,0.125002941669972,0.407450985159466,0.86952195942693,0.625036974478109,0.0705986295305936,-0.137591117430095,0.287699575507061,0.193954122627589,0.365563199710084,0.360276342700989,0.577851799992092,-0.0114394664410323,0.158808744172597,-0.107222640728542,0.182802508504569
"GLYMA_02G266200","blue",-0.505800573523556,0.194736020870879,0.122615284410368,0.529592777886835,0.858259150607185,-0.906422162577515,-0.548722845165794,-0.711969453783791,-0.415124301106478,-0.491298990118015,-0.132478763386134,-0.185059566045708,-0.172950158495917,-0.0113719413175368,0.102823835174289,-0.277519540247011,-0.612486419206474,0.161664742689545,0.039112492811906,-0.0435973599684481,0.580266084808351,0.0438005154969356,0.342405181243909,-0.119953092663881,0.0130038870108353,-0.38638098990525,0.0243706569453527,-0.571912491910961,-0.299470488749805,-0.0810651514771285,0.432431511161625,0.859334395361272,0.565734246726556,0.479345763478393,0.304185541924107,0.493576814569627,0.0498703688879931,-0.0156474668213543,0.130795120559784,0.384616624832581,-0.0367108764729841
"GLYMA_09G176200","red",0.505379663483608,-0.801265124941822,-0.573203266186762,0.0290314010958789,-0.446586016115497,0.345954394096957,-0.509843767759292,-0.128640090628757,0.400360406951352,0.216833755887749,0.123798468784513,0.00655372393517012,-0.0127760215667438,0.176391751433901,-0.062118249771991,-0.126492080475922,0.373699056570892,0.101961773477869,0.249256883592521,0.227361109085132,-0.424383452802929,-0.564698373034191,0.0077862032601993,0.452541712851208,0.27528667030036,-0.297540883901298,0.181019820588703,0.322563354551055,0.855777363357597,0.767679688394174,0.211322838919023,0.0746592732308543,0.517576217534108,0.49025697134149,0.390527738475418,0.295589665824842,0.35495930721965,-0.0242336522757703,0.15768744091732,0.0339003819772746,-0.0463802930664804
"GLYMA_18G064800","pink",-0.505317810630451,0.592133805682017,0.388881438826409,0.551372096233698,0.80228228467952,-0.717599522148846,-0.0397176397588153,-0.240539013898273,-0.407286329658439,-0.14860064118198,0.10857130645194,-0.0105870249003018,-0.209086870650109,0.00704953296383671,0.199015456528768,-0.011392512319535,-0.538027451237428,0.086587584657272,-0.0525551181650274,-0.184612498273828,0.41307865383792,0.374073914443756,0.255483799170244,-0.237830746927045,-0.266412848054811,-0.207227960168043,-0.297877662536456,-0.633113571782127,-0.662483660346519,-0.271669011416265,0.100826842393671,0.432319297090984,0.0331662544035986,0.134146107316796,0.0314922646352506,0.0281426214824169,-0.251959025711162,0.124594713074048,0.0754499221001425,0.19701088538306,-0.150518754752887
"GLYMA_11G014800","yellow",0.505126587441904,-0.357039431279782,-0.270310663180115,-0.541920244811239,-0.789002543835341,0.811619064387368,0.295324090665755,0.502511701320122,0.194563687313696,0.321701178514775,-0.0347258319550785,0.0437927762210993,0.0503767571334879,-0.0320158219575179,-0.0756187753426932,0.122914170455621,0.546268279533982,-0.287251270834458,-0.064562919046939,-0.107326453369542,-0.42318592605614,0.00536409266744823,-0.0848496598384691,0.355311489436569,0.199675951329295,0.349796168562714,0.171209316436801,0.630968872675643,0.410554701850923,0.149010747222509,-0.288234644909168,-0.665788076280133,-0.313867356985971,-0.28443581213685,-0.227966976767572,-0.462106268414504,-0.182662764893644,0.14671737033232,-0.116435667208561,-0.123890385610051,-0.124581736553099
"GLYMA_17G040000","blue",-0.505003834375567,0.143841629184491,0.224381947245311,0.446699284142812,0.775439323459595,-0.849712506976676,-0.530558885066235,-0.706441947060149,-0.37926962345605,-0.498887146518596,-0.205630570679187,-0.0306234517302079,-0.0769148041362486,-0.108798191722274,0.0214998141733636,-0.182737666884072,-0.484809380914441,0.141987666187054,0.0107084266854243,0.0541876139533623,0.480602295053833,-0.0873095797822504,0.235964955355816,-0.131403653885862,0.0744790253892808,-0.434205363418161,0.0304436516387802,-0.559706193797067,-0.232048054935598,-0.0906284304380579,0.422291540839331,0.801357738147789,0.557966543778005,0.477607867790197,0.346098695614207,0.557364444521558,0.157580499438543,-0.10262423712028,0.084486898820309,0.350786882956446,0.0227709097116837
"GLYMA_19G146600","green",0.504946983404629,0.0166036410298662,-0.0538449905581416,-0.171583246877721,-0.595085518346919,0.763167496637625,0.52856610361297,0.829945042131517,0.473947568791878,0.673880904251539,0.500866593119489,0.114150160242448,0.0891140370309005,0.0935946253953878,-0.0361115959512758,0.140853174585756,0.345489630738552,-0.250305572468671,0.0175566176859739,-0.0631286168862302,-0.63701707325267,-0.0168312922916809,-0.442598245180124,-0.0343662645996851,-0.182210738353557,0.0974195597299606,-0.389179546972328,0.220815114874944,0.129104020642955,0.250965982053278,-0.459473645917781,-0.817326849976425,-0.587238840837434,-0.256286047199302,-0.243434954866224,-0.499062696602896,-0.0580810619449219,0.215680922728643,-0.0681184651218937,-0.430444569936518,-0.0883683297866085
"GLYMA_08G249200","salmon",0.504853231600872,-0.254059354847545,-0.302703126263863,-0.809827041336585,-0.775500036350275,0.765135746305929,0.448932580185424,0.404816422070134,0.0438015010322529,0.0209166986330739,-0.30491530853649,0.0369460386956373,0.19560082795143,-0.0615395027193849,-0.311801698198909,0.146156251244378,0.468295937339122,-0.0836942854863703,-0.00923917657216976,0.161055794282386,-0.0207052491129861,0.231641636535667,-0.0527418727807048,0.190949886792238,0.395109285218145,0.76869577501173,0.441300472807999,0.820562007093445,0.258108054347407,-0.192618819082812,-0.288028423820542,-0.624943753602884,-0.389048554133648,-0.401882238760664,-0.453198248976674,-0.535371369560054,-0.264458441964561,-0.213493657801657,-0.279588450931915,-0.252032694941399,0.032756222685722
"GLYMA_13G353200","red",0.504821377299814,-0.712252413533598,-0.523545775962708,-0.241428845851307,-0.720557351743057,0.634718681714382,-0.167109647534369,0.169069887661225,0.497946438471233,0.331790009180753,0.0965851572861116,0.111160599852638,0.121899705811504,0.158230414785643,-0.125194107604418,-0.020527381771152,0.543622729086301,0.0109309552014646,0.0885887142623484,0.21284245658602,-0.618659027873576,-0.50493128849654,-0.143692681896201,0.398078112373512,0.107005301440998,-0.102449794992767,0.11438577351771,0.475169132307935,0.808304225153847,0.5790966067688,0.00446515656615101,-0.29076984629213,0.157940201203853,0.142592942704571,0.246246345145164,0.0812944798560307,0.337305527766239,-0.051446810636204,0.0526249925684145,-0.166346355182829,0.00807380463075369
"GLYMA_16G204800","pink",-0.504818514650854,0.530316462235189,0.378018695535719,0.561135837362455,0.836204941506957,-0.784511846398495,-0.151367318594821,-0.3351747314949,-0.273092392186111,-0.222981702709512,0.100702639575773,-0.127156681895075,-0.159816716302418,-0.0841950514265328,0.202411865067372,-0.128307899973423,-0.607239936936151,0.0438823793062595,0.0452900619829925,-0.171026810094013,0.39436367746586,0.106793507335148,0.0280017219151287,-0.428613257381802,-0.308744903962901,-0.351416539448074,-0.295975157553086,-0.715524161353555,-0.576873643042938,-0.225059090514647,0.187096657659737,0.534349760572345,0.138645803775018,0.160123819816313,0.0534171656708008,0.238877270509652,-0.0501187768491603,0.0923455098218007,0.0807305153536916,0.210006472742303,0.0373664784380097
"GLYMA_07G196000","salmon",0.504688531034631,-0.647602431183218,-0.397569311576231,-0.62470964357037,-0.701778264290716,0.587247476020596,-0.0819639469048069,-0.0118201963985226,0.169140087627095,-0.137527462710875,-0.322918720491956,-0.147140249088566,0.0576512818982231,0.185052434480568,-0.220998284050897,-0.039300949511481,0.495051109242781,0.0216861317468462,0.0536858896360306,0.274159517021015,-0.0745276682267561,-0.142186484029993,0.10847707037499,0.427210324449635,0.446518727412799,0.434718875721929,0.591778207307229,0.812125964485364,0.670268795156033,0.170683018482093,0.066321721559301,-0.199884555795268,0.144614380570955,-0.0691509831312359,-0.150653722528382,-0.0651582737511267,0.0809974697682528,-0.166104693526158,-0.232287369958795,-0.145934543365714,-0.0176072425986213
"GLYMA_15G061100","green",0.504549175832773,0.0726662332415543,-0.0674047952900956,-0.400230139623871,-0.601679192550573,0.796674977595344,0.629229828440874,0.804314078548272,0.198331178377512,0.466645529547519,0.281119526761649,0.036603274042482,0.0965069759742917,0.191595503456474,-0.132274920351155,0.143250521961277,0.327926327820067,-0.198191019165984,-0.130346079882948,-0.127819456524227,-0.312033732595315,0.37372282617448,-0.153905249213988,0.113150027614764,0.0788943081106763,0.477083367804716,-0.121993077191376,0.457348260608707,0.0239864405775235,0.0360230927692438,-0.531443122701901,-0.834424339543928,-0.642294406142013,-0.355605282601234,-0.438187988508237,-0.705964093342729,-0.3275456737737,0.253077541629294,-0.137540859295487,-0.355155842850467,-0.260651787228073
"GLYMA_10G262800","yellow",0.504529803730112,-0.504453995561154,-0.361981971496747,-0.402564520271972,-0.868232552256583,0.848924010084067,0.217120352710392,0.479233074197571,0.465347029017686,0.487446258786088,0.148460907165803,0.0431455149752891,-0.0591217093034101,0.181644507300986,0.0582834480953423,0.206234042434112,0.702265749794439,-0.0774653421895263,0.0679605733193386,0.0379130117734528,-0.658250985921098,-0.22670767293835,-0.155264020819031,0.37971081027118,-0.0484726452872347,0.218676200737661,0.0861906877262466,0.62925810724533,0.600332145383056,0.366775144340204,-0.252940358139491,-0.623497932206239,-0.23509724463107,-0.253287227769311,-0.137130264605288,-0.29282345226523,0.0527735463328036,0.129532464495228,-0.0885393621758698,-0.266130123553558,-0.0636600709723215
"GLYMA_10G060700","tan",0.504363964565509,-0.646418677329143,-0.584508203911915,0.116616994637459,-0.46768388823782,0.483403779956104,-0.360545858758515,0.175252304516969,0.439369213229827,0.433185383667186,0.383970546939775,0.292250023063507,0.0425657006898792,0.175168331974633,-0.133273332666705,-0.170598409625726,0.260609873398349,-0.0351665724054104,0.0920280175690086,0.0523976834781903,-0.540194111946312,-0.343498627268781,0.0346989901102824,0.489358526324484,0.328615758671819,-0.316584796250358,-0.0500749888218692,0.25878788188572,0.70423704259133,0.83406138120686,-0.11345741765246,-0.198274772027129,0.29779542357838,0.444252680511904,0.379815397405772,0.0448561662200398,0.201582133955538,0.224068137181098,0.263227296945217,0.015312406117101,-0.197379616658858
"GLYMA_04G229600","yellow",0.50382255546879,-0.325583555674001,-0.186932612935989,-0.516136809690015,-0.80963985092559,0.817441762248933,0.396405676868563,0.532116060230744,0.414173918724862,0.370669232535026,0.063347072290652,0.0395933934349559,-0.0173140546950191,0.0253832148634969,0.108725046454315,0.400453084077536,0.720111690629601,0.0559594419569875,0.147627920834186,0.0837024894714076,-0.494726931514886,-0.101015751222578,-0.240475270722209,0.207870757756876,0.0382313255487594,0.336936446121917,0.0802072374557827,0.587061483697494,0.42117773791162,0.135820109998753,-0.33379201149318,-0.673708380163839,-0.38105741130522,-0.34889319311388,-0.183813202079034,-0.317474333460243,0.0457004243539629,-0.0469923970352479,-0.113939659909435,-0.35975341065119,0.0890713679583038
"GLYMA_04G112800","yellow",0.503810842002544,-0.170450207935131,-0.138558733321133,-0.454770081963704,-0.692068340353154,0.839470106526347,0.421379148584202,0.693921614457914,0.175901585984889,0.403567779317365,0.186694406306906,0.119731689826822,-0.0171472726593963,0.0353487972239012,-0.109060643701287,0.0942629082444768,0.415816955901974,-0.194367015196488,-0.00317925388426829,0.0302269509466096,-0.347053656974734,0.211176384749016,-0.133077976635906,0.25178640178555,0.281254091612055,0.344896750679168,-0.0143060286258856,0.509171690052039,0.258569488759059,0.176435042457353,-0.428997337957653,-0.767942665221956,-0.432264747389656,-0.118076115064622,-0.215720133641985,-0.56814496305697,-0.206430827261575,0.0948147029740521,-0.203579575039394,-0.320548262910323,-0.2251178333472
"GLYMA_07G202200","blue",-0.503722235044658,0.0570345540803838,0.0939965894410212,0.236047728091672,0.684185949673902,-0.796553628712791,-0.563446754346101,-0.776454579071654,-0.448008276063232,-0.696299638323559,-0.408607034709692,-0.0363361471955168,-0.0351572163561337,-0.243253430481007,-0.0482865230299421,-0.29229015381834,-0.537690709628681,0.147141780205441,0.0684774761600547,0.124268711714107,0.681225673843647,-0.0083818710277135,0.294057948947711,-0.122721374380492,0.342174992329368,-0.228254757011976,0.279276170892512,-0.365866813586979,-0.189340568977477,-0.205856478743491,0.413516151300108,0.800313260950472,0.597050060339294,0.456674106929645,0.299112046891675,0.531394152003065,0.0976224528703541,-0.293215021661397,0.045603028451487,0.387908756122167,0.142529117172078
"GLYMA_09G241800","yellow",0.503719935496109,-0.382121158241526,-0.380842781468658,-0.441857886298587,-0.832999894382261,0.877901562369765,0.312841515939951,0.589681395247167,0.299822603556157,0.488933515116096,0.134363152233873,0.118414726450131,0.010490959431386,0.11364368624615,-0.0414036582726329,0.0780589892674935,0.528571290534284,-0.17762807745241,-0.0296487489128458,-0.0666599764239678,-0.529756968004235,0.00593865961881764,-0.0767262994441704,0.401612757763827,0.111055877918953,0.322074667251094,0.076884523737625,0.629646171200044,0.448727244321178,0.281861090574077,-0.227410888962105,-0.704335673367307,-0.334862190480772,-0.303081395043815,-0.202351758803857,-0.479110783908496,-0.143434331751824,0.191076592865671,-0.0708554256570858,-0.19688827816423,-0.166172862428377
"GLYMA_04G009600","blue",-0.503647543105908,0.0548388193504481,0.0470930224398782,0.400451536587466,0.753652639112965,-0.867302943594859,-0.611827243302803,-0.8042680535023,-0.359920287948853,-0.609577775727367,-0.277357361800013,-0.0691868911339479,-0.0668055961630518,-0.108589891447237,0.0479675263428912,-0.256388616977669,-0.529736009198954,0.258860574056938,0.0837638648243254,0.120571936284164,0.589815224174329,-0.111946961333694,0.267465866549457,-0.149857049195539,0.142802507854938,-0.359051431656861,0.153606777372785,-0.473347138503324,-0.167001387075971,-0.103657149339961,0.54480215841703,0.892930579106063,0.645783667347644,0.510178945700544,0.376461447769043,0.609199529397488,0.180440384797041,-0.244957729682234,0.132297766307299,0.346465166022944,0.150277957800043
"GLYMA_19G039000","pink",-0.503641719565022,0.724905368823817,0.591131866768714,0.577997257128262,0.820667386759212,-0.652123470307906,0.0794776771403437,-0.049243490817075,-0.284535951069997,-0.0883995632527936,0.295385943770871,0.0521989294706143,-0.0696005402469056,-0.0533365020715949,0.0939939245289832,0.128998182737677,-0.504971334649433,0.0962607048475759,0.0182567616526076,-0.051829129416332,0.312257343156834,0.383821168750858,0.0570107991737855,-0.369343964611592,-0.201832164950548,-0.318123579534935,-0.510141922239895,-0.760668183986642,-0.740902958266121,-0.245869406224896,-0.228322465873972,0.263451086159896,-0.101554971285324,0.291476056184095,0.150937429585348,0.0782541400453996,-0.0800925050589058,0.0918794526864772,0.0138382084516033,0.00184083345451611,-0.114944923021238
"GLYMA_08G186500","lightgreen",0.503579903304843,-0.468749475789084,-0.0857722131682936,-0.201219833421949,-0.570699659627996,0.538814656341153,0.0533497410546536,0.210259333464901,0.455579304650351,0.31937398900824,0.126731915662777,-0.115409592124979,-0.0508411419858763,0.158873420906202,0.12857020980503,0.492724709630643,0.803373630656798,0.214221205735861,0.388982027613317,0.277743902250646,-0.515803498546709,-0.321213630980343,-0.135497003069212,0.289150350097636,-0.00244581317282222,-0.00274766123012057,0.044986781072954,0.383554516069672,0.584578035259324,0.400920870081929,-0.128967150227656,-0.2860781166812,0.00300227849974375,0.00989122624642302,0.0941586786690264,0.0382947024489681,0.261433785330262,-0.078917489677434,-0.0647675219495024,-0.278570491635841,0.0491871268173629
"GLYMA_16G215500","salmon",0.503237090441912,-0.704160602062842,-0.502796631087777,-0.576583074996079,-0.744488676229067,0.579373204347027,-0.100316409551932,-0.0377851409467453,0.228187979487739,-0.0202275574338033,-0.317508745280308,-0.101297924856398,0.0314216558302575,0.0659828125215073,-0.106827342093636,-0.000533123625543261,0.524944919954984,0.0360585148410322,0.0715557527322445,0.16440310502092,-0.164405274172024,-0.301513600359274,0.0162398449620874,0.370015313394649,0.310853712356541,0.421821419995319,0.626710692556351,0.818021818020782,0.706452598085687,0.204561234359577,0.141910252310438,-0.185834607522955,0.159132940767612,-0.172408404597702,-0.201964761114777,-0.0509603963580211,0.0495514576344821,-0.153217828954818,-0.11175695536355,-0.0353568949828057,0.136698700359308
"GLYMA_08G172900","pink",-0.503130201311334,0.641890746060599,0.437592690036884,0.757702431274827,0.823346464238784,-0.72239157064336,-0.0161503117073073,-0.125087888514899,-0.230417137052699,0.112499907312232,0.345496022932926,-0.097311121655956,-0.20608715099768,-0.154355868533736,0.296311687910185,0.0587275197891977,-0.509794852127193,0.101454860726578,0.0808991511587232,-0.124369864649442,0.208417661170678,0.177202275397683,-0.0162360369247984,-0.438325726492013,-0.418762125928734,-0.412825018877303,-0.530862608229795,-0.833447554801485,-0.686868289898613,-0.136894530959335,0.0705078340819055,0.368997434955383,-0.0239258142784114,0.134089263966331,0.0959456808105653,0.0649251447796497,-0.157242226152275,0.0413204621243145,0.249533218944732,0.170950834697581,0.0429765329311054
"GLYMA_19G159500","yellow",0.502733229453662,-0.623618979572732,-0.559056618801572,-0.494438947054469,-0.91361532334027,0.838241482025189,0.0812587707712582,0.363338726018369,0.354198727319866,0.396290350886093,-0.0403586273528663,0.162905735328159,0.108928491083883,0.122223374489076,-0.0980206551329214,-0.0917564736930152,0.513339932096443,-0.239658296078833,-0.154717851977289,-0.109008967804121,-0.575059143365689,-0.270293796794767,-0.0701455266164504,0.45560483593168,0.104628568705466,0.263553914688728,0.287555055684785,0.731486322495724,0.675461923628966,0.354364827246894,-0.18243301945487,-0.565110413489634,-0.113553582486731,-0.30440915255446,-0.134866861783379,-0.269762127526293,0.000690107662171713,0.159696098575744,0.0399710786196431,-0.0274151678265906,-0.0892737281289189
"GLYMA_08G193100","pink",-0.502708727731046,0.430109925606066,0.326091113217992,0.614620160227353,0.927979576142306,-0.874402428527764,-0.355668579626489,-0.477833186654092,-0.35049299183469,-0.376780951307606,0.0614943872077809,0.0128318293746532,-0.061634728458333,-0.259403809435874,-0.00185188876150237,-0.133237210693363,-0.657394479576763,0.127800630145561,0.121087574152159,0.0554518541983928,0.562707900231534,0.173677209184913,0.191210749001093,-0.303279142132404,0.134236040405205,-0.432512662388864,-0.223211620573965,-0.745429800601345,-0.513366044484496,-0.133922620652409,0.228535807362805,0.672169693753661,0.356942369020386,0.522154085821768,0.366366435733855,0.3842323104111,0.0423616549550837,-0.0966516359856864,0.193468550041424,0.276380091501058,0.0955532082169765
"GLYMA_08G204800","yellow",0.502635284046539,-0.207527391819136,-0.229442760251381,-0.699330218434993,-0.803636811374177,0.861606477347316,0.490769679079444,0.584949364496783,0.0554169510915041,0.242457854783977,-0.108277676561461,0.0531463664290209,0.0233818414089086,0.0394589252555464,-0.156411211139905,0.0423556366933209,0.427628240745098,-0.215223579789633,-0.0992795403209121,-0.0350766309883777,-0.16341983813241,0.242670393590415,-0.113271725778971,0.202607698079578,0.293327259982227,0.693231833295258,0.302251841880934,0.768602688015183,0.243644963730925,-0.0587491143068693,-0.343374589024864,-0.756925302510407,-0.471960382712875,-0.407148480661332,-0.5511688817333,-0.679184117780986,-0.379838922918666,0.0161408115250349,-0.254895550934921,-0.241176594775105,-0.149716837199417
"GLYMA_17G219500","yellow",0.502577018342803,-0.173745374235387,-0.292739463393203,-0.291915627100839,-0.691275989670312,0.801332402943444,0.430667492915566,0.706540726793121,0.27072468057235,0.645704535136764,0.300833394654718,0.137361504201159,-0.0176888629134983,0.00574539581649596,-0.0241785880483856,0.0849790643502553,0.416640655728725,-0.232294625456412,-0.0488714615474804,-0.0820951266635023,-0.564035580754777,0.0605694209651486,-0.189382387021327,0.22429377480193,-0.0620802557628262,0.23422851081945,-0.149522439039359,0.41032116810164,0.258140826380209,0.263296015685583,-0.276989341144827,-0.745982469674687,-0.453983246090124,-0.265982294579408,-0.250663683633004,-0.595754843138735,-0.234516154230782,0.197142781317348,-0.0565980366641304,-0.237600064126423,-0.128061718438783
"GLYMA_12G152600","magenta",-0.502562876233546,0.862222849067508,0.636222359741526,0.0640640338023719,0.570739012412245,-0.432519891407614,0.502727383250191,0.108971206931972,-0.361596478455809,-0.271142247654217,-0.00200609363253928,-0.069883479492705,-0.0512880450373263,0.044420806986674,0.0984194276245687,0.268842184479373,-0.344128910540457,0.156998115395463,-0.0103101661110139,0.0536841216683474,0.394633196633653,0.494155327644515,-0.124558488281203,-0.571185372538256,-0.387158799350269,0.13498442365513,-0.345672097020307,-0.481876274817982,-0.871712358536988,-0.698331090410986,-0.221308120442638,0.0208838965558355,-0.478036475554376,-0.198687152624924,-0.345837591721935,-0.176076712042771,-0.205206374572857,-0.0963435738208769,-0.45344833304167,-0.350475637664489,-0.0521165810805865
"GLYMA_14G068000","salmon",0.502457414363448,-0.553934023108695,-0.415275460266292,-0.568952637707283,-0.737137099533541,0.680227883098596,0.0735192574442257,0.179313125173192,0.0884659741004995,0.0698316659396988,-0.2099691654321,-0.00631829192041363,-0.104401566493737,0.147093611371481,-0.0719633770056387,0.105506646860316,0.555440754075857,0.0429575841532563,0.102071870453464,0.0839564173114471,-0.117659007965417,0.140892158172278,0.280115377836109,0.591465828960477,0.403894949289018,0.528852644100341,0.487538698376849,0.83336826797583,0.552345356629878,0.177414847355523,-0.0435763221886553,-0.380591818131993,-0.0246387476560213,-0.163327148634314,-0.16892284005654,-0.323669053186417,-0.163035274029016,0.00914967278218187,-0.169017033104395,-0.0973305744767618,-0.154423234198716
"GLYMA_01G100000","blue",-0.502114731249893,-0.000998325611130526,0.0597684960701931,0.566304035589665,0.701705615124391,-0.795735098076789,-0.63929310645744,-0.716456643229363,-0.179468916018257,-0.377226506128116,-0.0355229514393897,-0.0752904463782264,-0.178623260183946,0.113923174178879,0.12700140081559,-0.1772613825689,-0.411125060913671,0.25785295915598,0.0714392517266791,0.0630778280159083,0.319683961927505,-0.206583823240629,0.268856634226628,-0.0408187845093819,-0.045828885734474,-0.512600526957077,-0.013191782401666,-0.509174020158141,-0.0699483246853222,0.128904554328262,0.308651859745701,0.828114324010536,0.645063213238113,0.544734245743121,0.441603566334972,0.620026652246826,0.274247731971118,0.00597065889405652,0.151069879019667,0.286543848820592,-0.00132932707128193
"GLYMA_01G185900","yellow",0.502079508123845,-0.289963202582286,-0.299490398924521,-0.675199374798055,-0.779861368948121,0.814916374079934,0.409960022515364,0.474453906440748,0.0454893942610956,0.180180306384757,-0.121527682104376,0.0115321352627119,-0.0637147148511966,0.194387581562882,-0.116845015054472,0.120259537724493,0.492440253777638,-0.056927829424768,-0.0284223180353026,0.0282381022915163,-0.118578940468454,0.320050893848302,0.0966472949482789,0.391562125068329,0.281402612534528,0.717786634907243,0.353431804022388,0.83391710400151,0.309174531473349,-0.0052466503882318,-0.268468543616425,-0.639514077301316,-0.3662559693468,-0.325600796873426,-0.467403590210637,-0.619912262500716,-0.351016839701267,0.0367565162460063,-0.325992847369137,-0.289284498621914,-0.230034779490276
"GLYMA_03G167900","red",0.50207110443099,-0.769351277455391,-0.574823777060103,-0.323349682849836,-0.733252407329001,0.615532910880333,-0.235994700910158,0.0801105054980342,0.322961570854708,0.259033379870019,-0.060697564013549,0.101152608417517,-0.066491122154744,0.206135642909699,0.110151684841726,-0.154160862024002,0.450875411982567,0.0296448517470101,-0.0466897867245915,-0.137784359372016,-0.438474860712208,-0.50978154119388,-0.141985980883234,0.382174567248376,0.188640957435337,0.0590972344990194,0.355984628838211,0.603555072214177,0.80271760300193,0.537058542962384,0.0348357207525175,-0.246751496941701,0.218142349483587,0.00459900007419801,-0.0374382208421179,-0.0183283479220375,0.0910120545868002,0.10445105055886,0.086601435601863,0.0274673473673467,-0.0704151808942977
"GLYMA_04G199300","blue",-0.502069970688215,0.0797965313959084,0.136919983371468,0.467275505322053,0.801682777257248,-0.910942354565644,-0.6132776372771,-0.828154933226188,-0.368202217758346,-0.567554940834141,-0.254645855725224,-0.131052952185602,-0.105214741338964,-0.160896575743884,0.0474419428864513,-0.139916555437815,-0.464764292710057,0.202154023588656,0.113093489464437,0.103133309148465,0.582033872328567,-0.0117383612094992,0.424288560796898,-0.0272423929938934,0.117029908320074,-0.365062699818011,0.143784760555824,-0.490155208307508,-0.191267402783264,-0.100834963869009,0.548375404922419,0.9268164722081,0.656376132634274,0.476608108168906,0.425136603084852,0.611047578081501,0.146732551022295,-0.167345027910436,0.166397087469946,0.427076971850089,0.115393887625609
"GLYMA_11G115000","blue",-0.502047439413828,-0.0130809998092757,-0.106908072175688,0.335428381342533,0.685183163916215,-0.812348295111389,-0.628142985736072,-0.811665044318859,-0.484944342092379,-0.595097712339334,-0.355481734466768,-0.113203912938542,-0.113190752044518,-0.0428601865353346,0.0164871564980865,-0.286138222075048,-0.523532268177608,0.184441570560787,-0.0197616911619456,-0.0136404739689033,0.595814135231111,0.0241763656320017,0.496394507179339,0.0785231044148311,0.185994939405849,-0.269409562122064,0.251115175678826,-0.348196278661535,-0.138624179612564,-0.0953280897305583,0.526859047388587,0.875230946872352,0.656854044860529,0.436681701883944,0.338890042844362,0.493070827762223,0.035719823005338,-0.077116253329102,0.100164506384357,0.446687296612041,-0.0343669858478022
"GLYMA_06G179200","yellow",0.501807753958022,-0.383514201050332,-0.346859245577896,-0.47618890455523,-0.77267366800588,0.807740840132266,0.245033311797135,0.500807529321832,0.271882219942986,0.32003628026555,0.0733062708389895,0.413305069110566,0.150923956862528,0.22092658896374,-0.196671772066028,0.00881115615037272,0.458184442053397,-0.170529860411819,-0.106823117808793,-0.0180413781281277,-0.443253731377042,-0.00782000816723473,-0.0678824771125234,0.385648379609732,0.200080660387452,0.299945190991754,0.108828990396471,0.616869371939313,0.451481579949227,0.25193099784642,-0.343526737557622,-0.6461350288642,-0.264099161211717,-0.160427326161124,-0.135264021442199,-0.377516609947188,-0.0365943983601834,0.195191958572543,-0.1575991421864,-0.255342022093249,-0.246922296296392
"GLYMA_01G214300","green",0.501681600758198,-0.0365653547289713,-0.0835921738499162,-0.119440222213584,-0.635834136154991,0.807944635709498,0.506947551398915,0.863688339348975,0.597756787414841,0.740553732158348,0.594459718448029,0.139806245912389,0.0674129006765881,-0.0188170359232413,0.00196008707870225,0.19217797917469,0.419648852362607,-0.176827545062807,0.136165267309164,-0.00822366925293216,-0.668382910826795,-0.0512286388156695,-0.474644103816379,-0.0478558920258122,-0.105956015846012,0.0896618013474668,-0.401564014417697,0.237938290295731,0.187673866976523,0.324983216333166,-0.578611513170452,-0.854088782904726,-0.572662140109083,-0.233508594255526,-0.157911032033654,-0.46892558694978,0.00755593802473543,0.150798981074008,0.116584146185086,-0.389300615578474,0.0754158693220334
"GLYMA_02G108300","red",0.501617104205229,-0.81194603000833,-0.56703838046154,-0.468449549152434,-0.76616276740919,0.619797417242872,-0.21128773500304,-0.0130339703563557,0.236489138424409,0.139431984342335,-0.228318564702556,0.00306082121873384,0.00830122315596554,0.22535700613335,-0.0876222643331319,-0.0691399889892905,0.568886484693228,-0.0577831229192748,-0.0245868865460051,0.0451267017116484,-0.379296939800263,-0.337772293751337,0.13861959207424,0.616759082049112,0.226810980731185,0.196950651417905,0.492971200985086,0.743958690907415,0.841677669000179,0.429274983141777,0.115422592794893,-0.184374972089163,0.249982482825786,-0.024287356653193,0.0233480190210953,0.00767161634753209,0.114229109777778,0.0613464646458967,-0.0696428246225093,0.0446005230151814,-0.130411262444936
"GLYMA_17G194300","green",0.501524657966191,-0.0529175770614097,-0.0794907971968083,-0.283432686399768,-0.722899135198356,0.865523476856842,0.572347253641112,0.866276149670134,0.566545679407832,0.676228943131305,0.466086197441528,0.228237008951442,0.143811653978135,0.220288864067675,0.00234470034147415,0.202653191457605,0.480645007849796,-0.156785187927122,-0.0372391083505354,-0.0752628550893751,-0.764136728493259,-0.113650416096676,-0.508184731216228,-0.0125837624677472,-0.269246408635404,0.112534871611952,-0.372102908315486,0.29993299788022,0.218889943982545,0.25082509415768,-0.596000100352882,-0.897683755601928,-0.631307044513154,-0.343441669653401,-0.24188311566394,-0.449991347002064,0.0543902921104269,0.240420005977708,-0.1081469145803,-0.499888975987477,-0.0899446422985171
"GLYMA_05G046400","blue",-0.50152357346199,-0.0835325462039744,-0.0159611829700539,0.411836019834437,0.642800614530099,-0.814770579461277,-0.692680068435462,-0.82999878505641,-0.411711402358258,-0.464044095733142,-0.320668127990154,-0.168327958751253,-0.17648225171463,-0.00430589201050051,0.137531253106923,-0.315170021197674,-0.459910192120258,0.078244618514916,-0.0972624790799019,-0.151485721787928,0.394710036135661,-0.198438687801906,0.383104560056002,0.0704578789228108,-0.0398351190803921,-0.408698810447757,0.2298136683083,-0.391904647584087,-0.0536487300094195,0.00231435856580598,0.501756685915661,0.85940939026778,0.687613800297434,0.330185990668042,0.294945393275055,0.560502602891875,0.0840214086272262,0.0437772313754106,0.152457151437263,0.547392412069033,-0.0746540265335815
"GLYMA_17G160600","red",0.501422356826745,-0.818557047533721,-0.658539333178344,-0.365078652294953,-0.762414054107863,0.615668039717336,-0.264355559907624,0.0263426194277538,0.293748688967576,0.237921768158085,-0.116053737641719,0.00010807637622134,0.0456636311607535,0.239615830684593,-0.0814523136316516,-0.185667914806864,0.454106004403502,-0.10389081902407,-0.107414395166437,-0.0496237167641491,-0.496781660763893,-0.43462592268387,0.0624596485548034,0.570056928721066,0.169086685708154,0.0682246254095176,0.402853194959548,0.667186066031819,0.844747814961505,0.533870472534626,0.0285504943985071,-0.21829903861576,0.254908220319935,-0.0322081226149697,0.0404261043011358,0.033202318134173,0.145781733735726,0.166896610043661,-0.00221501024456517,0.0691984268391211,-0.171385016177311
"GLYMA_03G243500","red",0.501359339090654,-0.838037372349798,-0.597472668816407,-0.119622352316448,-0.436264334754313,0.25307113752708,-0.556152052358409,-0.319491071074446,0.252214517358061,-0.0077263450589845,-0.151713483888526,-0.0991402039813734,0.0324648267749743,0.131918263320201,-0.126198662220672,-0.216002253138602,0.307882134500217,0.0277101475991943,0.165207463481943,0.113680020999645,-0.180029193310326,-0.523841267029529,0.12386255217775,0.459662943484583,0.366495895735613,-0.0884773551162689,0.463087163397208,0.467650461164484,0.823405183061718,0.563798384162774,0.394543559595624,0.210694895694095,0.584598130994134,0.251026769901433,0.263179448625124,0.305167781067238,0.245131349311797,-0.0309622607238341,0.185146263430093,0.195693570120238,0.0115914247809737
"GLYMA_12G089900","blue",-0.501149299822149,0.037709891270425,0.0213754278857101,0.471651481227339,0.773847018563511,-0.854867862242366,-0.663478860457179,-0.772660071361274,-0.431959953058935,-0.517209001868616,-0.223487780894594,-0.11876821988264,-0.183153642904114,-0.253856687382468,0.0558047818162514,-0.321745319797193,-0.586408333097737,0.109427887948439,0.0854812160317676,0.0198810004630933,0.61017444666166,0.0176886490316731,0.424262942008336,-0.00322391142572818,0.266007766036837,-0.382239939292942,0.146253911853057,-0.480141535187048,-0.166527694333862,-0.0161042261079215,0.549877176006581,0.876426051363925,0.682570037333697,0.567110818907996,0.425537429958712,0.516030152906452,0.0542529485931582,-0.121218697197518,0.224306113238277,0.502712057544121,0.0842654089455174
"GLYMA_03G206000","blue",-0.501027321414368,0.0973765662955983,0.190005955568175,0.398992150753003,0.72638859642111,-0.841897985128289,-0.511624485013389,-0.759122228442267,-0.276342386924805,-0.565644838811876,-0.235005022145828,-0.26689624152428,-0.162428949810489,-0.0246402219883547,0.168346486265092,-0.036669216119725,-0.366615998277515,0.33421618084486,0.226167654347874,0.139341724511492,0.541510659680917,-0.0862223406509892,0.261769240662138,-0.157896574655159,0.0057375540196774,-0.31758500104333,0.115252136168041,-0.45750461074625,-0.19297136487348,-0.146475551842615,0.490793427190904,0.866460691175747,0.558039142221959,0.343302665020448,0.315290500730427,0.604667639866882,0.207735152203557,-0.231167840469023,0.10727102444471,0.260780728028457,0.177262265707507
"GLYMA_07G052100","yellow",0.500924719569092,-0.215108140556742,-0.158208449798057,-0.513831312506998,-0.808941656866241,0.840314403163286,0.505097303958413,0.615562692154426,0.345729653480687,0.441271676564579,0.0662703782668329,0.0269416258153169,0.140221154307995,0.245797692848028,-0.0517347123200269,0.301615790292883,0.68203532686335,-0.141148865180791,-0.093988828770055,-0.0585246526530173,-0.58254904243033,-0.029753424803696,-0.221004199789729,0.224720056129979,-0.184069541308592,0.378884673201686,0.00378138481979666,0.58019995188802,0.331678599780598,0.0814406340366415,-0.436690820395253,-0.751160453216594,-0.503017396132228,-0.463311054602231,-0.327730653795465,-0.466728933770683,-0.0916176666462592,0.148368725746604,-0.189007012610357,-0.349191695024845,-0.162226451640713
"GLYMA_11G149100","red",0.5007500538758,-0.731189556208297,-0.60823587024222,-0.32130177964153,-0.809856605571292,0.727328442920085,-0.135977180893484,0.231978484697987,0.504947951674051,0.356235379980707,0.0767532266451158,0.120925376823207,0.148150130340055,0.158754268963883,-0.128143054528176,-0.146152563574288,0.469930512125177,-0.142399167368321,-0.0467358870009369,-0.0280432880041635,-0.585045111154429,-0.465634239012183,-0.13569260744045,0.412028525920881,0.176665925055552,0.034959190857771,0.223345942263383,0.608863853012441,0.802720133738551,0.555244387998345,-0.0608045573502149,-0.388148503905358,0.0982582955837903,-0.0617955832706311,0.0839573365195679,-0.0107963973927966,0.231270500067754,0.147816805044244,0.162491475926227,-0.0239307567767288,0.0142116977317565
"GLYMA_11G172500","yellow",0.500300310199082,-0.481329295959869,-0.327838431735277,-0.682800801212484,-0.893858605940283,0.834248222669254,0.274282557860169,0.368138097026925,0.17986032330284,0.227803940961762,-0.206979621652917,0.0523270760660709,-0.0386919674898324,0.136527365255997,0.00327826865736189,0.0860591470052328,0.613602448350171,-0.112571135778328,-0.0809091015490514,-0.0630404496167243,-0.328422752466031,-0.0402265928352546,-0.0438432443445372,0.389837005865857,0.156973018222758,0.564759645321847,0.416533229291384,0.84711090967653,0.516041303548545,0.0870374800915724,-0.203277925493781,-0.597696895925799,-0.252101161435019,-0.433533389668554,-0.404514383900572,-0.438556778780466,-0.187843843273065,0.0614315324952907,-0.220385574271209,-0.155485717831904,-0.110821020579585
"GLYMA_01G110600","pink",-0.500240354659641,0.514856292900498,0.394092192124857,0.763793260726832,0.82035840216597,-0.741338002040138,-0.154366349184117,-0.240679897955073,-0.119523098493626,-0.0028285602200366,0.342395226335225,-0.0535102924974138,-0.165810577992099,0.102113724955577,0.261226040021018,0.0376497886600463,-0.460914424159085,0.204087344724506,0.0828636152851873,-0.0523154346754725,0.184291178977786,0.0789573536207842,0.0466079439360909,-0.34153734310915,-0.423582081262659,-0.487721739500148,-0.483837391897848,-0.788503455454387,-0.531464490841867,-0.0323991285074059,0.0930105620134656,0.486388635391873,0.122961086466674,0.262238002299292,0.21223907191012,0.260518550191854,0.0299638080448992,0.0771168722355651,0.203240527885884,0.101146741186894,-0.0405188880846348
"GLYMA_05G149900","red",0.500128260699574,-0.90227725896219,-0.642270885186301,-0.331355905678071,-0.665899634206461,0.491684167539459,-0.404785545077829,-0.168428181376481,0.208542813474988,0.0623544472737657,-0.212376138269014,-0.0816624362098805,-0.0907269479026564,0.144629005638751,-0.0442203198909825,-0.0668169048569429,0.545033981057178,0.105033693360875,0.149314534577803,0.184380586915879,-0.24749675171242,-0.401310003210511,0.165028698958492,0.589734362620235,0.397636842041821,0.110859609191734,0.536316413704103,0.68716717580023,0.900531068080485,0.530009682874824,0.251586676740089,-0.0112937334691783,0.444862405709983,0.212694647133011,0.156484601256873,0.0846588043515257,0.13027956429829,-0.118652915575023,0.0386759906910634,0.0756276121355302,-0.0449490005910912
"GLYMA_03G144700","blue",-0.500114867880959,-0.117781502645744,-0.05499727913248,0.271005145607917,0.600226481307619,-0.780017876507139,-0.657753735302897,-0.875664915549249,-0.467163720927749,-0.576713323452205,-0.463434293892809,-0.18610589790099,-0.244515065753438,-0.154852318268792,0.169856133386724,-0.227938798108465,-0.373254525532707,0.181637520557782,0.0312498157232623,-0.0286506888345157,0.572823077026588,-0.0850182777967626,0.465361211456115,0.098900998725293,0.171240602402638,-0.226165715593705,0.371314434069692,-0.267060462599019,-0.0332700287537968,-0.103857489807363,0.573230499189045,0.895468487670189,0.703702214161305,0.355341198964658,0.327810123468418,0.526307688507131,0.0404262294478277,-0.147307518134706,0.138536593579574,0.540052747877778,0.0847024119872743
"GLYMA_11G192200","yellow",0.500112743886579,-0.0313037635589885,-0.092336909425298,-0.463860768192849,-0.760757338378013,0.852149458198415,0.661232734147692,0.791620545970831,0.415779381670743,0.557715402479837,0.227916417252311,0.0783058306795257,0.102870380509682,0.0456765543709087,0.0166381362384158,0.248139871217942,0.504226626154615,-0.169954920880384,-0.0287784265893507,-0.0403645917823835,-0.570400549904467,0.00116667351222827,-0.416065883343112,-0.0260734291019494,-0.228838142142778,0.368260669379023,-0.162084013511466,0.441696370033754,0.146597748559699,0.0120549920296189,-0.38937626360894,-0.864667112650627,-0.680875391227632,-0.589463875340792,-0.416845170655588,-0.570367298126814,-0.12081881080738,0.078358087842493,-0.149150297552159,-0.430103615052688,0.0621557656765355
