"GeneID","ModuleColor","GS.ayield","kME_magenta","kME_darkgrey","kME_yellow","kME_coral2","kME_navajowhite2","kME_lavenderblush3","kME_midnightblue","kME_darkolivegreen","kME_lightsteelblue1","kME_sienna3","kME_white","kME_blue","kME_darkgreen","kME_brown4","kME_skyblue3","kME_salmon4","kME_steelblue","kME_violet","kME_cyan","kME_saddlebrown","kME_darkorange","kME_grey60","kME_skyblue","kME_salmon","kME_turquoise","kME_green","kME_lightcyan","kME_darkorange2","kME_floralwhite","kME_plum2","kME_palevioletred3","kME_red","kME_yellowgreen","kME_darkred","kME_plum1","kME_ivory","kME_lightcyan1","kME_honeydew1","kME_darkturquoise","kME_royalblue","kME_orange","kME_bisque4","kME_tan","kME_thistle1","kME_lightyellow","kME_darkmagenta","kME_darkseagreen4","kME_antiquewhite4","kME_orangered4","kME_maroon","kME_brown","kME_thistle2","kME_black","kME_paleturquoise","kME_pink","kME_mediumorchid","kME_lightgreen","kME_lightpink4","kME_purple","kME_darkslateblue","kME_mediumpurple3","kME_coral1","kME_greenyellow","kME_grey"
"GLYMA_17G069200","darkturquoise",0.779516191002606,0.445946231839199,-0.0431880395090318,0.336063861831044,-0.189903116724022,0.327611048289703,0.489112168800563,0.474385017098332,0.506725750892488,0.30129386706605,0.0124275434832159,0.0398807252530723,-0.0681181886439203,0.0337713920633574,-0.0248206151634861,-0.0213823582289551,-0.609752175341088,-0.62032838160474,-0.777017425410789,-0.665994306953061,-0.642167176590239,0.21116478720468,-0.224145536851843,-0.296621853094457,-0.311036352086931,-0.510815414977832,-0.111407175201193,0.173465565803687,-0.0163611279493696,0.217632134020035,0.0317711867234201,-0.0865807603718912,-0.322182397360543,-0.0630626874267255,-0.130960875269746,-0.24215518034165,-0.253102891822277,-0.0688790722664654,0.269727799103569,0.828001889061645,0.723579566602367,-0.134850579952938,-0.348175637934838,-0.430218303306845,0.0946397551636391,0.353514348936174,0.153963861347017,0.371046979025473,-0.247726983102843,0.0858213634518402,0.0941384749765309,0.386187668756998,0.104693179768355,0.260231090052005,-0.0656369471981438,-0.339730979743997,0.00452540639065323,0.598719305661391,0.180256894501671,-0.0847455639796024,0.115398257726192,-0.407210383607478,0.217401699849625,0.251657805403579,-0.117720396779995
"GLYMA_02G019400","darkturquoise",0.749764076929333,0.120542992995194,-0.423480860268547,-0.0115892941625658,-0.420053205386184,0.151389328301394,0.625598758156403,0.757450506051579,0.632223606769821,0.500783709819733,-0.095852402621984,0.212638603189971,0.0697990321758794,-0.0144806060886141,0.0565605921450669,-0.00083228180338762,-0.481091699389119,-0.596628621159099,-0.675477196135418,-0.26170122963791,-0.3604070023913,0.368858212269257,-0.179851533612021,0.0762376078278726,-0.228800981218351,-0.0300910227461527,0.0748309548277484,0.524224255168289,0.286051806538692,0.446286969947081,0.340552230087494,0.368075153278566,0.217397804534651,0.215180263557297,0.100030311044957,0.1074622041496,-0.0217459522475678,0.0453860844786895,0.151914678978715,0.804557995884671,0.644751591095038,-0.307078101024025,-0.296767351922658,-0.437812003639582,0.138687024716331,0.113361007685861,0.169857405278228,0.456555757175089,-0.474915398701181,-0.202569068326985,-0.197714725951275,-0.140249072455521,-0.317652346817217,0.0100820493469763,-0.277744292543342,-0.555976228937094,-0.397681877039096,0.277247098266944,-0.277162885108933,-0.111986731883254,-0.0492439454224971,-0.414492378532826,-0.0665415648452264,-0.0820559305895221,-0.225302983615398
"GLYMA_06G162600","darkturquoise",0.742417498283029,0.396443986929554,-0.0904474026259628,0.32045751892133,-0.140735442614617,0.324053703376811,0.587234974151595,0.637125175391554,0.764280719047368,0.582338552612557,0.0110750743772139,0.21686948610991,0.264510824895609,0.226878955361914,0.0739148900018337,-0.0429472836708402,-0.640961792143365,-0.468419324385419,-0.749947162940207,-0.378694749671121,-0.353855636847768,0.158451606918639,-0.121120689327846,-0.0899154492272459,-0.424704952649004,-0.331764055540934,-0.223741145957473,0.186645407646802,0.113850482550998,0.187891733532096,0.092063408779019,0.197730920046303,0.102349873941061,0.128891152509322,-0.165251907329661,-0.0878113297249162,-0.065320924859824,0.0433338507982877,0.101361240709055,0.829554860803088,0.481607698378212,-0.104668620477787,-0.447155192427373,-0.417768827780152,-0.0631668250733753,0.154406293199489,0.158072401844518,0.275035611867124,-0.451299695213378,0.0119899868954035,-0.0924254735398184,-0.00547381274426664,-0.258096065356102,-0.13283279098447,-0.372842230693912,-0.672102673494531,-0.370415696360947,0.296811061534579,-0.183197585437254,-0.239813322835011,-0.239602843527411,-0.631991960425521,-0.123490897059216,-0.00706568407008116,-0.229551875696026
"GLYMA_16G115000","violet",-0.736612471313047,-0.701692652297638,-0.193731761947304,-0.508695297374059,-0.019428956873175,-0.335301679040993,-0.60449099768494,-0.526171759433658,-0.752231355018042,-0.493873414789796,-0.140905831599845,-0.266275210725354,-0.322417011129404,-0.432710334411808,-0.0112867703600222,0.156291488989817,0.586560232495596,0.421338527966939,0.828972132845211,0.521826456684073,0.446905861570787,-0.0437553798728689,0.0389644198621295,0.274560353122281,0.48310157542575,0.618931561597544,0.417968630739144,0.0919086449445646,-0.0346484191955548,-0.104466256957337,0.0408378788808328,0.118986427900923,0.0835440793202616,-0.0615936903453973,0.311067905881622,0.388057333927339,0.265989827927291,-0.0127099876919024,-0.0225691792520894,-0.775146796309874,-0.448600810704786,-0.0625892854368561,0.532082566281012,0.443605510625081,0.152482328226362,-0.315529042157269,-0.275284299738002,-0.216071668386785,0.353066646542148,-0.18049408433678,-0.0333540385399326,-0.177050978859412,0.220568549784026,0.103897704971773,0.300874412097934,0.661831135573615,0.0702214822624611,-0.468769366834393,-0.0627121882798489,0.127221812430335,0.23652688593568,0.737664594415277,0.0459413326044042,-0.110435255188202,0.0248635940853409
"GLYMA_13G059000","royalblue",0.730381250308374,0.132371825757107,-0.457673114493787,0.0212956445901173,-0.384813041261822,0.26314280319781,0.510487233230382,0.539705810350059,0.365914148760082,0.28946809936758,-0.236391171262699,-0.11203653669754,-0.302507376732715,-0.256208424695878,0.0426571518199316,0.0513869713970421,-0.461887350846611,-0.844581329677975,-0.780072995800465,-0.56081380750628,-0.603733202618327,0.437985113290341,-0.210729399144245,-0.0735803803713423,-0.272082695514264,-0.200808945348107,0.201915571150467,0.560832252358915,0.116065188347325,0.398270086506398,0.196191605480822,0.160153221446012,-0.229046336335276,-0.0392806072875305,0.110721821127245,0.0344660673550265,0.000128085326294698,-0.0120606239583445,0.462871841651973,0.824831401714717,0.905577408298209,-0.319707659471452,-0.103187342644858,-0.369488003666017,0.274981858550257,0.289310962941242,0.116593584667082,0.507487531659512,-0.211473211601667,-0.0538780332022339,0.0931316653676103,0.287033640996786,0.0119320881981548,0.42896223672727,-0.0319496097777159,-0.246769344489859,-0.173154778535313,0.523641950362281,0.0360825908644813,-0.0237378522250992,0.256772549603879,-0.268593914343658,0.190906549475773,0.124816899261524,-0.271844338664651
"GLYMA_11G123200","darkturquoise",0.726136745519206,0.239463773443113,-0.329739824980794,0.148296653510198,-0.376859501024875,0.0980599546109542,0.31758602041669,0.387692448208149,0.339228116169821,0.0832925573844329,-0.0164394233166816,-0.174696145710644,-0.249590272620486,-0.208460405130778,0.0675615757987105,0.0276426499467592,-0.420469221816382,-0.80272413681783,-0.812380110655735,-0.620426006039697,-0.546869346710115,0.197932363912901,-0.414315294706609,-0.353939111650044,-0.292625233589218,-0.343531017072795,0.075012454122339,0.342085654888974,-0.00590565228139199,0.347993959478818,0.125788282288009,0.0297960407937573,-0.334055229382286,0.0101389366035468,0.098145914160153,0.0244886744962318,-0.00262171987511195,0.0585592802311607,0.561937233179506,0.824515739033192,0.823099475527952,-0.326467243926214,-0.245403960339026,-0.424283375388296,0.185125873315925,0.289913026787473,0.0744619553105376,0.436276516598788,-0.180090499482974,-0.00131885245663075,0.155615698585389,0.416767198176885,-0.026766769089527,0.404581383578264,-0.103397948802355,-0.228622898386414,0.0288139838603035,0.518853342403257,0.114053870262267,0.0276749406152831,0.390345462439447,-0.205192983374126,0.281810931953556,0.362268254502978,-0.288309807892645
"GLYMA_04G061900","darkturquoise",0.72516870643729,0.247826414238359,-0.189531027708406,0.270776113712098,-0.155640504114915,0.253196752729721,0.527851803678636,0.685765006916828,0.797768741368516,0.595746606646135,0.0179215398607885,0.166161686070671,0.321396837538502,0.140905285751657,0.0959167227294075,0.0431187442781623,-0.675898977688686,-0.408040947468581,-0.681791888715514,-0.284139320166656,-0.186894842296972,0.151217640762849,-0.150277001649065,-0.0234264902152716,-0.466565309661576,-0.233222141989993,-0.243067734752528,0.288456152701306,0.12556018178439,0.199197970002164,0.0919403524267275,0.288318135413821,0.229745606737574,0.263762874418842,-0.0685447928662782,0.119912434757551,-0.0766774671519203,0.0516888492261082,0.135848538752566,0.820395483520122,0.418849716988809,-0.234588935544943,-0.483157906617085,-0.446470172167874,-0.0746234101205294,0.0589642020035119,0.0201147216597659,0.18480434641373,-0.480711743134221,-0.0428712038944077,-0.23010991084871,-0.121724809144228,-0.297883001106192,-0.235514975562348,-0.490054508434376,-0.719142045042591,-0.564058944321127,0.113562705648195,-0.38798004118009,-0.266203522144658,-0.281697980225645,-0.578410718221521,-0.15280006131843,-0.0439108259998425,-0.351943478780588
"GLYMA_11G156300","cyan",-0.725012066790021,-0.495312370769891,-0.069465272504063,-0.426324801459256,0.0630643054306208,-0.394517567200651,-0.449856718011211,-0.384642879708277,-0.507236508311612,-0.384316028840077,-0.0451759280578292,-0.0404091433148894,-0.0370598544233319,-0.150670991769565,0.171718526286868,0.100154222315249,0.57542316676395,0.514005720906886,0.714696148847686,0.892423742434891,0.533668982857271,-0.124697289648004,0.0913895694760601,0.268495377484137,0.381084845609433,0.560631001569812,0.219862292385362,-0.0355208739541663,0.085842508128888,-0.107408548871955,0.0958370663471074,0.144392325342546,0.321824942256267,0.13264937306185,0.288230629325233,0.310573241760903,0.0120533022215828,-0.0258235664415089,-0.223945493994779,-0.723616432353561,-0.565163969023423,0.059294849589741,0.349977069967614,0.356467953673706,0.11944042473503,-0.215468182627307,-0.0944459801223734,-0.228817308215178,0.334774546425328,0.0048716413175515,-0.0572836231207659,-0.349482017914788,-0.013264908669936,-0.159283782333268,0.131449980015032,0.376527049027371,-0.000174306665023722,-0.501849646499732,-0.166011895053967,0.252824986951008,0.0205188594797399,0.504429988373035,-0.117103694287533,-0.154507563981999,0.168918628018379
"GLYMA_18G051400","darkturquoise",0.72451419189629,0.236908379055797,-0.273728087157149,0.303781035500413,-0.170411166104815,0.252329540075385,0.316219150791936,0.47188189607521,0.62571029936901,0.393428633242673,-0.0298621741194522,-0.137937376785411,0.0700207726037521,-0.0741448870790368,-0.0181213358106808,0.0840214401532062,-0.617393965136094,-0.634300967028658,-0.812046012385098,-0.426076179637087,-0.281284260058382,0.0749607700899869,-0.319260183333037,-0.237389764728485,-0.532066763163113,-0.354903364266714,-0.166366834005044,0.289780726027082,-0.0169104796054001,0.177017814941985,0.0547591147640669,0.178542208514167,-0.0710893536592677,0.244337162832183,0.0817648689298566,0.13834511707208,0.00246486502385453,0.0187678398984744,0.439762628502076,0.85901484733187,0.591809527686534,-0.305590502431765,-0.341312151170051,-0.451531181344973,0.0444647500266873,0.178956337749362,-0.0344706344018566,0.235541859416774,-0.209279202205059,0.0991709586486902,-0.0614639929727627,0.191311070527541,-0.115256305725322,0.0340510749887953,-0.427231072886201,-0.514945704463158,-0.43067079831889,0.225129230694754,-0.225401952360844,-0.160688158255176,0.0137791546859655,-0.432163594495627,0.069246184648493,0.208949800542025,-0.440751553880171
"GLYMA_13G091300","violet",-0.719555952019048,-0.395552529565217,0.264542863270523,-0.143008526804395,0.353513695203554,-0.261876801931106,-0.554650562033755,-0.495969899395439,-0.456043262229066,-0.328811164459603,0.124814135254503,-0.0700872568750419,0.172437586106524,-0.00663046015661235,-0.00118582006355675,0.144937145094294,0.439427347985697,0.805626459816806,0.859253984830846,0.52685412121303,0.642064355103874,-0.345712903531571,0.221401020776029,0.182469124596803,0.24112004010673,0.305969351753962,-0.0927285947593145,-0.331634832456997,-0.13928572582534,-0.333425871159201,-0.195235653882964,-0.0654894378403944,0.203631520387722,0.0720122980765851,0.0229013854596755,0.13757372063228,0.0732633364131758,-0.112714895511212,-0.370909994137105,-0.802704757361064,-0.795152421640973,0.104574581391589,0.163066981904887,0.343411408402929,-0.153225780378916,-0.370136135062249,-0.331890252255639,-0.571068967784016,0.275019404567297,0.0024883489637218,-0.114130858706309,-0.286772166495979,0.11895507079532,-0.331712055196542,0.0356207648238497,0.362168012500625,0.0139496808654964,-0.630943542914994,-0.169958949630932,0.0434455370295871,-0.185871908029513,0.403380541701813,-0.160226530050296,-0.15461516483846,0.123947529950163
"GLYMA_15G004000","midnightblue",0.718153742317572,0.315782232485601,-0.128639341837161,0.168644533339926,-0.327331277291861,-0.0354827716464866,0.614846658795969,0.802637657112528,0.76152001212564,0.432452212745226,0.246462657031905,0.369786014006559,0.38986233946604,0.323580470626971,-0.0584430681990746,-0.0923113766110005,-0.409251165704905,-0.354761957757925,-0.642081398258276,-0.274429631989567,-0.1384536890821,0.103606871284767,-0.197368483251736,-0.104007183728469,-0.341235770007577,-0.207827303729465,-0.266891268087614,0.222311735617772,0.304980113764361,0.472460439509426,0.189050716520847,0.149326870720141,0.314645107167564,0.352913986396512,-0.00258899687089656,-0.0346172350598881,0.0473983484274915,0.128142063657671,-0.0235655095194448,0.733985136128576,0.427190236441407,-0.143031924678176,-0.449885735853355,-0.410752503881838,-0.0501398335881511,0.0683691369795347,0.156609476237194,0.223787949014761,-0.512775660395834,-0.152504098396785,-0.28803842373665,-0.217071799988736,-0.554658774472032,-0.263937668629511,-0.473912355677709,-0.746601766668452,-0.243631753524271,0.140341369489114,-0.327241497826976,-0.151438566757506,-0.152042435051516,-0.510571754818187,-0.079919847970528,0.0225553082703741,-0.148350107998096
"GLYMA_07G135600","violet",-0.717054656938059,-0.39434981563532,0.124133704074624,-0.328342346889702,0.152052359289998,-0.168334216704229,-0.514358435073347,-0.624590236997253,-0.767570755900059,-0.486636691578404,-0.101432096665116,-0.163325379374321,-0.303436078624252,-0.240101746372976,-0.0708512186994202,-0.0382549135330883,0.52838475519005,0.525212233585056,0.841937772511761,0.320189044391492,0.230873668522323,-0.09097297180313,0.198330171436798,0.192229345765767,0.498074689720662,0.366386036008764,0.293357466843882,-0.184710497586956,-0.104119593092933,-0.257422281817227,-0.126276611562985,-0.085968210639427,-0.116332764205851,-0.303832930374073,-0.0270015776401723,0.0251912558104873,0.00598977090077941,-0.0368497908485128,-0.187363993377586,-0.814982984664864,-0.494305155561899,0.17133139214654,0.463429588110417,0.479753597193286,-0.024364994400948,-0.201411420089523,-0.140578008590132,-0.24444023249502,0.268566443479734,-0.161916302955712,0.150846572600069,-0.010508607137508,0.460654266642691,0.146252639446923,0.475697724190981,0.719742725595379,0.313661790387519,-0.237617016382314,0.235807288943267,0.116494737010084,0.146317268564232,0.617993353618357,0.0521775823541671,-0.102392572240885,0.28384301151059
"GLYMA_20G162600","darkturquoise",0.714295826139102,0.2737537925485,-0.265822833818853,0.108417829757833,-0.448263059491503,0.132571105424758,0.465975607112653,0.575941540989109,0.387118654536491,0.167901797488759,0.0606686791255888,0.0308618619540027,-0.198400514467718,-0.106905921078915,-0.0961986829978667,-0.0474935756047968,-0.558140795023215,-0.702639653641222,-0.711416365854896,-0.689755159058052,-0.649069232666203,0.259701531922627,-0.358127884433917,-0.278536163453743,-0.175096374173873,-0.322850898587884,0.0687119519223494,0.382065160894726,0.105769427333034,0.492987615300805,0.122008662111225,0.0415027392172975,-0.269386534141056,-0.0637464114067959,-0.0533485804350033,-0.146976214825509,-0.00148407487570785,0.10667724282987,0.325936849067361,0.836203713461388,0.850370048091581,-0.266402556453573,-0.304096808406346,-0.448215616858438,0.127878935358088,0.277003930271031,0.136699206403352,0.434632955793953,-0.335490662727803,-0.130024532359463,0.0317180853412338,0.308998134004757,0.0517361831526972,0.342451960620454,-0.0502844611626643,-0.279552496516585,0.0179895610036162,0.550624494896601,0.10703682831915,-0.012093710372597,0.322024293844137,-0.187754133828769,0.24600014003555,0.283555342395225,-0.13537599716578
"GLYMA_12G097200","midnightblue",0.713302682114289,0.330360920403314,-0.0946213028014172,0.200360705785518,-0.278283929180543,0.0455730831104922,0.657630895891996,0.869665116456693,0.819408562736121,0.520894707931412,0.239640467439474,0.423740321980087,0.473305349085981,0.367068204601473,0.0424884237883882,0.0315828114573779,-0.530172040004198,-0.274557106982209,-0.615000502118514,-0.273481697742266,-0.136401989783918,0.0914833553438675,-0.107698936265286,-0.0414471372893793,-0.375436183734809,-0.225576730361557,-0.331643220813579,0.221570123908769,0.272845615303331,0.457871942718155,0.209249839684592,0.140002486417301,0.361537955851853,0.418776738711988,-0.0193966367174879,-0.0809955881032348,-0.0502458350222316,0.00677710762064553,-0.14113079815705,0.742697680216221,0.391303726619276,-0.157241196382333,-0.517659094676302,-0.477662144549337,-0.0316883710345825,0.0480122380706289,0.129028935610622,0.167305303840709,-0.526385665932332,-0.125125116741063,-0.291297141430539,-0.276438136285714,-0.502678295279457,-0.351435681500127,-0.51391862569442,-0.809851723818852,-0.347952679654194,0.0998325043031372,-0.398598202518009,-0.202181309375122,-0.264449475140991,-0.551603434552632,-0.124597018975866,-0.036421438460602,-0.158239145181685
"GLYMA_20G238700","darkolivegreen",0.707308733521572,0.457181515607726,0.049640479965104,0.404381948914055,-0.0697739917084823,0.236385154396707,0.553908349087673,0.705189188379733,0.820035047576099,0.535910254976776,0.186393216652382,0.259221140687725,0.430271750303863,0.361472127425399,0.0547221480701641,0.171466509799309,-0.668626260238865,-0.303471729454785,-0.692762321812889,-0.37190197765016,-0.204093129201285,0.00927080365695316,-0.0961583161380389,-0.158373251784973,-0.530669844605898,-0.433398367532861,-0.435931919643462,0.0896490714439615,0.0642875710495848,0.229936876796612,0.0367322410260546,0.011804834669515,0.148263667941629,0.296371669082022,-0.139756620076236,-0.132407245185421,-0.0275938562363033,-0.173210079263841,-0.00301894986969621,0.785834099708146,0.383843130471944,-0.0425040983747061,-0.48654423237789,-0.395386541721808,-0.14506304793618,0.14659521568719,0.10145589212963,0.0786221852435408,-0.352738816060459,0.122141054898798,-0.211798623228219,-0.0450671983195173,-0.292931408564983,-0.287460040151815,-0.495063974852549,-0.758312508312286,-0.370701972975656,0.170229521143065,-0.270225144630241,-0.250883473187693,-0.306402654312973,-0.622693742415751,-0.118690840098374,0.0543878052377188,-0.244576178715352
"GLYMA_08G025700","darkturquoise",0.704377915453047,0.352954307248745,-0.109839468088957,0.284638260445727,-0.286041458168847,0.120279176690918,0.485485026163241,0.68422935177489,0.747261578249332,0.429384246787529,0.229322829700011,0.230419782299452,0.301994018786527,0.226866965024205,0.025737414594135,-0.0741993279406654,-0.629033431372594,-0.420872168377215,-0.706252918566083,-0.349782694873093,-0.282067345004198,0.0180595320156558,-0.337358179025439,-0.239486736070774,-0.376579076711796,-0.312718462163026,-0.256747292304871,0.169309218271688,0.134354149028842,0.354511003442147,0.132291728286958,0.207437806348616,0.141157246525861,0.216167765452585,-0.122003728323837,-0.0540973116154938,-0.100073980047659,0.103510789735518,0.0957611336874566,0.851440193710194,0.47818622529245,-0.180676196425018,-0.531647284625235,-0.467604805709279,-0.0726682362868362,0.0919641673191821,0.0949458238502824,0.210175656407198,-0.472304018903006,-0.0633489675677832,-0.136153031854888,-0.0336675203700412,-0.295885810374735,-0.188166783989855,-0.465838917816526,-0.686723334822887,-0.307908308515007,0.210181056122651,-0.247905839070335,-0.164152953115943,-0.0875596016143258,-0.475090386307714,-0.00611666735517875,0.163850110045478,-0.200118999811563
"GLYMA_01G004800","violet",-0.703158922589938,-0.43899968532331,0.138761609109312,-0.267816041505042,0.247728734835057,-0.207540547402734,-0.450433007934184,-0.453327308797384,-0.494332331352688,-0.279430195470731,-0.0262071707095193,-0.0383253528647286,0.053112301187399,-0.0591730671234191,0.197365400107752,0.266458062779029,0.452235609948721,0.691532125336891,0.835770157899323,0.550201019996722,0.551775503064223,-0.184989433227511,0.296525920898809,0.310120506376651,0.315140478061879,0.423586092903772,0.0735020037292062,-0.201129132432856,-0.027178036443901,-0.2786154799647,-0.150928040479139,0.0460200132981058,0.226595368350232,0.036155933160851,0.0832883794392986,0.176648551033597,0.122656783649668,-0.22900757477209,-0.323948982263411,-0.773053729334344,-0.691304488608234,0.168643441451615,0.283279698557923,0.474133119333015,-0.145988250978149,-0.398236177943448,-0.230250981519483,-0.426334445804036,0.276735831849449,-0.017546447700168,-0.103180034194082,-0.301194000941177,0.137465193332373,-0.225580389771439,0.145142535780963,0.391550776287165,0.00350785574213565,-0.535201992774572,-0.116537192862135,-0.0141814495524542,-0.155903928946147,0.418322975097458,-0.168029458169556,-0.253829871771913,0.079407848829942
"GLYMA_17G254300","darkturquoise",0.701526022822447,0.141746646321245,-0.286425663886201,0.113553206307472,-0.465962128005986,-0.126121197777863,0.373827671602205,0.787077377088258,0.66729855869213,0.267174110276635,0.311131161822104,0.19765357649638,0.257740566334152,0.0927529244983406,0.0184414741551287,0.0989866553737153,-0.559196631450521,-0.422153854108588,-0.605685816345671,-0.28104215684193,-0.145152572321997,-0.0306017983001931,-0.427105940543453,-0.230144447237995,-0.274399997495525,-0.151123257880702,-0.183957084726346,0.351348284025224,0.225309379774352,0.557740144612688,0.29547142987047,0.219422960673415,0.228781450430791,0.423741350291009,0.110790518783333,0.119601155331454,0.0973796433379505,0.0758576350497952,0.141143182412106,0.811493763915608,0.520259051251183,-0.331484303097644,-0.46816900412121,-0.480745457691792,0.00268728391306597,0.00181493945669249,0.00521095043973937,0.198927770945929,-0.407663097684624,-0.142587283504818,-0.304509669911862,-0.121793238283342,-0.371840249975773,-0.192407938754794,-0.51567524695806,-0.642425352845208,-0.36539909734429,0.0611801297031331,-0.427225250525618,-0.113779805377513,0.0633079996924105,-0.252902839578154,0.016600532140946,0.208482228496993,-0.300275748676527
"GLYMA_11G098300","darkturquoise",0.700274449762942,0.386589839975235,-0.0718498777722823,0.400156502975393,-0.163427749569055,0.278029601439466,0.463067112459432,0.641196024835565,0.772204137050971,0.514060240522838,0.153772721172176,0.157093596746371,0.27942948605038,0.201323027381232,-0.0434667029981215,-0.0429454437577666,-0.745377359713073,-0.457909825983014,-0.738355213100433,-0.42038251729434,-0.3197579878752,0.0314316390725604,-0.322902019345802,-0.255621193776853,-0.435752390468145,-0.391055482052813,-0.295022906603747,0.158350876555985,0.0140300144513228,0.231254653128041,0.101904996533104,0.17168182067398,0.0479608421162307,0.183289675533114,-0.120483580805687,-0.0794516195591361,-0.00272197756245943,0.125687560229396,0.152055107227288,0.868340275635672,0.490239595811843,-0.122672918214667,-0.463240665131772,-0.409936451169102,-0.000369726732561004,0.198660491766244,0.0762960310460577,0.216711489096225,-0.393029443448682,0.044521440984602,-0.105233919847926,0.0658304685344645,-0.207328933555908,-0.157167865044505,-0.444894678558435,-0.680946746549081,-0.403923125834862,0.242520265938937,-0.217523532132382,-0.155796645224121,-0.13440924068386,-0.527029118285739,-0.00376801747018359,0.187981013469537,-0.238119379582754
"GLYMA_13G311100","midnightblue",0.696250536452224,0.0829962013085719,-0.291758653750655,-0.0163845301904083,-0.427341300260378,-0.0588125674055376,0.615662646475314,0.899006828848427,0.710172292505909,0.45187770300625,0.113514597779071,0.417870195142548,0.321426649553099,0.163120148204741,0.107701782159469,0.125360949407053,-0.452455683071742,-0.328337162034292,-0.503360012678712,-0.210174123567767,-0.127333695642192,0.236680780799031,-0.0809222971886571,0.0995492685875087,-0.175857557882221,0.00096276608399678,-0.105749472756327,0.451988378914496,0.434176554262199,0.531816982155873,0.272846083124226,0.246529512769134,0.408840520761514,0.451891899440506,0.171097755415105,0.104857698183925,0.0395119057004803,-0.0255749675502229,-0.0967991654118819,0.692626702566443,0.454104095812694,-0.261721350033054,-0.4142228741298,-0.400772309139401,0.0661923276886422,-0.0422386623482906,0.0865250828993642,0.287642018635652,-0.461980896032045,-0.185369658949777,-0.428649700332538,-0.350720158050811,-0.500013053422408,-0.248596438485367,-0.401632397990906,-0.675239208011694,-0.386451284520411,0.072120122639309,-0.476595890535641,-0.213678069214705,-0.173576606708539,-0.39188608108682,-0.20806542082527,-0.141046704599197,-0.218522749861973
"GLYMA_05G103100","violet",-0.693566329904051,-0.684335723704578,-0.275195058190231,-0.599728671291031,-0.151453165648863,-0.436843397372416,-0.500660885585221,-0.380669100919179,-0.695944791107378,-0.516470148948684,-0.0664128762161657,-0.186048819079527,-0.29911933949033,-0.415044201886853,0.0217832692693427,3.72369210984592e-05,0.571210122856777,0.380647493750532,0.803523619938619,0.513162453020591,0.413236048791488,-0.0554077526331878,0.0491027726597265,0.287900314161577,0.465913054187845,0.659709681000255,0.444760151760041,0.15365653927214,0.136211229861066,0.0801020189677807,0.0613571517143726,0.269537873044675,0.162188913645621,-0.0124238920430174,0.300937359780764,0.369730370928491,0.212943808228801,0.137022503377811,-0.100390825870274,-0.687420228669574,-0.364118110132104,-0.147558908406899,0.396489618246274,0.303250149979271,0.0792963949423683,-0.372143927367631,-0.217856453507587,-0.194445617001135,0.223030789364891,-0.27987690856312,-0.0561756159165504,-0.265020921339695,0.164577466876979,0.0702500568590763,0.243639119426867,0.585565169148472,0.057548620670716,-0.462589424229809,-0.128919437309169,0.259623417544789,0.273131257072025,0.740902901206896,0.0670948229282033,-0.113251012223358,0.134983671860968
"GLYMA_11G066800","darkolivegreen",0.691735537011523,0.304604711516154,-0.100261590620117,0.376085677782477,-0.107074394372723,0.136501345648933,0.398232072406264,0.636534987746811,0.844699659999126,0.521499711471368,0.168822074109667,0.124162193659367,0.431284017866897,0.236733534366015,0.0312497294250457,0.113123467904662,-0.622745164842533,-0.367177258992159,-0.734377145927258,-0.265319905908189,-0.0332341104111986,-0.0325562151790708,-0.216187422049645,-0.182756324420002,-0.559653585071662,-0.348879348809887,-0.415307412010161,0.160495894930444,0.0524116148016526,0.18635585138267,0.0945274835391798,0.159915132262888,0.227973480785545,0.453061221784283,0.0357777843899051,0.123827661551759,-0.120877703404687,0.000703997996648068,0.170287838596871,0.792661612570329,0.344767710100729,-0.186524304096076,-0.477236903798826,-0.4103165288027,-0.0646624834331372,0.0804992606834368,-0.0304429189630832,0.0780611518594956,-0.291770728836456,0.127869164825905,-0.280031803712905,-0.0871413887700941,-0.407964506879274,-0.327626561425333,-0.630527285021251,-0.785100252708712,-0.534084807855355,0.0176064516719402,-0.433410174917679,-0.211963541691837,-0.258145381674762,-0.587955449446637,-0.0969049128189587,0.0892364709304808,-0.381019971702109
"GLYMA_16G076700","darkturquoise",0.690853005346231,0.292073121788141,-0.254422172051982,0.261014313262044,-0.147083082936417,0.299859683763012,0.397165944948475,0.382312088257799,0.484220828719098,0.338591103392883,-0.129898612791028,-0.162721602780931,-0.0869758313686188,-0.102244576321816,0.0159706297989,-0.0593027984152522,-0.506705359967665,-0.711302447606532,-0.814483322802085,-0.48881269278775,-0.429649341191204,0.227897188283587,-0.231663069650828,-0.20948274168073,-0.449083645487647,-0.372964564566984,-0.0522120238717225,0.282019865321465,-0.142732495837657,0.142972910060838,0.0453427599592642,0.175639779733785,-0.195996365870212,-0.0232602578028584,-0.0901130845267973,0.049712834832797,-0.0617435358092591,0.106152082401219,0.51687175921593,0.801286326453472,0.656459105225628,-0.242653411856804,-0.257948172090515,-0.386980333136971,0.0693957761109939,0.310997744278338,0.0291824045900808,0.30581157237202,-0.310494871698735,0.00417724927458504,0.179719859280334,0.304868577685571,-0.0778455870164768,0.220698751442184,-0.223624688954349,-0.393298490933073,-0.244715847608246,0.413363755706088,0.000441369961724121,-0.0954846413488281,0.0853233691508143,-0.439215475167577,0.14091029472313,0.180185369609005,-0.323096260451153
"GLYMA_10G074600","cyan",-0.689519612475652,-0.547038123008466,-0.148085242923476,-0.555519403210904,-0.0709354429865623,-0.477651933000572,-0.323108333492779,-0.239058882734639,-0.443919324589961,-0.286255034321413,-0.0313951372053774,0.129883535105018,0.0311728129446244,-0.0817379799026245,0.101497872562959,0.0189605348877531,0.666795595615484,0.54875774997853,0.777540581163707,0.894085318270196,0.59565288011014,-0.032116286570091,0.153206823561091,0.404938161943673,0.499190817291016,0.714945752531305,0.278767106033397,0.0550220667745801,0.268506208805801,0.0175428335792078,0.219942979473037,0.248412431399182,0.515904227900807,0.219500442692738,0.335546743546516,0.342014060388504,0.0738480896284248,0.0558064159887636,-0.353536235384513,-0.748291725635634,-0.596836897780428,0.081435829354449,0.370786174184247,0.424860572979442,0.0834115441447197,-0.308217949864933,-0.0272224627399461,-0.163561978787102,0.167158783795268,-0.193164515044922,-0.22314974131382,-0.566868639974219,-0.207438266451655,-0.247934788962509,0.115148147365696,0.300300400488969,-0.0248553334357,-0.547264265265081,-0.2719513929487,0.16072907008349,-0.0452820368954545,0.482272524377168,-0.224388685030977,-0.317088346121995,0.210357461278706
"GLYMA_10G151000","pink",-0.687952826526495,-0.386860428040627,0.0479873622301196,-0.306989541542751,0.205841082769415,-0.106785425019826,-0.614500657173625,-0.814957480032463,-0.900274761733369,-0.574306738387522,-0.235481539793205,-0.403442944513501,-0.531530600985555,-0.395341479756297,-0.107133991700064,-0.075692284797085,0.674901876480517,0.278110430125369,0.697728558889591,0.195786357076202,0.12150018532212,-0.0502574219187441,0.128961518717859,0.0911339295142959,0.425664649959094,0.280558773791744,0.404872610572423,-0.154493974247907,-0.209859002134397,-0.34167224678047,-0.192197144009883,-0.146720443273115,-0.370820675138578,-0.444336836661558,0.0263027051032886,0.0122450127331791,0.124198855906563,0.0226650132684861,0.0707132380485555,-0.781479988706538,-0.327195232629461,0.14877440446319,0.596574972482325,0.525564156999087,0.0697870188720725,-0.0721372758221152,-0.131418262590799,-0.162255629876581,0.467377455874073,-0.0200690525846929,0.305767144512309,0.246673585589033,0.520700430539188,0.421289171375629,0.582598158771869,0.904752784018998,0.441928251960779,-0.0863497915962448,0.410404198357345,0.272600148065616,0.330211506918829,0.626644800533198,0.168744375877795,0.00836488288829577,0.259621851594707
"GLYMA_12G106900","violet",-0.683952666898611,-0.529217693810339,0.0211129695757755,-0.363512987064281,0.105591744025425,-0.330462042166269,-0.482302010564085,-0.413440776124782,-0.557745063151334,-0.402777718659931,0.0368853968711049,-0.112667568559757,-0.0281350452143606,-0.179132787998721,0.148847285248449,0.217967143231515,0.49096172608754,0.653779173433446,0.863735604597308,0.524910795031574,0.549020924487642,-0.205647079728674,0.205411056507388,0.276708698227087,0.331550789219591,0.473769421051705,0.136184462077071,-0.116765761559093,-0.00889931034848805,-0.118824544091462,-0.111842669570296,0.0649828761024377,0.209829187749272,0.0459345461141924,0.133027614014464,0.258478837319961,0.0325723996761397,-0.123644233260804,-0.265406633900797,-0.743876497824455,-0.605800830724815,0.0125338916156623,0.242353612660872,0.386805912806053,-0.114584838068172,-0.461246605669122,-0.304963021558081,-0.432283412723233,0.194104761891619,-0.174088282659423,-0.0938877574962361,-0.29803874761968,0.14127047299632,-0.163808569217683,0.142002416940581,0.451611522535952,0.0515646577770474,-0.563723966504389,-0.146565711304279,0.0869116288292231,0.00952683074404886,0.568361065236869,0.0224667318278979,-0.162991311161955,0.0758672124331221
"GLYMA_06G136800","midnightblue",0.682906617357043,0.157649490737267,-0.308330245042374,-0.0729670924626504,-0.381179659207178,-0.00905498231593534,0.767568247470022,0.847020828470625,0.659419955670801,0.50113148773363,0.0810698158526082,0.363379900479136,0.317943426942653,0.223324374525276,0.106856037135089,-0.00207543796925626,-0.260216832099558,-0.316466530234664,-0.520015720746174,-0.179437974130846,-0.105600870102525,0.303288331424837,0.0576395804613045,0.198673212084702,-0.310883463239077,-0.0157901368415434,-0.115450236264242,0.379679067599575,0.369872771806827,0.568427999505611,0.265094161413786,0.289037818285473,0.449661076454927,0.354974792825921,0.0391256690948998,0.0181747216404936,-0.0401940099259102,-0.0561496236386316,-0.121397924554798,0.622883325758177,0.432344359947866,-0.249798278361463,-0.405767682571233,-0.441019491914473,-0.0541162693189051,-0.057596249754186,0.129313244426847,0.203349188009663,-0.611501936944443,-0.340645571019109,-0.286314214986696,-0.398055422138746,-0.550751267637428,-0.230896736411154,-0.400982923890892,-0.689497609087649,-0.279772056179086,0.0881619361194105,-0.391200280351814,-0.226612344386932,-0.203708817396835,-0.478704838489801,-0.116633299187082,-0.219000736753274,-0.166637010242165
"GLYMA_11G213100","midnightblue",0.681319700827835,0.361251580687785,-0.0231864162982057,0.164442208539553,-0.349248834835617,-0.0885151434498559,0.616368592454341,0.845006165571029,0.731558132247424,0.353819748269206,0.375459179340261,0.476951790816689,0.460493502292621,0.392163126332749,0.075799685597587,0.0346505376384522,-0.495341166536078,-0.186479214089959,-0.534237014872818,-0.270062864532894,-0.159762419059125,0.0152501660244037,-0.151371817943226,-0.129646084106898,-0.246163861740826,-0.251124168652611,-0.343671794986378,0.138972562609288,0.277468711684147,0.548645111812987,0.190989761773889,0.0486565534900508,0.324998932332559,0.385274984411678,-0.0607276391621243,-0.158300562337755,-0.175230938692871,-0.0471229814705434,-0.193062787057567,0.684774075160672,0.367682018186177,-0.138761654856069,-0.589211292961264,-0.48776456780925,-0.103673427944386,0.0744866021455505,0.150801787504682,0.149918460099982,-0.531412608909843,-0.153827126453543,-0.301285910717052,-0.249573054591441,-0.454062864069221,-0.336413792066004,-0.437409111876333,-0.749764800806484,-0.135113944766097,0.134836219243717,-0.304978778618673,-0.185611742929463,-0.147559795344444,-0.420636058097127,-0.0338057871770959,0.0566823563994622,-0.0684049726334316
"GLYMA_12G176500","darkolivegreen",0.675453945986131,0.416091111314091,0.0678757166703893,0.373844862550855,-0.0292680781254916,0.150745245558544,0.512356288439144,0.660930336386024,0.802503001668487,0.471590463007425,0.238806214511405,0.229175142277536,0.502726526299682,0.368842063010861,0.101283914519122,0.0352501715120034,-0.582204765773291,-0.171766216550486,-0.600319421114998,-0.31139590819137,-0.0634628064816378,-0.0829147059255106,-0.0203010028721783,-0.124498767803452,-0.566895354960146,-0.419180186428735,-0.493787188128638,0.0190884556134597,0.0242590330384483,0.205987217355659,0.0209320523456586,0.1447928558866,0.221143623960225,0.377024818073743,-0.13036750525038,-0.0984321087243579,-0.220620634768347,-0.0765753463095027,-0.0572415342875442,0.703201062221517,0.272921591369982,-0.0944727791934349,-0.557723960485862,-0.437325933448067,-0.162161640854766,0.0830692775462099,-0.00872316577096084,-0.0458076825764129,-0.336595086272054,0.142467587100636,-0.236068553413345,-0.115318121095202,-0.283668445608266,-0.377933090475149,-0.552218948702986,-0.756498831093063,-0.384317190039071,0.0452858688041211,-0.34488153347485,-0.219304634078032,-0.343282659084962,-0.601650647985449,-0.0570113508738733,0.0411537854815598,-0.200195241187324
"GLYMA_02G212200","mediumpurple3",-0.672923078669657,-0.539485290742832,-0.0782573405113451,-0.464621140446232,-0.138097318154189,-0.488860085841241,-0.622729773016267,-0.480719435639995,-0.754885738246795,-0.704662701498039,0.0977318574348024,-0.197171643042434,-0.314384340233624,-0.348094298848199,0.0325302310239153,0.0814039447621319,0.529937547257747,0.442509223719989,0.781889530577282,0.418385820434917,0.332218784349073,-0.231851692219681,-0.0835630247711164,0.0414166621055956,0.528758137274513,0.469481013857648,0.337117920016074,-0.0388583101255345,-0.00409856105448176,0.0476414457909715,0.0183512436704063,0.0270339678466195,-0.0210979506252509,-0.0420882338085239,0.260597994820641,0.242129692444094,0.0192342192231063,-0.0427640752834332,-0.0670540395986533,-0.687652172383583,-0.376159144350563,-0.0194975573250328,0.381343803033329,0.368368294662218,0.0718814869985841,-0.254668025330748,-0.199760409820984,-0.217474253555624,0.368925918448437,-0.111870166826857,0.0988584366449198,-0.0589945749372584,0.319851183186524,0.121012571858684,0.32031634670394,0.661169869586069,0.308549693790751,-0.351383114767302,0.0701086948425375,0.266333012856995,0.406225187558478,0.840359954910465,0.274188800676217,0.142956242592901,0.199824805640734
"GLYMA_03G195900","midnightblue",0.672234251837539,0.127100048509656,-0.289164103315692,0.0501036346433412,-0.444252096456674,-0.0767568630046235,0.512666252078353,0.823875379366316,0.696996442932641,0.389888052980593,0.248200864620407,0.303062103300972,0.326664636484995,0.159023868663549,0.00559209218124582,-0.0250808047635527,-0.522964506725712,-0.339982544835012,-0.550749949623212,-0.16727940264071,-0.105618479326121,0.100635920213378,-0.322730662167151,-0.0674988178713165,-0.266106565405328,-0.067018420484006,-0.171193884516495,0.3582851275484,0.238972626484982,0.549596847634757,0.302325828389501,0.329575248471061,0.376402580403805,0.394436327959842,0.0534337596030059,0.103428893461163,0.045650693552302,0.156735899196861,0.0193889765201591,0.738686249688959,0.44057326211209,-0.30406674712921,-0.459752662637962,-0.470168189272527,0.0537776827019275,0.0214740233300862,0.0343063584082894,0.209200372914695,-0.519773431278048,-0.236012017352819,-0.339958887650101,-0.274715696145599,-0.432901202137044,-0.268986610173295,-0.502863497298924,-0.709875304658116,-0.407711947907607,0.0299736575563812,-0.45035920297495,-0.163007192671936,-0.0678598826910609,-0.337181856935814,-0.0862863107787427,0.05043850875881,-0.24465254570529
"GLYMA_09G067100","mediumpurple3",-0.672133794094022,-0.612201602711255,-0.223900127890031,-0.508597432161711,-0.205337229757583,-0.478539826702598,-0.623667908927474,-0.412637023273752,-0.725572448746012,-0.695006573909022,0.0379215330119457,-0.268855340346903,-0.392091424639876,-0.460370705407676,0.10485316432494,0.223421758474118,0.43325606801799,0.304563720170198,0.698105057949215,0.421309253670059,0.291187693490972,-0.16988936976937,-0.181065815970102,0.0400436203738352,0.503890170087811,0.518735487156049,0.417676660425912,0.115560466958866,0.0371738410679541,0.108519379309252,0.0662353846810702,0.210481481700829,-0.0286596411194909,0.000636335548960421,0.376291968140382,0.333724700481027,0.206183672809567,-0.0427962966818721,0.0564433596962749,-0.561365209702134,-0.232759225870769,-0.120927122461502,0.367246992239848,0.300522946146003,0.171174158963867,-0.23980328832705,-0.237821341977805,-0.166069424528183,0.42542604904816,-0.0514764643941298,0.0492276148536468,-0.0292013700845948,0.330233968037544,0.191593464388689,0.278353941884424,0.647663609492864,0.1746897706364,-0.342201787577108,-0.00220442240276533,0.332617137029825,0.469690543844547,0.867342817150407,0.209675727367914,0.17000701802693,0.0862804612409323
"GLYMA_10G014600","midnightblue",0.671189673799038,0.160767532240397,-0.206836753709222,0.168166121683103,-0.24048117517973,0.100404881416958,0.554753073428615,0.848151159160557,0.811044193176501,0.572452730485465,0.106504552874989,0.322891354437418,0.422969967039409,0.225943862419834,0.108939395529511,0.128502884722552,-0.595002555741581,-0.307613083883501,-0.583784491847705,-0.159261718311415,-0.0680520044024581,0.116410966906158,-0.0913836233226456,0.0489898727966635,-0.370517605472981,-0.114485266505062,-0.254931814160514,0.358205030950432,0.271268319587567,0.368430212752285,0.238562159681924,0.257849500675367,0.396702872447996,0.462373695960072,0.0936490450930879,0.113943173844571,-0.030142783188242,-0.0162361499086628,-0.049635247618259,0.738903731019647,0.380912001962986,-0.217284200534835,-0.428101897299589,-0.409041385537788,0.0222021827003837,0.00543518230776261,0.0286525547297941,0.170311830651635,-0.393524932460737,-0.0209983593115803,-0.338081085368159,-0.298720582456074,-0.44688215025562,-0.354119473982508,-0.541691685503116,-0.779555034244683,-0.582574979475443,-0.00996671160222387,-0.53298768265521,-0.198069976927142,-0.303552214738425,-0.515368923484597,-0.228052539689007,-0.0896827004289277,-0.276752499293266
"GLYMA_13G081400","royalblue",0.670282405024381,0.0837896245192749,-0.486747109859606,-0.137810551008046,-0.592231294631572,0.0884167798688808,0.545893252355578,0.693874311762626,0.403370314059358,0.303603135381445,-0.149871232654439,0.210760499149067,-0.225442768650701,-0.14987016042796,0.00843376200037083,-0.0344191584597168,-0.437508823483525,-0.738172699852899,-0.625209279318721,-0.37367022234755,-0.582837312275454,0.451691230689814,-0.245436545982389,0.0160491739656569,0.0402247371842456,0.040977896665279,0.318974615358421,0.627568276134654,0.368327075472431,0.538073203263499,0.407590120534291,0.314691245510208,0.012072096460781,0.0631035119150145,0.175220314196832,0.0328384902791762,0.0172855110377184,0.146725529774606,0.21833404872716,0.753532679395778,0.814037875980908,-0.244185750698204,-0.0983870723614651,-0.307965271613871,0.299314933348405,0.205341149455108,0.303796697073391,0.676413771294733,-0.33406428850246,-0.184789173315592,-0.0880510312022936,0.034594030941368,-0.144339865217206,0.291107165038916,0.00990561877346954,-0.306199375883503,-0.192859089720972,0.488829426885505,-0.0651926771745622,0.031859925765345,0.22130017550386,-0.185120481577455,0.00493018085749978,0.00688805214154465,-0.0864996064840551
"GLYMA_15G146800","midnightblue",0.669022778050878,0.244911022265774,-0.290206344239085,-0.108065764811729,-0.613589045054617,-0.125599466310206,0.619887760964957,0.811242943088799,0.527083343343149,0.25896630837985,0.144075088980923,0.443332388516806,0.0803872308399556,0.191397585666324,-0.0576122680014513,0.0617303651847021,-0.302736542594364,-0.507411979989176,-0.579040763159377,-0.31702925503209,-0.391517707580816,0.221194952203898,-0.18740143147637,-0.0501645086987647,-0.0245304936874898,-0.0324045909581381,0.0675670133071167,0.405243325157599,0.412733266808472,0.679902285349413,0.468338961181811,0.197715833726458,0.200350467330371,0.28673614464126,0.173381212279893,-0.137741693108719,0.0957306774714846,-0.0557966357043822,-0.0674570474275312,0.688515939133701,0.641712742854702,-0.0916222662713371,-0.20870010594875,-0.302432957939392,0.197796768730768,0.151591634881272,0.375066192515047,0.512056226336854,-0.343079413728743,-0.137913356249119,-0.231192131970106,-0.151552001275049,-0.404008396590252,0.0171719809460552,-0.168349767941111,-0.492693273762569,-0.0383215375818477,0.355457757582641,-0.135277022450434,0.00969205610963304,0.112564164840941,-0.264591294543508,-0.0355905703615096,0.027718849929347,0.0175038215181169
"GLYMA_12G204100","royalblue",0.667050321231394,0.173428349544775,-0.431410442805849,0.0507759763157737,-0.405146788307577,0.11014381430085,0.375864258778512,0.432127807502399,0.321799744789242,0.122574070714547,-0.0798893444121052,-0.220042973132163,-0.293252285607335,-0.243199031816468,-0.0671027422830926,-0.0157463140994,-0.341841995602113,-0.84141726667245,-0.797828962696469,-0.614369231074672,-0.50380558124707,0.255978901741163,-0.329882756501694,-0.252668744225887,-0.360314671098025,-0.279665792129705,0.123288765965082,0.438697378501438,0.063077584062967,0.435669823249926,0.148033156472529,0.126575237739567,-0.288466552119248,0.0283784745388716,0.147097018130157,0.0550236771079798,0.0540152925725335,0.0723727934180644,0.549339582816184,0.812709528277325,0.875461482301932,-0.336521167840943,-0.149155435446047,-0.37342387664077,0.166790251690114,0.219760800894628,0.0568299283482934,0.383243978815279,-0.162038613439617,-0.0573535105988041,0.119849435928233,0.354512845707817,-0.0425141995339739,0.423897411250613,-0.129131266942938,-0.214233040800808,-0.0354646087182132,0.460795675435039,0.057292148486136,0.0158169407261607,0.391618817023237,-0.185786973501885,0.306876074311395,0.292031618444503,-0.287434307675961
"GLYMA_08G112300","violet",-0.665235769155413,-0.351190677056959,0.25291837804724,-0.2680732304844,0.235995245452417,-0.197021727810408,-0.337739968773571,-0.357850339059677,-0.436510153751031,-0.214605179292872,0.0426714383912378,0.184241375510003,0.145885597780927,0.0922904610431811,0.0242443353760807,-0.0304198420365274,0.440905012446639,0.807842991385894,0.897860723724741,0.635158498496687,0.491668770663286,-0.166916058317356,0.310465647381928,0.358999660249134,0.432985476312315,0.431199195451062,0.0467034808456094,-0.256459863466306,0.053586349457154,-0.232787489216051,-0.0586428771186909,0.0180432219357759,0.314573703096401,-0.0240356654577838,-0.0144361353490575,-0.0142587834373544,-0.0254719649447802,-0.0639175151766031,-0.567147301649615,-0.831349441047053,-0.745360756818013,0.239227856668361,0.262940207747979,0.389915302484419,-0.0517793009306223,-0.262379369923249,-0.0862572042981227,-0.339245685291469,0.200423156005158,-0.035533990090639,-0.187258592882301,-0.407230830112406,0.156914141301741,-0.308192112288234,0.211030922188192,0.338551350567443,0.0626585160985927,-0.477326733575032,-0.0864547212750815,0.0562046851468594,-0.247103267825053,0.370862052382309,-0.18072453970969,-0.305930762281834,0.35077025140025
"GLYMA_03G069400","violet",-0.664865897403442,-0.356766840111913,0.2063162054042,-0.309981501999982,0.154551588358343,-0.249137793848901,-0.364181562747829,-0.369435030832769,-0.519565670973829,-0.335574462557877,0.0529649402923472,0.137660885780035,0.013197830016512,-0.0259283147471366,0.0512060567614264,-0.0506310462741168,0.406358581755443,0.737226639099628,0.901555322452763,0.538750611588671,0.357161006869153,-0.131572596826305,0.253345563835989,0.284038752200199,0.523659024763591,0.418145785238014,0.127804462317796,-0.203682201220302,0.0413068608321382,-0.177392376284931,-0.0592862515916123,-0.00151987380014039,0.197653089995122,-0.11087115054212,-0.0599768688533032,-0.00156741467165987,-0.145650839994863,-0.0253370988638846,-0.484742805470766,-0.775760035120041,-0.639567640973204,0.182035384882096,0.204570217029377,0.376245569700872,-0.0781152864504794,-0.21397228014208,-0.100671322935439,-0.304697530232253,0.125443040025287,-0.156320569318529,-0.0849117774094448,-0.302401497648708,0.258115455422505,-0.176833457379493,0.30737451217699,0.441391807148984,0.15852558827429,-0.37274746122064,-0.00143784009698055,0.10316492297634,-0.102094850945915,0.482810697267981,-0.141096200059602,-0.22806230454777,0.390620804729743
"GLYMA_03G009800","darkolivegreen",0.664479020943665,0.579781954459061,0.25282130897907,0.529573517724658,-0.0752017377824167,0.150196826641635,0.461465077364624,0.656241710790182,0.823401360673163,0.42193123169364,0.425909975411828,0.378953715240133,0.498330270588614,0.480541940597924,-0.0752724255039473,-0.060785344989756,-0.7201617144175,-0.197342354842713,-0.649418738158851,-0.383053776667178,-0.27545783715802,-0.118311008066987,-0.294023581130563,-0.381808895434407,-0.397564659392837,-0.547670750724067,-0.529407570148709,-0.108667490172489,0.0268334132636003,0.21294719369369,-0.00445352353666603,-0.114348992787894,0.0732365942775471,0.242655511650014,-0.241724207382818,-0.304168247492803,-0.154315531337292,0.0726809245256275,-0.122727859228012,0.759093204665817,0.309984602120306,0.00416795567212806,-0.648183036300921,-0.464073175100745,-0.129578610712047,0.18780055209636,0.119489420064369,0.0717266676924051,-0.371669709554979,0.12310934663599,-0.21348588740044,0.0288468894269463,-0.24835599125213,-0.329352487534495,-0.466667297177561,-0.743161200353554,-0.175314577837526,0.236360586595278,-0.162690207321182,-0.15277978331448,-0.227960543913101,-0.557806760035966,-0.0720880891700044,0.232562519274609,-0.0573028205747488
"GLYMA_07G253000","mediumpurple3",-0.664093606240414,-0.629310580775393,-0.200423532417428,-0.466684642236441,-0.203855593363643,-0.511388603824558,-0.60735803127314,-0.375520744559193,-0.644115811067087,-0.626377884340687,0.112266481924953,-0.229646179248572,-0.266752741850248,-0.399402080027069,-0.016136651445932,0.247783472500384,0.416243307966134,0.35269537263882,0.682562533046612,0.444644214234212,0.397738985001932,-0.205549492064616,-0.140127488880359,0.0469241556341962,0.439204226316525,0.502821194545394,0.3111199251204,0.0714865381312168,0.00704106193053474,0.133536322927963,0.0735992404425602,0.101870591734296,0.0610666716054417,0.140812586544541,0.433974757941598,0.373865831158652,0.174424344375963,-0.0669160656844305,-0.00509112861466791,-0.578577635056759,-0.315303728214091,-0.20653500588755,0.277518182018661,0.193502231975154,0.152085664141457,-0.375246555758146,-0.301105387623827,-0.227343056221783,0.40702261386569,-0.0776091207239765,-0.0831353978931591,-0.12408440565194,0.170449047628109,0.0631803604405989,0.153177703387514,0.531402974045564,0.138780981789974,-0.448793344626429,-0.0984229086431712,0.185137896843879,0.413299642050358,0.814229388783943,0.255020496388612,0.143072645778134,-0.0270227668401287
"GLYMA_13G091400","tan",-0.663090795211522,-0.2164836919709,0.0959761318550595,-0.329572693449015,0.0373294402415739,-0.128394307987042,-0.266380261165827,-0.382388808113578,-0.546231407686926,-0.254923344947303,-0.135870438057284,0.115291645330869,-0.230934415734614,-0.00417796423938295,0.07157713326779,0.00574138109466391,0.497690566354183,0.363049163218792,0.642639662158504,0.381263856837671,0.115486681826031,0.0636359762009453,0.142956898110749,0.223869408875725,0.547581733886752,0.41830049155529,0.332031222522638,-0.0719758834922454,0.0845216070355669,-0.138688320875212,0.0966456187435075,-0.0538156642694064,0.0278757369847103,-0.226849107690141,0.0641758682485136,-0.0675883133942655,0.101107268802217,0.00423774295210628,-0.26232456527521,-0.656989102443101,-0.359777723782916,0.538948702683353,0.621659035341355,0.859998429024742,0.126905421933227,-0.0128961391426254,0.220121355373065,0.0324655482584111,0.301840425089116,-0.0239637500399291,0.0123785336645465,-0.114668787387222,0.165329965959179,0.119518857367741,0.502750955240677,0.507391472984848,0.273952359138608,-0.0659986430992161,0.256843636498127,0.215673316181876,0.0672962922882951,0.420095288047539,-0.156845184696564,-0.201833535874246,0.392988068277805
"GLYMA_07G098000","violet",-0.660823304845818,-0.477115666575718,-0.0323354187984709,-0.469693068929237,-0.0735683379564677,-0.359296112752796,-0.437342246823514,-0.389918168904956,-0.667628123095533,-0.468298728208654,0.00924918128837857,0.017357289802715,-0.228112799994577,-0.219062478982389,-0.0134766877054873,-0.054440320317599,0.533044455591272,0.47290856383256,0.819463225151132,0.463195142214848,0.258223073591376,-0.0455450639430816,0.0233477830774762,0.206630496636995,0.633095125357986,0.534470366039423,0.375569866945637,-0.0209489027632629,0.1689025744814,0.00970686121991624,0.0471237194371098,0.0926592309038241,0.0958484035611888,-0.137365291156979,0.139324881965226,0.0701107492972423,0.0960916045306372,0.126846720305762,-0.279970261101154,-0.737578297043184,-0.410693205136964,0.0414191762519317,0.374708389160541,0.309511651822961,0.147401690156609,-0.180196315742857,-0.0225580594127401,-0.10462342519537,0.209802417980358,-0.195898865533196,-0.0165625269532111,-0.204312351934544,0.212340631172891,0.0662817655719571,0.395863342800775,0.580182082998077,0.250275600504289,-0.274567959588711,0.0799491485476214,0.407252140867657,0.208431291081735,0.663936954906264,0.0945540806547754,-0.0820959998304386,0.395355326330892
"GLYMA_13G074000","violet",-0.660574899344302,-0.439321688688021,-0.0132191502860127,-0.468871428993296,-0.0634198443092935,-0.349790311255905,-0.41541668838983,-0.356435225492583,-0.652724108678662,-0.452527562929291,0.00829800533072258,0.0553347802545688,-0.204731871741958,-0.177128977743955,-0.0250760069464123,0.00757241351094813,0.455180794543476,0.513205771172627,0.827622488647503,0.475712721051593,0.262063356054039,-0.0671816553260781,0.09747635730812,0.239221941682841,0.627137624279329,0.539250173008888,0.342374906391887,-0.0187866004411915,0.0768592020817953,0.005333634349569,0.149731458672247,0.0526308673332207,0.129535126930945,-0.101832657856873,0.0969860562278013,0.0776861895213033,0.103981852507945,0.0176132289619564,-0.295493832361681,-0.732587422226455,-0.441845998595275,0.138299270980155,0.393357965206713,0.430886351003607,0.0770265341527987,-0.188803541821623,0.00965033097451271,-0.118592378678946,0.168908392839332,-0.231807674121449,-0.0571652880542997,-0.232095619715451,0.233160161447417,0.0179883270168703,0.39023195492454,0.540680515279727,0.206217856812975,-0.289028785642775,0.0560732645908631,0.176202315824943,0.159768764977285,0.643240883528889,-0.0426301643706991,-0.150909385153396,0.321504877315773
"GLYMA_10G017600","royalblue",0.66009577500035,0.0769429325531962,-0.431127658427549,-0.0888625603792577,-0.332807834339403,0.299061366403653,0.449919700661426,0.358879662371019,0.124103746593504,0.177109813860141,-0.366241669405873,-0.155296432254313,-0.478596661405136,-0.369860986989084,-0.000476136365383367,0.0239788240852164,-0.286678270221366,-0.779210801930457,-0.59459099935528,-0.558200158826756,-0.689167629302782,0.504817617884565,-0.0885607500779896,0.0223096258624048,-0.0822262756764221,-0.1535776072113,0.347580405399624,0.541133781300183,0.109837961902457,0.324212261556257,0.134342187289115,0.0875631098240783,-0.359274251173137,-0.217023691817136,0.058601389197265,-0.0840351761409243,-0.027908879789521,-0.105343409256559,0.418502622140021,0.633505757614821,0.88664871671598,-0.285155572132691,0.0275902230707427,-0.314658845304619,0.303995177949083,0.365271238283083,0.160552243093017,0.560027974619323,-0.159293402950675,-0.0947527311001637,0.183208208066726,0.363502781847946,0.243028516549783,0.605850451954748,0.237418274003586,0.0275741768582558,0.021021021532241,0.623836879674706,0.232748538253195,0.0518945987238397,0.323192460087627,-0.137205107652243,0.227681484050197,0.0616231201182573,-0.118934097804413
"GLYMA_17G036400","pink",-0.659023617633139,-0.391127780013806,0.12651538012092,-0.25270081845288,0.305526137796439,-0.0110046653914358,-0.543728705063977,-0.752659160395951,-0.795427102935607,-0.428579322701654,-0.273333265887899,-0.285184278950661,-0.377513732508802,-0.319130115165008,-0.0416756677426584,-0.012450488026076,0.554725785619357,0.437921429495218,0.775734136909306,0.294317714917434,0.189331079799161,-0.030960462644183,0.26084161170839,0.227639400212735,0.427056674508295,0.308823125456123,0.316642352682632,-0.17905762452916,-0.195551264405452,-0.440489171144496,-0.177454072016817,-0.182421518651687,-0.239641059184115,-0.381973157955557,-0.00719899386939549,0.0305747358232202,0.0320384478350745,-0.0817052054003388,-0.0751742650355263,-0.815230016621701,-0.470778621228749,0.172917783112753,0.535922664490296,0.503833312735293,0.0244702943063844,-0.120244648166935,-0.153106783843667,-0.19607693837745,0.377973511906625,-0.0300379281977678,0.174867964860558,0.110376818867314,0.513928451318366,0.254850361004268,0.546302522328489,0.801120017633533,0.308893316157567,-0.165747342055811,0.306260881263011,0.0741993454013291,0.113965578437327,0.525358175648578,0.0196438764855342,-0.142497066420529,0.209764511049014
"GLYMA_20G070100","salmon4",-0.657787901358875,-0.322473707648316,0.0356432615525674,-0.452943376498289,0.0204398237134083,-0.367968340664263,-0.273773012001368,-0.375849020632239,-0.536514941653793,-0.341120178894008,-0.0281233440749399,0.106226476078169,-0.0768967590312006,0.0280177072905874,0.113990882473921,-0.0475368262478974,0.820229953735912,0.465719034791794,0.679649908663574,0.616439354582546,0.387505978315248,-0.0507593287974376,0.212339273408421,0.28930878725746,0.444427723471951,0.49947903194343,0.281685394744426,-0.132391313170877,0.146537164060698,-0.0305809736260435,0.143090697683082,0.134290212114356,0.248012876348928,-0.0513073809141079,0.147544590988849,0.0148205517873445,0.0134793737803369,-0.0926963385457768,-0.353885675084968,-0.758417295183925,-0.48957261161402,0.228887575083617,0.425621596079508,0.440479089753059,0.0394544205596579,-0.209856636781413,0.0947945393535712,-0.143638031487358,0.288164926942369,-0.0419501000716779,-0.0238704843679076,-0.321878853943761,-0.0929401953214348,-0.0470850015329694,0.278355111200534,0.425547518199011,0.307567774954665,-0.292677790282885,0.0636270813350113,0.323683736990349,0.029210391312983,0.390599338378175,-0.122541495841584,-0.239920040784023,0.404636775099004
"GLYMA_05G199200","darkturquoise",0.655673263027792,0.251469611758211,-0.168860855517987,0.281714251924329,-0.328925014700693,0.04660970287111,0.301725252727374,0.608922194116826,0.651519163952461,0.26355826056768,0.293506047401156,0.0525481170931246,0.204323788744102,0.0642193130981468,0.0207762336247841,0.0112732183892082,-0.68600081333605,-0.440713724133766,-0.673788101391179,-0.388599147161285,-0.254148589934636,-0.0778744681169177,-0.508772888806584,-0.36462446401896,-0.400768171438602,-0.332934012382864,-0.248573813758049,0.200470653736,0.0332604358906239,0.381037827022748,0.0783064295221992,0.178981988369027,0.0283808765674087,0.24452321789973,-0.0406011548177743,0.0575051725059371,-0.0749709369444091,0.111881402833397,0.248986452412731,0.868641167556464,0.521719625912376,-0.297799499410352,-0.539179303637349,-0.494960315732254,-0.0265007055542541,0.0808117694363729,-0.0558681071614582,0.13165662773735,-0.364339249679965,-0.0343741615349938,-0.126979361160242,0.0832470465352231,-0.139539682009988,-0.115756095838457,-0.486527004681685,-0.579325986279828,-0.315518093111449,0.149188534587594,-0.26491444281833,-0.129957053026361,0.0873644867036708,-0.280325732989306,0.13244167809862,0.344842398910419,-0.319266127685637
"GLYMA_10G155300","midnightblue",0.655559933446736,0.00883857247058553,-0.391560749150027,-0.217502708701959,-0.53288223492618,-0.0148672274709805,0.698514603574356,0.89744801767546,0.531397304443096,0.436141414908259,-0.0510545141205906,0.479911836602355,0.10632482412704,0.0567949103929404,0.0391673325492152,0.0434406036018294,-0.358646528955557,-0.371486000488001,-0.375425219249438,-0.18958229557902,-0.300705058773005,0.440790751014657,0.0244224942818652,0.279057522226444,0.0713525537352866,0.170569662081013,0.153248973506946,0.59696709521487,0.515582131467429,0.595225199940022,0.412383128634743,0.322034893889712,0.377659859947889,0.276569937211908,0.163371338424571,0.0274394454472864,0.0372837680864632,0.0203585502885612,-0.165234160067098,0.589269595323548,0.541779716786088,-0.221334742557228,-0.234201541236692,-0.320246181896938,0.159347700983456,0.036097570659251,0.237893179133053,0.481989495858946,-0.512482330581392,-0.329149193001817,-0.382918128434766,-0.363853507837159,-0.351899746042681,-0.0637750372158496,-0.123270248820202,-0.486214803493618,-0.302905579065396,0.217120240431086,-0.338952642029518,-0.139681060543838,-0.1002840487005,-0.273450622251222,-0.218499725879976,-0.27362590803131,-0.0459875308629817
"GLYMA_07G196500","cyan",-0.655276366026022,-0.394015772744444,0.0993902440568398,-0.373283311959322,0.1383324137654,-0.319138078381893,-0.261012353814447,-0.232650359261255,-0.343484580523488,-0.165617363343822,0.00608203118170822,0.219919462017382,0.210240301538032,0.115858639624601,0.0809862388782484,0.068198961018,0.544278900838103,0.722267805291066,0.808791570841173,0.805414762650866,0.61733360925785,-0.116648755017161,0.35114931924509,0.436266092990717,0.369536221543855,0.557827560980724,0.0690956610299126,-0.133366331577538,0.142699208755958,-0.126348412949873,0.160821783222784,0.134442265018889,0.513056318018041,0.212431028888311,0.177122258130781,0.168425417349256,-0.00397927383752471,-0.0906072359951172,-0.535461192185061,-0.782207005695514,-0.72808118603253,0.213247384201455,0.326987451165931,0.432946753495434,-0.027915206363054,-0.328220911410507,-0.0601057401924703,-0.304671250657698,0.165477865252049,-0.0959751849607167,-0.268029838986318,-0.570868225676855,-0.148409607213371,-0.393883360174413,0.0654651276813008,0.19860658845133,-0.0588079416550722,-0.575899365083007,-0.24752282167996,0.101118552169618,-0.279062395865927,0.306702517905273,-0.279621876361827,-0.386513266111864,0.282938468127535
"GLYMA_10G225100","pink",-0.654092388100962,-0.473595686804996,-0.151355384654347,-0.421493335726054,-0.0783104999341993,-0.309827169173289,-0.655920090990756,-0.709297005786543,-0.925196976445207,-0.754293685423144,-0.112833126329543,-0.465689650361933,-0.620155170008516,-0.512331023754835,-0.0428246946308877,0.00711914966275173,0.620637149608484,0.127268347967197,0.597757907355869,0.193404894573838,0.111612458729675,-0.113068076948762,-0.123895430979389,-0.0498393779958508,0.434749099479971,0.356506634632423,0.492577593511025,-0.0253113395969048,-0.138030388788001,-0.0710499733853142,-0.0442744620485556,-0.0373444156350786,-0.362210277744273,-0.314936542897158,0.235094921875231,0.181715892203872,0.175028477777189,0.0371749347529957,0.242136886430104,-0.633901696767356,-0.156932506852189,-0.0223760423566981,0.577516722719851,0.386136070989419,0.190345116529245,-0.105527232702044,-0.142142465607629,-0.0738450249574146,0.50393037327399,-0.0400261277263112,0.409276269451222,0.280065803955307,0.460465501109065,0.484134675155356,0.502215207353016,0.872752630769232,0.466399517791458,-0.101244351286749,0.368917702962234,0.394884634415363,0.609294385227235,0.817226735187066,0.419556511642891,0.252833627985557,0.161398814129066
"GLYMA_14G194300","darkolivegreen",0.651940469500719,0.612633849624186,0.208101679023441,0.422383140694473,-0.110162511341457,0.177509009618062,0.631445688798276,0.726107036828381,0.838159243496338,0.537307934847903,0.333484727220481,0.51910138852142,0.510410703000343,0.556891046205085,-0.00514120355878211,-0.111447406286926,-0.607316219984138,-0.187257606554653,-0.621951654227523,-0.304171959342103,-0.295964054502307,0.0178835822714902,-0.160832352166294,-0.218899956112698,-0.322721435281549,-0.439849676644111,-0.453349894738978,-0.0541536872179488,0.0962139512395317,0.257186152940569,0.186991146229204,-0.037793345965734,0.204111192235759,0.225064558354825,-0.265229341343253,-0.354968673136994,-0.289154597687377,0.0527476550260589,-0.22554451946758,0.692251406438895,0.290416465670537,0.114755738210106,-0.548929192180245,-0.37270941419134,-0.104467223733653,0.25170150841266,0.290734809534653,0.170621585513175,-0.4669799748802,0.0472826525554533,-0.198772506315209,-0.10782895670548,-0.358880116431617,-0.346603770504833,-0.381125972484207,-0.784442813985733,-0.151215632077114,0.29769510258074,-0.130722380818427,-0.170391234951517,-0.316763415777667,-0.627769657422306,-0.110049440581527,0.0675823741823765,0.0512617249248304
"GLYMA_10G221500","darkolivegreen",0.651333136014374,0.340048096528612,-0.0164499157418956,0.346029938163674,-0.0709036383175046,0.10441718102924,0.468362391120866,0.653679116961772,0.810675133837554,0.489471611435107,0.228703369567045,0.219223365934905,0.492328579381686,0.320941896592573,0.000598149706555347,-0.0200547056176665,-0.486382722730342,-0.262327087547203,-0.645616726803298,-0.252922099513255,-0.0403249953846907,-0.0798786667402828,-0.0767935145883846,-0.144720617773298,-0.537127096010209,-0.360283421843882,-0.448042530518621,0.0772638961891358,0.164583566621681,0.248831931851836,0.0269327183596778,0.0187545998336486,0.246193588826371,0.385361822404325,-0.0838551651218073,-0.0435363690233859,-0.0733577988023616,-0.0456021485468181,-0.0322124879258622,0.705523749513276,0.285960051538847,-0.171525521457803,-0.553913154687695,-0.465274525232093,-0.177030964646218,0.0147231848364493,-0.00926803521920954,-0.00915393626175502,-0.358025925880686,0.0443170008961025,-0.280354828470427,-0.1634252077411,-0.467265846050563,-0.374952440948617,-0.606663251362837,-0.762199736777668,-0.369983346524201,0.0149280179122447,-0.40464041267401,-0.309384562584623,-0.303610431123039,-0.607328737016821,-0.163357084841653,0.0208919183436703,-0.270264262384858
"GLYMA_07G056900","salmon4",-0.650897710166994,-0.396843697836827,-0.0778903181622654,-0.62394088921085,-0.0556882584236995,-0.270607842915572,-0.141646196261231,-0.362573615647099,-0.656799257964702,-0.299704883398159,-0.264484563864293,0.183647299917513,-0.260910464133938,-0.0885101358379152,0.0246390352912995,-0.0798261118055177,0.826139774406487,0.401158935978152,0.753403860486762,0.635433141185638,0.212214319623699,0.218242530040394,0.401208346561569,0.506779177234508,0.665462639525608,0.648343169505116,0.498608583996609,0.0357511723551268,0.26635508012324,-0.0226953018846777,0.218907536465948,0.0742094919638912,0.225374091792948,-0.141412486613227,0.216446914875314,-0.00874919572692669,0.0141862238692916,-0.0936275336094571,-0.41213495345556,-0.838149717827946,-0.410839503842474,0.267703702904278,0.599660396889074,0.519920258626184,0.205210550038002,-0.103400604893912,0.248252517799409,0.0962122147283512,0.258227067263117,-0.158958536907933,0.0143478359473829,-0.34336076962137,0.0277399729824961,0.119023833677545,0.551469576191746,0.569305960313722,0.354029633947581,-0.13229981193925,0.179588605836224,0.219097319776288,0.03948885280222,0.442396238655601,-0.146492899952509,-0.414336414817549,0.473976677563436
"GLYMA_14G054500","violet",-0.64734290791797,-0.496953033296411,0.0473916310694969,-0.327712675259465,0.151036328110022,-0.215897727413782,-0.413243837019885,-0.378586702499364,-0.476031119620549,-0.231769492796713,-0.0563883524562743,-0.0048785034774004,0.022185810110272,-0.102488381850951,0.0585202174306479,0.0980741653683997,0.433787096360388,0.628362083872235,0.815851551825439,0.529405283541609,0.526822268692977,-0.138953213738631,0.296805636868247,0.368481407293032,0.35650513682522,0.51261213125973,0.161040265252133,-0.0950308912858562,0.0251652092423345,-0.203435688209664,0.00854437958261001,0.106648892795054,0.275200678054475,0.0384574620339902,0.113635860459428,0.243286304140063,0.164624764891374,-0.0535676165779872,-0.324075656893801,-0.75236539416305,-0.63744983803384,0.0782360208717989,0.320122254190566,0.384359261218305,-0.0653374019555423,-0.382190636548007,-0.198844661220489,-0.314237821574055,0.175000445933996,-0.129897636611538,-0.151892700172757,-0.363111905985302,0.0850363220356672,-0.215199669335147,0.14122073941196,0.372911930569697,-0.0566390812161653,-0.537799461937184,-0.173179596836194,-0.0334551914684476,-0.134604462827128,0.422481810226078,-0.194500777708574,-0.293966166345074,0.0756225105557156
"GLYMA_17G027400","violet",-0.646759647584569,-0.535443370164458,-0.00234574900067222,-0.417504212176708,0.0336392741398868,-0.263788633781241,-0.459692495993884,-0.399249028469794,-0.640956094338974,-0.405078924170589,-0.0339655752131952,-0.0464932775314832,-0.17726573128679,-0.264323780165996,-0.0479597509551902,0.0116993547478494,0.413221884824663,0.583319858194695,0.896979263414319,0.426115643219689,0.331282071688909,-0.0824126598901648,0.161694764488729,0.293601657290722,0.556998138350623,0.504618356293064,0.281038760998146,-0.0200639635620337,0.0310810466076484,-0.0984358433368262,-0.0371126074113387,0.0313600369404027,0.102617565839902,-0.121441273422339,0.066879440512332,0.136928950212489,0.0734959689152981,0.00509090870642136,-0.286196116089933,-0.73702565531706,-0.492082732305021,0.0224021076696766,0.305694821961342,0.378705042232605,0.0180650997351386,-0.303074626772105,-0.19833770950287,-0.25208756692542,0.127351531376045,-0.277289669505573,-0.0995811384996798,-0.229551256378707,0.333170902191735,-0.0103589984574204,0.345820285755465,0.575967115570147,0.109191001784499,-0.386643222187512,-0.0292613742113928,0.110941889462181,0.0907936624521221,0.635749160087421,-0.0429520741497414,-0.182426892001466,0.237488388723505
"GLYMA_14G064900","cyan",-0.638375279386401,-0.285842275193297,0.092566058453291,-0.24812405870932,0.136225135905183,-0.285659768776535,-0.32916339567628,-0.281980495389263,-0.296012203851913,-0.235527915022162,0.0207521612613963,0.109119948678804,0.134761764697294,0.0726715994537052,0.147181460154062,0.0446722602498211,0.371688775972975,0.527569466702429,0.566722012976052,0.898237514005962,0.474660425483303,-0.183425884778092,0.132086420031058,0.2083185914974,0.295821417364234,0.41019946184968,0.0494738070133424,-0.158165352044217,0.0806659956568646,-0.157571655540559,0.0885085835137454,0.105308842577633,0.361687779698102,0.167175242828544,0.189343658722942,0.181780291552606,-0.0880813406104876,-0.0361735533489257,-0.326013349011889,-0.605037655934502,-0.584420762190897,0.191999524255775,0.248055691451195,0.322372196687482,0.0989278869139076,-0.136811173476812,0.00264405362308181,-0.218505716460106,0.313247607354201,0.148016830084243,-0.0479679743193297,-0.349544063564228,-0.0749568161720527,-0.295346093455962,0.0404032104305056,0.16793365535793,-0.0648217401796401,-0.442334677387453,-0.161362712884657,0.198671089988348,-0.139031179515468,0.302504421270743,-0.146972203701542,-0.146045107454413,0.22372011369247
"GLYMA_19G239700","violet",-0.637715407229507,-0.465559746718464,0.0624791888280995,-0.346086727581709,0.12932741014705,-0.318118920361989,-0.55572592565727,-0.544459489446269,-0.670919636674859,-0.540714311461776,0.022434238147209,-0.198299941857981,-0.156919157946016,-0.256065293250421,-0.042409211759116,0.0311182759267282,0.475708422387555,0.590251940661163,0.822834378332683,0.377428977638037,0.411359637291617,-0.251419623352454,0.221777417561168,0.182537309606549,0.392748577117148,0.352823412044192,0.162695450327454,-0.178527444648632,-0.0930065230552059,-0.173774201801528,-0.189581735334996,-0.00274917609106192,0.00606996693830344,-0.122420203561579,0.0247032213116901,0.139874969273257,0.097213838089361,-0.0637043607175957,-0.178271946940526,-0.747544318225709,-0.536592340381856,-0.0404495648379221,0.191588025125587,0.243898724074494,-0.18180669532456,-0.339303843891627,-0.290803308827002,-0.395737160340141,0.237161494489768,-0.130140779912615,-0.0171907639685813,-0.116203577859796,0.353126920642794,-0.0175908611844475,0.258435289202747,0.585018985665055,0.209443694681506,-0.432459136230762,0.0103288683326498,0.0398587622355834,0.123780999819618,0.607079677200749,-0.0168098316753814,-0.0823450060199885,0.117794085031045
"GLYMA_18G208000","violet",-0.6350946709642,-0.429605696677686,0.0311572066408588,-0.472619656747462,-0.0342269516938027,-0.298636802431133,-0.269353179350783,-0.225861431439455,-0.504018394307888,-0.273417007027347,-0.0427818021045235,0.241227935129055,-0.0610589829218683,-0.0365270054547495,-0.0182472253348177,0.0190387101118068,0.447336091133595,0.602869928190369,0.868743551729258,0.57256380220632,0.320777671683268,-0.00490678692911686,0.212458155460132,0.392505467368805,0.640761469544321,0.599901820151372,0.29707306492869,-0.00316681289339095,0.207205645229011,-0.0289467775570348,0.133194843921615,0.136570620220922,0.302178143359785,-0.045280105818178,0.105464293775022,0.0424355306980956,0.10755869968853,-0.00739203071579821,-0.48364777830551,-0.732078800398149,-0.5152568147873,0.277327270946982,0.421595183171537,0.572031520642969,0.0996624274988498,-0.19156654792265,0.0654246155620361,-0.0912017129376065,0.147214386600158,-0.192678515854378,-0.171512372356909,-0.402319625141697,0.135536812585472,-0.123018776983665,0.363065973633135,0.422773366905989,0.0907868778355166,-0.335361594460632,-0.0423415929916363,0.133487084335875,-0.0540833033719701,0.505244069675635,-0.230634800665376,-0.322096770266275,0.386150226199048
"GLYMA_08G291600","cyan",-0.634141139440151,-0.187541636016919,0.196211876912524,-0.218090718301682,0.142706979351477,-0.309063986306582,-0.248964333660955,-0.226905026948534,-0.248312027002314,-0.209735202441358,0.105549567529305,0.235646750410435,0.219998309235437,0.199533831560838,0.120093750990554,0.0364926049767369,0.390464297052815,0.60290856074461,0.599648808542212,0.863879630082265,0.473260310530122,-0.161220495561106,0.145364673274366,0.199160973936256,0.315446220076591,0.377811122350513,-0.0116574061770545,-0.230889503147769,0.103377272923291,-0.137464805666117,0.0894801015672657,0.0467408853055288,0.402201807346758,0.164735021398564,0.129544531478323,0.0807694125168791,-0.0540050485002385,-0.0657232978585663,-0.438063215701251,-0.635137167353684,-0.637642096167074,0.283558635432849,0.198441110787535,0.337726072607355,0.0196455570467439,-0.121744706332496,0.0887990525538758,-0.221345374063557,0.261847632889162,0.150572887317709,-0.102287617721875,-0.400524087354017,-0.149941302405285,-0.35949968627303,0.0528196320603971,0.110532252257255,0.0192680900773731,-0.404572377934543,-0.116156206596439,0.155277300847737,-0.197033030629172,0.250522700705683,-0.183026658052849,-0.168475872030878,0.284874695651971
"GLYMA_19G133100","cyan",-0.633411968939185,-0.261276462116637,0.156997235947468,-0.254888853167869,0.279379053756767,-0.140338295022948,-0.154086571246859,-0.252316079756276,-0.244750420242051,-0.0023276625721492,-0.111443843424539,0.249222930104027,0.222461235967729,0.169276722578973,0.10937387743864,-0.0635474537699603,0.493883135769841,0.618970108544421,0.64503601072217,0.884245335865673,0.48916088918444,0.0205523078132611,0.352605822957528,0.438797334609346,0.312603590133995,0.467867276522098,0.0596205639385807,-0.153256451584255,0.169093949865832,-0.267936148376841,0.0666613332977878,0.0724764562560235,0.471356530419278,0.0779513965404449,0.0666055592748124,0.0901927405709019,-0.0675005455481521,0.0186960977435411,-0.510697285159774,-0.723395673421344,-0.69052482480156,0.258186441936414,0.268541268567603,0.356589714810774,0.00941341648514173,-0.153982315449066,0.0725529359798503,-0.201189708855977,0.160114339305538,0.0293929096066087,-0.162745854938791,-0.509591289885381,-0.180459069300137,-0.35812702314675,0.108548456128796,0.137083996642759,-0.0796890705462789,-0.423321642096732,-0.170197060390127,0.0787441536174395,-0.386456803146521,0.117574403257077,-0.365373207452588,-0.439439532650472,0.294102792916417
"GLYMA_19G026600","cyan",-0.632679726432009,-0.559698748448322,-0.171616371460805,-0.548968520495145,-0.134947647776433,-0.509252500059148,-0.315540424172881,-0.164128579923339,-0.398644995099696,-0.320076634771316,0.0133968584383133,0.131851985384743,0.0347497514341127,-0.105390427586271,0.158084973579203,0.119240192698122,0.55972736718834,0.512441181121734,0.710299096507889,0.91595838747314,0.562907421151795,-0.0460854430217969,0.0912905982419046,0.359994773221277,0.483702112534904,0.684113338014649,0.260976624154212,0.0937188360816877,0.245782303298394,0.0941503096878907,0.237857923901539,0.265128038680571,0.512699386812521,0.269789523994135,0.376472940584301,0.352779080338149,0.0134311990062704,-0.0425568661173152,-0.320838918034524,-0.665254025133361,-0.520319871872571,0.00472273436049618,0.309315925935237,0.314402289870246,0.158763767266305,-0.293767846899218,-0.0686553568951271,-0.148332234715652,0.223785989008087,-0.101574162355518,-0.241900491473544,-0.540377042807425,-0.185355053887929,-0.24581069252776,0.0783065637055297,0.250209609489413,-0.0512674499138583,-0.535080225951892,-0.303476369783638,0.129583011095554,0.00400086531577928,0.505201597371021,-0.169027467630644,-0.247405637373996,0.138211150510223
"GLYMA_15G097100","violet",-0.63235341380071,-0.714683609052115,-0.275226710927775,-0.607581557348637,-0.113464275144355,-0.505762507913585,-0.469712179857375,-0.304110787016784,-0.586274014410815,-0.480906544125153,-0.0464521505729227,-0.149136382678019,-0.146017918689114,-0.378125244315441,0.0853001208251031,0.140834373918979,0.554385402663519,0.499464979465093,0.811518428273865,0.670420017151363,0.56464082873092,-0.096023301842427,0.113954473152367,0.349737392967242,0.437820429825063,0.661994798363777,0.325003792953888,0.160785039027514,0.130326156655438,0.0650694076997702,0.0669029282255863,0.318166253138197,0.326554009989637,0.139488901718357,0.294445148013169,0.453407935967388,0.0341112860135016,-0.117785267201438,-0.144130120166307,-0.664417003124446,-0.452537089811809,-0.180659451788899,0.282386990731035,0.272901609652738,0.0268081993911272,-0.341686835438405,-0.277794888807285,-0.292699261914055,0.146577776061862,-0.284167398278168,-0.156436726126284,-0.399071942550668,0.12618178105944,-0.0909183357299595,0.120690218824074,0.469334530003407,-0.0558659150997021,-0.586731284995333,-0.299516806562284,0.0708287247440658,0.138496018830991,0.670070830796906,-0.109666674536794,-0.199130739483574,0.0459821425895876
"GLYMA_01G230900","darkolivegreen",0.632248493675019,0.198550600129002,-0.175437327036074,0.205049879122002,-0.16939875592516,0.070014331298861,0.553895196317448,0.781107679017861,0.874047671223725,0.601206894190279,0.14044802180429,0.308283770246136,0.528365447235169,0.286416484479747,0.0909550173615272,0.12154802468317,-0.527846406958875,-0.226381098878054,-0.577041525142215,-0.0378021275546143,0.073635439536222,0.0952287268071779,-0.113499785708231,0.0432857791301447,-0.465018358043764,-0.129966640134477,-0.351700488535196,0.252621284557849,0.196645280256123,0.290348349428568,0.216173637350063,0.323072582051503,0.492554932125435,0.57723180753231,0.147326378092394,0.16721449400531,-0.0358747607881126,-0.00601145908057597,-0.0489028992284694,0.689334924984336,0.249049815706346,-0.191344690807945,-0.47281290974175,-0.401495214022275,0.00818618581605965,0.0102763489004106,0.0163968355826827,0.0895918100530616,-0.387839595404385,0.00802882115739453,-0.418672878670985,-0.365314262245327,-0.54584464425699,-0.461516981695168,-0.636867860327488,-0.851980148796531,-0.607552278094777,-0.0906126047135163,-0.572032038947899,-0.245699351343219,-0.384294834011324,-0.582228803526936,-0.23711548550318,-0.112026358469598,-0.325963313503189
"GLYMA_08G112500","pink",-0.62735269242844,-0.352101928438777,-0.109098010758584,-0.39544204184418,0.0387906719099835,-0.121422251360743,-0.468611534905538,-0.676209507554156,-0.829617388399613,-0.487211252987109,-0.303543610186395,-0.304222199998237,-0.605114798843963,-0.399032096361354,-0.0677973398246399,-0.0824998108598986,0.692615415787089,0.074426896068484,0.551469698559149,0.206523327801924,-0.000674996421427302,0.120865958000458,0.066671961543294,0.123680606036966,0.506784981050473,0.375153088943889,0.545774185318238,0.0139528695804697,-0.028161828586494,-0.209952860434821,-0.0152073383040442,-0.0935178672947173,-0.313447671251839,-0.415421596245882,0.13901267467132,0.0660574204493044,0.149066688439522,0.0727336625007576,0.141022447320365,-0.662386416329543,-0.166118890549315,0.174346077396834,0.650347385286587,0.543895640372992,0.167013191356824,0.00874014122754017,0.0908832660101973,0.0778765055385136,0.41212689387739,-0.072782335942185,0.293093795353815,0.209812239096323,0.347152273799552,0.503622655672367,0.63185200070463,0.837511796238509,0.439990031840067,0.0589007329748911,0.437073336076404,0.355328946490629,0.395449607776814,0.588649844001624,0.175319623059318,-0.0195181335385699,0.269064386414295
"GLYMA_02G190700","darkturquoise",0.626541142029235,0.19857926129922,-0.174632344891119,0.26126883413923,-0.308361929666253,0.0782489313483263,0.242193112728041,0.513093144009666,0.571484942577549,0.25109072398902,0.205881850688751,0.0216519617481229,0.128356717577402,0.00879858967189357,-0.0279618326688567,0.0711694293357469,-0.631165080870944,-0.46060305478247,-0.628977796854896,-0.419233240085153,-0.266032038265956,-0.0532845662935859,-0.447716614271264,-0.32531112554306,-0.340073465341692,-0.286353227313998,-0.16688354244119,0.203273039730315,0.00518842512501213,0.294491316458643,0.0513930131725284,0.188868462527721,-0.0216154404852655,0.197585006698075,-0.0127090824002915,0.0811043064165631,-0.0082587840610019,0.0560638922758048,0.282570886429261,0.806359687322569,0.497521460707743,-0.285643900926051,-0.428836324102111,-0.426659646955686,-0.0213276108204948,0.0323284472982871,-0.0639416888623973,0.177618220023709,-0.317361011409854,-0.0266124509244809,-0.137222315255538,0.120981579398404,-0.114242760337228,-0.0494813870664915,-0.409883673785498,-0.487059663974818,-0.301409802666196,0.165038862376988,-0.21773969208245,-0.138602560607387,0.0955793726629663,-0.270477734069863,0.0898527590939621,0.292623632185628,-0.332263833979776
"GLYMA_09G219100","mediumpurple3",-0.626480021748236,-0.496768314651362,-0.0912306219321674,-0.336050763976532,-0.130546624403943,-0.488142082089192,-0.730473634833839,-0.52578862713472,-0.729205810715273,-0.768919639474057,0.189176012938699,-0.380063992776599,-0.355880735493097,-0.410395750578408,-0.0169161072597737,0.150563198917261,0.465804945151576,0.293305030215703,0.629091435413475,0.214544052201462,0.309642673970955,-0.336840305482412,-0.269666527555035,-0.178711232498106,0.369927647062188,0.292682647892398,0.255055826617128,-0.0681188797846046,-0.152069793096717,0.0659704778015217,-0.0501676213711074,-0.0216964950878555,-0.203413209850885,-0.0183023860999433,0.295831464086865,0.22064820842317,0.182126874386619,0.00952981609654271,0.127479857221557,-0.536557997251113,-0.235635969433275,-0.109910687928862,0.296031634348272,0.305940016597292,0.0662050774796821,-0.245909715247422,-0.334010186662523,-0.28488729763549,0.446033039064856,-0.0462296370295563,0.0576221765598248,0.137296293376535,0.351109992633933,0.213759006995369,0.216262498621421,0.670191771915905,0.348171847950324,-0.325975805116119,0.0807523889124549,0.294488992586941,0.567759700705754,0.849648112547148,0.326445658860619,0.334632177555678,0.0488341729029047
"GLYMA_08G217900","violet",-0.626405342320301,-0.39295037772665,0.202218057289303,-0.213064728934287,0.268934149103379,-0.119009431869341,-0.477530321010619,-0.532658987598728,-0.600439407670726,-0.340017492504915,-0.062514300004475,-0.0813725995848813,-0.0918413512143278,-0.152636251682699,-0.0105676083611871,0.0588843231827437,0.3826059121756,0.631298387717412,0.827563659225475,0.346388213465494,0.327692934352233,-0.137590829874579,0.279790350048703,0.249139307252654,0.4053656931797,0.320051375226952,0.131531010590763,-0.209146383564214,-0.114391182732554,-0.331417870161768,-0.231910147309166,-0.098489222949966,0.000913160962931751,-0.199796507379988,-0.0493819868759852,0.0435518314942381,0.0128929834812135,-0.0563986712440223,-0.299165408359464,-0.775916411599387,-0.595107954135452,0.075150327768147,0.237709234804543,0.302428933265986,-0.0705065114205217,-0.275604901501871,-0.250857021076739,-0.347455547457671,0.207709162963763,-0.0950158236113144,-0.0160795223860403,-0.127294748954835,0.343186522967622,-0.0491877390393472,0.317151739167923,0.542877142113304,0.14322194187933,-0.359889288375176,0.0466316688023984,0.0298136194457487,-0.0630783819870614,0.457587652974487,-0.061043454457542,-0.194336075161741,0.192175783266
"GLYMA_02G085800","pink",-0.626158507501274,-0.29379482604341,0.00358070855905294,-0.32621130745377,-0.0306935274777093,-0.153059147370923,-0.478373824088141,-0.625831913281224,-0.852200884645835,-0.611534159120414,-0.108377913042396,-0.263211363430253,-0.612725394379665,-0.375044476533157,-0.0429121347272412,-0.0324471096509818,0.517612099850376,0.12015249739392,0.551913589247683,0.0758187313882557,-0.135686739154922,0.0496986109698467,-0.102233884735141,-0.054519721939457,0.557754768859174,0.255545670652404,0.491531912951193,-0.0691570550605938,-0.069943388382729,-0.0800510009669575,-0.0223997615364736,-0.175880493290379,-0.436581622905585,-0.456679674284962,0.109926295454872,-0.103083900648056,0.125754304443659,0.0791088433918146,0.0704305615853433,-0.596920697737054,-0.081397102467201,0.118873563463237,0.507961194616118,0.388543603019602,0.23018965463535,0.0255771593300596,0.038615055698399,0.0472415586410518,0.477807882138814,0.0129579409208877,0.359330617912321,0.326823518362261,0.506435923336569,0.543070649368416,0.66375788416585,0.851795494154721,0.604692415463001,0.14044177851773,0.546646516001773,0.416828284186945,0.536826178101552,0.710225975614263,0.310934749502699,0.188240417681693,0.335132088115027
"GLYMA_08G189600","salmon",-0.624055811818493,-0.439597692010016,-0.141627171378086,-0.635457903063789,-0.27757137553649,-0.373612493934246,-0.232266044385818,-0.259110337674317,-0.668443452822495,-0.402136472749196,-0.120507889432223,0.219507000431291,-0.366858344156917,-0.176323966876071,-0.0619200771989861,-0.102046546978837,0.619087105257549,0.273478279869328,0.711626252000868,0.440268751971364,0.0537680404060514,0.16804715293515,0.105278709584418,0.311420312531135,0.882362227790439,0.664396436861106,0.607061819416562,0.143918711620344,0.366867029466757,0.162355460552354,0.279004448440476,0.17881629252754,0.120211683687847,-0.188493800472503,0.240527970435869,-0.0340119986496583,0.213992324175523,0.134684831090085,-0.339975562764962,-0.688851415109757,-0.221788506447145,0.196055875317818,0.53086911658383,0.455101565987508,0.316078548020221,-0.0612661928475881,0.267872262175856,0.254546025519695,0.246683970989229,-0.18146723626972,-0.00412391771953487,-0.245343650407753,0.0897927628420939,0.217411970807109,0.586316208846917,0.597376935219303,0.367946098644158,-0.0406638266950858,0.194591611131658,0.352088660308268,0.270290265756768,0.62025297114971,-0.106486702072343,-0.220737456238181,0.495136873319651
"GLYMA_20G169300","pink",-0.623978706466603,-0.461247923356492,-0.13242622525234,-0.336764604803918,0.129238284191636,0.0351472762536566,-0.569494038090878,-0.77786721714991,-0.907569830404443,-0.492995267155001,-0.447998286272329,-0.495770861528999,-0.724091654331403,-0.573056641659489,-0.0764750291997395,0.00160890537131098,0.541065014435273,0.0102068524016251,0.536485400667229,0.0922032847150427,-0.0519062661954101,0.140532250918986,0.0962132735420697,0.140156211966485,0.430159719643638,0.332202296510049,0.58081546612927,0.0674865038331316,-0.171889138923237,-0.336806641770961,-0.101359629979375,-0.12021680699643,-0.474861826937069,-0.502152715769457,0.158843378713056,0.127108506501409,0.192840273191598,0.0412629973734144,0.2766628410208,-0.641904366183309,-0.105688620663401,0.0569664331570952,0.720591821176387,0.494317944031671,0.222484818336905,-0.0554656438689187,-0.0951849282667152,0.0526471748022562,0.54655746076732,0.0337926523781633,0.383319165540264,0.360630508167959,0.562422113972921,0.615460880894812,0.665123305453073,0.93494420388515,0.323486202417196,0.0447459592118587,0.449894020913297,0.28889938377284,0.417796913983426,0.614303626945034,0.197972600571887,0.000561311555900653,0.127274615796543
"GLYMA_12G024500","darkolivegreen",0.623324584390575,0.515859302363993,0.147984842473659,0.545012661902813,-0.0465813310621249,0.143312091998557,0.395460613266335,0.60128099101694,0.871644717488469,0.459769194926187,0.425102220468287,0.222143684627597,0.55008131273424,0.428961538177416,-0.03676918463264,-0.0606815106563343,-0.68322815913135,-0.222815207856674,-0.691543249802283,-0.298881460000967,-0.10972910494683,-0.201038423552627,-0.392463476997881,-0.407198079577675,-0.562045027920744,-0.513633166369893,-0.569540516139252,-0.115259135986587,-0.0500615950042747,0.182194566758773,0.00381230955275578,0.0615727711555357,0.156602480168674,0.315324811676437,-0.21504496710114,-0.128534936835763,-0.0965070400720502,0.134331512286592,0.0224836407305983,0.796119200393938,0.249221015779716,-0.0689557774362551,-0.661792778107624,-0.468676002504831,-0.16515215685497,0.126416461227933,0.022901874293422,-0.0366454178768473,-0.435020883692133,0.0749832808217378,-0.194764474611075,-0.0201666966578868,-0.364482346175125,-0.411112725204154,-0.647764415355793,-0.819478282529459,-0.326510791324122,0.0815221490115196,-0.284908112497247,-0.179316238832099,-0.240249316332563,-0.584323474108075,-0.00390953906188625,0.272305427800653,-0.218733312952873
"GLYMA_09G044200","pink",-0.623274575721176,-0.600754729313719,-0.250354959035842,-0.577743336521735,-0.0584714697792311,-0.12966324895226,-0.455064492359338,-0.592001664559397,-0.910768354842234,-0.502385022277273,-0.419124743240229,-0.309550357841721,-0.665157906868602,-0.560218748568099,0.028027510967676,0.0547296710694246,0.62821030435235,0.129185519677552,0.687254517250804,0.252879531212254,0.0309515723885241,0.206485991318887,0.191081070244337,0.339387229255255,0.603226387364947,0.549443599079865,0.672209905495799,0.201681118214461,0.0187605514376364,-0.106999256704136,0.0238904016472423,0.0368911916468633,-0.229769030187865,-0.372557193942671,0.256697835645037,0.160901446268461,0.142779811420534,-0.0363505370786481,0.0709872776690612,-0.705894721992035,-0.128541258152905,-0.0134248115763188,0.681549024941151,0.447588944356372,0.27007942443853,-0.112852219226231,-0.0733493864741772,0.088372934244957,0.435679388435768,-0.122880824935702,0.228773034242512,0.0923935239648855,0.452943097943906,0.516867700515267,0.669330978548211,0.894515364582167,0.304175744623187,-0.0520308678261909,0.298635225151013,0.263112295436883,0.388776256496095,0.705177747325512,0.123434122041373,-0.156826453809698,0.201177859995458
"GLYMA_04G079200","cyan",-0.622490102224455,-0.413227283379892,-0.118048703683238,-0.452626354862942,0.0071386938526001,-0.300874641013826,-0.221305461815945,-0.216805861871755,-0.372354889136858,-0.204389253854845,-0.134121782397407,0.101993487632272,0.00443901685483109,-0.0542848116864449,0.207102459953327,0.129083133170522,0.51051280047543,0.427340879340634,0.590984203350782,0.86856190069535,0.449661671946491,0.0225319742240651,0.19918800131508,0.388873488189687,0.360132803322,0.591131738199817,0.242163974954565,0.0490868709825567,0.182009563354288,-0.0437371128388024,0.239420373839206,0.210703229235037,0.421953245252725,0.157592941614807,0.30186212962981,0.271297601384047,-0.0508532374560942,-0.128635883997854,-0.29005151499871,-0.622771581233167,-0.48236728121216,0.107948706757443,0.368979156045373,0.332432567295058,0.156219055502969,-0.125632292443308,0.0522970670364518,-0.0921891585322393,0.242209409694886,-0.0172384753179171,-0.0383357863731672,-0.435139450292579,-0.13071571686986,-0.181767306968614,0.131100051392532,0.234016492052689,-0.0706270434056106,-0.406823948055991,-0.177213575152838,0.163177173622619,-0.089618906423193,0.342853936712999,-0.24820868478816,-0.283765675152277,0.176852635649045
"GLYMA_10G119100","salmon4",-0.620843353181118,-0.140319971131399,0.125827755286755,-0.371048672266501,-0.0145516758763506,-0.409447084373535,-0.178739558803481,-0.360848626089172,-0.484761513646641,-0.369896253549156,0.106196222157452,0.172473206544322,-0.0314561114868347,0.16259889160628,0.0680777644939951,-0.145862775460154,0.858347057275567,0.426756721741669,0.563375331256791,0.554213334676468,0.319285089611449,-0.0535055274858087,0.121109014145627,0.14099235353272,0.412019667372233,0.374071841187133,0.194631953162664,-0.261102936161933,0.12182741854372,0.0332800650068684,0.118284963553479,-0.042482959602182,0.204475813865971,-0.0805663597990164,0.0897572050001469,-0.111812485422177,-0.0170299986048444,-0.0317632264727775,-0.354884520115077,-0.705868183216717,-0.466527910110858,0.306314086924047,0.341171979010658,0.422096193747227,-0.0239278068238084,-0.163486894977424,0.189034662853893,-0.119651380711197,0.225677743888784,-0.0707169728040463,0.0460767705011443,-0.266676820670335,-0.231724343667054,-0.0378234003304245,0.272620156250717,0.352834811258599,0.540368601732421,-0.168270056533876,0.202509465645205,0.276407201014206,0.0954307226371578,0.324883059109668,-0.0319521081102552,-0.129899399172654,0.446677023670795
"GLYMA_13G358900","darkturquoise",0.620705402051782,0.229869177682503,-0.271362076257414,0.245045246209314,-0.278358808129364,0.249650550420881,0.200126959975169,0.293641451124891,0.333709369720344,0.154057943990838,-0.0947434687011276,-0.222733605217719,-0.276159651132427,-0.219312207370683,-0.102571924477557,0.00755551376176147,-0.541709225649566,-0.82337196514362,-0.818311938962939,-0.614820393997105,-0.570138257975528,0.145999360118754,-0.405663848077331,-0.37013514773289,-0.312450949772622,-0.366377719443243,0.0855471444804139,0.310066701547197,-0.104495699698777,0.204914020154192,0.0645181445030743,0.121367994187131,-0.40441113302102,-0.0889716049485444,0.0455951597905228,0.00286339747958246,0.0175683837367341,0.0900230463621872,0.575958453733473,0.801809428994612,0.78258174125427,-0.273883473776115,-0.144405623865326,-0.382382722823811,0.248684469539553,0.319513115541536,0.0341382169118027,0.42936946633605,-0.040490789635432,0.144488219913435,0.182853898586905,0.492027821978525,0.0733323349074517,0.401037561254265,-0.113456632864736,-0.206212383214043,-0.114914853141624,0.49093109230649,0.117106124703907,-0.00820191013920896,0.334662709769855,-0.228462972202741,0.264177272851255,0.36810294542697,-0.29683952249922
"GLYMA_05G171100","cyan",-0.620618597715509,-0.387916374810085,0.0245274229219189,-0.231714597502463,0.153526659314533,-0.374543590824419,-0.488205782963059,-0.343130759316175,-0.32461709164273,-0.323544415148265,0.0793204000465318,-0.0675863570550442,0.146634167834836,-0.0395828775360127,0.129926561474478,0.097978660379783,0.398602460000253,0.518187914985837,0.56486747813691,0.848890806911833,0.626014690073837,-0.28997227270985,0.0174583036755619,0.129177402738269,0.193759147994053,0.394918735884267,-0.00119940032239883,-0.147532663246208,0.00949273621616878,-0.163819998076464,0.00471074550880786,0.130001890542364,0.342186245765759,0.254304399407062,0.244127474503525,0.325374750669661,0.115166248299575,-0.0207163997681541,-0.165461257317684,-0.587489387504798,-0.602238265093658,0.0526654743173525,0.184450513348364,0.270338163441468,0.0538071968435928,-0.19136241527815,-0.182075719024793,-0.34204672015985,0.320476767182145,0.114595366477558,-0.0845516849402742,-0.321583196012928,-0.0921048498915701,-0.314866494703416,-0.098065578611082,0.180149207245513,-0.122631976917278,-0.585557133205294,-0.277858476092738,0.13225111396796,-0.0645807165765685,0.362888720874864,-0.159490527270817,-0.0623889463433015,0.0213344225962003
"GLYMA_20G246300","tan",-0.620218678078901,-0.265024294940179,0.100273410591412,-0.179780740282434,0.176592071347157,-0.0463949189599022,-0.434814176474945,-0.511369808756054,-0.512068235637112,-0.263078744477638,-0.176194030882314,-0.140508874260092,-0.226556677917282,-0.107009169539982,-0.0760296356340868,-0.101222983776418,0.404696167313135,0.301436070702382,0.547138300621782,0.261071866978838,0.227936777416691,-0.100765546018774,0.167772242601569,0.131398069057683,0.319450249497525,0.277490334922465,0.218052937938898,-0.121567101182044,-0.108966076734347,-0.296268666465806,-0.00138217062114118,-0.0520521593487204,-0.0929172420722921,-0.139243793352443,0.130336447580528,0.0555636304514855,0.0610408557534905,0.052830274582224,-0.0797904759703452,-0.598700482137008,-0.371889414559214,0.446998227323941,0.628521482229671,0.83689488048014,0.109493643266528,-0.0403846305122953,-0.0208512685425632,-0.109023284043861,0.493423094755471,0.174909194838889,0.0578704887849108,0.0211473501777551,0.280907833569689,0.106742546697041,0.344117389115167,0.51067843577287,0.0972431071872582,-0.187698457047881,0.158163011390383,0.0913832187658592,0.052413113935851,0.367484121402211,-0.0692083337227816,-0.10959244883821,0.222493276330505
"GLYMA_07G034900","salmon",-0.616310336596506,-0.462097547901545,-0.133988996561717,-0.61716851161751,-0.209828441746899,-0.296520467410431,-0.225835203843354,-0.268390009565755,-0.655550805450167,-0.322433496182783,-0.190190297279749,0.214931591303341,-0.348202908750912,-0.175196272387155,-0.0152445496529326,-0.047109083028428,0.620231728615287,0.291117024598269,0.734900281110684,0.435908395609346,0.0813079151007577,0.198431594759786,0.185113449690384,0.391995546034176,0.826452426274482,0.687879430875496,0.606762526437031,0.160493523272535,0.395356984284965,0.0878794327578963,0.245797882402975,0.14531336444652,0.136958147067465,-0.186948013539487,0.242047705421981,-0.00372415984756907,0.253021666988292,0.110852870167862,-0.358995952087055,-0.714006171679641,-0.259084622783593,0.194554876953298,0.552435374004631,0.461444127797879,0.260775777844409,-0.138014326983758,0.256612885904178,0.240066776056207,0.255705708019418,-0.168865106498982,-0.0670240038598097,-0.273179480885974,0.0843266264942749,0.196622160757083,0.581725022137175,0.59522792472153,0.298982797398267,-0.074706439770002,0.157106435572326,0.336183225513553,0.186836558469148,0.567122801030239,-0.167928174859643,-0.302318911774802,0.452680545869041
"GLYMA_02G266300","violet",-0.616062566896785,-0.435915717822564,0.121523465207211,-0.370609722546831,0.17339331736834,-0.325584014630951,-0.313780413090769,-0.333229662764079,-0.44862036356864,-0.243832976873958,0.0408830744115612,0.116465617591603,0.127487144510288,0.0100039867166678,0.015450736751794,-0.00973451857892583,0.609477685397763,0.76521450337128,0.901530966927455,0.595193316341671,0.584017632028382,-0.0895500661003934,0.343336785724923,0.408163175360925,0.407594266455481,0.497257382974253,0.0787813161502157,-0.167644724167608,0.0988634519272677,-0.169340857776902,-0.0349859496088122,0.0541634861805513,0.380092299958464,0.0795988054981003,0.049084316921365,0.124580944075938,0.0488352518082588,-0.0422344114989707,-0.485866868221974,-0.8237512098059,-0.727530955872677,0.128431378250672,0.216340403061139,0.391857859821731,-0.206257377803379,-0.409620520286992,-0.166217507419002,-0.391868146491041,0.0565225944980779,-0.264460386619015,-0.279766082540741,-0.484384607753485,0.0213365975301587,-0.294551522197555,0.151522111099583,0.35252897126423,0.0818165668067559,-0.539518399217889,-0.176838552548029,-0.0324995424263048,-0.205394909806425,0.382948017552878,-0.299681176737026,-0.38196738080837,0.232222393674098
"GLYMA_13G084300","midnightblue",0.615948982925949,0.28917208442352,-0.068229701963803,0.10144763016812,-0.282963537941417,-0.129922677669657,0.653866365324917,0.861739136866742,0.790406955976128,0.433746358990846,0.358303798922584,0.489711718031128,0.601477684994293,0.442458852226947,0.107577805045717,0.0386951892515063,-0.377791205771581,-0.067464924753524,-0.465874244187601,-0.0829504976023842,0.0503541626411036,-0.00298710145321899,-0.00802796647128364,0.023147566540743,-0.3544933137307,-0.1489510801191,-0.401423503820916,0.135115707586355,0.311268759291779,0.524188752142904,0.219819367535992,0.171122714262478,0.53853862233826,0.501751849221405,-0.044069903504492,-0.046791213168477,-0.145538909558632,-0.105034153172619,-0.280662708482437,0.59819193495525,0.209305948570515,-0.181433973458351,-0.640768249444171,-0.506904395633794,-0.192958584225158,-0.0710872334364709,0.0906055772320827,-0.00642784526238541,-0.610635244957974,-0.220947733090682,-0.389221882754423,-0.461675544958342,-0.630166378289716,-0.516446178644762,-0.58825713304035,-0.850165144108004,-0.279486083759284,-0.0645620970941801,-0.490087103917627,-0.265151075540962,-0.320783434460828,-0.505502277076712,-0.176423545731568,-0.103513034254958,-0.125609083952379
"GLYMA_10G046100","violet",-0.615788268727673,-0.382003824350325,0.163139808942963,-0.278291246892294,0.297588165566605,-0.0757411772340829,-0.3176624130495,-0.440562951792949,-0.50072708202964,-0.164185489625761,-0.16288174568612,0.0186631456843766,-0.0088705696490178,-0.0647158828741946,-0.0136245782883764,0.0362280515646189,0.497568719232832,0.663125333775553,0.851362996160806,0.447816136539703,0.418089337954064,0.000459965499517653,0.420270116829455,0.438332932074819,0.381135939113235,0.410450068897025,0.131734552566878,-0.152227033235937,0.00380652945163933,-0.3422744667855,-0.130422447952398,-0.0854988337055709,0.178212039583526,-0.118857169801398,-0.0306970660965284,0.0861590347373603,0.0691374814636103,-0.113838708920073,-0.3786263077154,-0.799500673815,-0.64823654313926,0.205058683307943,0.351783769665694,0.471210365430942,-0.177683158925526,-0.28468590299602,-0.128710818706522,-0.303538151732254,0.12128965833641,-0.167330050937887,-0.0728595735829698,-0.30015119302208,0.200227453482247,-0.133929127708513,0.302488593169216,0.456804741624956,0.0570421641908802,-0.395051486653748,-0.0138545561885987,-0.0379645772797913,-0.229858607333182,0.332616276562461,-0.23668093496813,-0.402101567579878,0.209574674374247
"GLYMA_18G244500","cyan",-0.61496660036852,-0.509633482705697,-0.10536928600427,-0.533368028484079,0.0202870082938163,-0.26553104292907,-0.183096105328897,-0.161623041544825,-0.389948453895641,-0.105621472171316,-0.186672562505817,0.230870275821249,0.0394073278921891,-0.0664013839407932,0.119963744416043,-0.0150627762403458,0.507632850536587,0.57312052666339,0.783806612094087,0.88332851013014,0.457430779573092,0.0980992403094837,0.342225307463796,0.575324685802699,0.542677578572537,0.705074638098669,0.299478883546446,0.115360719492727,0.29133553864946,-0.0552513827286458,0.201619359012289,0.240520017894281,0.524147487504602,0.0934654276400452,0.182781812167739,0.233166525435652,-0.0397607983303171,-0.0114716270565128,-0.471933153667319,-0.731859661125008,-0.570226680247075,0.111016177986707,0.350406059262119,0.366050624055227,0.100759662970457,-0.207744660392976,0.0470285871410971,-0.0904128306722906,0.0673921415698742,-0.207093858314885,-0.245134129616177,-0.597792121861974,-0.0700201704759721,-0.248113668867505,0.217197846227708,0.271759705850819,-0.1397473250048,-0.456682767986775,-0.259595887534786,0.0832748343155363,-0.221713506476824,0.36234405628106,-0.340259234625896,-0.497404903279634,0.283076094748864
"GLYMA_04G098900","darkolivegreen",0.614884775793949,0.448012425945324,0.26703660169979,0.472602704017726,0.129721145236461,0.178942037587356,0.512744770901348,0.564224219271355,0.827905943853224,0.576039445028463,0.275695168091785,0.386722963104163,0.667710995063276,0.519119419560247,-0.0699698332030184,-0.049266667181877,-0.478409000248398,0.00605006630342968,-0.488825367880292,-0.178729882015339,0.0206254909831502,-0.0292939408220327,0.0717203935557105,-0.0818838855199548,-0.472754978769468,-0.431166652067634,-0.606196306586401,-0.15391970614583,0.0651506316599352,0.0361327319151115,-0.0840546962730212,-0.178422522329977,0.307136092064062,0.319926671132598,-0.280056919491241,-0.180064573267779,-0.140022425615483,-0.0858653645491573,-0.250546762274161,0.508556476859754,0.0136596168630736,-0.0479298842214887,-0.648081730880178,-0.449116405384969,-0.322302544441045,-0.0260937551291197,-0.0104361051444699,-0.113398308234896,-0.511375716284648,-0.0368591249732992,-0.379648005571907,-0.242323592862207,-0.472628223712306,-0.524715786215511,-0.554400693484856,-0.793747049860748,-0.275336857252476,-0.00244260046243267,-0.335191202888765,-0.472023937062282,-0.534972576941375,-0.720150475918573,-0.293366309494353,-0.130252941659249,-0.190985367292234
"GLYMA_10G057000","darkolivegreen",0.614805414101621,0.404913171536338,-0.0328206465359761,0.251913620628343,-0.110196835810139,0.259440560627232,0.687988168642051,0.691131451907599,0.812013786576314,0.709025512276577,0.0229621431044231,0.45342574189077,0.433819176012232,0.425674741756836,0.0461730463676709,0.0163503694095158,-0.44612625520026,-0.287688154956833,-0.605949312202767,-0.157771301398902,-0.172752548963519,0.239133262478709,0.00782678116495613,0.0870451474539908,-0.324049913389269,-0.181049105047796,-0.258555121900297,0.146155152060383,0.218327879224649,0.188238652013759,0.240511980035541,0.13515231534982,0.360665550776375,0.308244404419605,-0.0160398546989925,-0.101498816158889,-0.0290050736510529,-0.0275301390043866,-0.144547342429542,0.607747225396804,0.261740991591637,0.0383053422933358,-0.340825615704134,-0.306221353369527,-0.0265569034949008,0.102095387375442,0.304719729325701,0.290284086769905,-0.413786957256409,0.00278743824888327,-0.309201438526479,-0.271871945737022,-0.54039434215685,-0.319836555843732,-0.377751929102166,-0.76859661409907,-0.371067983044222,0.193367270914607,-0.252474631488746,-0.224495827993628,-0.427575416418033,-0.698105908318372,-0.279842811520333,-0.206202805948807,-0.12758534667984
"GLYMA_04G228100","midnightblue",0.612453081394265,0.109133940941838,-0.253169990621188,-0.00414816774046364,-0.299146006145979,-0.0569799525523476,0.648448805008385,0.839377897431393,0.716152806820555,0.488766445895215,0.175200789027534,0.337675593487011,0.464757745592123,0.248863063078461,0.145778105515238,0.0241231575695421,-0.34101348890062,-0.163956139489141,-0.439004349406026,-0.0997316914313249,0.07556646124863,0.147141290619464,0.0200090417685713,0.167369635105666,-0.393536926245948,-0.0209292400028696,-0.251753477485559,0.322527153999614,0.328279193210315,0.506010532683663,0.213401194243114,0.311838684062518,0.535748435814531,0.46870307297813,0.0458978289852015,0.121160819312996,-0.0519451185322223,-0.0198773353471383,-0.155187122603059,0.59747377531805,0.282125274439881,-0.284720020602983,-0.497318075714145,-0.455477248905031,-0.148234321280771,-0.144781981256149,-0.0051138086264024,0.0284797092963565,-0.588185638089567,-0.288592388871616,-0.337535386075432,-0.468357137457302,-0.55940582220622,-0.409771306458025,-0.558668993475564,-0.762104353277062,-0.434794506135568,-0.111548561263829,-0.559190440637903,-0.251075528955479,-0.295833701426843,-0.458160686619714,-0.175428216365688,-0.186331410307302,-0.221629409130546
"GLYMA_05G205300","darkturquoise",0.611915575466249,0.356491191471794,-0.193053774695656,0.235275390246723,-0.311392207660665,0.174546428849684,0.324312951122956,0.390188120725527,0.348703041268159,0.0712638776695786,0.0347281882873249,-0.144822918554699,-0.226224139268174,-0.0963108334848044,-0.047838979378563,0.0217443144830997,-0.542423550453672,-0.752929576601367,-0.802228973517442,-0.703814667327109,-0.606453610122864,0.104267890108504,-0.308246433409469,-0.408034072977774,-0.351946555085829,-0.469771082675474,-0.029737953079039,0.236614553979156,-0.0506130117208568,0.337830994428803,0.0441320239131978,-0.0571486297999828,-0.424315634137275,-0.0628318855713367,-0.0137880933425472,-0.146459725694296,-0.0354033601903749,0.0277491944858423,0.470004071385627,0.829968292334759,0.81494641118619,-0.179655763858667,-0.23285977191447,-0.349639467143851,0.111469034225879,0.291665415153063,0.100963150834575,0.332811200071169,-0.0648957561024677,0.133543599821187,0.207947175682936,0.498234998155673,0.0918340723090637,0.380413034333748,-0.0930204860775999,-0.239363607324278,0.0447085823217449,0.543328115752732,0.183379766371685,-0.00618663370877637,0.354541756468117,-0.222396463444725,0.287694531162321,0.406941554889086,-0.204828214361396
"GLYMA_10G296600","tan",-0.611570250238178,-0.301977404414406,0.0925779808375842,-0.269194143446174,0.2134476161361,-0.0207614898832243,-0.353099137067534,-0.5250208416167,-0.587758521161541,-0.239446686671642,-0.248225828795379,-0.112968667031209,-0.230006254911135,-0.116850721033596,0.0816811968697475,0.0954720069389507,0.492011001178659,0.417246534803133,0.682746027192335,0.31330212144047,0.243089639779703,0.00705327021984493,0.309573090564277,0.298101038394766,0.355938278728334,0.361634483381427,0.255900258521215,-0.115954065383543,-0.099393544605902,-0.322794986770743,-0.0509611552316849,-0.0500608594907795,-0.0310584567080149,-0.227805880944846,0.0257950398160962,0.0566023876703203,0.10514437085298,-0.111678182704093,-0.149576654008273,-0.705454652336954,-0.4517723410662,0.443733622255083,0.632116302325738,0.846857657950302,0.0249280219643799,-0.128935225166551,-0.0118548537492868,-0.157619521650456,0.294141789247795,-0.0367648035706108,0.0553293506212218,-0.0676258236353558,0.276033754068796,0.102371657295773,0.43233750892646,0.560032596391417,0.155465171105122,-0.202661359903225,0.191691751808712,0.00357226038194095,-0.0260139607043856,0.377714592917204,-0.093128658781549,-0.260049615783993,0.166818806038982
"GLYMA_12G034400","tan",-0.611280614995091,-0.251628811431068,0.0847034397392855,-0.283897276161328,0.144053500197133,-0.0198339504406277,-0.312751950896858,-0.463979361402774,-0.557830839542104,-0.213408213135946,-0.253598716380837,-0.0226899938938445,-0.258018334290147,-0.0763984276727147,-0.00279892619218835,0.022345057557523,0.472267251337881,0.3555236411992,0.634577228718054,0.299516581974799,0.156836348823523,0.0250953056366949,0.257005419318195,0.275686714225328,0.427522502231191,0.375124926008628,0.308139491824937,-0.0810205130318564,-0.00806725125489388,-0.264295845432584,0.0311191953942113,-0.0152029158507738,-0.0323595906191387,-0.231962954626693,0.0471479126419191,-0.00534564077333795,0.0625189701270494,-0.0539824227791698,-0.181901756378256,-0.668151745413668,-0.38041471817514,0.508468390137353,0.694877436772606,0.875033974526397,0.0843157031846935,-0.0473300713724447,0.119587502279515,-0.031526813679851,0.325015936300053,-0.00867741411053759,0.0969990419924961,-0.058529508014759,0.287653231848328,0.133524295301375,0.480918696496647,0.547714916193297,0.166147103256274,-0.117048423751431,0.230044719098449,0.105976103721737,0.00150180702220878,0.374467983095722,-0.118583428050043,-0.24169322065833,0.283088587649567
"GLYMA_03G016500","cyan",-0.611233778209109,-0.363355429553421,0.0325167866137028,-0.331458560785184,0.171993431114397,-0.312190396605351,-0.266287469000676,-0.24535571455987,-0.260705426087234,-0.134252492779818,-0.0210042558879693,0.130183702011524,0.233560665900961,0.0769628962514611,0.0720155784491506,-0.0530125844167665,0.499675776358506,0.632466818082604,0.676045192302673,0.901115538436699,0.635722683440665,-0.141881820334506,0.27094679754222,0.389417699759669,0.262031831571399,0.510673999699207,0.0366338796371481,-0.123367170201842,0.101775046913942,-0.169312650351545,0.0462621593363928,0.285146442193449,0.532859206346713,0.187401947827614,0.117726483099409,0.237868658083389,-0.0512078769293144,0.019760003790496,-0.41043461022055,-0.678387318690601,-0.698588702895626,0.138710099084959,0.209223949469846,0.316403419544305,-0.0127337589644114,-0.212979862736264,-0.0635865174300039,-0.305974548102115,0.108447073178269,-0.0542848223970984,-0.167481074271606,-0.548840688846095,-0.177187026736742,-0.419811828555285,-0.0381886897654739,0.11521359211239,-0.167259322691452,-0.589614962577064,-0.310445723452399,0.1140111904258,-0.292248770681111,0.222289697089142,-0.298340175473308,-0.343647498765469,0.217015603551963
"GLYMA_09G062200","turquoise",-0.609764914540445,-0.730433873960154,-0.314769832081405,-0.667969058662568,-0.105930836449101,-0.402354078769287,-0.29723096133672,-0.199838724254366,-0.498532125407358,-0.23098179938026,-0.192569170628059,0.0406598537267842,-0.0669734151858795,-0.267612152697931,0.106830623833981,0.0814252180718115,0.629891863705361,0.490226887438623,0.808097132384043,0.754539658323592,0.583782872317444,0.0973875339396733,0.269011493909501,0.587197526686099,0.47309080680898,0.825241692079958,0.401173608145119,0.249054903084703,0.300318997238852,0.0372962353268361,0.215366000977254,0.335576627339294,0.517915284775555,0.16581643368373,0.347657534444005,0.470708114889251,0.113414808935868,-0.0114757974360107,-0.290860538020139,-0.727819733050593,-0.512942116961582,-0.127860017832941,0.399555741193231,0.307526852146686,0.0718446419019091,-0.456697684431855,-0.151917556538504,-0.146560062337648,0.0759247357000769,-0.355153184766052,-0.258333888961088,-0.60536881481604,-0.12646747726468,-0.173772020852424,0.133474389805276,0.356912918526813,-0.163820499157629,-0.598887365227162,-0.363745705435955,0.0676827265052649,-0.0580299636268125,0.503594314426556,-0.269218251004075,-0.453740196210286,0.0780725502994993
"GLYMA_01G193700","midnightblue",0.608591901253852,0.29114606695841,-0.194023351256934,-0.0344809596063973,-0.338331205851202,0.0586340602226207,0.832083537813697,0.873540253241689,0.758307839911824,0.626465489691519,0.0340070780914213,0.604469893648781,0.407475353290223,0.394204406519731,0.10606553946114,-0.0585466438140874,-0.340643916464313,-0.253427946821642,-0.508826835344012,-0.0169335466045695,-0.171977965758229,0.352387895008369,0.0702931311745404,0.241389601113848,-0.143467632277601,0.0209345217446964,-0.117669971476462,0.324993925491156,0.467573338931861,0.47166414132662,0.400613777999193,0.294585352042326,0.54581957126842,0.365969988396749,0.0509087810931151,-0.0942798424669591,-0.098680375298973,-0.0193646267777459,-0.288244434311302,0.572804049649168,0.336445128977977,-0.0188101795741731,-0.345724492447215,-0.34612678002602,0.0712800287529594,0.15692983243196,0.398593671088969,0.37803848917758,-0.518417383342423,-0.141167851067008,-0.369520614028383,-0.479006770318586,-0.601140873690776,-0.321570844894441,-0.309227261620734,-0.770537827866065,-0.331181083395811,0.183963601378815,-0.333610448230051,-0.179645707539298,-0.370150344337906,-0.582575993376115,-0.303281441767987,-0.319595166221436,0.0113600816438171
"GLYMA_13G009100","pink",-0.608031088925848,-0.21181678042271,0.0110098718330295,-0.321430694392743,0.0451953072505084,-0.13204812232014,-0.44273858076185,-0.641124446315793,-0.788249585882682,-0.560613230636548,-0.200498114942778,-0.2528401465283,-0.575806958125136,-0.313830653822772,-0.0710819704825727,-0.176337041940858,0.601859235548398,0.0736196368241873,0.470087271734972,0.213243381331937,-0.12481055630772,0.0201555479612486,-0.0432988320072226,-0.0292144533239377,0.501413333378826,0.231358277414097,0.474673371512839,-0.0826809708275093,-0.0458830136484152,-0.146803550064257,-0.0360948261331467,-0.0807115806088243,-0.392182724097013,-0.463548828367548,0.0469600411844893,-0.137189327429708,-0.0018759584293217,0.0828481504000981,0.0686991576114339,-0.580780898579256,-0.0837957442054551,0.235837357476505,0.572494961881921,0.45861170125384,0.257286710789123,0.204619663860653,0.149428517344385,0.0818641084194371,0.501785051420502,0.1130646849305,0.385159691295897,0.301881804573731,0.459147145372146,0.516448056256883,0.64194112004171,0.809683393145782,0.54146567992781,0.16353239466526,0.537119457162752,0.474626472131158,0.438048431211877,0.576843524242301,0.254281911194612,0.11740302982662,0.439115942989895
"GLYMA_05G248800","midnightblue",0.607693670909731,0.32101642276178,-0.0546623359897428,0.107803924050042,-0.383294776982737,-0.0481371806951776,0.634728282944414,0.853395567214664,0.705469314421853,0.412157995897469,0.327188593553848,0.537391848733614,0.391823937407976,0.389414040082858,-0.0841941111563065,-0.0712548144440063,-0.46447854477807,-0.2130370949623,-0.457572778950123,-0.227360847764584,-0.215689118096031,0.0972954087047296,-0.185241904101875,-0.074185347008697,-0.137790421591789,-0.141333000663201,-0.214359172397889,0.194136684182656,0.274542601957157,0.532189267521413,0.30376091871377,0.23826395321475,0.34267898520003,0.319475352232527,-0.0489285871950225,-0.187877277501508,-0.0413028411933793,0.106949569253995,-0.252631768680552,0.651943984739836,0.380883921013563,-0.0495317953976134,-0.46408696053101,-0.349685069785869,-0.0134710746367411,0.0393973157897921,0.216754611321817,0.236263892508201,-0.524001807415598,-0.169422140878392,-0.302763272989921,-0.274356911251998,-0.425336226858312,-0.290531331577383,-0.360820409096514,-0.686892456066582,-0.186407015089182,0.169847747606516,-0.281611314744751,-0.0387313539620646,-0.148907398094069,-0.3917368580963,-0.108675291962816,0.0187811579281735,0.0629563073597873
"GLYMA_09G272400","royalblue",0.607191375089512,0.0466203308052632,-0.417525916813324,0.0902578192505446,-0.257711378108045,0.229036564481413,0.205717051101682,0.261478300614399,0.174591143407413,0.100579748502679,-0.249780326220934,-0.349909395312769,-0.409895389899255,-0.41396848935356,-0.0559899519999677,0.151169343273022,-0.410888615545663,-0.825533979371842,-0.711359033800224,-0.576558411583712,-0.516008999720267,0.325988678426865,-0.272065080774638,-0.203821410939307,-0.249525260115756,-0.264115616536435,0.179403847246211,0.479738600562062,-0.0715396553847951,0.219320212826516,0.0552889888645078,-0.0392973763461375,-0.414797595867069,-0.0779672716175548,0.139201923258847,0.147121655600397,0.0933300210982482,-0.0584327560431703,0.680906643306697,0.695779887205813,0.815060127154578,-0.38758158192368,-0.0424341253533334,-0.335699064660378,0.248700455358701,0.27094088033953,-0.0462995988164469,0.394432647085115,-0.0594405204774923,-0.00690011610941859,0.213121719241046,0.476790979616272,0.137218668673247,0.523167134226039,0.00312518738627256,-0.0575387078453044,-0.109471931599603,0.459815853225506,0.102419616293396,-0.0526263208548254,0.381777563055314,-0.110507012988451,0.273751240539775,0.25845195200039,-0.409640706784872
"GLYMA_11G142900","turquoise",-0.606176049303848,-0.741909186531189,-0.342950872582827,-0.670089586712877,-0.246019264417809,-0.546619989866757,-0.389233341349282,-0.164470075906437,-0.506127460038498,-0.368382493401378,-0.041583913424817,0.0268854959829836,-0.0968049797840676,-0.287930105149387,-0.00267207909579735,0.0904854813120513,0.587530070182135,0.442765687000925,0.779557476072804,0.747199163802978,0.580953861450018,-0.0229508454066813,0.0850459987219831,0.421856383390267,0.519558671099163,0.813335344271349,0.398198304802583,0.253789047074823,0.253278003551918,0.167019522805057,0.316148008555474,0.327379339321363,0.483697892114783,0.284396207318766,0.482341733624465,0.49733639002641,0.152455097250166,0.0232569669809205,-0.244619533332262,-0.66653954078158,-0.44821549708516,-0.133213785390039,0.409051410090022,0.339258214121291,0.16805283511047,-0.413394237425158,-0.17603362805661,-0.132795186834884,0.169339910751744,-0.321654752144108,-0.287842501090928,-0.553308890272806,-0.130083074510829,-0.158230053200101,0.086469346950061,0.364344966405322,-0.120203311201592,-0.609881383807651,-0.383880097244416,0.104575048345978,0.110309804166193,0.632196022078855,-0.182862024271627,-0.276943596892958,0.0797553698962831
"GLYMA_03G171100","lightsteelblue1",0.604487424405281,0.404894494657039,0.123923520531993,0.48846667387987,0.337323365421041,0.621025654793001,0.512519779730466,0.399170808368874,0.747644932120461,0.815111819222331,-0.181993216670611,0.139000605017761,0.409169374667939,0.292636881914106,-0.0337074355686583,-0.0902048957495312,-0.612167004201803,-0.203580878719518,-0.561210013101971,-0.320613931314886,-0.164062748828863,0.149201604772126,0.2587419622244,0.13851167918372,-0.559076943570932,-0.409025197319005,-0.406707441729863,0.0147942857525833,-0.019283007046714,-0.248458768093081,-0.190664329781694,0.0105742200484038,0.109986308249144,0.0395271003851627,-0.352560209046669,-0.146067375668233,-0.0819852011317098,-0.0102615155474588,-0.04315118728175,0.551317849159183,0.148741742928819,0.00597069108118153,-0.414814012666889,-0.31968744783035,-0.219843581640953,0.135206510326183,0.0428899755864337,0.0237951211219422,-0.355081739967879,0.138848074219476,-0.165015351816559,-0.0594593902704953,-0.134561769325254,-0.288144534393885,-0.365800149519577,-0.635532608985711,-0.568674185094642,0.123896738220614,-0.23385924160021,-0.401064440672027,-0.637256592563988,-0.832012971118678,-0.373486995623168,-0.288642770242489,-0.251057220521737
"GLYMA_06G231500","lavenderblush3",0.604061565267335,0.387062240817761,-0.0905263909032614,0.0699657725949928,-0.0871664033730572,0.503374125661935,0.862597842425428,0.595104951530696,0.532757595922954,0.755523351180734,-0.353377506161035,0.467434524189403,0.060316334397327,0.262588910776669,0.0180381784031198,-0.201252471618545,-0.338612211517454,-0.425051738023072,-0.511994002997045,-0.250081786702616,-0.554809727753666,0.618275167716571,0.300880974259749,0.345022714516885,-0.0514274180516752,-0.0854284917647462,0.0935989550005236,0.311200832933684,0.258608842734672,0.120871428475918,0.298055174493905,0.118596857998236,0.141220056901633,-0.138099501241461,-0.207401165611867,-0.332910101844673,-0.146834251469204,0.0668127285053273,-0.189897256752415,0.473363766951471,0.450262257499795,0.181106172774027,-0.0497072218914641,-0.112593714139941,0.178838156052863,0.368494626415646,0.526794883144659,0.577661586001592,-0.466138206086095,-0.127850742158744,-0.0857842459867807,-0.135639826100575,-0.210004424067793,0.070718056787509,0.133891082693669,-0.436460749775299,-0.189831302552458,0.553681632982434,0.0817859762688816,-0.157621452675711,-0.378696516047945,-0.667048954306849,-0.323611958700805,-0.450860022850479,0.151932030040664
"GLYMA_18G158300","pink",-0.602725451126597,-0.263657931568602,-0.0418859105423346,-0.366613391681362,0.0574045697257312,-0.0830950882063537,-0.379756594340124,-0.679883606420905,-0.869460209944564,-0.551681324784894,-0.304567568453275,-0.322430061331995,-0.661967374975424,-0.394303247833129,0.0120673578859385,-0.0680886342420192,0.660250799249566,0.0419372737584909,0.49834410174629,0.0763587518270403,-0.142431265727348,0.163713575632727,0.114175713936642,0.0852980260834588,0.45394023522801,0.264426735239834,0.540265018958414,-0.0295097743148159,-0.0880016674438623,-0.179014920838616,-0.0927382141467065,-0.138475471527829,-0.441137234811433,-0.563324461947546,0.0220776086835287,-0.0719464070097707,0.133406028096967,0.0280947643556237,0.145911428522005,-0.61826066939816,-0.0663366555327781,0.156363077753761,0.592383214901773,0.45414402429222,0.128190925392082,0.038579535205936,0.0756775712965087,0.0671800935771051,0.395222709647883,-0.0382266209023942,0.410304094089448,0.325156750727262,0.441905006981107,0.608164516375818,0.708526049768779,0.870063664075566,0.599387070439269,0.187027953238826,0.580835952849647,0.353126144561717,0.441670224127142,0.561053024036423,0.209499991785843,0.011817687667978,0.304704968791989
"GLYMA_09G219500","tan",-0.602170246035912,-0.289572530110634,-0.0031500969443375,-0.302989614143066,0.0642264844709629,-0.102912753641004,-0.361749301807607,-0.448143860570601,-0.542562877923911,-0.277604968713252,-0.203700620026615,-0.0989666090467993,-0.289181564884262,-0.146050364838221,0.0805649987847524,0.0421361544439421,0.452541925566679,0.267828469821853,0.554087014889593,0.290781869320529,0.178020473532963,0.00331382148744505,0.127471828638325,0.186446360421491,0.390340717399666,0.373760796145132,0.322705222584328,-0.0235704293132124,-0.00484974678578164,-0.186491077287778,0.0372491587753666,0.0651440300884172,-0.0486648793538603,-0.138332906852501,0.171980082117177,0.0947726960837297,0.105782582260236,0.0267902019172873,-0.0654230209920233,-0.579771577943914,-0.29648107735922,0.433218531262434,0.646951452841428,0.834486364563406,0.142626684528408,-0.030359579652283,0.0742862356408636,-0.0176286458847702,0.392461781339698,0.0489299394505674,0.0986999285285738,-0.0197040214648521,0.246848935716196,0.167858385064271,0.416632226920056,0.533920374182471,0.141548048599769,-0.129624326223509,0.174845153801063,0.163622487220564,0.122821040513789,0.434225258743759,-0.0858495181037176,-0.129880594713167,0.201647209395779
"GLYMA_05G157800","lightgreen",0.601961189155497,0.365143898127031,-0.215007142273335,0.0783322743077519,-0.140536176346322,0.513698327251197,0.603565829034398,0.281594242154076,0.201810206821807,0.362746553861749,-0.471293722534033,-0.0136152391786275,-0.41534567551332,-0.114118246259406,0.0635512010121949,0.0086101682203618,-0.287802520032817,-0.790667213215796,-0.696439833458615,-0.586384817403731,-0.808736382107517,0.593804540247109,0.110980922524359,0.0495589320302664,-0.121107006218333,-0.282926665912226,0.266597353085368,0.357769606681893,0.0748710271132677,0.102464998481449,0.109447788930727,-0.104212609023607,-0.412775605431322,-0.35584711449022,-0.0942126288351003,-0.2764770146488,-0.045927991288786,-0.0885093160261605,0.345436583321249,0.587906148136835,0.797980869953842,0.0335484614979178,0.0939732905378,-0.149559181812259,0.225167615862984,0.468788245620495,0.421666937669639,0.642518693773601,-0.129318165756768,0.0618707936961128,0.320804564342378,0.429256422445502,0.124020897057801,0.597213390038483,0.350526214899267,-0.0491595810564233,0.109124220190917,0.817285468791022,0.447969657422986,0.0302188184563353,0.122310906946253,-0.404982926538919,0.100614129260364,-0.0571383161575384,-0.0178717534846604
"GLYMA_20G190800","turquoise",-0.601841285399727,-0.813948033938413,-0.468514014174752,-0.733923651226702,-0.203265632563138,-0.44380998946607,-0.39686251890521,-0.294747491294019,-0.633930861433574,-0.387459336752794,-0.250552810214372,-0.194910176467337,-0.29321099831757,-0.488090182135565,0.228684448692709,0.20382441409593,0.675993995819528,0.308791838236145,0.731003480399501,0.653385810507584,0.515309826393453,0.111418015303258,0.169946654402071,0.493518771201271,0.450751929391774,0.808059763428551,0.524284171369319,0.350125539971493,0.244414270929058,0.10015926396392,0.19597316397006,0.333891852063628,0.340119342016985,0.142842229678768,0.479051899447857,0.591404897394244,0.0400316108314992,-0.129839719089141,-0.0319010360225256,-0.657954967490611,-0.334463663961375,-0.224224506687615,0.472926724654341,0.338951992989782,0.119648506793865,-0.420797655067092,-0.21945053404393,-0.113484524730953,0.228267547841766,-0.292391526897643,-0.103421619331115,-0.416578056294597,0.0116579713630635,0.0513979293749379,0.200509372247582,0.516217874630459,-0.0933280002013819,-0.522410656036948,-0.281243788990444,0.143151813310383,0.188902430092646,0.66133912207605,-0.0405559772035597,-0.295491711058647,-0.0162863803924726
"GLYMA_12G203700","cyan",-0.60076299533342,-0.417256769258236,-0.00253277597620477,-0.406417883595046,-0.0140132599253714,-0.524870544356989,-0.271423173411156,-0.125986820083199,-0.250545084536823,-0.265582683557609,0.183920421664475,0.205193398481029,0.29112675283161,0.0974832901797669,0.191322695360346,0.0815261385449063,0.508493483889735,0.692207237590501,0.701110124825502,0.919989862111306,0.698102534427555,-0.213940092140994,0.162748926645236,0.306306175169636,0.30758608747989,0.550024839781275,0.00282775205114773,-0.105092994113525,0.1718858679103,0.0484854151712426,0.181590386387167,0.190481433620643,0.616801466045539,0.372821934050936,0.243780033896597,0.301377454761106,-0.174068542558667,-0.0747542273665134,-0.462128346149758,-0.650424608681303,-0.685489714472756,0.0321000420406363,0.0980157790844312,0.227517562489289,-0.0490973029424291,-0.328644245507685,-0.114254791946197,-0.351463376480064,0.0868914608732159,-0.143531946470384,-0.283026717955797,-0.630062166301014,-0.270711555355259,-0.483372851118643,-0.116905680230918,0.0686665013238936,-0.0634939306293081,-0.657254325293133,-0.391628029363048,0.0599803668925126,-0.171021103792834,0.361897760553359,-0.206375284021214,-0.245625293643178,0.16766476773068
"GLYMA_09G062000","cyan",-0.59992156501171,-0.51334868680885,-0.100973194865503,-0.521197583919837,-0.0299141228856772,-0.391106946591498,-0.215483544470529,-0.137655416893522,-0.369119710548376,-0.214886540359043,-0.0361672674759455,0.18393727919919,0.0943032010476313,-0.0588266596919801,0.168069402577734,0.0383251226323211,0.499104645059743,0.619439655390525,0.786801962857196,0.890296767153865,0.548366961512727,-9.48677876621085e-05,0.2543936542246,0.47893044834968,0.456908647832478,0.665226928835623,0.213714861861645,0.0618847115053083,0.248921832082381,0.0213906866028131,0.171377447664856,0.268934652186284,0.548165881155615,0.214587384909136,0.247647190122038,0.290972627053257,-0.0632182780319018,-0.0434445219226007,-0.448764370607642,-0.696632524811198,-0.58469056166837,0.0279106279630973,0.23342717189946,0.28326862413922,0.0364055453902957,-0.32459242435342,-0.0718467497958108,-0.207794460686082,0.0741045611984249,-0.210557137720687,-0.247372520464171,-0.60104349666747,-0.092649231284063,-0.309441458232146,0.0973869149037214,0.224451678563072,-0.112643263655012,-0.54248853830089,-0.315212666338661,0.0970494357586445,-0.15499696550869,0.421112196690438,-0.244709135968353,-0.377901844407982,0.222031853932614
"GLYMA_13G247300","midnightblue",0.599797056160558,0.144391089009998,-0.242385140714021,-0.0392605825685373,-0.487384030816187,-0.189788223868686,0.619867966770616,0.938317556767811,0.734157552421374,0.378703635632329,0.301585868158489,0.485426841935856,0.440614394228897,0.294489816109404,0.0130074493245168,0.0366623105309589,-0.433462469095481,-0.197710834255009,-0.452373115146805,-0.072792590699946,-0.0264942881759874,0.0768740782143433,-0.151732674747537,0.0353664286060262,-0.211189296146984,0.00939553041769462,-0.200449093020693,0.337231333744525,0.410852583763685,0.654387218801109,0.356776988654655,0.358106907352773,0.531655534094922,0.548575518662473,0.164775486315913,0.0523747118624509,-0.0486898485515919,0.0182657360893805,-0.222523578083323,0.654266005952841,0.361059740448815,-0.216622155109277,-0.462862469056657,-0.436889220554949,0.0346082974425607,-0.0361098433055726,0.120502214933099,0.183116185323515,-0.508563020268374,-0.219867577767241,-0.412062693944578,-0.453934489619249,-0.546988287371994,-0.398020447182692,-0.513164738499625,-0.765511403113227,-0.361006118415803,-0.0349547399918608,-0.522388313106609,-0.161983581701437,-0.161650741436546,-0.341879669869575,-0.122949904952081,-0.0539524563879978,-0.112305429551005
"GLYMA_11G041600","midnightblue",0.599284470237379,0.270864641530465,-0.100917034809898,-0.0648602170156081,-0.374233420797512,-0.136327555392255,0.772255006537224,0.841640634257083,0.668491831891112,0.430686272883707,0.20960930592085,0.606504810047133,0.447959796815136,0.437864897438044,0.0552966694712948,-0.0189247971919351,-0.182813060139484,-0.110524053867442,-0.376081270922918,-0.0866781987404378,-0.0642341630427144,0.191893475001013,0.187193614851271,0.197510886399802,-0.153460311674734,-0.0166716352874825,-0.193335328990714,0.199355877951354,0.381692734474174,0.544298282304281,0.315837656903122,0.223023425541975,0.533119102629462,0.385104589769544,-0.0201617738959712,-0.129939042195354,-0.159205307022954,-0.148518620567251,-0.378962024703143,0.481607812105744,0.245816313460792,-0.0716518280878985,-0.457209249531415,-0.359566365586139,-0.117608392107974,-0.0767176349314474,0.250837270094382,0.177163182225188,-0.601556148733181,-0.284582538166078,-0.401653949165817,-0.495868631932309,-0.626160924965166,-0.371734557006292,-0.349265446189418,-0.708866545189501,-0.129760283043633,0.0804611565153658,-0.347875076101295,-0.263188764815786,-0.309185470777385,-0.491562028485634,-0.240168695096907,-0.291950056520125,0.0345124122075625
"GLYMA_08G056300","turquoise",-0.599220351972432,-0.755278069286947,-0.437215943743007,-0.741339128532001,-0.248901975016923,-0.430745258317275,-0.310143726552112,-0.202316392154371,-0.60797825269369,-0.369994790400841,-0.242098208488389,-0.0599889034470198,-0.293402054755938,-0.428321659488801,0.153312164636762,0.149124980587549,0.564773505840473,0.294559301328012,0.715011546371871,0.735825574130478,0.402123757648816,0.163733361667059,0.164469352593375,0.505849925987428,0.545140683848854,0.825927890193136,0.556183014214075,0.377015258432161,0.260098755138052,0.158588134886203,0.281671203322779,0.35794743960509,0.359707054488151,0.137476084446134,0.495678471775895,0.513950299021446,0.0923406775049308,-0.0112228154063929,-0.125926284545772,-0.639285608985888,-0.287921061994582,-0.18017937270597,0.471831302295455,0.289949016779278,0.275704962452608,-0.271698337997933,-0.108067960636208,0.0104069902606026,0.202296714844259,-0.275466650002681,-0.106358925893556,-0.428886803046678,0.00365994771244134,0.0537418090003274,0.266991967546173,0.475714377770629,-0.0867055310149088,-0.44080588600123,-0.24150327924813,0.247884113302197,0.186655219354302,0.664100003287227,-0.0395214731150049,-0.28825698018527,0.0925700573360721
"GLYMA_01G006200","pink",-0.599010896847511,-0.442689383423861,-0.128953851047371,-0.460809513849429,0.0333444457056309,-0.139156630401476,-0.434887131219645,-0.631079211939425,-0.821333003992836,-0.441075289546952,-0.338197515961144,-0.252203394535135,-0.547904412429078,-0.396593402747389,0.00628636293954091,-0.0339241631463065,0.739463934559163,0.155988785224762,0.630445660087081,0.255150772073563,0.073023628634067,0.157126624809714,0.143030968239955,0.249622958547554,0.522938078749587,0.454944349467086,0.55608421051089,0.0553167138602732,-0.00530290838417313,-0.199879875448704,-0.00982195056859035,-0.0490702352345551,-0.211175724649101,-0.370708657121563,0.161660063492119,0.0835154863854449,0.133304054578072,0.0368564502265645,0.029363815141926,-0.712414251218721,-0.218984091673925,0.119445730941129,0.649708515253968,0.531617633782297,0.200329321743399,-0.0738788288517172,0.00123472511532817,0.0458720447082313,0.362230522671624,-0.142737769094402,0.216528144662081,0.0817970767791373,0.301188775236337,0.439503255908344,0.611363259504869,0.825532492715965,0.383424350236903,-0.0269265589961449,0.326962927357278,0.270696372800048,0.310458201403629,0.569353234580172,0.0282351852027671,-0.154651690402501,0.248709131014078
"GLYMA_08G210700","darkolivegreen",0.598710181756578,0.399792516530675,0.0811550816856322,0.476622986411163,0.0389627111545903,0.195994851545673,0.419479954279795,0.534302244596145,0.809471573866423,0.485316458675792,0.215205946538387,0.139908766200668,0.471146170519075,0.325773223944649,0.040162811734495,0.0554467025405501,-0.543375365928355,-0.253231331608024,-0.676052280176097,-0.284393094478801,-0.0491228174542281,-0.0483968164985013,-0.19169791353011,-0.232949787593265,-0.589901798641896,-0.466332978151558,-0.51088807001044,-0.0141942071031417,-0.0131020846037692,0.0875276730131593,-0.0469903186848627,-0.0487733390097861,0.138044209686151,0.331792510276262,-0.0800474382153662,-0.0257834018840671,-0.0490473859242419,-0.0221148677879426,0.0981349384186072,0.70438557530881,0.263751749616584,-0.0975620002276764,-0.534544669816281,-0.387327596340109,-0.0962234451488337,0.0901439400566103,-0.054327096249075,-0.0336486370013077,-0.245337319105754,0.194993279302579,-0.184191827239922,-0.0151872871849999,-0.370966751806808,-0.321421281039384,-0.569097251697588,-0.73042386595454,-0.350599663004167,0.0684524562709047,-0.274557525494854,-0.212836930700762,-0.300051481951182,-0.621705049242191,-0.0774521654130555,0.124230767353591,-0.318740948721231
"GLYMA_05G186200","tan",-0.59837703706381,-0.224541046265313,0.0955198648546735,-0.123624651695572,0.143169734302338,-0.135900669126996,-0.520327512924774,-0.51011136352212,-0.503440472181865,-0.366460214920013,-0.0518658721096579,-0.22509236610043,-0.208167120882268,-0.123124967607759,0.00552476548228633,0.137134063902747,0.346674897986595,0.284557023749631,0.496514538404693,0.264834304679019,0.253350622242513,-0.208880549526441,-0.0545653057203628,-0.0442914550681072,0.24691886499598,0.211492753457118,0.141319195991986,-0.154266739376872,-0.198582457407993,-0.252838329476334,0.00525330152293078,-0.060798566453947,-0.128567082989605,-0.1306571234628,0.0825969495228361,0.131448169908653,0.124273846350164,-0.0613955592519013,0.0570221766370053,-0.508145077870758,-0.347456630153923,0.417858653359409,0.562203165168687,0.805673511746277,0.124748110319071,-0.000824045408533363,-0.0533203709396284,-0.182746406987269,0.374659900521275,0.0925850731114859,0.271147575593954,0.103015413220765,0.245610838723575,0.0961293535549025,0.252172393672832,0.475056824218875,0.119797630509865,-0.206921726110404,0.16471945665902,0.19324465434768,0.159037124327898,0.446348524262698,0.0605647991987781,0.0972573977599293,0.133072724856889
"GLYMA_01G157000","tan",-0.598186345738955,-0.01756499161038,0.196677545220158,-0.137649325554273,-0.00387482268837716,-0.251322144476655,-0.325551966867192,-0.320361989750695,-0.358117807520172,-0.326239449236204,0.1560505685386,0.0920868125460499,-0.0484935216405568,0.192382070276707,0.0691306603187755,0.0319332418612192,0.421328604457188,0.325943064139809,0.421070195195812,0.357481918103156,0.202951211214974,-0.255880875552872,-0.124675037646393,-0.111388145770014,0.30220648024227,0.214178444267183,0.0890530353567564,-0.254091008303959,0.00442132304562671,-0.042815542486436,0.211155711245938,-0.0510495400587793,0.0296483696174726,-0.0182215707973591,0.123299412842609,-0.0765863238901852,0.0288965406549626,-0.0127463616368411,-0.187174477972091,-0.465109030928663,-0.338919086611409,0.603587222939153,0.504337437626978,0.814067038323507,0.0833004830495678,-0.00589405476866721,0.233345177836626,-0.0790890389475808,0.407231610684087,0.202769322145067,0.158691516718025,-0.0326690390589357,0.0153363414102238,-0.0261199712740747,0.221513686410241,0.29523178622262,0.287911850398761,-0.120018608440095,0.218072823910304,0.3729910933036,0.144950152334782,0.360448721492947,0.0641346120559094,0.137025566600904,0.380178258176583
"GLYMA_05G006000","pink",-0.597319253892517,-0.633567113765446,-0.317295460707432,-0.632541759838127,-0.102635852543048,-0.124749250798388,-0.386680146520612,-0.513434665222397,-0.876130068897212,-0.431110447700318,-0.454326760241848,-0.270671935689411,-0.650617051073801,-0.564698634589013,0.0126994115341212,0.0245834149110541,0.622036841740156,0.111377381251969,0.690634244425979,0.266049462926859,0.0451398381338595,0.257997357445093,0.238328897761171,0.423170800357792,0.599217490602825,0.617619466874019,0.704549335376181,0.281380272446431,0.0873213727830026,-0.0542393776325608,0.0802971610144042,0.0876918984689229,-0.151568482173895,-0.337451666350953,0.269287718547105,0.200179096350161,0.161790095402089,0.015353801584983,0.038984117020467,-0.690237458051622,-0.113254792059222,-0.0391513988766332,0.699403263580055,0.44005375426668,0.257102994307209,-0.150976310197412,-0.0474381044640969,0.119724059333487,0.353889909834357,-0.206633422235011,0.162352054020976,0.00443689589026133,0.395890274994177,0.486543680306315,0.650030886985327,0.849805535708444,0.227166512071284,-0.0775490289589816,0.227004728864324,0.236255249601647,0.349504009878409,0.681754317368453,0.0961539370523761,-0.236454641548881,0.192836767729401
"GLYMA_15G066700","darkolivegreen",0.5972360969097,0.519294806890947,0.146306418192976,0.43458544971633,-0.0590515032035789,0.170735091766781,0.592747459200137,0.702225591402232,0.914241945789447,0.595351689584574,0.308542054607317,0.435688299982898,0.595531467532497,0.545769432143655,-0.066785026686083,-0.135649132731847,-0.551686252386143,-0.17157904305462,-0.647042629630162,-0.217953037227188,-0.108397477214437,-0.046661549428221,-0.131610082091419,-0.178622580261437,-0.458324772142183,-0.402287142589318,-0.512441073977557,-0.0621160353252247,0.134223075327662,0.223818513554311,0.126183054225269,0.0602400005238649,0.305191526185772,0.365535459286277,-0.124466190231392,-0.223784770109076,-0.187846282612442,0.0811730218648845,-0.200431876233727,0.682693791470384,0.214427698962841,0.057981463532808,-0.539662530022253,-0.354379213287476,-0.0696198510809962,0.169224765100202,0.172903366197244,0.0689999260963768,-0.370853302606137,0.111333137315849,-0.257934749757887,-0.196026754286424,-0.483638203581357,-0.456034504234022,-0.547953143877173,-0.858014694278065,-0.298708354300404,0.117443985931329,-0.28888129759091,-0.238197512996425,-0.395420147823318,-0.687566896517668,-0.155132067323176,0.0291201220068331,-0.0744761886391433
"GLYMA_07G145900","turquoise",-0.596568409411888,-0.63628808121248,-0.341886777792243,-0.701957869547405,-0.242206146213566,-0.405333075574631,-0.251452258662252,-0.170472625528881,-0.5526969808453,-0.323819511716898,-0.201051584294516,0.0685675253968714,-0.233565434044192,-0.285427561088206,0.124263549849661,0.0783897260635651,0.562523291265423,0.340100589812138,0.714950670790615,0.7704348194034,0.363542067950527,0.143566082044726,0.169159727282967,0.487881887416466,0.565826573164598,0.805760699976108,0.515143398323055,0.295810977955318,0.300653568675111,0.14514391778697,0.388894827195548,0.304244843446356,0.397524198985831,0.136678349708912,0.431027836794416,0.38961372213429,0.0619086780284706,-0.0285179461735024,-0.233211960585887,-0.649796125791697,-0.332167844304988,0.00151589578215551,0.536513628102203,0.404802386798016,0.223382818591676,-0.273676722494122,0.0391922217392035,0.0514109933666565,0.205986986332846,-0.237784083235299,-0.139089482363476,-0.459461015957491,-0.0105834705400207,-0.00167740537996286,0.288172356943985,0.424112666385397,-0.0518704930972154,-0.383835902874928,-0.181416364299055,0.207235491081242,0.116429806447465,0.591930589384095,-0.131748122545537,-0.314655523361175,0.198423118307145
"GLYMA_01G202500","pink",-0.595748411071378,-0.651752468577474,-0.294078092642921,-0.603725316319118,-0.0650501711324466,-0.15716736426038,-0.450717900544453,-0.571984626814541,-0.901370376489884,-0.506289685193552,-0.421575384245017,-0.357080225838804,-0.647181580687882,-0.59692967634198,0.0564821478576963,0.12426389338077,0.650059600266722,0.138436137668781,0.68691885325518,0.263226188377784,0.0953454722539251,0.194754485075361,0.237152799443176,0.372540970703973,0.539740482184598,0.557922433432233,0.65059911294082,0.231207468756205,0.0126108285459983,-0.0744416396094435,-0.00143604291817348,0.0548615583283413,-0.193085864665497,-0.319948072992514,0.278309479114874,0.228662727005771,0.0836553007807872,-0.156097341797893,0.0903494909242032,-0.693269639437318,-0.131217423524239,-0.0907849728524897,0.652276098974852,0.40536083883104,0.222059354212673,-0.17273831985076,-0.153248661459385,0.0223431242574154,0.423863543310998,-0.148875322493126,0.194670040456132,0.0571383014374229,0.432319139779451,0.489645616810008,0.607233825445113,0.873907029153341,0.268591384340769,-0.119143801861291,0.229108853191039,0.212984007045555,0.382001729593484,0.707238472015434,0.156672276237536,-0.172783895692923,0.135441887690543
"GLYMA_04G238600","midnightblue",0.595448966317288,-0.00459517729448968,-0.468564270966525,-0.152351331126475,-0.640116847854356,-0.231149797048645,0.43457381566579,0.829847790164846,0.510671457145369,0.157536791617189,0.214552253301698,0.197988297208234,0.0844003519490173,-0.0487200188318263,0.036802678081897,0.0921607128862011,-0.420719799797488,-0.45539950127832,-0.500174618123373,-0.178756631629711,-0.188528128677633,0.119144707043348,-0.401686455283074,-0.0957320240258778,-0.140442985391926,0.0354369054575517,0.029380621158534,0.536159129154218,0.349040484440983,0.745323664094925,0.380929412458512,0.368212621897133,0.271158403375561,0.41482943907999,0.249165399298055,0.163692258568655,-0.0160740727046794,0.0283850783186827,0.116784788358844,0.751006192114831,0.630821062912041,-0.360203169538944,-0.319951553755828,-0.406993435713826,0.150154691862039,0.0567136791604204,0.0562274245767151,0.290038740635253,-0.372719353539461,-0.227120597092714,-0.274422495708109,-0.190192167727878,-0.277519130528752,-0.055623488764081,-0.367732684513879,-0.499764624143646,-0.296178227382882,0.0899748806815448,-0.402825094635368,-0.00923051348718316,0.206296802817526,-0.0691261065601727,0.0545733615781156,0.160682197192936,-0.183939121994584
"GLYMA_12G227400","midnightblue",0.595291746409117,0.0888606005289477,-0.241263512208568,-0.0304510855084692,-0.390350184665629,-0.0248666435415227,0.641462460363503,0.930792571658319,0.71093210372929,0.511718516856754,0.127342740084633,0.504106994922297,0.377565666481161,0.245155267319434,0.0776560520870454,0.0474389328661892,-0.456610735760263,-0.215472901107261,-0.39797295847691,-0.0840246405489745,-0.0978536732460773,0.208925125864797,-0.0377584526449135,0.172874377235168,-0.136168646647141,0.0641261882312634,-0.11019950928484,0.42862313683004,0.437143572398756,0.53192006011683,0.34429496965345,0.317467012838474,0.499396256791325,0.426604492492292,0.11624146926755,0.0406001712491333,-0.0437156781353389,0.031304887375961,-0.250930159530552,0.616645447844483,0.36606914941115,-0.161808087311953,-0.358890708991124,-0.324660977758493,0.0583387085441143,-0.0271468365075011,0.140320328330082,0.253921029840116,-0.475147098316222,-0.185335029291682,-0.406920191128485,-0.447901306122134,-0.474485241257244,-0.337532242672736,-0.393272372305422,-0.698407061928836,-0.454017091569586,0.0139978980961699,-0.508025731380408,-0.158980224904955,-0.265461519414254,-0.391754459540321,-0.251048051246586,-0.204234741347749,-0.0776030550089653
"GLYMA_13G037100","pink",-0.594313871202636,-0.463513887665182,-0.195537045969231,-0.463125821299707,-0.0896521643250594,-0.221675086366867,-0.517816543139129,-0.658496778250417,-0.92296331150959,-0.665474208112496,-0.228937084446479,-0.42921409572391,-0.704510274627968,-0.557480313724655,-0.0461822979302779,-0.0678536483078231,0.643851376776348,0.0311116619569317,0.542854837250347,0.113746777234242,-0.0315529420630779,0.0705278157990745,-0.0306778693486422,0.0443082960384174,0.492632689360695,0.369198599134474,0.597638149748335,0.0717126845325374,-0.0526094773038962,-0.0404988964367628,-0.064843142464583,-0.0135611279621661,-0.399010562686408,-0.423526868539438,0.19137338815986,0.12099616099403,0.128267672462917,0.0743921136011852,0.232639272779513,-0.59534095644374,-0.0383671587500111,-0.056379891042238,0.563107270651296,0.346362502141586,0.156575336804261,-0.0753011637393166,-0.0863347365566362,0.034541033301905,0.417289185524917,-0.116085664511534,0.363436884882034,0.286331423798995,0.469604801276209,0.597256944523977,0.610863026940552,0.905870479038423,0.524936725516192,0.0377097539379661,0.433461733674869,0.360682066359527,0.601602539944327,0.756340440693774,0.381679266505717,0.131875035452675,0.196740442593967
"GLYMA_02G035600","darkolivegreen",0.593785701191376,0.471602546856839,0.141149986371526,0.552957772174529,0.0720970481145761,0.194902183121357,0.380291135269451,0.551640251112405,0.906494567238062,0.571162778794769,0.294091032324198,0.204528445352543,0.612287473965759,0.447666220231897,-0.025844623874017,-0.0143631155297319,-0.608208218519531,-0.195212163260667,-0.686135236419287,-0.203296472724694,0.035980761160084,-0.159500530122164,-0.248343285883693,-0.275183528272574,-0.638622722620834,-0.467268264568512,-0.603492827617686,-0.0964203483465944,-0.0343951491535216,0.0465463557842197,-0.00547167812798632,0.0165291114885831,0.242174530230958,0.457460948960015,-0.060377456900657,-0.0278542167439118,-0.0786419617650005,0.0807245377722961,0.0215018535398682,0.705739840406065,0.1459723715404,-0.0100409467245936,-0.548139578207205,-0.345961108181385,-0.146652740827933,0.0860160164014071,0.00450793645784687,-0.0451094163321694,-0.264705425054483,0.222980651351145,-0.279876611446607,-0.0990883903241104,-0.461273274957958,-0.48155458524018,-0.691467134353574,-0.855900719909289,-0.471245903195172,-0.0191067375619247,-0.381457199533346,-0.229006689238914,-0.391456355254181,-0.692807319965653,-0.148736336455161,0.128491528994741,-0.292865899190739
"GLYMA_07G141000","darkolivegreen",0.593270161774706,0.574407790959619,0.293518882206519,0.633505401938145,0.128144443560486,0.262670873123386,0.401162610237919,0.571615381141882,0.920614179953428,0.590418645690622,0.343666049164066,0.319096905979777,0.637164278219519,0.549476260256445,-0.120949922254431,-0.100160187204973,-0.725979523757341,-0.133378332115775,-0.654095204476911,-0.327330706775396,-0.0843475919732711,-0.203771958746689,-0.188212694005741,-0.309469470632307,-0.562506525353538,-0.546683948680038,-0.63638355362255,-0.176282443980393,-0.00287956583494683,0.0175712909981875,-0.0606596452623654,-0.00167962162593424,0.171411225538455,0.31377376377845,-0.257186124307483,-0.213700199872514,-0.03248813315375,0.142413719919294,-0.105524523252038,0.698635832198591,0.142541390303193,0.091230071089847,-0.595398817893024,-0.349832428272933,-0.188024909159124,0.124761037789035,0.0697514393160059,-0.0484946300093531,-0.315319064704995,0.253214223963398,-0.268174134126855,-0.0535685969976251,-0.359946706793788,-0.491701278154546,-0.618573709859383,-0.851707719301273,-0.421505904511028,0.0629565426809208,-0.295363205459246,-0.215240840852366,-0.451105748368853,-0.724722442527205,-0.181509412768218,0.115941712327736,-0.160722950954972
"GLYMA_16G054500","salmon4",-0.592525780328159,-0.341398575698391,-0.0882439497036227,-0.53836198854653,-0.0936566375547122,-0.398396371281505,-0.178616886802489,-0.293948371773445,-0.514923941314817,-0.316130888038594,-0.0951941649004318,0.169152048928819,-0.149699211607555,-0.0405746794046889,0.0150191416896542,-0.0858548365665778,0.814384871042101,0.352655767618402,0.632411444813256,0.653668786440333,0.297007449211539,0.118066019602652,0.16066927074924,0.328745145107285,0.565523847911556,0.583340792089486,0.388090835227583,0.0113290940561877,0.258495751165237,0.0347976227484148,0.221427252780987,0.141885705886405,0.285678571376437,-0.0450498804828592,0.208285678012842,0.0802719672802992,0.0196895695692097,0.0503461897779463,-0.302762463020466,-0.697195490518055,-0.391899514653789,0.200832157750165,0.445561525966816,0.441461303293753,0.123036974930165,-0.116764457597786,0.203732278085788,0.0319095397315603,0.171320828867384,-0.18492886744462,-0.0365876938650308,-0.350650361841484,-0.168499703418497,0.0263630085884815,0.358781411917973,0.425810672305731,0.31787456055141,-0.190716422738439,0.0899168682438185,0.322636122034109,0.0850946386298987,0.412337048135921,-0.102697723221857,-0.268975068499637,0.416695775728191
"GLYMA_12G158600","pink",-0.591507016561379,-0.528233321772659,-0.157824563080135,-0.361397606710354,0.109395941760813,-0.190673533208156,-0.641366420222957,-0.750760188333546,-0.869988958057394,-0.597857038410398,-0.240959268507902,-0.551791443926273,-0.564571928512897,-0.579817611173369,-0.0720664358765876,-0.0141773909044045,0.650657879248959,0.158539169830749,0.610589855432376,0.22772009051518,0.194880716711771,-0.00903509017244688,0.0064626995339595,0.076362824172425,0.336727878738197,0.333046763062433,0.430177157062934,0.011478775728734,-0.211348553665537,-0.25391655087596,-0.164378951128355,-0.119954945495299,-0.324644005651372,-0.328896527875099,0.13865200544789,0.277388659649038,0.108684104353194,0.0520362080111422,0.275736245251702,-0.661383081191731,-0.240087544038368,-0.125296668360356,0.488510662481698,0.344878759407009,0.0497549632082633,-0.139145435451528,-0.279000958252838,-0.17965779508408,0.352709274704812,-0.175432736144458,0.240808000001405,0.222680647764301,0.431500986449876,0.436115158002506,0.446332602579415,0.859429653100237,0.323060407008862,-0.177909661750097,0.247372625795438,0.215835732592699,0.430657017396024,0.681111169831036,0.241370004817112,0.0614977255410825,0.034943389826012
"GLYMA_13G297400","royalblue",0.591287355706324,0.0288718718480375,-0.431455233018224,-0.0588104019118889,-0.502586247845801,-0.0644418992745135,0.271341498346685,0.46417375545075,0.205632845557582,-0.0668987410369372,0.0637092309422892,-0.180361149514727,-0.293351123700551,-0.321938381578571,-0.0574382359996758,0.0688437618616872,-0.364987708811885,-0.650452587602944,-0.571801030656505,-0.491275004007896,-0.44109352613248,0.184920611409256,-0.43934160928489,-0.276524020122813,-0.153290585869013,-0.185210220857354,0.141329944531141,0.456758928941625,0.0974862801686029,0.559522045118566,0.1677964568441,0.119296553435158,-0.238483455784188,0.0942873266706791,0.196257343663842,0.0885410961435288,-0.0319801333424042,0.0213922481388473,0.448773441202307,0.713440162468125,0.812662002196743,-0.42824570045268,-0.213661695661328,-0.430541284758601,0.214350543583353,0.20437560183699,-0.0331975404789099,0.31864690912398,-0.184528239957303,-0.156491018799851,0.0865191725667778,0.291864118477103,0.0975810048361494,0.38340703669251,-0.07878553413204,-0.117377536812093,0.0198631808834135,0.360898957740691,0.0128779784475949,0.0960626625751476,0.499780170738682,0.0776667318789401,0.428858909686695,0.388588791974426,-0.218155680061175
"GLYMA_02G013900","midnightblue",0.591283423179911,0.337357711647107,0.0608010604168385,0.275107821593346,-0.140288531097027,0.0124645880897796,0.58082248273203,0.853482082764379,0.895584700554494,0.568970211834786,0.344838425625587,0.535643436796467,0.691063777586371,0.523991023995942,0.0835622608541313,0.0301352378445323,-0.549698648390926,-0.0198992100266328,-0.462923877780905,-0.050649879964759,0.0591565028426793,-0.0538464658781652,-0.0708700640138593,-0.0180680929713035,-0.363735848207865,-0.196377126686959,-0.484178497849597,0.0772632817381475,0.268947106227267,0.336595870708474,0.19069646154798,0.155012068219665,0.530910699035643,0.504983077841428,-0.0732299845494657,-0.072038004115463,-0.105646222552653,-0.00985867636813159,-0.321055875704564,0.615899702191957,0.122583995541659,-0.035688742810588,-0.57398046616755,-0.383691230393946,-0.14511377060538,-0.0234624584539994,0.104331884604476,0.010222280240139,-0.489102088584294,-0.0303154822853045,-0.422684977670346,-0.431288399618629,-0.559654455947847,-0.609441047630531,-0.621501963674406,-0.909754675666785,-0.458685907720144,-0.0918670689731597,-0.529237117196527,-0.240874197689087,-0.465103080898353,-0.5921089649736,-0.298055325259889,-0.0943307922591787,-0.107828107392254
"GLYMA_20G211800","turquoise",-0.590482292783444,-0.699823293616582,-0.353735279476132,-0.738750728713404,-0.302064150327926,-0.468293301677125,-0.241220593983345,-0.160044735155111,-0.571818819645036,-0.344503604942438,-0.150186958069248,0.0625131172187395,-0.213894352248423,-0.272905900070232,0.242404892345261,0.170405050748702,0.693203514797195,0.350146500437486,0.734601127865247,0.609301606323259,0.432366698113083,0.121767340633099,0.199799435243547,0.494709627170855,0.565918140353342,0.82129871721368,0.53034886170922,0.28096556590047,0.347494168630566,0.225961252578872,0.320820612718953,0.338181465691943,0.401811474699629,0.120368550053633,0.432573884403128,0.377681191446013,0.208991388606634,-0.1005762836717,-0.23600348434864,-0.670906828917732,-0.33214636959652,-0.0657653002614117,0.505590790462952,0.379881945213726,0.10835638601501,-0.470549162661667,-0.0697600085846625,-0.0101146482449753,0.19999527505788,-0.272739951733421,-0.221726309235242,-0.49793332366793,-0.12210833832058,-0.0001960108901771,0.252511308789982,0.431332843052963,0.0678467799034462,-0.424942107817768,-0.202287213881471,0.0581368648539108,0.155377775042785,0.601552197139126,-0.100717462334048,-0.342823915506788,0.0722459989620702
"GLYMA_19G175600","pink",-0.589680744591563,-0.372999221228814,-0.0416855326328958,-0.229466613125964,0.216712045893082,0.00357333197542873,-0.621673096470478,-0.848044108955289,-0.884511262831119,-0.584680102595748,-0.35987365673392,-0.588527846143,-0.660947854588746,-0.548520985932333,0.000462062621522312,0.0516865296856155,0.509701109330096,0.047661111735026,0.4655487208722,0.0685020715531807,-0.00668881212785855,-0.00134895187218065,0.139772413870428,0.0214733292738929,0.285710524808451,0.168131797078118,0.428521593786351,-0.0732407415256945,-0.293672776115779,-0.39036328653108,-0.199699743322355,-0.215952298744138,-0.544615819778363,-0.435918514045546,0.128409158179178,0.121446812129327,0.0522791942929519,-0.0314574662476028,0.325853584014716,-0.609274971693282,-0.145267537980614,0.00296157077232148,0.561323487202721,0.368946484847658,0.145180658635401,-0.00814306129814845,-0.185293864577727,-0.0710552751564219,0.588599865827843,0.130753862451335,0.428986029835707,0.450602449831917,0.596333906960821,0.571568416954541,0.573221404737698,0.901491177938792,0.395381813440761,0.0226451025894667,0.462038475770151,0.224785810748877,0.427689807855432,0.582683530618729,0.269805720054978,0.110213685034037,0.0523837058428166
"GLYMA_05G029900","lightgreen",0.589510666468914,0.360367833707555,-0.181751200133932,0.0238520246744503,-0.338455791978614,0.252352390647443,0.481912641208816,0.261586172590368,0.114859542387844,0.091342251816092,-0.237881587860636,0.0237949780118956,-0.448320771513091,-0.091466773772365,0.00339507678936845,-0.048797705451042,-0.211891425386966,-0.766848704031451,-0.675482333563999,-0.657121145642683,-0.798802901128852,0.41798705189514,-0.0531474292974063,-0.15311018909305,-0.0132084382276686,-0.287953933886443,0.282780120846041,0.268755350910495,0.103988463326703,0.277846203048917,0.179853172938195,-0.0917729071266905,-0.460981892593645,-0.284288925433456,0.00207819658395732,-0.303936191566156,-0.131740617537944,-0.0863662491108511,0.327485304913064,0.571005321371248,0.820258214549898,0.0266246392909559,0.0852696894137018,-0.144914234477484,0.28160814251876,0.427710918088489,0.405194057364162,0.660253031629824,-0.0377431960235599,0.0739434628841499,0.309330092609469,0.479349948011586,0.1501990360911,0.621425218596347,0.346947760256843,0.0146116498727122,0.359041030522994,0.817787533040505,0.509003900027045,0.0762751838775814,0.356353588888686,-0.212158597071107,0.240200174472166,0.15509848473826,0.0681708532101323
"GLYMA_06G277600","lightsteelblue1",0.588511453311096,0.306649481471661,0.0503184827793357,0.372229281971358,0.309177153473702,0.469905310348866,0.594914058642214,0.466381120371768,0.752666131012678,0.805076914706301,-0.18751080249725,0.184133469078039,0.478247942525561,0.300806766607997,0.148316612712993,0.0377134475691313,-0.406342630804084,-0.143258009346697,-0.50966089110542,-0.136259550855087,-0.00518790134374049,0.27960071009435,0.321255555120403,0.257374580919662,-0.54806231095474,-0.291197461940206,-0.403503286440283,0.0921824907307155,0.0549033425868832,-0.178658998812672,-0.116423053412405,-0.0223647779981327,0.288522342146896,0.188769762557929,-0.214274613532982,-0.0018984065453979,-0.0792523204204354,-0.116336373148705,-0.0639612447943333,0.465325899695345,0.0846323718444635,-0.0452185452104843,-0.411945389965047,-0.293929042768605,-0.214112434841165,0.0452057249390778,0.00690743551427387,-0.0118408404524149,-0.419997113201249,0.030156258250782,-0.261679601335913,-0.229632309908588,-0.386405184669822,-0.349985804293867,-0.406097019745366,-0.683048881523454,-0.535509108021167,0.0339176955175184,-0.338880968247241,-0.40130504513995,-0.67514270962123,-0.834669329250047,-0.431869641568975,-0.399562194826835,-0.31193587597988
"GLYMA_18G009700","cyan",-0.588105241602552,-0.668496569776285,-0.267391112686712,-0.629485464664858,-0.110311484716248,-0.393830559450482,-0.258653901697398,-0.146596945363238,-0.434857683682154,-0.214688613992543,-0.162949246208981,0.108310774958627,-0.029353033417096,-0.209397506811173,0.187209981505946,0.172014332780621,0.53760685896426,0.503763270116513,0.776515196037777,0.903801961282617,0.543193311181049,0.0789751792021347,0.235554164113876,0.550539835632746,0.509607074388435,0.791423818773517,0.367406223055329,0.221423646363759,0.276412016018043,0.0485218880670079,0.249966201156166,0.35271406205032,0.545120667167911,0.224806237031262,0.384026621716002,0.424356906238522,0.0322373827543306,-0.106081772834874,-0.336928858663104,-0.684944412009167,-0.503271736923319,-0.042542848710286,0.380514015210126,0.335327746276154,0.174934218075709,-0.316942956464311,-0.0868565850263225,-0.101268630305775,0.15322204630976,-0.207000188078122,-0.251946682614274,-0.597230867112205,-0.0967602205428878,-0.208747951550823,0.141153389180935,0.299337608133945,-0.184372162072036,-0.553419161222234,-0.346638539290596,0.121750087059019,-0.0780188941647666,0.490407253901661,-0.214636183270449,-0.40607444310106,0.125535602076952
"GLYMA_12G032200","pink",-0.587936784141496,-0.340907284565267,-0.0990943239232064,-0.437095333210986,-0.0532443043419172,-0.120737757219686,-0.411312003730326,-0.588897300525935,-0.824080351581032,-0.503368604237523,-0.277274883360434,-0.227719493336536,-0.60964846040637,-0.389774688997645,0.0908785121266938,0.0581003101159458,0.5584932840946,0.124019480384432,0.567696577108086,0.177750348789162,-0.0831985094038949,0.114038571592125,0.101786827413716,0.146510981543677,0.568509784656595,0.375344500856386,0.554674367645672,0.0351641714044073,-0.0331174118952228,-0.109676208163034,0.0598147679848747,-0.0856742537431404,-0.299906085121806,-0.404988756155605,0.0954318710754578,0.0101322607410522,-0.0179465918133181,-0.106155095013034,0.0639535724047139,-0.625381420174392,-0.126847757991204,0.171622851966322,0.614687533074911,0.505995933582403,0.10865292666935,-0.013727206581333,0.102580089774762,0.112749330932224,0.391694451372648,-0.0552746458515529,0.280737185188662,0.192316855610047,0.472435936410613,0.494473258212455,0.676990637754546,0.816076477966008,0.460657232030088,0.100629537869642,0.452540461618098,0.241610191501013,0.409977946191714,0.640269476843696,0.166642365484914,-0.0253932138677148,0.259959829246097
"GLYMA_06G101500","lavenderblush3",0.587934117544182,0.176267374292574,-0.334893799927064,-0.130181023039396,-0.147483145939465,0.416729806527485,0.838380393749054,0.569315523529794,0.454246647197454,0.679834610455184,-0.507509674565869,0.281097286100936,-0.0283614726029444,0.066502540696943,0.164217122271112,-0.00919718858073638,-0.184985391934261,-0.484556565927767,-0.495687371384603,-0.201775031727085,-0.399081369017573,0.662610752943591,0.450407904759632,0.515931009848285,-0.160653327144067,0.0491517539806087,0.187984543596832,0.48571253240583,0.32330060149166,0.186491340052726,0.258791140227043,0.268173658159551,0.214580433861332,-0.0438917767402226,-0.0408630180927085,-0.0787418540147327,-0.12880965805401,-0.196839633701829,-0.0325370395808257,0.461351498840767,0.492745491511065,-0.0116364001754035,0.00612392231132595,-0.154285949199162,0.0942843232748548,0.201380351524131,0.377220758753963,0.492612995554517,-0.36100208059632,-0.11114387059536,-0.0737873053201021,-0.200671774865268,-0.244548108990549,0.118200280169483,0.0710268857528261,-0.383729799170359,-0.303626154652705,0.407240496209318,-0.0531860257964167,-0.201380457040287,-0.343700228433234,-0.598739472679106,-0.300914270753489,-0.534490513221398,-0.0376117674568319
"GLYMA_13G306500","royalblue",0.58712723556338,0.346782914013573,-0.239555391771337,0.0589240423862888,-0.421495476692094,0.101112797252134,0.425848585467975,0.368655583539572,0.216466780897761,0.0215285267186289,-0.0139126510455452,-0.0416489352960378,-0.325908700120335,-0.0738705945113329,-0.0552392532139671,-0.0843816185193635,-0.25413935204333,-0.778102411665245,-0.737660866815952,-0.653154190822486,-0.667977871363059,0.225511568690859,-0.287101521587788,-0.318572754702674,-0.17435367915472,-0.335593945160285,0.157851532664965,0.261766816225903,0.0645266425775367,0.450599999512402,0.165994983589887,0.00213724163837705,-0.390990385479416,-0.147700463102937,0.0184064350678099,-0.258917760770168,0.050542379063775,0.0681303958468459,0.375396404140519,0.701880859989868,0.852985269601275,-0.123738006410017,-0.0979459082504345,-0.310577085825014,0.200796032469637,0.335691258984827,0.262763101818975,0.486099735952765,-0.113747594769892,0.0275887418087826,0.249420667926109,0.429917247585198,-0.0115849379048266,0.494965397073995,0.0826179696933565,-0.127450080530533,0.272672797955349,0.656438741496021,0.324900475040883,0.117745135323962,0.435295796684429,-0.177931473701441,0.326704513254335,0.323239386625312,-0.0312177731583159
"GLYMA_18G290800","midnightblue",0.586596770432729,0.357193860911034,0.0282298253871281,0.121355247847341,-0.146136423425658,0.114606145139035,0.790129530711771,0.820329526129178,0.828636310520156,0.721337758942762,0.149124538472765,0.673272842355954,0.614089549149882,0.557310867539107,-0.0361588340062745,-0.0940871930813654,-0.354262614707619,-0.0226055124619619,-0.383707068222598,-0.0411695126642021,-0.0434689853240391,0.222377687101422,0.171901984501259,0.24697288649249,-0.207579328066788,-0.0771529045720013,-0.319230349178405,0.116044908737281,0.361780325285804,0.312228786709086,0.195899941309388,0.202351114179987,0.594164250028511,0.31708603438165,-0.189650541686531,-0.208944307341309,-0.0739943620607651,-0.0216554166799763,-0.463656350984153,0.472819794688397,0.103234912187231,0.04226334857232,-0.476206500548283,-0.336673290755408,-0.151511488416952,0.016946586310259,0.29667289825008,0.154034854516833,-0.656818301552825,-0.221565518568301,-0.468969035520497,-0.551244530741949,-0.626271626646597,-0.520858353725819,-0.403739049515639,-0.836257811931316,-0.348889895010793,0.0521631405314546,-0.391434098149722,-0.310191659959509,-0.574098936321135,-0.694794180210964,-0.418692989805855,-0.400618270592792,0.0266195383063081
"GLYMA_02G201400","midnightblue",0.585992540063859,0.209307688994116,-0.0790806928252114,0.109787969162667,-0.288398727349371,-0.053851705042859,0.634431618471085,0.910942803288124,0.845546673523883,0.558214258438627,0.288530257427713,0.574879857785514,0.606902201560835,0.433186335573878,0.0679036878634482,0.0265451679847437,-0.46777946002284,-0.0639668553436505,-0.414400139289099,0.00115773663962888,0.0367545367252379,0.0654646656654431,-0.0535318207890272,0.0917118182947343,-0.259346042717785,-0.0463012189694245,-0.334907911544954,0.215712889799037,0.376906646049822,0.46295725643215,0.265805296753739,0.229211472298951,0.599836974873447,0.519111663592871,0.01070293166146,-0.0103386330429419,-0.111192674318522,-0.0149690154233465,-0.346947208740543,0.601775238849322,0.186831736850145,-0.117982958027956,-0.525461234774165,-0.384809131933284,-0.0453095720606103,-0.0563451529305684,0.111948536646116,0.0973224788955841,-0.543561672647865,-0.173011674947957,-0.516441826844147,-0.52448890927969,-0.596723193722528,-0.550223340326406,-0.566568546494546,-0.858656911939021,-0.447317984658265,-0.090584924644246,-0.564111820424069,-0.274520340973886,-0.401863764483262,-0.517535393905618,-0.323062540614987,-0.191825913305939,-0.109375201663964
"GLYMA_10G225200","pink",-0.585965611605097,-0.25771543822793,0.0436434820292378,-0.233456964226824,0.123653083274027,-0.0725634913330585,-0.562305010776232,-0.785587568547568,-0.85896916496177,-0.569659241937073,-0.22067775229683,-0.401913954677018,-0.604002164406766,-0.355151627025544,-0.093401403067821,-0.0397209513948601,0.624738153662985,0.0777304020037129,0.48650998320326,0.0303405002365618,-0.0273642453774159,-0.0304331670859125,0.0300656147369726,-0.0406953251769558,0.384003970048727,0.192805098908656,0.434206210629062,-0.151747616807107,-0.195799088925644,-0.286495638736961,-0.108987367512286,-0.217225668182882,-0.492577137989737,-0.443020453433368,0.114334996279909,-0.0328848903475038,0.125992354090528,0.0493298492561801,0.182757041216386,-0.646920937668269,-0.164968481073366,0.175284472650548,0.646568742417685,0.472839361106662,0.182263806857494,-0.00020125146570506,0.00268481796524252,0.0118411568886282,0.567704299378472,0.107554412486816,0.413736473599746,0.394886588398721,0.459100673700202,0.540434872254297,0.605495489784745,0.868941672616315,0.533332333529573,0.0858052896063779,0.541198694289909,0.397445634458102,0.447947080258468,0.574994715915396,0.332244204446373,0.14724100418235,0.261407990345476
"GLYMA_04G074500","darkturquoise",0.585685316462921,0.151304116959366,-0.364354920465325,0.145909332704186,-0.436405396762372,-0.0640348723339439,0.200479226956183,0.500280839385272,0.424784262594909,0.0212345460689248,0.181667457185611,-0.194601068915617,-0.0930655024349321,-0.161489504659184,-0.0273044379887985,0.119541528702836,-0.518283770470171,-0.699236347544368,-0.764804202953993,-0.491877173154473,-0.316783859902751,-0.03314921558494,-0.524742099569873,-0.437866662490068,-0.421000929996428,-0.3042300770288,-0.0655006780198253,0.349719415770926,-0.00140804876520666,0.484562622639321,0.146891735146745,0.151579488129382,-0.180455890260157,0.255747567637785,0.214363558144757,0.158722307468419,0.0595646008486552,0.0807848370811212,0.51855161653831,0.867014645938047,0.746207410043434,-0.356661072329892,-0.284904466968565,-0.403608096088104,0.16437811305213,0.156121276036694,-0.0658833977440309,0.228318890504859,-0.0808191859834422,0.0724451897349384,0.047991866982772,0.294551061701345,-0.0991449661350487,0.183655629099089,-0.376543191183567,-0.368536473295306,-0.177910579761361,0.23164211685713,-0.150678029683672,0.0447425417414305,0.39767188872886,-0.110789446061822,0.264554563403615,0.487712894197398,-0.367561647234488
"GLYMA_17G169000","darkolivegreen",0.585261388259406,0.512522627829998,0.159217466503352,0.457118970647437,0.0077465414102529,0.151509809786181,0.538685085766694,0.633194022489563,0.883894263384466,0.555286020091093,0.325434329560401,0.308352395325144,0.615426373242247,0.519428780571246,-0.0482272360455929,-0.0827875737160083,-0.541169272904026,-0.139848512714492,-0.629772367252617,-0.245669542865311,-0.0124247135391077,-0.109909724984491,-0.0789892063753003,-0.181862140649474,-0.588106309801993,-0.456029802106724,-0.580188323987589,-0.111637673669292,0.00259026018023107,0.179646309598987,-0.0101139138169741,0.132361745268843,0.28564345125765,0.352059337445804,-0.197681753714574,-0.181515044879544,-0.0854763842979911,0.0391506566535283,-0.124039432912706,0.663413201781849,0.166906978906745,-0.0132882310947155,-0.600885814400246,-0.438702996234369,-0.195437944393545,0.0782509755962652,0.051272926985691,-0.0796314365474016,-0.373949348064946,0.139157540002048,-0.293762220137068,-0.173899632911123,-0.463264253111621,-0.48216131953423,-0.631610481567256,-0.864446226694951,-0.339148523415141,0.0262182862741444,-0.334743821987347,-0.279631170315399,-0.411180137232861,-0.70045766544266,-0.143550274086158,0.0332252864967545,-0.178363711648734
"GLYMA_04G064600","pink",-0.585014846359341,-0.4153099619863,-0.111653010122587,-0.381102514737301,-0.109619465846294,-0.294592744950931,-0.628858624003695,-0.616664104305431,-0.855277055665928,-0.781723095313162,-0.0816383138011219,-0.417096496249309,-0.617485274314901,-0.516569499187453,-0.0285595668149719,0.0605878721539216,0.390175009157013,0.124899786378559,0.540261876119204,0.15650278392885,-0.00282630231886952,-0.132991912338939,-0.105377532982233,-0.0919693649084013,0.455827007673102,0.259274143774035,0.439714700515834,-0.00409600085737557,-0.142924671936863,-0.0401535972972368,-0.0803708020191105,-0.0452757663974318,-0.410525687962187,-0.28406062216297,0.20435727591309,0.103508680497519,0.0206441105487207,-0.0344286853329636,0.209482908122349,-0.51904955321707,-0.0689927512773258,-0.0359790655112985,0.45746965115722,0.306707563577213,0.223820932242539,0.00358968416032741,-0.15198214828322,-0.0551193478440522,0.542037114067598,0.0667847500731473,0.325478411644252,0.339889566557024,0.649811750610892,0.48488574545957,0.51330063826296,0.834748816958691,0.427008515165578,-0.0288603903384678,0.359514467631865,0.323857551004857,0.60172523259461,0.817159636401242,0.380534870910327,0.280943025395897,0.178696626908605
"GLYMA_07G054700","turquoise",-0.584752786951853,-0.628187066334483,-0.284867202495872,-0.726242721230194,-0.234337388014478,-0.36552903076773,-0.180524412634212,-0.154206916350739,-0.564907370733459,-0.249108301986476,-0.228629761573906,0.196655083439335,-0.213567280577861,-0.21260859402451,0.228254032855136,0.108934553134972,0.637888069184005,0.396260984413978,0.784818035688962,0.66388602965981,0.330903250609471,0.200933107506893,0.281674980118096,0.582522675220444,0.669781482195797,0.851455845230938,0.56496795530466,0.274133937674939,0.446142658272547,0.139757787257013,0.342801948924652,0.296733928083953,0.419838777176741,0.0403842189885907,0.350328634423544,0.285315727208985,0.0694872419194661,-0.0715251698376606,-0.364104654308476,-0.715716793099947,-0.372449195442822,0.047344710842419,0.527371426121316,0.418944996746136,0.131167957787696,-0.33741115938487,0.110454935144238,0.0968650772083339,0.150019391583058,-0.282386881330113,-0.202066836220242,-0.521523539657584,-0.0560293312395066,-0.00335950511462744,0.376679884988417,0.446802682496271,0.0473386782953686,-0.336944852570376,-0.130287277378297,0.154545687844491,0.0419382270295148,0.550052899127223,-0.216419880747654,-0.446749812617605,0.259625275613962
"GLYMA_12G210000","pink",-0.584523801562892,-0.341624815080908,0.0434903731008051,-0.298948139801574,0.183714710866129,0.147236099017237,-0.342216112592726,-0.621034669485809,-0.782471366347967,-0.291179659313372,-0.420096887377078,-0.184289870724147,-0.54244719884511,-0.35247683410328,0.0175439945163294,-0.0539822991893699,0.450553419345614,0.217573104101757,0.643755534757753,0.137783182163598,-0.11599185652861,0.233492043176836,0.296130837219327,0.309105813371255,0.556607513232712,0.333938693169064,0.501748541879606,-0.00930065702889167,-0.0599148024402624,-0.338517592261935,-0.128314206198821,-0.178400594422103,-0.326852463595378,-0.550062901228965,-0.0269132718101837,-0.0892803489810726,-0.00707713753586155,0.082207218194511,-0.0686012622428161,-0.706838450299258,-0.2259221608979,0.156028434651755,0.586914730372087,0.424561983582415,0.172272598763075,-0.0187669664745677,0.0115104733167432,0.0682330124149955,0.346540496447859,-0.0520904390855455,0.259336158023351,0.178830333561284,0.521823995654226,0.452433995599694,0.737526751063551,0.812397493673137,0.348205295767362,0.0978095743164398,0.455545649475112,0.175894409562288,0.167689504270549,0.487539107417058,0.0971499893781673,-0.207851470441495,0.285703789463359
"GLYMA_12G185600","midnightblue",0.584036758946046,0.0429748192642604,-0.330307874728724,-0.0901470964306297,-0.492455853375421,-0.182755395877323,0.528923275586521,0.817195422615178,0.593376305116063,0.275402689620144,0.184223725957469,0.313093700672088,0.264163688862007,0.132961612808487,0.120154986673697,0.126627254022343,-0.325921445383936,-0.321972640494273,-0.468425582314946,-0.0562918833591689,-0.0555922573142225,0.120629892509695,-0.179779020968238,0.024411435546613,-0.229374221792263,0.0478289173733181,-0.0644494213168607,0.401427171045257,0.360163076534001,0.601550664344196,0.34699294987557,0.410599095805692,0.4083923946076,0.475473063482866,0.26631960920536,0.169295735677184,-0.0521903692278359,-0.0268694575950808,-0.0496584445502986,0.654529430776461,0.443085248954546,-0.298675348161351,-0.366044738095786,-0.421880403549411,0.0735985544686449,-0.104860118944125,0.0374527509786897,0.214583596036872,-0.363906595710312,-0.138745294037895,-0.169004235889445,-0.312945088775417,-0.480456087837298,-0.222424835672553,-0.443210461330991,-0.608141083324794,-0.318818015042901,0.00148905448651515,-0.449759980512027,-0.000633439432743587,-0.0222309323706998,-0.257172036255333,-0.00629041603726333,0.0318538014052638,-0.142170947501186
"GLYMA_11G200700","pink",-0.583741602982758,-0.269374464911148,0.145482609679738,-0.147208385521848,0.257111714911054,-0.0931474140458224,-0.644998729078899,-0.844576279765351,-0.841376837315866,-0.617236368666412,-0.125376316470654,-0.461183764520936,-0.487121097646427,-0.362895777831186,-0.15439780119742,0.0262869083659689,0.545631878970373,0.256838798662488,0.579563326998376,0.0695031299130742,0.0857733312205869,-0.147950322744684,0.0734831392068027,-0.0703562605846602,0.314130365113075,0.0934153075773931,0.257955117253513,-0.272735584867734,-0.3364895014372,-0.391234788068393,-0.283947139369192,-0.305508544368292,-0.482504824011598,-0.435168516405563,-0.0421429755102345,-0.0103322178353213,0.122677014941725,-0.0589853841812478,0.16262362816623,-0.683314907214209,-0.313604323918023,0.0756629865726047,0.42214037722001,0.348038248988622,-0.0192967648821961,-0.0735953348632969,-0.187377602458608,-0.228993041119534,0.435438968157533,0.0184829164281432,0.334423258015766,0.384016842893322,0.552312875941024,0.412699539930731,0.504768581611304,0.846884377185166,0.506769776732476,-0.0442910689270084,0.462383338788654,0.205040035388203,0.363980648845565,0.578035903331429,0.253167044010112,0.151295613180365,0.148896524508514
"GLYMA_18G025500","cyan",-0.583701656139209,-0.407468263000986,-0.13161989562062,-0.564787627829799,-0.183013781549466,-0.522455598457717,-0.130562313253469,-0.0249889157273279,-0.298959521919184,-0.253690751560032,0.054793770567088,0.31135285809203,0.117462061099972,0.0515176370783568,0.16072199325258,0.0553063622581504,0.572668676470833,0.505767223755299,0.646089295447659,0.933496209534406,0.484271493602065,-0.0180878596778815,0.144861481289071,0.379419173323213,0.478973830400365,0.656139018429971,0.225445645803485,0.0732877936653941,0.371553898732569,0.200533588770593,0.303420933825823,0.231893205319087,0.587477876831321,0.291623449305456,0.333752068679366,0.206788258226629,-0.0544066212794331,-0.0464754915891184,-0.474711118803428,-0.603788764579368,-0.477890837267603,0.105147806176727,0.247971167617032,0.288680944929593,0.137537637089386,-0.193689200742562,0.126171887131193,-0.0737237453882271,0.135589087767985,-0.12102881474281,-0.232017801295562,-0.617408234063,-0.296597075904382,-0.296608160605001,0.0826722239067122,0.141268244322205,0.0288511335023358,-0.441069339339903,-0.266591506647439,0.184255238179066,-0.0550489617460844,0.398071204963275,-0.22283004089209,-0.290995054663283,0.298642720363294
"GLYMA_05G114900","lightsteelblue1",0.583132331378822,0.494223490975876,0.110897994851935,0.454853590937197,0.251048527746697,0.756384959276149,0.616668600498716,0.361910163155929,0.601701367467614,0.824383759352821,-0.289184668229761,0.168658767068441,0.12002715520193,0.246743399380633,-0.119134606154319,-0.247998184355386,-0.5120876830672,-0.426646370599503,-0.622961815864238,-0.476948170802319,-0.50602499404975,0.393016758724044,0.155146000904111,0.0900113170609826,-0.375931492252944,-0.409310850179761,-0.160847306150303,0.087167152283454,-0.00834096998298046,-0.183988539061478,-0.0281479062715443,-0.0777582363678354,-0.121357665443257,-0.222157155499581,-0.355531185665967,-0.350214327310511,-0.0959887743959702,0.151239017814146,0.000761488471232426,0.542468930827396,0.380547889629743,0.152902341987963,-0.152237780949303,-0.173815218039216,-0.0107043608844892,0.323301207736774,0.277956257413518,0.304980798315759,-0.304674139476192,0.0967831023371195,0.0160060040393978,0.140463448298177,-0.0469131703147421,0.0501439823713987,-0.0403823166561777,-0.43345604032286,-0.302223813413994,0.485768550800735,0.110186621929497,-0.16468760453514,-0.430461804765612,-0.758910274243119,-0.167853967692573,-0.224803503942032,-0.00808877855046066
"GLYMA_07G035900","pink",-0.58286100679409,-0.277430609693967,-0.0240636207291172,-0.353244518569555,-0.0440663072718575,-0.268124796901376,-0.518580108193338,-0.640337430261089,-0.802564518299247,-0.619797792250948,-0.0959921582507983,-0.273402068411077,-0.53041085805601,-0.309562479994141,-0.150846908294325,-0.0658241893692412,0.681999780874106,0.111711913900526,0.515861191074193,0.135819428415505,0.0175225074246859,-0.0542278247460247,-0.0849621526624262,-0.059476489842774,0.480076242104211,0.275044123523564,0.433095694045272,-0.0898273273920603,-0.0450093641285743,-0.0981561185714672,-0.00976872165282592,-0.159770693477719,-0.341403076712662,-0.321061865027847,0.162871303465052,-0.00999786665574903,0.114649968093693,0.0261709404713777,0.0977682214801115,-0.598856215975327,-0.144938238815161,0.179797006629286,0.568264605254339,0.49832510915633,0.136901501004267,-0.0019681895302759,0.0586420015209511,0.0159220706257608,0.433473503545831,-0.0521709075907039,0.310003371531355,0.24520812462823,0.327383357287991,0.45779184684797,0.54282468906513,0.803329577838693,0.555977295795281,0.0392263880764146,0.444742360233097,0.408771693839375,0.494117900950206,0.632914712059499,0.222408869136097,0.152524730023762,0.329764799456056
"GLYMA_08G361200","pink",-0.582597591906708,-0.604361380912233,-0.315959525694598,-0.577344540757223,-0.0467756782837807,-0.0876078534198684,-0.432806215356072,-0.578150133035387,-0.888388117112826,-0.466556849751772,-0.492758736228091,-0.377609903150041,-0.713849698619127,-0.638235122838596,-0.0293682816117606,0.0184273544203208,0.562943758898169,0.0538828640771452,0.635956582349937,0.195449107516532,-0.00761047281908118,0.25644961632053,0.206667137447044,0.356440159176743,0.538842839757268,0.537013135553677,0.687469237652491,0.285136817293212,0.0596027226802797,-0.135780077935617,-0.0357065033326239,0.0575494246724138,-0.262652315909201,-0.418486831598882,0.202922685656349,0.24181046912518,0.151139749436941,-0.00437481917216264,0.166283359310439,-0.631974591028862,-0.0690804354917985,-0.0462840818373416,0.664336820055286,0.441739548303238,0.208096890552669,-0.0821627337389004,-0.0617164280726656,0.0911565177035344,0.354924904720761,-0.178030319261393,0.229119114115956,0.12336495989213,0.515676354442661,0.555837518895745,0.669752469170242,0.898303730480217,0.220005647345667,-0.028903422875528,0.274643615301089,0.212006393406251,0.382472904687616,0.682174395020568,0.111523838318878,-0.173274147767638,0.139045973165331
"GLYMA_02G218300","lavenderblush3",0.582452242054112,0.554870314284637,0.0707130417107769,0.111985170959375,-0.222786930534039,0.259990536072376,0.868553532536999,0.662715694344479,0.53602898044496,0.526167091470759,0.0144497670796042,0.59440785342317,0.149815436395768,0.436156104290815,-0.063202499008282,-0.347430603083851,-0.253704694902492,-0.346071713035855,-0.513913947245958,-0.337143994911559,-0.595795605416865,0.425615725821575,0.0988908198183661,0.0641834319705904,-0.0144066033782504,-0.229232772033504,-0.0367830142037725,0.122889018616507,0.317026280808555,0.354039114999262,0.273522285687107,-0.0674206685279546,0.0921137487576165,-0.118095235393457,-0.294919560410564,-0.543644470076448,-0.208914880322037,0.126831794590568,-0.312906243518934,0.505469609671444,0.471687389931329,0.215857958695839,-0.237571417678839,-0.210812759069431,0.0463098030092721,0.331369543459157,0.560141298283606,0.481823250400898,-0.517152342778181,-0.173020382724134,-0.0418881549576529,-0.0949834675399836,-0.302310294891036,0.0320797429234037,0.0910438668036567,-0.463536992993272,0.168203159753924,0.617894181271896,0.197645210807107,-0.083682377237994,-0.194659793262537,-0.558787217868631,-0.127913592265475,-0.189071055777808,0.320490099526272
"GLYMA_15G255900","darkolivegreen",0.581812363868316,0.476313950502638,0.192351249059783,0.469509868040035,0.0507517797025713,0.264213800636501,0.589520550690931,0.697153824844996,0.947697594103939,0.732015448957452,0.246208860696853,0.470153447929394,0.674810295139747,0.575964830681125,-0.0496732680289241,-0.109878761318356,-0.591445344505911,-0.0833899615673649,-0.569129663348873,-0.184520854872779,-0.0395990764997762,0.00249836428575597,-0.0582533155262401,-0.0617200438866231,-0.467313822794858,-0.351792765497387,-0.533861547366676,-0.0545749685069521,0.131717155094109,0.102566191991195,0.0447755962073682,0.0871846580291126,0.383856858380294,0.343171454290705,-0.195158432727409,-0.187585508156534,-0.142457800356598,0.102009814728029,-0.279351963197309,0.620445082002661,0.101862293567595,0.0649069339229569,-0.532990825128753,-0.335570525111449,-0.141245678871188,0.0649538639409917,0.112901406494026,0.012596657098735,-0.436529383413462,0.0685748173721899,-0.382142378028557,-0.295487709615714,-0.50385910275179,-0.551049072401497,-0.586658128691305,-0.894517512068284,-0.456277900758178,0.0205917819169143,-0.385164102016712,-0.307176413876275,-0.571029286829667,-0.764739000948133,-0.302293911560703,-0.129905238835179,-0.111613274623335
"GLYMA_05G020500","cyan",-0.581796035116578,-0.406116745082427,-0.100268892429331,-0.479891107227525,-0.11549154076321,-0.43065438908281,-0.166173562580475,-0.0630618841576213,-0.273630320778063,-0.183896938035537,0.0305366474262808,0.278966061723588,0.12834648234946,0.0451547120846668,0.151326766687793,0.0718442897139288,0.467429100701742,0.49838882265731,0.625475750971996,0.939822063095048,0.480941657334631,-0.000686208695275073,0.101059755483119,0.361892663834941,0.466825545429705,0.640945995403151,0.207513428872613,0.0584730014886091,0.303058933176357,0.0985293610112075,0.288971749274379,0.250919774628758,0.571222571885101,0.258301675704701,0.303833257347347,0.261621199105275,-0.0466461248975216,-0.00761257249737037,-0.418489054503395,-0.58868109071309,-0.509761000782844,0.108059065333285,0.24808351039138,0.298531122507609,0.139763020531901,-0.197832502782885,0.0870255445100373,-0.0784837306068337,0.0944752010844504,-0.126754220977751,-0.223562561894485,-0.581617760440375,-0.275802243082827,-0.311044468521829,0.062152431085111,0.116397394232449,-0.0648984583725009,-0.449676050584706,-0.269689394779149,0.187232845390802,-0.0986922084746809,0.368118404976109,-0.171990677017256,-0.277309123964768,0.25193629139091
"GLYMA_12G021500","royalblue",0.581423228235944,0.0627174914931758,-0.465569769000741,0.00436907277134838,-0.372423702913065,0.227664624840646,0.313184697426362,0.347837114277247,0.172848111390702,0.113052842991137,-0.273554954281085,-0.25180189752778,-0.469901430793869,-0.399951842289088,0.0241694428524571,0.0698303984916611,-0.380856667889618,-0.885397920207887,-0.716205731076194,-0.592269523076308,-0.642194548003448,0.404314298179767,-0.277624144016604,-0.162905603509379,-0.190796767291749,-0.201144560413407,0.293864873859711,0.548791543192916,0.0409807323171027,0.332183025851958,0.143595702013524,0.0276568623980885,-0.412255657419156,-0.111687645401668,0.18385325659877,0.0510152487869282,0.0713622555815866,0.0728526558350251,0.582575002957434,0.730477208128021,0.917528651997976,-0.341296795574134,0.00803978272608823,-0.315797397319713,0.344452829665121,0.319896054393749,0.0725071571996421,0.526652422353098,-0.0136988684555857,0.0260636483769987,0.191781676265487,0.448260395992469,0.133273128915034,0.59110676429508,0.0936063413906783,-0.0315537241514965,-0.0397028686948525,0.562384325275926,0.152132996095219,0.021874403064009,0.428666037631197,-0.0993853855751509,0.243726258685629,0.230329863972456,-0.292687792242856
"GLYMA_15G273600","darkolivegreen",0.580516279111814,0.457809825757399,0.0676735830403956,0.376734779469494,0.0685936828240643,0.405761160573924,0.641632535621487,0.615335686165022,0.866558150202423,0.819551537162375,-0.0209884417170083,0.409957141910158,0.505217042798286,0.475386369560849,0.0552994891657094,-0.0299483960141874,-0.552155379215965,-0.229531257361257,-0.615442782217333,-0.108996782991091,-0.139213560251914,0.191083025126373,0.0543221210550487,0.0909462590402286,-0.420739808550163,-0.259637867744068,-0.354437687680339,0.0652285830478942,0.125207921023789,0.00546213851689019,0.139913313988893,0.187313125757283,0.346982576292282,0.263825715642223,-0.139424301202308,-0.12843598682809,-0.106426486996133,0.0317754469502159,-0.154100967663451,0.598490331923882,0.177401239561962,0.12217287321006,-0.355531184620843,-0.248029211178429,-0.020107434717635,0.176845229693484,0.263718691063446,0.20227706960087,-0.361152785070689,0.143082714082661,-0.258149248668966,-0.240182644309404,-0.443821371339068,-0.388448282618974,-0.423592849439131,-0.806238276026166,-0.525000220235151,0.152875510439027,-0.278754368321504,-0.227249305794257,-0.572602060817207,-0.799011652459038,-0.318834379336008,-0.235108784654108,-0.127986383910833
"GLYMA_07G178600","pink",-0.580276426185594,-0.385386083978439,-0.0684616341302599,-0.320446702694204,0.0289224168192554,-0.147691329272617,-0.608576232250123,-0.743706101387468,-0.920567334063009,-0.695875223035274,-0.215481960892425,-0.477291275509544,-0.686594116996559,-0.529495192621245,-0.0574427772202177,0.0321919435958729,0.517521266703801,0.0530780349105961,0.524031690804453,0.0330254082765588,-0.0647352343313206,-0.0275591033716645,-0.0270842108631703,-0.0483304673279957,0.431344675582215,0.234197090223421,0.494887714221488,-0.0361166180259116,-0.173062210273596,-0.192226608806523,-0.147900542991954,-0.15211559990998,-0.525130783216233,-0.443777228771943,0.14320221966076,0.0654143945624085,0.166458090537529,0.045114195589949,0.263061355563845,-0.579290464325736,-0.0743950514422917,-0.0153261865644827,0.531956710223724,0.329928284834507,0.15762573498193,-0.0317176438981224,-0.129225936543723,-0.0170275148917495,0.50623141840608,0.0208062675469694,0.423025345658382,0.425581602982087,0.577987471033354,0.599335712117985,0.612909778087925,0.926381650355053,0.515269457272891,0.0626806866055336,0.48904859813613,0.368677659439784,0.57078966009412,0.719475609864483,0.374502137236566,0.212762687362515,0.173046716148765
"GLYMA_10G222300","pink",-0.580235721841455,-0.476442423524938,-0.13573183295702,-0.391923113621608,0.0581985988616731,0.00140694281449961,-0.497030185126813,-0.699601161445926,-0.895780595642801,-0.486525048379314,-0.420174349134551,-0.392071625375749,-0.689284297760567,-0.537880393622466,-0.00111117259998228,0.0524323217559267,0.516433633785795,0.0593235319014401,0.570753982366131,0.0954784787396455,-0.0602033006430656,0.177577739860783,0.137899534405914,0.200413484159568,0.504141455430034,0.387964353459712,0.602958596057281,0.0865805750667118,-0.0867714108991667,-0.26007405167705,-0.0712494112158948,-0.0928865733776041,-0.402241286327312,-0.449978083470989,0.195613502516568,0.114755484191227,0.19266668264773,0.00657680940163335,0.191033400998711,-0.649415150449728,-0.109800090301941,0.03443927071056,0.681677501744699,0.430108892985602,0.204374098350836,-0.101846996725651,-0.0728694654476087,0.0978884927747587,0.486438224819093,-0.0289859979845271,0.300669918418044,0.280196649282716,0.536239022709319,0.579667880870775,0.679347535372084,0.899451169574685,0.344997334055191,0.0450033251494854,0.43248690537108,0.263506732072295,0.397795073095586,0.626074983033031,0.201808087505934,-0.0489803166937719,0.144123333442692
"GLYMA_09G126900","tan",-0.58010955281607,-0.205573624359429,0.137465250325709,-0.28054367135182,0.11509234964666,-0.0943173680895229,-0.208131096364673,-0.320180510665641,-0.419053611678681,-0.13847503922964,-0.133691920486477,0.172859294914431,-0.0835740577565171,0.0852480208609127,0.0817269211349625,-0.0365495949371942,0.504178376160057,0.455212118697738,0.654734383369406,0.44297328081661,0.220939773920635,0.0120631629925212,0.223082734307978,0.289613883461634,0.468540686181361,0.413093880533474,0.23495531200048,-0.118459636063488,0.128294465654735,-0.181707007200266,0.125422645172099,0.0139565086185026,0.151136552234403,-0.117219503838219,0.0567470003221065,-0.0641746828800767,0.00136161499776014,0.0191712473399898,-0.369170351925808,-0.647340754099254,-0.447495136254217,0.573592172603186,0.579282737242356,0.87033214866559,0.0884225376308626,-0.0563213542010596,0.208803976817524,-0.0209876551084933,0.252315655371536,-0.00979753629472375,-0.00906048242437849,-0.223826901424921,0.116346720730513,-0.0279908027734786,0.400410559279189,0.402369470272557,0.160058991165088,-0.157393348417019,0.135785613191854,0.16131436240784,-0.0907585885451678,0.305183125675648,-0.23599673477202,-0.28521647029839,0.401462641011321
"GLYMA_05G209400","cyan",-0.579966269615187,-0.551242464227743,-0.192400062842708,-0.532213365097004,-0.114781424407262,-0.435070126580565,-0.330494043049991,-0.218453483786627,-0.442991692771862,-0.341758790365471,-0.105779025303932,0.05518437648867,-0.055099815283995,-0.172329422601285,0.249571038254475,0.286089344402587,0.510388621048763,0.43899621645604,0.669824966079459,0.82781301883586,0.505293356352859,-0.0344331372264265,0.18265187263945,0.380103145958977,0.443527638838551,0.653820795791115,0.292836567556717,0.110931665717753,0.199272939010716,0.0162850238731267,0.217691255564065,0.213585430983411,0.404120404456221,0.301213627216933,0.507091435554496,0.384575126262422,-0.0254924014088916,-0.20853675204096,-0.243893495288947,-0.634120287796966,-0.467014286668802,0.00600214410869617,0.365758308479084,0.345023674653698,0.206424461522207,-0.30056477174316,-0.0655577772275083,-0.0837204680666104,0.364386336155622,0.0112506083115371,-0.143441991125765,-0.425194094497289,-0.0887382716138877,-0.150803842566806,0.14207319449279,0.316023062959514,-0.0600621696799678,-0.47569751246551,-0.238834316612986,0.144753771221623,0.0303259156135491,0.495265995977709,-0.152748140437902,-0.234431890114271,0.0827298085597545
"GLYMA_12G185900","midnightblue",0.579776952578526,0.0208276250210817,-0.296993806972707,-0.107281708879578,-0.424496931457118,-0.136940241569027,0.58990170637216,0.856549197314802,0.620955342775112,0.401759203362913,0.158507385213506,0.414027889239662,0.350795762123786,0.167050838547603,0.0568898472612332,0.0932918087557586,-0.32050367210313,-0.184165773099343,-0.348618251518925,-0.0580916723103883,-0.013510489458304,0.21226080317179,-0.0529328085083477,0.175050954125786,-0.156974381175751,0.0996154266367649,-0.104113600609521,0.425720986784218,0.446275970060824,0.55934444230456,0.279362523607416,0.255969808801167,0.51531179607516,0.447111390970454,0.122662505336436,0.144355286808957,-0.0195857618306993,-0.0451226016921526,-0.180232846759558,0.556552376656562,0.324104135927022,-0.303210673017272,-0.429466657303879,-0.424306348081261,-0.0678873314490585,-0.150648601280115,0.0606101547650959,0.164136216324093,-0.544502533558194,-0.324033880070691,-0.426461175426029,-0.466515267798168,-0.505576375513795,-0.319693318160154,-0.418604883832481,-0.634424089090964,-0.36731608548529,-0.0529174872687026,-0.516301810566749,-0.222537084577099,-0.188830511011346,-0.297297676415579,-0.160511572709373,-0.183718330850514,-0.170958222231675
"GLYMA_11G118100","pink",-0.577693120086912,-0.405010922158595,-0.0394140242692972,-0.37625495618226,0.199413168867641,-0.0445088537264303,-0.430222238331419,-0.703439557180668,-0.816533188980218,-0.410180806759607,-0.389242637873145,-0.33259231743258,-0.503850925790403,-0.405063733435414,-0.0605669686713743,0.022191463339165,0.700228175295027,0.231995702853079,0.648161364758439,0.183177547547565,0.105558761080019,0.151338505607628,0.328359269132399,0.298141925116966,0.40235742012574,0.334188520154918,0.427060738992087,-0.017622431710241,-0.104030215981101,-0.341738084630622,-0.193542867877767,-0.224683018285821,-0.269124460464097,-0.436294151935733,0.014170125696773,0.0777607904661135,0.0279716523427526,-0.12878052602575,0.0537780471007474,-0.729840066130094,-0.291713347189884,0.0809119174075542,0.545027117940343,0.459303834158412,-0.0138103465746676,-0.123017759733789,-0.0843283494158271,-0.0948299657981793,0.319001009439758,-0.139115493057376,0.252910465117881,0.130509725465907,0.401858371735469,0.413994712922786,0.598182143454109,0.831048836083688,0.372226702154583,-0.0573378151193997,0.343635735473509,0.118084891946722,0.196770258627866,0.480011095184725,-0.00255803095458524,-0.212266560808574,0.180144685423463
"GLYMA_12G175300","violet",-0.577486497734038,-0.289594640767918,0.233216104310105,-0.26611844523353,0.0290277963279028,-0.3552348303023,-0.359930835902109,-0.270022272490412,-0.478646017311971,-0.377119594952536,0.23156835654345,0.207825254158995,0.0423643472132103,0.0637504268940671,-0.26717064315115,-0.138001513640177,0.42308855831185,0.633133362174074,0.804449663103798,0.361319706094363,0.319487665288939,-0.202878411119686,0.0847634867582596,0.119295173270036,0.547563945276808,0.356002908425296,0.099736418585633,-0.224778767942452,0.0804620305205093,-0.0114671093138723,-0.039458640250697,-0.0906796705347047,0.15618662351337,-0.0864758106049852,-0.0406996529002889,-0.119358973591679,0.205847778444458,0.12838621646931,-0.494341836159078,-0.693774951034061,-0.538681066397746,0.159979827331308,0.182898778079876,0.294797841375837,-0.0982966219430956,-0.272308150508394,-0.0614958917277866,-0.251094525846044,0.058494449628501,-0.245088832940393,-0.137569605591988,-0.271474803866962,0.0943145090763325,-0.16581016830846,0.232312587993476,0.381134040052345,0.289403777097477,-0.334611075331365,0.0180695829953295,0.1285211438119,0.0299019569094952,0.487377579042289,-0.0787601082991174,-0.104300876781249,0.401078201710034
"GLYMA_06G293400","pink",-0.577304936424483,-0.404498953999042,-0.168396286411235,-0.363827134735169,0.0257396994907112,-0.12334208962943,-0.550220307250722,-0.738461507805486,-0.894788002756387,-0.616504823024586,-0.305661324894814,-0.534892441717479,-0.717767440562739,-0.563309335179163,-0.0919825357014885,-0.0541042276436619,0.636499479574785,-0.040091996382052,0.463496440472033,0.0455395186419121,-0.03592555564645,0.0692169054195113,-0.00823798976604169,0.0148661592433479,0.379555894966686,0.275930564804826,0.54447499209497,0.0405101040404643,-0.164381935685282,-0.189252697467726,-0.0977269285636491,-0.0934541771329453,-0.482548559520687,-0.457280009911973,0.159438343999475,0.135817841516195,0.186816786528999,0.101729249764339,0.345223475239518,-0.561032358720516,-0.0344855892940509,-0.0102194464088178,0.604323933820169,0.4031497276594,0.141584679399158,-0.0205555765791672,-0.111870010289598,0.00683276916361501,0.447221587375752,-0.0620586531699131,0.415682284900741,0.381487583326983,0.471080628360652,0.631362920257774,0.587791252822284,0.910766911858814,0.463430090598932,0.0601145450858406,0.461043787399489,0.362128443135118,0.549542890963974,0.657670890123171,0.305851083388154,0.131747493892747,0.142735738052197
"GLYMA_08G154500","violet",-0.577135228453168,-0.533184945281588,-0.126990540906771,-0.522785349813768,-0.087511546067886,-0.374186644636655,-0.295136651381098,-0.179715971182968,-0.489690840808609,-0.318545054292784,-0.0478991300547099,0.084059612403546,-0.0827750691996035,-0.198343792564074,0.108543936917831,0.115033004232541,0.43341266095795,0.541244374082431,0.809801816020757,0.574785874123495,0.410418574242952,0.0240098351782512,0.180033450033697,0.397094704232959,0.4961597506989,0.623933784790405,0.294030384810361,0.129580744713977,0.214889398448614,0.0493771712768197,0.152791965389602,0.151787699791185,0.339070857426922,0.093957072104705,0.225029836600146,0.289954069109186,-0.00929497783870117,-0.0645111981896905,-0.320053681552576,-0.641026380742776,-0.44798794873217,0.0626122967914976,0.33742960896943,0.454815392132811,0.0348762147095791,-0.2527370618766,-0.0796231260997967,-0.173411622211279,0.0739985795152861,-0.30150272365192,-0.219913478525202,-0.423925903504113,0.125268611576544,-0.119817498353315,0.236245707930864,0.395031542156363,-0.00458743440812873,-0.434585251527854,-0.184052966608853,0.116199755400585,0.0128902101666886,0.568551680347132,-0.18963655414311,-0.281678246490755,0.235388408285053
"GLYMA_14G145900","violet",-0.577017369243814,-0.523129545836708,-0.0138824376636947,-0.356751156777659,0.0859187877402273,-0.297055800877568,-0.433190186520564,-0.325281025342297,-0.489044620658377,-0.342438999643507,0.0433036408769204,-0.0812986696831857,-0.0179101148027419,-0.236164963156725,-0.0586346677335329,-0.022085576216906,0.336268102053126,0.644295469647556,0.846950273253184,0.497270902323999,0.487078792661643,-0.137241404137301,0.139074354709559,0.285229624162498,0.372117745929281,0.457674675956273,0.122396465743492,-0.0411133415747198,-0.00659224810095003,-0.112141194504809,-0.0754338325716,0.104723488958748,0.238811647042987,0.0211195311114182,0.0359073922544319,0.266674559538037,0.00855708602423301,0.0421942975785645,-0.260838885087163,-0.659070563806795,-0.569061671235967,-0.0907836715083426,0.124512774481889,0.226563351253127,-0.150123616862742,-0.343362993366113,-0.298503839789657,-0.388857303972441,-0.00186862007670096,-0.330278258286609,-0.161306683589954,-0.326989552283568,0.283899346517344,-0.187482448309922,0.124474149674739,0.403399509247419,-0.0541070912986594,-0.533177609797419,-0.21409725149625,-0.0152294532434251,-0.0273130324433613,0.550250726952481,-0.109725603309424,-0.184178911206238,0.120537967137186
"GLYMA_12G182500","cyan",-0.575756143619771,-0.576069081711525,-0.186560925273307,-0.55255250920164,-0.157062906491749,-0.521192541436042,-0.270730763945516,-0.0849441597557359,-0.336178515392291,-0.282981929986634,0.071596535458371,0.160640510577684,0.111141871565646,-0.0916908733943746,0.189833444162326,0.0950434536810836,0.489758513049204,0.572474292909621,0.737914257448729,0.915004160701709,0.611678771072895,-0.0743600800391276,0.106817173158226,0.38962451649751,0.425009352712421,0.696473206858819,0.210030578257872,0.0985116489453246,0.26454769484461,0.13417369470605,0.246408408071933,0.300974471412034,0.59254727372846,0.338330229118707,0.367154582691003,0.400696714990024,-0.0299293424566478,-0.0356187279576721,-0.381803515723857,-0.626674619367018,-0.551612987635357,-0.0702851975832337,0.192661388617876,0.221139853235542,0.0704094389507721,-0.379986213032252,-0.121894258629949,-0.212825066911999,0.110365141665604,-0.20242890607247,-0.301831618963469,-0.620591980157234,-0.17809295332255,-0.341081002611737,-0.0132937149240474,0.174670467975891,-0.125845271723903,-0.609862003110075,-0.403145356374726,0.119751250195329,-0.0507608706907032,0.495533519873517,-0.160399081237676,-0.258029913406399,0.143394048848178
"GLYMA_17G058100","pink",-0.573317240929894,-0.208346989087138,0.043253935273631,-0.218607646065136,0.148604506297901,-0.0375904595753902,-0.522570539069548,-0.774531118511139,-0.821768998251233,-0.547052127565528,-0.268123531967668,-0.400567944014419,-0.62049882116175,-0.359937374198486,-0.073652167325666,-0.039306530086013,0.619979992752162,0.0222922711049376,0.425343559412979,0.0477752592797532,-0.0999626752522111,0.0263598390408873,0.0082374318411658,-0.0566375390746673,0.377706107302602,0.148524086061685,0.435585267331632,-0.133132015462822,-0.193057175459457,-0.313836167687967,-0.139923008585009,-0.215770585571127,-0.522495185561652,-0.496692524645617,0.06289530595503,-0.0547880461124501,0.103628478627017,0.0219711968029498,0.226224777621386,-0.580435488752708,-0.106077499843338,0.212403310716589,0.62393457258163,0.501993533836286,0.163944232121847,0.0860447950475312,0.0368614907773927,0.0311486382199018,0.536514520675327,0.111978247839067,0.443721366310839,0.432911525006996,0.46446521568864,0.583214669848495,0.631533465415105,0.864971512216519,0.547048705976261,0.162469801107088,0.58763794054578,0.429659058529877,0.4392476058072,0.524267331191073,0.26138751603888,0.14035407479743,0.279908559480736
"GLYMA_13G364800","salmon",-0.572761734471472,-0.337184830589632,0.0121799579361414,-0.486670432747485,-0.198254823176056,-0.315118439754312,-0.228513104401316,-0.216775625817586,-0.563028759171282,-0.345745569535707,-0.0150095699569485,0.307525000423363,-0.230364391778869,-0.0613434934913264,-0.0996094921122065,-0.112166681674138,0.454916363677829,0.378216098715856,0.711147261161016,0.382016074638865,0.0337367412310171,0.0718393055306527,0.0884127609360196,0.244910437225112,0.901598221890939,0.537664363352692,0.452715630960316,0.0260979099277387,0.303963606820715,0.107393348743402,0.21094240632965,0.111098851283609,0.116303186012319,-0.199828440673105,0.103044125257878,-0.144714549299542,0.086165643062333,0.0808289801841421,-0.423888256175576,-0.643305272745114,-0.284657362648935,0.218767854126237,0.366632979171427,0.364469887286541,0.234028820935815,-0.0480490686993508,0.230041923705533,0.181258216388344,0.160817688949426,-0.165814922597485,-0.0368377249831009,-0.232473551526655,0.135224949007405,0.105602731260668,0.534011760349128,0.50025416265219,0.3453482316777,-0.0399677585014104,0.189841526279987,0.292749628075182,0.174945964450386,0.546348236445488,-0.124587140166618,-0.186382297635484,0.526078038485927
"GLYMA_12G005200","royalblue",0.572054064140129,0.229927612254907,-0.264903145202992,0.113245618354184,-0.190288043107224,0.434974179346732,0.320216178805461,0.151145729772428,0.101309767130093,0.169313538104178,-0.405592250618179,-0.234797457826013,-0.528267257378604,-0.288819108058878,-0.0677363826982267,-0.0268414332279074,-0.365937997406627,-0.861552954839567,-0.70747670306058,-0.73018580380569,-0.761346677231418,0.39569789349146,-0.0621128206146418,-0.129553015275784,-0.136391148911952,-0.320427678216432,0.291828815232506,0.366036940464427,-0.0569366374789033,0.10122991947227,0.0524036446320826,-0.0212659113686673,-0.575391307724286,-0.341005063860249,0.00547267265038248,-0.163266267157566,0.0455873326464057,-0.000670854158731692,0.541654114929064,0.614611757594573,0.8547924717786,-0.0929712381763703,0.142369046369559,-0.153249444777812,0.31487391511789,0.414467728512542,0.193161510184253,0.577725675456893,0.0751417318246185,0.183019470665497,0.336211011578151,0.594607072367079,0.275234957322339,0.677404988908474,0.285152966763591,0.0655681211297201,0.0632695300087281,0.722244001164453,0.409117654264946,0.0506696188121339,0.318067061417269,-0.222198476417268,0.278535581948616,0.153727221767593,-0.137146198515855
"GLYMA_05G063000","cyan",-0.571154440245959,-0.349792932421673,-0.0258949626389505,-0.417902636511482,-0.0594802906319104,-0.444678543263293,-0.182866575771268,-0.0798372560702709,-0.247328101696349,-0.211393597573739,0.105606463629238,0.267726982810012,0.20848527911422,0.119820219813289,0.174870158354518,0.0925718142701835,0.498680433028066,0.561517242151175,0.619696620368861,0.927517479974168,0.536393984361562,-0.106992197444333,0.115682585212214,0.306792282442028,0.379498842594755,0.556928757061379,0.0983604188820575,-0.052665024266281,0.213623903278007,0.0847916868450951,0.26904468554691,0.193500984167111,0.564833204198687,0.299190636643799,0.279819762061781,0.188826449643921,-0.074856850129568,-0.105125199865504,-0.463095081086729,-0.604494398164423,-0.563342549680248,0.111120438090403,0.204842183209673,0.244274969084527,0.0934849043622301,-0.240978472897215,0.0492763832093907,-0.172721226470885,0.162812812953616,-0.0548086131258891,-0.18972193381497,-0.568940809964569,-0.284787418150898,-0.375259237985132,-0.0095116593236244,0.0784343406688441,-0.0269609700434871,-0.492293755565605,-0.274606218223074,0.212710492415181,-0.127782641721918,0.331280094575419,-0.179706537098559,-0.221028427678365,0.266774578521249
"GLYMA_07G235400","royalblue",0.570993781811562,0.0759598510462889,-0.450553690321178,-0.0638389666290433,-0.389630178037965,0.167390824579705,0.314283858958248,0.310904736469454,0.109390431980156,0.0367758934869223,-0.271045597045038,-0.237661326687062,-0.486624089132385,-0.378657904843386,-0.0363372167430724,-0.00573627299172799,-0.279363073006571,-0.854020065089261,-0.675482876182655,-0.612658463046464,-0.633089761081076,0.34293764758247,-0.173817092048177,-0.134901320940472,-0.150600417687978,-0.19863384744732,0.314370016542619,0.508824588536764,0.0979934896417086,0.371305160776441,0.095444834832063,0.0682616249892876,-0.418969423877618,-0.137292542855001,0.151090471758538,-0.0182469414135945,-0.00291328180275796,0.00867841869354929,0.526453367658578,0.675397776578979,0.912988671724817,-0.318103748253492,0.00321172373208826,-0.318765191771907,0.319253848204507,0.326724260246769,0.106180168615431,0.514809742297498,-0.0220782322814081,0.0176397925302745,0.204692381671603,0.433137247871721,0.155381319742634,0.607512784173355,0.133662507657874,0.0180302274166432,0.0435643824802843,0.567810303574569,0.191604728846583,0.0824836139426446,0.445843993842047,-0.0884267075601588,0.270982829924021,0.200110646243197,-0.177762589415946
"GLYMA_08G128500","violet",-0.570450798151193,-0.261777487147074,0.243690834049659,-0.214295504885445,0.15745808340213,-0.193765905356923,-0.329149693760535,-0.272279488847468,-0.379531675587173,-0.242340743711172,0.074057470345839,0.205896791054223,0.111562431265003,0.0716379456774893,0.157498197071691,0.211505272317014,0.2355823357197,0.719256642588808,0.802611062479711,0.490825322803289,0.33879175866834,-0.184904755618893,0.20506853348423,0.247759724527649,0.473097269671073,0.359336563699422,0.0479636062295507,-0.204725907107094,0.0494708685337005,-0.18991008154929,-0.0536807654038373,0.015528465880403,0.222373234114727,-0.00681837214652003,-0.0141305297752558,-0.0103743210585586,-0.0226711979124887,-0.148114886379867,-0.489325489363263,-0.65515915049243,-0.605176329517241,0.252196075484468,0.163737691302013,0.367118945415262,-0.0306848433411835,-0.161586366469646,-0.0260671967844601,-0.253426252099655,0.1246901029873,-0.0332527811428538,-0.123773505482017,-0.298209664783042,0.207475834237064,-0.248264827603757,0.238049849497826,0.315442491327654,0.0462163241395287,-0.359406604324765,-0.0429219564845807,0.186701279372446,-0.176358939761213,0.394429725679957,-0.16156637428901,-0.19421486450146,0.320881522731652
"GLYMA_14G147800","midnightblue",0.570377953730812,0.0279371938672194,-0.35982654609351,-0.112967098717975,-0.477335019193307,-0.0368219960935574,0.616067602859325,0.897570599359873,0.629967552120712,0.43765848428985,0.0630499225387239,0.431368225036049,0.238452258822082,0.113396548073856,0.084827432531826,0.0140294658917788,-0.445259359656946,-0.309561819650196,-0.41296099004256,-0.100502186718867,-0.172964737603141,0.275687011498826,-0.10720514390797,0.166756087600879,-0.0677624030513735,0.121711834889162,0.0124974694178127,0.518312567207845,0.436990420551794,0.572937010893626,0.435013235438601,0.366639258217752,0.439997626509294,0.379616864029803,0.157371086413119,0.0944375653029261,0.00217799108652572,0.0791459257814659,-0.135347844204927,0.6340613218598,0.459173399353522,-0.211758496010146,-0.295115692534803,-0.326223649352123,0.188195658300766,0.0398011508498597,0.160821647776485,0.346833764138954,-0.479770815074773,-0.236345399603273,-0.356109643473091,-0.38726918570078,-0.395073682159518,-0.212416523037285,-0.311518899217667,-0.607523219080801,-0.42189094121289,0.08087384233447,-0.449107935483069,-0.160847506397262,-0.138414198270523,-0.294865570953388,-0.230095773313926,-0.160263894757246,-0.122156762153396
"GLYMA_03G155700","pink",-0.569898465157672,-0.23712411447494,0.171464878076753,-0.149817269258854,0.242277666808535,-0.0362177407175558,-0.559654502568608,-0.814987668030449,-0.821606919723707,-0.538071236245351,-0.172447599598949,-0.373399773313013,-0.496256970886845,-0.313800526074646,-0.110561460944491,-0.0660941842254445,0.570538040383145,0.240964265434648,0.56992704463885,0.0283313823028184,0.0170802235088419,-0.0609120495272191,0.126517380567234,-0.0237723687043242,0.377942618226442,0.115274359584274,0.301881474871734,-0.26140155697589,-0.272161081474503,-0.391707196137533,-0.221768501597715,-0.330296876246958,-0.47435165394514,-0.482757441068044,-0.0455173125575574,-0.0610923389100036,0.0133422945088314,-0.0252378220875599,0.0973147253274667,-0.690345467212485,-0.299444162052425,0.15692459864057,0.478009162383495,0.440739022866082,-0.0116133013773936,-0.0691316147531647,-0.112374344765212,-0.135653957193782,0.416921138134509,-0.000124988823496226,0.367971420130113,0.359519609819419,0.504771515398458,0.4340713842255,0.582960685176252,0.842679784716259,0.555988798565565,0.0316363387653521,0.520130103304912,0.190102793465374,0.329167441405706,0.531036312283254,0.244173965644071,0.0880200525907601,0.226737574644825
"GLYMA_17G109300","cyan",-0.569732237722184,-0.551530064651523,-0.179493395184113,-0.510647918519721,-0.0614897248051945,-0.476675773267919,-0.254857854327275,-0.102067629752088,-0.283389788430662,-0.206771690394881,0.0275383371507694,0.124666267405759,0.17713462959211,-0.0678294998296886,0.184178618751469,0.0742193094082323,0.505839841655773,0.581539288824752,0.700181816535417,0.904729862850753,0.672336380856756,-0.0815949646369619,0.157205391795847,0.423987060859393,0.333660743977769,0.676483861193571,0.160935586687296,0.0856445228439176,0.23941785829408,0.0614804629747444,0.164177807474688,0.391307195204677,0.635655818841811,0.307137755195695,0.270184412072792,0.446079000745951,-0.0572027194929106,-0.0222923408374493,-0.348696342375672,-0.608861048377832,-0.595402317397559,-0.0662579170971156,0.157856597678716,0.229156354173997,-0.0250982852074019,-0.365483923925017,-0.148866893832972,-0.284991707694883,-0.0152015535821417,-0.265839033231013,-0.2749945483501,-0.659027618904633,-0.251487699696377,-0.399015675114869,-0.0866063298766427,0.115749010942762,-0.211963615523142,-0.662612869860309,-0.461916113825406,0.0877431987042368,-0.15513478511051,0.388483749971851,-0.222291216993283,-0.330670291824538,0.102962795064374
"GLYMA_14G087600","cyan",-0.569532172831102,-0.421703077458019,-0.0984922033937139,-0.44663891272219,-0.0457585530554376,-0.433225114773588,-0.205096851261668,-0.0845846568677597,-0.237166215932745,-0.194263132594351,0.0238198261787798,0.206833202560509,0.17826929472023,0.0310418759361767,0.250941203052364,0.168019035675131,0.467947183694401,0.536653247389165,0.613718515804203,0.95409081207334,0.566161871021387,-0.0693583528238927,0.143570640963566,0.362436673262793,0.346279587917313,0.595920953192005,0.124246518909117,0.0344136140467087,0.296659180120918,0.0465572736348257,0.221269675684173,0.223035599932731,0.580471287097235,0.352351197944445,0.35018890980802,0.313372805225161,-0.105448548883165,-0.132254927968369,-0.398085902174942,-0.574746868310712,-0.54559914282685,0.0765381503492426,0.212393569304908,0.278248908196345,0.106247354629897,-0.218080713867998,0.016515778472878,-0.174048334392898,0.187445038085086,-0.029701967362119,-0.244363725750311,-0.581557014726394,-0.241787686491639,-0.362526055636887,-0.021092691499479,0.0949319174428322,-0.133321011219205,-0.531113849094094,-0.342914599808779,0.158408093648168,-0.152071730294726,0.334666088313887,-0.242479190436052,-0.275015672714785,0.177764624001572
"GLYMA_19G123800","lightgreen",0.569250365393705,0.444361932826641,-0.115809191506863,0.107719002274823,-0.280294279810392,0.328280907420111,0.593398420069315,0.375831028819143,0.256241530783693,0.272886662109941,-0.14400642836755,0.145629879379587,-0.310400594659585,0.0241669442216467,-0.0194191908086887,-0.264829152465558,-0.297326008446945,-0.699125352161112,-0.665451657963688,-0.569627069887353,-0.824843103574853,0.488767852457223,-0.181461063149145,-0.162109177366056,-0.0219938186022583,-0.313991764900368,0.192443164066029,0.252698435688286,0.134692298588251,0.283772516147727,0.175816482976068,-0.12271391826465,-0.354370778672928,-0.335930764653528,-0.181654417283936,-0.395190062072155,-0.223479334334289,0.16424293957109,0.200591517265671,0.603387048781687,0.767913409560333,0.0452629814007557,-0.0651562374715209,-0.215521910833921,0.201786555192682,0.449015210787757,0.448831731809289,0.600363983936771,-0.219805227928179,-0.0315312878124339,0.232836775170789,0.368813634132813,0.0684697554127629,0.497079710090646,0.283765360433111,-0.121219141362233,0.264514387619753,0.822558692242732,0.44928026890279,0.100070276512727,0.229253496652788,-0.30118517022363,0.190779773702453,0.123511829922628,0.158648213131149
"GLYMA_14G117200","turquoise",-0.569031314413567,-0.656209072301577,-0.387008924354574,-0.756422704656479,-0.247791840045949,-0.296709226387139,-0.179829590894549,-0.171415778888831,-0.609553245784622,-0.254613243482892,-0.357847043309825,0.0867919977285035,-0.343979479385813,-0.329074030034093,0.127092006401998,0.061007348033904,0.61315493222756,0.235195484280608,0.706577882908905,0.577561945945064,0.239466994348084,0.250626181119825,0.305023052440136,0.597246542124914,0.619859698500237,0.849474216674375,0.654190373652924,0.375127942310296,0.465306796619935,0.13546821697411,0.329989392142854,0.324946185670002,0.308928140777116,-0.00790259913531986,0.420852709165559,0.293068368702961,0.193866005273023,0.00975009326293345,-0.253518349641296,-0.652158509163563,-0.231856559031054,0.0247824474342125,0.63819258742863,0.436440888785664,0.252653758477495,-0.260747066066178,0.138000271723833,0.191125764458518,0.240780929575411,-0.224175880937251,-0.0669403085218425,-0.417376823848244,0.016645375494065,0.133691701075696,0.436199695023119,0.514805261701772,-0.000740473605044672,-0.263344819303277,-0.091960038438922,0.238784570697286,0.116978437989397,0.540104926417494,-0.165188883332463,-0.42466740596815,0.251722516254559
"GLYMA_09G219600","tan",-0.568662258128653,-0.357235676358391,-0.11739961603279,-0.431364292810855,-0.0263771697440693,-0.11845247075051,-0.214681725766519,-0.323674917194666,-0.500062154794743,-0.185306709647229,-0.296041482745622,0.0196565210125224,-0.275977350862982,-0.12220508314067,0.156459447519532,0.0144608539601763,0.560947578566952,0.218781578742652,0.545414807435714,0.403168925740191,0.179521634947805,0.128347284033782,0.217483941761059,0.353550275539403,0.434736832825964,0.527877113092157,0.428456451920062,0.0977373765968771,0.199968282230429,-0.0995127462203629,0.15912455697395,0.137871680461471,0.110183889951911,-0.136061480184339,0.204068915959553,0.111373473075874,0.0525871592148252,-0.0145273121840786,-0.152563562201276,-0.582488243919561,-0.272969610980079,0.398149593004395,0.724674521505303,0.8182266686072,0.168339085750967,-0.153563704050746,0.158751309961604,0.0855811344071045,0.31683563849336,-0.0287041326485227,0.00106314971816923,-0.189425911626746,0.0754458735174018,0.138787593257479,0.420941117787974,0.464986099106256,0.0926943892102863,-0.13613528163588,0.0998706963662574,0.13871078470678,0.0472067662991119,0.357054439647039,-0.141323614833822,-0.309757925828106,0.232859010441714
"GLYMA_02G213800","tan",-0.568598702687032,-0.191015526489057,-0.0116318110664065,-0.31037709922823,-0.0207770128090797,-0.187565311900542,-0.270513418130729,-0.309413909220567,-0.430676424110305,-0.241604244781153,-0.118409655645563,0.0548016327319117,-0.20507728155403,-0.0105700261758719,0.0868987104148929,-0.0378869963190212,0.496978657848443,0.208775107135696,0.466389584741474,0.399952137575442,0.150017771218639,0.0107822725062442,0.00918630666023611,0.135981088163866,0.407654856262567,0.401419802000508,0.316170602301879,-0.00506301154454184,0.182190953975522,-0.0766154716012915,0.177184432711685,0.0506069119894305,0.0595200411407914,-0.102012473526908,0.188368543637708,0.0500823982804958,0.134480589228584,0.13837642098657,-0.13516312047339,-0.496631063766851,-0.250105189764963,0.499099316792111,0.618339587969663,0.834896135610112,0.207441894449334,0.0398632464949431,0.252390448537394,0.0908519733528688,0.347512147651367,0.0609433121281841,0.116868650734079,-0.0959780417572885,0.0409092406102196,0.109214114990457,0.357975989886115,0.404520993294112,0.153965351388858,-0.0861314588336658,0.165296238611713,0.491267793753393,0.111113400150997,0.360388506333074,-0.0774633730671986,-0.0867908447971681,0.3942799692177
"GLYMA_03G216400","yellow",0.568406943105482,0.695332515739702,0.41333253751916,0.805836361479279,0.350012410244329,0.421900878666156,0.263599431019648,0.219632508555985,0.703061578009226,0.388547268696639,0.278199026083922,-0.0622355323252969,0.408747086022408,0.388829294853499,-0.107791412769125,-0.145884452903736,-0.661551592354405,-0.238314445104303,-0.747176146776547,-0.574859848928785,-0.239896292458475,-0.25487760193209,-0.160679449296065,-0.510359933733089,-0.753978157717634,-0.876388996006728,-0.704320210057193,-0.373350656852745,-0.355695866947405,-0.192669141015787,-0.388861311093962,-0.339575875066275,-0.283697401835611,0.00243133817952132,-0.456668503438491,-0.355059563259657,-0.17275002586296,0.0403298184868927,0.175298827032536,0.678923725104828,0.228718863878488,0.0333378976880852,-0.616459957963564,-0.424487023350734,-0.277731325787828,0.254837339252184,-0.0872684923359776,-0.201180403283935,-0.164429335435255,0.358741636018123,0.0616077073169134,0.3830291679415,-0.0238904626375679,-0.190607583302422,-0.468245867359477,-0.585750001121188,-0.116719881129446,0.252887963917289,0.0463322544828719,-0.256748023685573,-0.263499260915488,-0.688578102743805,0.0802108284228435,0.330472460477343,-0.2353479605178
"GLYMA_06G158500","midnightblue",0.56804840027372,0.122475559920065,-0.176427096591996,-0.00383443043007942,-0.327200514651208,-0.060594218560417,0.602444799307169,0.871287736825012,0.705551484674132,0.467190742258618,0.16834883352808,0.49243463983468,0.435799802806666,0.281946397569959,-0.039429527152238,-0.00571765801159442,-0.450775771901375,-0.131232268229617,-0.369650794137772,-0.0675300627868682,-0.0286599600617572,0.125466295906486,0.0631310666772952,0.170387720045979,-0.171550118287999,0.0139411628429896,-0.198869097812477,0.333398863312852,0.371526467063534,0.484500338566427,0.28943510721753,0.267096082811677,0.510438640100067,0.471256369075997,0.0739361196292504,0.017707787800384,-0.0768568838897494,0.0154247947829382,-0.285229915041627,0.55155889097068,0.272199742531521,-0.167338852165836,-0.41243897701957,-0.366872983005383,-0.00843636621567447,-0.0377365347906085,0.104870767745453,0.157696101974029,-0.478008543278713,-0.189840283474486,-0.463473901177599,-0.460643102802169,-0.458408671412649,-0.407208531442425,-0.435026700798679,-0.711493474523092,-0.440604433741385,-0.0468354916666221,-0.527589935034315,-0.271247026721929,-0.318408386267673,-0.41307080859614,-0.296316129765715,-0.230840522468642,-0.0952684379512995
"GLYMA_09G067200","pink",-0.568010206398384,-0.243388538782985,0.0941538799554246,-0.217396746169704,0.0640763497918625,-0.131783758927119,-0.571753942632535,-0.679168817116294,-0.80708687440922,-0.672599577060607,-0.0580331407088628,-0.361875288006982,-0.550075877709716,-0.377555053300187,-0.127218198635266,-0.0406247488282948,0.395356199799043,0.188915529045232,0.533885577530539,0.0268702747339867,-0.0840505661886455,-0.141728928357371,-0.0263727816610934,-0.127797133335971,0.417233893161154,0.0905810568272925,0.32236769270578,-0.180028615023241,-0.226395711010821,-0.172142705303971,-0.180080859095672,-0.231533329373513,-0.506382657060025,-0.453574501253907,-0.0246340455656174,-0.121235407752745,-0.0336325271410868,-0.0869491990599094,0.111330955742668,-0.546360163552887,-0.133212732575771,0.0898339764168187,0.411092827492816,0.323209823459106,0.0902394488090234,0.0428513422278666,-0.0951393817764036,-0.109958590999428,0.502547563585432,0.0958567938037651,0.340444602092501,0.409029030390666,0.697226841386979,0.470511957219985,0.564410881898817,0.828665644870826,0.545209978310578,0.0738498709726317,0.512306813167331,0.248604718385028,0.485945290607115,0.680160142098814,0.346249210127504,0.253807847400157,0.270766614544737
"GLYMA_13G041200","midnightblue",0.567767079177839,0.115763590326705,-0.225337532752521,0.0552873479428696,-0.341746522576572,-0.113231693406949,0.517367765675924,0.818381577238962,0.739507313681067,0.412462366154693,0.220952838147332,0.361785265693919,0.431452981887623,0.219933037081967,0.122063059530125,-0.0501524255327584,-0.452766704383435,-0.2493105890962,-0.501324078346387,-0.0879139103850673,-0.0063701950676099,0.0846461195324093,-0.119182544095549,0.0178483490286714,-0.290522117945339,-0.0540624510751853,-0.233188710006815,0.329076822791575,0.395246432146992,0.480984100647425,0.198948119191627,0.229354648250803,0.448861047885526,0.476744406143141,0.0958860929110447,0.11959714436437,-0.0615873162770048,0.154263781007022,-0.103263542820592,0.652264628323816,0.330482701366455,-0.290662152413468,-0.531044360777189,-0.48053291330703,-0.0352549384728334,-0.0836241375767302,0.0218048255502337,0.132406098841031,-0.427863758943267,-0.105704518637175,-0.445915867581644,-0.382372927252874,-0.55760325918839,-0.373856117170967,-0.541071911069198,-0.746116043418929,-0.429994987237488,-0.0509785141551056,-0.544057632570409,-0.209478253200324,-0.213446015273128,-0.420950551499499,-0.226131916701012,-0.0923706945173676,-0.223569666711089
"GLYMA_12G043500","pink",-0.567237930020314,-0.33767887029031,0.0125129433379702,-0.335600971441771,0.13844844656833,-0.0105458849648034,-0.449516071891922,-0.682448888891137,-0.828513545866641,-0.458126601696677,-0.338043768486573,-0.289992023944778,-0.588014288163431,-0.392822141810249,-0.147617756776797,-0.0694698284915155,0.589991236176038,0.165433276808429,0.611882402725023,0.110580057958123,-0.064266097884609,0.11563574847116,0.159074953303325,0.172128268177388,0.502605331415242,0.293869610737036,0.494435911016626,-0.0293910445386451,-0.0873966152393054,-0.300863870299212,-0.164465828459544,-0.146746901811395,-0.386562330206058,-0.522801499401753,-0.00546366185290418,-0.0455300523887907,0.123500694446261,-0.00479473744845828,0.0512355540131651,-0.661834243675544,-0.1767522524496,0.172562570032618,0.607458847396456,0.500379448536189,0.112207434295255,0.00331221903272245,-0.00242606308304261,0.00906774655052045,0.389707632506383,-0.0492091322475071,0.278940933696049,0.251232828139037,0.547747041869877,0.50831073899626,0.686789014354857,0.8874636837248,0.42679005786081,0.0802913326369297,0.469587743667922,0.266583291851419,0.295500266124126,0.549077825596428,0.122688424718127,-0.0810010990994492,0.303819582353304
"GLYMA_16G219000","lavenderblush3",0.567046192771271,0.490208505976309,0.0570542031642819,0.119541783688438,-0.17259463562213,0.255285676974251,0.810167328493128,0.623501132877943,0.605872498557839,0.573034117331831,-0.026680452455217,0.54821834610191,0.281548607054769,0.469379977044946,0.154562474149314,-0.0654706245413497,-0.306785074551222,-0.23326638773029,-0.492641341804061,-0.246098393791635,-0.358260618946592,0.32164289811736,0.241298308203465,0.167569861761491,-0.162574117909158,-0.187886463039324,-0.147273045724608,0.0781567637201448,0.29050181240557,0.254935256142275,0.16180212582861,0.00963431532912327,0.239721870161489,0.0255339270952634,-0.229103933103926,-0.322226951672435,-0.282698776111311,-0.158338514688512,-0.26162280493429,0.482946717869615,0.297171973480026,0.198938960675777,-0.261052168522403,-0.19584978391957,-0.0880669477193033,0.170963492699437,0.44682708827989,0.347541737441252,-0.454936605254036,-0.0560708332287657,-0.0766798207014176,-0.201158017856567,-0.360810415316411,-0.149546909921222,-0.0731537284046676,-0.586833118932204,-0.0287635907883411,0.402904006167656,0.0390000259681762,-0.251325722607363,-0.348663669754156,-0.618140994687731,-0.146783019691466,-0.262646747755851,0.097140656154141
"GLYMA_13G365500","pink",-0.567019999315926,-0.122152947256154,0.205740223788342,-0.0315565022083456,0.413613791724059,0.184647781607906,-0.510120068137386,-0.860149264295885,-0.775001368953103,-0.411755397648994,-0.295693877191501,-0.461961729248741,-0.529667039300211,-0.335687586047009,-0.0806693191446881,-0.109837259345452,0.448468075338684,0.151668491716995,0.454788523562082,-0.0501603935706183,-0.120706285190841,0.00237567779600917,0.150286970372156,-0.0331338394705893,0.268900898668147,-0.0279749322250813,0.271255772935238,-0.270127046303956,-0.32116233319989,-0.51501942850008,-0.365938634516834,-0.329692761384175,-0.603956164907088,-0.642203634252999,-0.214442811883712,-0.186060279261096,0.0168126259623662,0.00501089092049059,0.161006804192216,-0.612388019695368,-0.211827231133492,0.192878503003327,0.439453829052635,0.382556772846356,0.0177446848206265,0.129643274549999,-0.0590224969416884,-0.126877103133474,0.439755441218795,0.135324204241173,0.476004986067686,0.488071990196661,0.652362388435489,0.512096874211753,0.621284754033888,0.836728805392625,0.47642298415696,0.154592406972379,0.60384441723361,0.249506605842362,0.24975952768762,0.395127458235513,0.191945958075063,0.0713364736989607,0.235646962285624
"GLYMA_16G010100","pink",-0.566962670739189,-0.344187363487819,-0.0294001775238005,-0.303837555669493,0.188083772900935,0.138945321727047,-0.415416184484131,-0.680906344758441,-0.835764267904396,-0.41459833182005,-0.452803170746368,-0.387658269786701,-0.642084027538806,-0.47564004883124,-0.00899337158797586,0.000119917958502008,0.415525372178689,0.111666985455405,0.561849845366964,0.082435999872448,-0.136276610611209,0.129717883884016,0.275773905495238,0.22633314108776,0.399892387883343,0.246278597712937,0.490833641840527,0.0135554631446937,-0.154942301224467,-0.326236663406687,-0.191787938375278,-0.156560701376182,-0.456123540524889,-0.564619588691833,-0.027650998068555,-0.0464447985696366,0.0513643397562913,-0.0504039352866039,0.106991361307059,-0.606110903295732,-0.11199055510967,0.099536418288666,0.574373153125089,0.398971620485847,0.121834729593735,0.0184925157354315,-0.0478666562903431,-0.00248206490155717,0.431396707575573,0.0300504773916094,0.399652701017113,0.325365109024705,0.669835476435039,0.548537050818104,0.696160566781094,0.870240398527835,0.31502795673979,0.102616471810282,0.468734146258308,0.204673598235695,0.276440057969448,0.52010003474637,0.150472247814525,-0.0876249181128728,0.216397936332655
"GLYMA_09G254900","pink",-0.56586000019246,-0.3814170790105,-0.0795088481066632,-0.393545723558979,-0.0883637794248956,-0.338700822345388,-0.541737664810315,-0.641247586209397,-0.84708553717222,-0.70265314931899,-0.071610953636951,-0.324642607650714,-0.560532209332053,-0.436260379654853,-0.110317445116298,0.0311791472236564,0.651439838173355,0.127547865148641,0.546629212059353,0.120656946944404,0.0300486156862698,-0.00578764516474278,-0.0952545246111787,-0.0591902627486462,0.526092529663308,0.277678707312111,0.444875837806432,-0.0498738670229209,-0.0979205457897061,-0.0405089549049269,-0.108349062287627,-0.185061286621996,-0.357492041020168,-0.311406838134663,0.181207616860792,0.0465369169782827,0.133448331676881,-0.0289614629171727,0.154660949067194,-0.607653241441516,-0.129546510815874,-0.0163976691318315,0.430390194234551,0.321194428254748,0.163592862903674,-0.0292323974790392,-0.0821963264619128,-0.0173287731020808,0.399191385767739,-0.109325455315172,0.21645903255304,0.249692285067571,0.353522431011397,0.486169710047653,0.548265599474141,0.828478323514076,0.621124520870884,0.0147654251343555,0.415149829798646,0.254951346220498,0.571723599889818,0.720563315241797,0.259451890361324,0.164144291064329,0.177596120554759
"GLYMA_11G050200","cyan",-0.565682242356795,-0.584585474808219,-0.258571304839737,-0.572690652314028,-0.109833684512725,-0.368477612940152,-0.239079733721703,-0.131451993590777,-0.367742424292132,-0.197092120997787,-0.172093794582846,0.118062320631568,-0.0159166622718308,-0.155238721002529,0.211216795655294,0.129747247174504,0.486224553291857,0.416615994146054,0.64256688903369,0.918648811761992,0.507991712120701,0.0574589983298535,0.186211433006627,0.488032110987986,0.453445547396443,0.742050649623661,0.343964440577127,0.207883482902809,0.283905106980176,0.0382540744430477,0.292118799346438,0.367311000351653,0.527108622702009,0.25452097771096,0.439161856943265,0.407020432362252,0.0415180283527916,-0.0535526624733127,-0.28662463079903,-0.611147171215446,-0.453592957639889,0.0166354043122554,0.411223455029243,0.339321130278766,0.243607524775282,-0.222431424940278,-0.0133699912688012,-0.032624996399075,0.240158084777749,-0.0631118903188153,-0.192383071109196,-0.548460432126812,-0.153027722109956,-0.203166512387262,0.108507235212463,0.231546312207783,-0.201109777888988,-0.496864771317759,-0.325463013401203,0.127086024948739,-0.0759989227395089,0.414531314406418,-0.217610203320172,-0.356363968231359,0.119023597291634
"GLYMA_10G276300","salmon",-0.564950598024541,-0.43094588728699,-0.155042594171216,-0.521207656449622,-0.3480207686268,-0.486081272995447,-0.398609090816171,-0.253606677777049,-0.635508502322921,-0.569800916945465,0.0691673631311368,0.0699828910475321,-0.358666801909008,-0.271439032995445,-0.0867764535572531,0.00633086413779733,0.427704438342237,0.23138730568092,0.612544617265254,0.329586238545158,0.0682171819956663,-0.0228105349004579,-0.187513339036564,0.0359438990133288,0.820953596164569,0.517436631677945,0.480619044955662,0.113522968781603,0.22909854423128,0.236470696438811,0.231248068703863,0.108025130492524,0.0118500197477094,-0.0813645961064531,0.280264333946428,0.0663442717052046,0.169642029082549,0.118922584235026,-0.12030276335276,-0.528699021533963,-0.150502090694089,0.0407646065770808,0.364610604438198,0.289987927848577,0.280684519090882,-0.021212524781696,0.115280730385622,0.165349091539743,0.229420760250857,-0.175352675069189,0.0113961063311812,-0.0943642944388345,0.173144819191592,0.214845604450537,0.450376111084008,0.559398583808045,0.375971303617137,-0.0769526929282136,0.156873414651649,0.279559632646464,0.462053771420077,0.751232386225528,0.0964685333793969,0.079605654521745,0.299293569137475
"GLYMA_04G232400","yellow",0.564858190829877,0.725059836431006,0.471971999642164,0.82756317835077,0.435510366241235,0.492927137897577,0.288551766821583,0.162415244764414,0.688817057804814,0.49315471924021,0.21540164347134,0.0138173839976432,0.431191087153225,0.444402373747523,-0.203262984132049,-0.259272847180247,-0.576766735584258,-0.200521245491699,-0.687673232789399,-0.554888578450158,-0.243992461178339,-0.165248229929194,-0.13204671578598,-0.442795915359101,-0.665379894558136,-0.83217075759311,-0.672395876840539,-0.407900164147731,-0.366085227912807,-0.315559606732116,-0.345974068151198,-0.360054259173685,-0.252275876958524,-0.0864478949231255,-0.540040972094759,-0.395993184519382,-0.102157264962655,0.167499744111632,0.116567154045807,0.579756245487056,0.133008633352547,0.111254789509817,-0.563042523530115,-0.359556703496723,-0.312700831253563,0.264939473617021,-0.00994612272735913,-0.144934555299948,-0.279020165465533,0.251687929167812,0.0719682312510228,0.337273393344083,-0.102121185246804,-0.201174777082451,-0.394724551627303,-0.563958562044748,-0.0975606875586749,0.289257210577723,0.0961503979625311,-0.240145203956305,-0.361796785787317,-0.76120645621832,-0.0076437033268752,0.221016412675584,-0.149488989622696
"GLYMA_10G006200","lightsteelblue1",0.564722383389089,0.36228438502069,0.0338573112762787,0.310331625724955,0.255432951287605,0.806620033979316,0.687482683838339,0.351400346632942,0.503068690841104,0.871443608617668,-0.466147094212475,0.193834376599602,0.0504188982850122,0.152786936404122,-0.0959368860593806,-0.221493627911335,-0.446821363845614,-0.37873292534239,-0.490438985009575,-0.415545082920541,-0.516798063719658,0.56622599357897,0.365363429451163,0.324196766281786,-0.265489974570783,-0.270692231879053,-0.0372425690551135,0.192492852106079,0.0281575751047145,-0.205492547015559,-0.045031853780336,-0.0482776523566322,-0.0636400885708271,-0.317316169603604,-0.400030770511212,-0.329834332838556,-0.0788416253913821,0.0318537806453495,-0.0626027945795451,0.429472813005132,0.350718056604998,0.110698334792373,-0.0707027640377781,-0.148490575137417,0.00961182347449534,0.296090683323154,0.266600790217036,0.344068216579469,-0.383867315978163,-0.0422054519242003,-0.0188000154056606,0.045129196073388,0.0271332881403804,0.0957947554789025,0.0909080578870198,-0.345767458878608,-0.320333025040062,0.478103822701503,0.107201584450925,-0.298616959064173,-0.499263470250658,-0.742310819965654,-0.293496509115381,-0.442124105121417,-0.0170599209418843
"GLYMA_14G024700","pink",-0.564262788727984,-0.571305125295662,-0.226696352648463,-0.420605603923251,0.0546304615411289,-0.0623817070674963,-0.574678727354672,-0.706589161584177,-0.903783797133671,-0.545375477671062,-0.431308795678701,-0.506384774048002,-0.695896090414759,-0.657668888463084,0.0267256595706284,0.143085038159432,0.456070946560485,0.0682455796809278,0.585265407942531,0.158613905016055,0.0317540965995521,0.142993457906104,0.126577310054233,0.208247675553408,0.460731001812605,0.411762611036916,0.579538456503819,0.151163040778591,-0.15859459598589,-0.270701032598822,-0.0922115275531571,-0.01644602716208,-0.373014836116672,-0.374152131432184,0.236536439957604,0.294302141246278,0.189453802751733,-0.0377463032321693,0.30645524110612,-0.628030673760126,-0.128341708435698,-0.0995902682128822,0.60948271470707,0.35786022641481,0.2355110567094,-0.0828322815597447,-0.19108656460978,0.0216092921878712,0.452697918100322,-0.0550407651186459,0.309735602888034,0.273260107935189,0.56721568412014,0.549481530582178,0.605352369641845,0.892346049372999,0.226174853679848,-0.05782773078955,0.31624489686324,0.194722573980704,0.421345297019629,0.691753736815705,0.225888690118866,-0.0203031981262914,-0.0146034583051767
"GLYMA_06G114800","darkolivegreen",0.563822298361747,0.537011124780067,0.332516051155055,0.667547786523035,0.224479796735073,0.296173078813702,0.352495830694837,0.489838580645812,0.900285403730716,0.617362915984028,0.340835919247713,0.283730471326947,0.69545909525848,0.531972964676811,-0.0747520128765323,-0.0989987189662714,-0.68542847378428,-0.0321538718588999,-0.577946060183868,-0.234257914262451,-0.00924165195417607,-0.216949166848521,-0.19614220644328,-0.2898093347542,-0.546836131681993,-0.541519347869967,-0.678428250649464,-0.242723694081565,-0.0760893827440253,-0.0850645179083255,-0.146577634355182,-0.0478973258103241,0.201293192956123,0.267680140121109,-0.342058798453397,-0.185473419709558,-0.0697827086354872,0.119116849196801,-0.122643911408076,0.633588011744885,0.0169796088863269,0.0381407418021528,-0.674876774591949,-0.395836246978906,-0.267764858324331,0.100164578289369,-0.0035201904326895,-0.127832107588667,-0.424991859513299,0.148632166935755,-0.240065033924318,-0.0912897665016087,-0.364107843658142,-0.550569331037871,-0.637581218687947,-0.833127940052063,-0.420306030742141,-0.00502135528668059,-0.320942363688299,-0.290256402762439,-0.50941436749713,-0.732073647602221,-0.213876958967168,0.0842677957404005,-0.203371956771655
"GLYMA_05G189200","midnightblue",0.563007289884401,0.0508974130990748,-0.312150059065424,-0.0182648044347321,-0.414541264723713,-0.113018866862489,0.533658006551369,0.848755654201167,0.727280430810594,0.429963537917801,0.189870455986228,0.336885157904406,0.421061241760989,0.199231256100481,0.20242250295209,0.25170041085346,-0.446912917177197,-0.2186627789147,-0.475308911949688,0.0210947507838416,0.0700185053719111,0.106046637100398,-0.148409427858476,0.0919612224025353,-0.320723493224094,0.0389368890082256,-0.209795694283964,0.380030587611197,0.298752244261593,0.531277489320148,0.316423940453011,0.305420754813531,0.545482140953805,0.614488322329245,0.259660158791308,0.247064057478508,-0.127130255222073,-0.158249432305969,-0.0667817189365178,0.643684961615391,0.307838689254339,-0.272780541594121,-0.398991239787188,-0.395665557220591,0.0412978610841747,-0.102626331710453,0.0135056445815048,0.126307657306113,-0.382456517841737,-0.121674996793202,-0.432005494554632,-0.437377400878406,-0.540598442153438,-0.400641932981144,-0.571033925298494,-0.765763561445548,-0.5104807540344,-0.127603137757359,-0.583572505151276,-0.239414336321049,-0.200599968136407,-0.35098898144881,-0.130361858137859,-0.0767300231288592,-0.327880953189275
"GLYMA_07G174800","turquoise",-0.560110765193415,-0.713991450039628,-0.435160677685369,-0.735742357660361,-0.292335742806076,-0.409458435445388,-0.263835467306932,-0.164614505850479,-0.570304214581462,-0.319041507901048,-0.242763891018942,0.0050855718939867,-0.278861182471601,-0.355839228521311,0.231083878150644,0.234538292030548,0.586902323034722,0.26306036554642,0.690614138996415,0.634521857173835,0.395509248447905,0.156729406815141,0.185959409432891,0.520424198941893,0.539500253785144,0.858030892690888,0.576901077474169,0.364764594999394,0.41397181933052,0.17524576549944,0.330534401413626,0.378251927623392,0.379393186533454,0.162011172798435,0.537695620055625,0.482373938251267,0.208579355390732,-0.0814820155499832,-0.147164382259159,-0.60809272426011,-0.27670900769673,-0.0884019582266231,0.538072869004024,0.372238084350944,0.223069508622919,-0.395116951531811,-0.00855555936287908,0.075018675977491,0.229952631520747,-0.24347891798679,-0.133647721975328,-0.445083818188801,-0.0652100533919788,0.0450327851712038,0.264131595777878,0.439417549268136,-0.0686503356668103,-0.409037774026407,-0.207899218821459,0.244269008643145,0.169148321684632,0.606429917462609,-0.0748415738244604,-0.312822128687736,0.0857333737513188
"GLYMA_08G283700","blue",0.559984928394863,0.335743189793093,0.158302851026778,0.398073268588674,0.0844095370807769,0.0496109148877974,0.459133680092574,0.65943815057748,0.89845623426706,0.588205327242731,0.370961511781405,0.382082873572117,0.809449248975629,0.521256316826009,0.0130280364342813,-0.0195370509953844,-0.485716574511877,0.124569141867695,-0.402351955360528,-0.0481756544260177,0.251462861853871,-0.162846403848416,0.0151677536216004,-0.0297163417517692,-0.548579032636303,-0.301407592488307,-0.66725195037321,-0.0961297655951395,0.127790291438612,0.120583623146373,-0.0380795457114136,0.0104617339285651,0.526192322134437,0.5172990173411,-0.210604064439154,0.00664820791339291,-0.134001832806742,-0.0177895790034375,-0.274763229779696,0.511402184242259,-0.0926929504780553,-0.108620785110563,-0.7003463613196,-0.434486858511746,-0.36309603026761,-0.135052299668855,-0.0817014267142525,-0.249017085109954,-0.584201707756057,-0.119642299157983,-0.471698575717268,-0.440036939998796,-0.572592314353629,-0.726803195513992,-0.751451330722487,-0.911807631457137,-0.494095785607765,-0.253432718456559,-0.588785567526031,-0.429695017909377,-0.593161312867841,-0.670338207585861,-0.323756447817071,-0.140968520499308,-0.262767335399126
"GLYMA_04G139400","pink",-0.559472297079159,-0.560190354352897,-0.331601079432075,-0.610759742395456,-0.109738404451387,-0.16044165724152,-0.398231295413039,-0.607365698517463,-0.914621033663033,-0.522035518712865,-0.470667313335718,-0.366556975221142,-0.751005091681552,-0.594883843944835,-0.0415552654706581,0.0010798474878757,0.724834521810114,-0.0245456224184599,0.567934067520581,0.206681206747178,-0.0173023978183245,0.263082794750401,0.201589599278874,0.311016430425198,0.557070243595855,0.535484530982876,0.730185937371278,0.241303466050357,0.0193738482643076,-0.081430808818346,0.0720705626953583,0.075616137488088,-0.272270400910146,-0.37730388286337,0.287610336772751,0.19265570779325,0.151480724421138,-0.0348103258512198,0.191608681746254,-0.650101992234889,-0.030804881702961,-0.000910983070452103,0.746237227623613,0.487459621126241,0.27623404470968,-0.0722213703822642,-0.0044591550895173,0.165356670335293,0.440447664833362,-0.133046541666009,0.257966141572848,0.147228392854556,0.389314511225231,0.613455545182575,0.689356984701261,0.906836337654372,0.368394420199972,0.0365092992631147,0.361054485146835,0.245578062581901,0.463837472978873,0.660114824306503,0.160881636884818,-0.146778597900908,0.168219981358844
"GLYMA_11G088700","pink",-0.559459878800552,-0.412276411446683,-0.0329830079813231,-0.265705818042186,0.0558819869379006,-0.0597235732399879,-0.629023986963029,-0.694956806074045,-0.842834964213005,-0.605806343589864,-0.237799620389242,-0.446952655564655,-0.625656566707339,-0.517450505397748,-0.00878406529904995,0.132579792093079,0.319535493572834,0.121803193526594,0.538946814800723,0.0408571209613243,-0.0376698326915279,-0.0438722983227458,-0.00277100540028149,-0.0027066385647882,0.427701149621779,0.224816654288013,0.440957799222221,-0.0143719306820096,-0.258701763198281,-0.247010056702873,-0.158617974842831,-0.0983881945959522,-0.480666605258456,-0.372708157530888,0.160096415688107,0.0979691386411364,0.0406640914853706,-0.0759107633400429,0.226025018752921,-0.560689209602457,-0.114363053545282,0.0120200567214541,0.543769352025899,0.369736510414624,0.204145560142214,-0.0219315277815742,-0.207552793141486,-0.0396526243152567,0.584230416316087,0.126082705752804,0.292554880807971,0.391384007169468,0.705875988579816,0.509998518487108,0.568379454717475,0.85917130385674,0.327023196601497,-0.000665669910493904,0.391789249202071,0.21268178096934,0.460964803447423,0.707698664736601,0.332373386646985,0.162841593187347,0.0939682323161124
"GLYMA_13G051000","midnightblue",0.558909232688965,0.191010375529754,-0.23682515740081,-0.172155854667387,-0.499971387553848,-0.0823836257676454,0.808474077886193,0.938887729239373,0.667532624161569,0.51364847467867,0.0969319653773539,0.71111948474861,0.346420042392847,0.384724908074236,0.142553001249735,-0.0181548127059231,-0.256190917009085,-0.220962452809456,-0.388471977469542,0.0267455230930603,-0.182643422995298,0.341481734608308,0.049919178410694,0.264166718857342,0.0305756318415867,0.168983647631753,0.0113653761967608,0.39227735500906,0.60531651848965,0.621649523385367,0.524514180305437,0.344102956881637,0.587659158328731,0.403567856135891,0.163568021291885,-0.102458471065852,-0.0663076098152558,0.00286318069511403,-0.394945370109269,0.506206704930654,0.358492222619417,0.00739473117918384,-0.235707320730478,-0.241664295108278,0.137924736918179,0.0412003449631253,0.437429106947599,0.44714522644931,-0.45359469542899,-0.186489694960666,-0.436574603676852,-0.541627036348177,-0.616554288823501,-0.294531763337697,-0.228356005756873,-0.689855463168736,-0.239126111659484,0.169512983047341,-0.332346812372508,-0.0886880267745074,-0.259139616741544,-0.419371296133408,-0.273706981725901,-0.311471729783932,0.106581959384007
"GLYMA_03G225200","midnightblue",0.558644313515621,0.469032004914322,0.054964271071104,0.15133185212245,-0.317455161080118,-0.0914678529068823,0.682883774063597,0.833553466848161,0.778782448009811,0.452557896807485,0.388482137495844,0.643778804575545,0.543634747865267,0.596225930622021,0.0255399914858073,-0.107350254863653,-0.35580549625603,-0.118408474412903,-0.480973932206716,-0.115770077470167,-0.123508570151431,0.0118715658530498,-0.0918595829233294,-0.072161908952899,-0.188443763228719,-0.166658126193644,-0.331110589450178,0.0444957785719906,0.345624426925311,0.495560575628283,0.355306905481888,0.181616048228705,0.461016170238416,0.382839458018498,-0.107264278136965,-0.2650887381302,-0.0945204729979362,0.0756884807347948,-0.366921402553047,0.581763983125344,0.233936181475048,0.131149976918749,-0.454931037321268,-0.243233598594243,-0.133118090393968,0.0569493221885627,0.360333356898751,0.189108349133577,-0.540330210920724,-0.133377947694627,-0.380878635209373,-0.378425032846192,-0.597646062563697,-0.440611703425643,-0.427986915823865,-0.806383606233045,-0.140003775499555,0.136031078008809,-0.283562785874542,-0.0999543555402453,-0.288559935965915,-0.528364869140144,-0.247126003828064,-0.0708502431287255,0.120567752572441
"GLYMA_11G048200","lavenderblush3",0.558128303228136,0.295462860272827,-0.158709455188593,-0.06849786893247,-0.281654396335738,0.165497350034512,0.891225717200082,0.814314499263183,0.693617334946795,0.702678869872588,-0.106586999081335,0.678510509743388,0.31883460434163,0.403551068941239,0.0406918670417437,-0.176595617401869,-0.254136915445143,-0.263574631129231,-0.44042508914109,-0.0228085429381564,-0.270169897812102,0.506637298654535,0.198407508972317,0.360764306333403,-0.00723525832981106,0.0828310596552091,0.00727202535435998,0.338613031312427,0.500071021783712,0.370704315525226,0.417909952246171,0.324517368635262,0.509976322251955,0.199156419023692,-0.0227391222041161,-0.189788044791543,-0.101841769717807,0.0615196575128037,-0.363443720369842,0.471293113521265,0.323625355957604,0.104217052383983,-0.202173071572287,-0.200834576258839,0.121116548488421,0.200133582803158,0.510057705046921,0.490364676154483,-0.506259953413073,-0.15432666513405,-0.366343920244578,-0.472018608887485,-0.550874470113914,-0.2297388257911,-0.122092830193843,-0.664006718834479,-0.274072918769747,0.296903299340478,-0.208883443416638,-0.148685211662803,-0.432809878383999,-0.617985117702788,-0.383513256870634,-0.468609597919266,0.151778443182408
"GLYMA_16G179100","midnightblue",0.557409587421259,0.384937883710925,-0.0782842779417436,0.0620306597247574,-0.4000376364791,-0.0397239180674636,0.744146492395141,0.888456612239782,0.757963777657752,0.48761616614986,0.262716700780527,0.622148974219374,0.425182835958541,0.475167236228902,0.147346883932021,0.00400321466471472,-0.408793991137984,-0.226196093807789,-0.520698506956342,-0.101598459275888,-0.220494755945228,0.195588401294142,-0.100163938599047,0.0129228582600003,-0.15701195296811,-0.0908780385240526,-0.203371051358574,0.20917279872902,0.408319405450009,0.550068664517981,0.384694058833339,0.203715706856525,0.449203406612837,0.381374443075016,0.0182445275006182,-0.18159745591369,-0.214415138915174,-0.027043631748826,-0.298949873476123,0.637085600687201,0.36075527942272,0.0422475465231137,-0.412750097790864,-0.299513612650262,0.0165901432920135,0.0686364767879649,0.368615580606041,0.298968819735649,-0.468780542826202,-0.100615968416292,-0.329705700889971,-0.367213868756067,-0.551079712979869,-0.326751945563358,-0.353117032337933,-0.771276445758023,-0.195544928017887,0.206381012188411,-0.266635343195571,-0.0605888071923981,-0.234053230466047,-0.487845775657807,-0.183996489683844,-0.0949949830425254,0.0769852926000526
"GLYMA_08G094200","salmon4",-0.557225149092347,-0.398812688383169,-0.0801854826421641,-0.462925943428758,0.152518597432547,-0.0484246054025246,-0.231721330062876,-0.584115396734108,-0.758652227300596,-0.279133037269585,-0.403440634716961,-0.176967905604926,-0.428998065906746,-0.28663592443703,0.0606769266815278,0.0254553705844191,0.801614652324334,0.26483063407845,0.662562929914158,0.292923131195187,0.153404555307804,0.265188709301139,0.444463157797843,0.447131363504875,0.456819142556569,0.463978891544723,0.477771198440257,0.00477492129206606,0.00869066164395386,-0.238732011018249,-0.000654686661669132,-0.0516698781024211,-0.0722897640784941,-0.334022238224734,0.0787228174631653,0.0618327684162111,0.119746099368061,-0.127295972133484,-0.0789470092279079,-0.788942759965782,-0.328211064143595,0.150905173640906,0.59709405208456,0.508157285408357,0.0160949105171899,-0.192698073829357,0.0202262854799588,-0.0233386181290774,0.20886471979335,-0.227715889145154,0.177957652101288,-0.0558261918638268,0.197587856089682,0.329966789655011,0.586220836618451,0.710735871065406,0.37319597058558,-0.0639446522650199,0.319910203165737,0.134454968457779,0.104183028949654,0.400275398136249,-0.00674853284422334,-0.357921272125618,0.210734716061161
"GLYMA_05G058400","turquoise",-0.557054129439127,-0.668296642868243,-0.28736876816197,-0.633278340412584,-0.118817388787274,-0.458530552933593,-0.22260705719938,-0.123593453260563,-0.395066693595514,-0.19002150441438,-0.0964315867376575,0.096831844874924,0.0570264970542747,-0.144242019133557,0.203179038752581,0.140006987999719,0.656283328084437,0.517946630873381,0.762848662148217,0.807271836115274,0.671921420908014,0.0417308217204561,0.279576501029414,0.565409226046242,0.383937939203891,0.804885610965381,0.308102147979085,0.185384022595914,0.295073582115533,0.0859434734557205,0.238129670534087,0.402755383106466,0.62403032108361,0.269570818332385,0.35557145140482,0.474399530633984,0.152969376960209,-0.0474156668850381,-0.325446671989593,-0.685985863975952,-0.555330386701964,-0.077494151283055,0.336355946160155,0.339041592934883,0.0187794800485204,-0.488535412102847,-0.142576770223646,-0.201283152137203,0.0104480382480283,-0.360047356920271,-0.29494259800354,-0.678888676066022,-0.283966918135313,-0.286412121671357,0.0145956632458867,0.220789963743849,-0.169651591898301,-0.648794956253866,-0.428618502853698,0.0514864863821779,-0.111720832058079,0.419481432529917,-0.258746199472568,-0.446912392452978,0.0520597279776262
"GLYMA_17G144100","pink",-0.556580916205561,-0.376977089686879,-0.0770736798115026,-0.366170767376257,0.140421715901091,-0.033213358595755,-0.463629280511373,-0.770813558006884,-0.90818262864459,-0.513691942810644,-0.389655111712712,-0.417873697121412,-0.651197637995569,-0.478834159558527,0.00235082666155046,0.032641279642701,0.688768899092155,0.0922871177329398,0.552684520523986,0.121197462530569,-0.0313491523303722,0.161538637771563,0.183470419105442,0.163541196792319,0.439801160241628,0.298478862079059,0.518489549213616,-0.0216323125061865,-0.135378644310114,-0.299497717102127,-0.12182946943312,-0.229726167389115,-0.421865399215398,-0.493899366744745,0.0752944401609461,0.0501598821296368,0.089510144568709,-0.106137091016528,0.184572717313438,-0.689848372028285,-0.163963071158635,0.0713727670746033,0.614818795416032,0.437908202043378,0.118619751628875,-0.0266724374497931,-0.0310385909057005,0.017162239283445,0.403264984271581,-0.088924736819449,0.400747512600449,0.299115633183956,0.469311466832866,0.579067486157275,0.683260455012588,0.915423666326524,0.506742892401555,0.0815617207996549,0.507863057343986,0.229110382417612,0.385464609745166,0.564949572647398,0.18370163137959,-0.0467288125063978,0.169402298583368
"GLYMA_05G100400","midnightblue",0.556564140340875,0.231645995159637,-0.129774939438335,0.1587154939488,-0.297461891886999,-0.030367872046693,0.545675470620257,0.855273468528697,0.802017438634038,0.470605225914799,0.301434714546281,0.407556284862635,0.497352240390864,0.330602324613323,0.0698984866713665,0.0472242368137433,-0.533573898133404,-0.186005037218659,-0.513768368271931,-0.0514823615606601,-0.0373961136575018,0.0151902266770642,-0.205242947092488,-0.0592574509814177,-0.341387536762679,-0.137340231097717,-0.335667161635877,0.230768680804972,0.272663321381644,0.481632412645974,0.275147803492301,0.16783340738336,0.44894515990701,0.475105815528844,0.0228543695079857,0.0105352687466623,-0.169882381663418,-0.0133118438725286,-0.163914426497025,0.689002842793412,0.299517712870268,-0.155714456546211,-0.483182822810237,-0.405717989070588,-0.016648723138304,0.0318009164067383,0.091448429479694,0.0933044029164493,-0.433895779401244,-0.0885948086230051,-0.387015581875785,-0.35146390308644,-0.48521673735548,-0.435999796872752,-0.569312810166075,-0.806133385802365,-0.426375350975198,-0.0325817302208978,-0.491187334639966,-0.216083774267226,-0.246680434548374,-0.434438862340095,-0.166384247109413,2.71480371447511e-05,-0.16594283483209
"GLYMA_01G173200","pink",-0.556539881280725,-0.417780175090231,-0.120193678013709,-0.403787323782124,0.0635725429120406,-0.103162803956266,-0.469705105501062,-0.71349394503137,-0.880247476071283,-0.547641480730589,-0.320943976129708,-0.417650799007809,-0.637768929748339,-0.499692240084427,0.0150556202585163,0.0457293523485283,0.668602655422832,0.0988749068410909,0.555842061777118,0.080231305985145,-0.000527305492171265,0.142656507196363,0.146216256113928,0.149638919508013,0.45595328868867,0.306871267210572,0.51089202763418,0.00585521404884297,-0.102949789347896,-0.208054490259559,-0.111229320016776,-0.161882924440297,-0.392436307588207,-0.436060393223144,0.115640074784966,0.0545652941763593,0.146559697904691,-0.0894070073167579,0.18531070153237,-0.657053873793432,-0.130183036260311,0.00709698213847005,0.550977612079044,0.386824805652219,0.0921136459606196,-0.0785172873747946,-0.0881211406959085,-0.0109612491086524,0.430902452927078,-0.0781537588885401,0.297320800045459,0.267969180945824,0.476678125499385,0.558749262744702,0.637531410088296,0.890244155622196,0.511094575966718,0.0459836577929999,0.451420672826832,0.195010174951293,0.430010263139907,0.611010533511274,0.177114513151006,-0.0255801069107129,0.119515491111949
"GLYMA_17G069800","midnightblue",0.556265062741922,0.327703934118032,-0.0270544390077316,0.0446662393247717,-0.42628055091797,-0.135298625123037,0.623222348729219,0.818043534513185,0.62641471995146,0.26936251794269,0.328410040127611,0.557389707978542,0.321204967710654,0.385234815604292,0.045488911406855,-0.0225118464910945,-0.387775651612914,-0.21622747044074,-0.4410204447302,-0.21634302469176,-0.266937743082022,0.0823197824794714,-0.107900946218349,-0.0885497671159844,-0.0669985965581624,-0.140826518749278,-0.162828683742145,0.174065344567943,0.391533910303276,0.580041765559037,0.272239008332907,0.150216352766441,0.28249483526763,0.313735462176884,0.00233347198620963,-0.241111095864656,-0.0769267287730731,0.0128391214151202,-0.282960023618965,0.606482970968465,0.413068067293585,-0.0108296970558757,-0.44082354692827,-0.331276810378653,-0.0100750351278137,0.0397779500268058,0.273448678259759,0.264764542622506,-0.3447881514843,-0.0127641129395639,-0.321881517592066,-0.233064917993229,-0.397163870013878,-0.217969872882447,-0.261047215187953,-0.602359328612058,-0.0381591413610212,0.236974102275246,-0.186270534316883,-0.0751881540556776,-0.0836720462962199,-0.338046024134242,-0.09235389792504,0.0102617985794383,0.082844578310207
"GLYMA_08G089400","turquoise",-0.556068676875792,-0.644759584463352,-0.334253074177376,-0.674451886219934,-0.160828748924677,-0.296598669884156,-0.22093082406127,-0.152974490574428,-0.523732819611758,-0.203730160974863,-0.277071665356983,0.0999896991463993,-0.221235273190463,-0.309060868415187,0.149166268060542,-0.0177052485806826,0.493071585092369,0.352006813618472,0.755296260270718,0.606536879825387,0.309774786697274,0.206221477313171,0.252841502672972,0.576211840823084,0.604002632526282,0.80776275094742,0.53305054884389,0.337487247714604,0.409249500563172,0.0636469181682188,0.26294373813812,0.32040210871978,0.376152601261709,0.00634329513134816,0.294577140566345,0.335649384529367,0.105784526305346,0.135295492615286,-0.272126893141595,-0.640158058655175,-0.335502817686048,-0.0371490590199185,0.433743708271649,0.350802815329423,0.156864602576446,-0.264431774532504,0.0478404574773908,0.0640425162276843,0.0949875367452625,-0.299618132529527,-0.157782601465081,-0.476417820075581,0.0365887287025751,0.00070338409251579,0.340358913345108,0.430000052544704,-0.122142203454298,-0.356101023466236,-0.20204411438874,0.217805369967851,0.00932951738377562,0.514307280974739,-0.254640277681793,-0.437944094652662,0.233819874856189
"GLYMA_10G145200","midnightblue",0.555964521483018,-0.0230577741419312,-0.406972247290807,-0.195028660392962,-0.545472083220588,-0.209462089803154,0.584928558767611,0.933354947079739,0.6610250409122,0.412265208805009,0.152058392987903,0.483725991281085,0.352302588710457,0.177446727247592,0.0837950690228391,0.0292526726720617,-0.335039050602863,-0.249091171472857,-0.381921288713336,0.0742202154919731,0.00451738256358108,0.179152474264502,-0.120821838979679,0.190233957202315,-0.0814078218471078,0.217691895843688,-0.0159682367643106,0.507149527604502,0.530822239563269,0.654714531407086,0.464055032098085,0.495823165037105,0.621336179553538,0.545405834991265,0.260450021804494,0.171540341884668,-0.0185196858636107,0.0660027252651654,-0.204642700671009,0.59491764724447,0.366184512274351,-0.251195075209099,-0.328696801421691,-0.355397679400856,0.132896536369828,-0.0513215503456766,0.165691592960308,0.30148599209549,-0.477575516521834,-0.251336457800423,-0.444146751408875,-0.549077452901704,-0.585084288507512,-0.353714768281247,-0.448527385606911,-0.696020514183812,-0.477731004450588,-0.0758985556504641,-0.603350565289254,-0.0977017312762075,-0.159117768830684,-0.294572987759052,-0.239758987205217,-0.186168228860239,-0.0922273078447085
"GLYMA_10G139300","midnightblue",0.554934255435029,-0.104431965165776,-0.388636297385559,-0.148815276386101,-0.326878905702273,-0.0353921316539519,0.604076325908079,0.845789799341401,0.64848279404418,0.537662190771258,-0.00838014502065004,0.355923440892125,0.387173596552358,0.117762906968955,0.221382960746005,0.122797748947451,-0.3163961809968,-0.155219967927158,-0.308216279401234,0.065835509891562,0.118965266292971,0.249569719068211,0.119870267925377,0.371574364620132,-0.230809132846271,0.213028566584274,-0.0729799290898618,0.501463880793109,0.44346633857289,0.466317200741573,0.330208772287981,0.424010350919984,0.632173488811694,0.527392592890696,0.208313658050999,0.273938425732412,0.0891496924249515,-0.0196717298044392,-0.180883791996421,0.500863675307122,0.248825755500254,-0.317912081646857,-0.336807600901723,-0.361422636367036,-0.0234120003710417,-0.221615146770624,-0.0163259700060417,0.138542921072765,-0.523459609410893,-0.293456273978404,-0.484452394238451,-0.587083638437416,-0.544208180980513,-0.395775156720912,-0.476088612686505,-0.677984750253951,-0.604313789533583,-0.189963178912002,-0.67032513003196,-0.28557334807114,-0.34569015882034,-0.383535148836442,-0.326058485876718,-0.363620752165772,-0.302145915425347
"GLYMA_01G167500","midnightblue",0.554848920204802,0.271540992679291,-0.132241375765736,-0.0442150218678236,-0.342437393205159,0.0889088941866604,0.791348292090164,0.859111422584869,0.699938037052462,0.646980763402914,0.0570013942885509,0.672850385934271,0.395991588468125,0.42139068839182,-0.0563532349573188,-0.19054755713328,-0.33994945780642,-0.173699905861747,-0.373204200864062,-0.0347580721278542,-0.192590014779705,0.324471360034273,0.081039453220018,0.269184075810912,-0.0294060774656197,0.0696098378265923,-0.0824942742847071,0.299466013309927,0.487462142010452,0.45429305015505,0.377370517982789,0.271615286517266,0.53680015651696,0.271987683736936,-0.0528512539478616,-0.182383921100153,-0.064231605991109,0.140313368978292,-0.403674205876042,0.492660187371089,0.274335280750706,0.0563883560876533,-0.276489347438683,-0.246951486836643,0.0502893923213533,0.11053651517598,0.422714031602222,0.390370954082046,-0.573849156002146,-0.240836588358408,-0.400433080238513,-0.504641237681053,-0.519066693556987,-0.334927871172897,-0.234829675664634,-0.698575479812084,-0.322576884649498,0.168813450123213,-0.312908793532956,-0.167550069495448,-0.379081332008521,-0.523270945052529,-0.314725672152657,-0.350002215830866,0.128681080816093
"GLYMA_08G145000","tan",-0.554669487612562,-0.301708664638479,-0.0768164201786956,-0.38447241951541,0.0186484505420474,-0.10257129438754,-0.315634105238471,-0.480849456857265,-0.636439376551851,-0.33126745689241,-0.3048584734881,-0.149432319865834,-0.402558505770412,-0.218057135762615,0.0581230338330206,0.0634905792300387,0.537271768345161,0.188250113810326,0.546464301274124,0.23591844140859,0.113045974906651,0.0982395314335333,0.236035281222272,0.254650147773539,0.371461563517939,0.405819581493188,0.407039753821171,0.0355656232259973,0.00896348638861934,-0.181730733744688,0.113535994853013,-0.0364492456619515,-0.105189672867673,-0.180008637009733,0.204929244380573,0.113388743197128,0.0438566332367171,-0.0464466183426617,-0.0190570969889896,-0.601320974899989,-0.239562261552086,0.394121223475539,0.757258208386476,0.820453983432459,0.150210104637784,-0.0556016224894369,0.111366672669236,0.0450208607714591,0.356779016542023,-0.0583011325242466,0.194632071631867,0.0186939719748763,0.250981181212992,0.282278302767066,0.505406930493068,0.618671855188689,0.215379481106824,-0.0584375431353227,0.25629718579532,0.155341777969164,0.169935149061178,0.438391989737066,0.0043165280477371,-0.176440260912935,0.2225830857292
"GLYMA_10G031300","pink",-0.554338503358678,-0.343777209351215,-0.0742593301257164,-0.382925405133526,-0.116795848709531,-0.211961500024234,-0.518620824409822,-0.610335790072167,-0.836060151435885,-0.667218422279069,-0.128429594877035,-0.310766007798536,-0.636028069209437,-0.440788932288761,-0.128098942285715,-0.0942087689420412,0.472327637266196,0.0912328931564104,0.533500494976156,0.0678162612547326,-0.106150390449288,-0.0146028355912108,-0.107679428123816,-0.0539726923376893,0.534214889007946,0.265239261792761,0.493382106339611,-0.0235993001726689,-0.0798853290141048,-0.051993413505463,-0.027825179863517,-0.10116150151294,-0.420076319760584,-0.432050744518682,0.0989633617503928,-0.0160470942116559,0.00332965003282992,-0.0162468767262305,0.13926030580591,-0.539653437776323,-0.0516415708187061,0.0717231509960997,0.515717276089932,0.38376165914823,0.183780439210409,0.0315312373713303,-0.00638263422439172,0.047704980066396,0.44199130767642,-0.0410631362419003,0.363607360706043,0.322249124468126,0.59769435159949,0.535500456428467,0.618796111949075,0.851612485902069,0.529268402496829,0.100286148048676,0.477442471467589,0.28845769848074,0.563566240775124,0.737631735363927,0.312947438094159,0.195204351463448,0.302144972018763
"GLYMA_20G245400","royalblue",0.554071719513085,0.265860172172685,-0.321879228193105,-0.00702988206416588,-0.5519104858361,-0.0601360240859857,0.378362592402706,0.432039865193952,0.235042617465901,-0.0308288825934285,0.158156136590715,-0.0509700064772952,-0.255229040635893,-0.0960605755719478,-0.100196305698783,-0.0964931827857995,-0.252606256888807,-0.705836528813219,-0.677202636978398,-0.578052137999388,-0.538598066159344,0.155321209285135,-0.447844198235219,-0.366860685845805,-0.191101423731374,-0.270790799734446,0.108491967093017,0.281768424913728,0.0813625021395003,0.604614038391553,0.195744643160136,0.0331965939279528,-0.266997724634444,-0.0253417539943608,0.0634538270415435,-0.138357526535785,0.02176845140523,0.105444300292294,0.379757901679158,0.709149525491571,0.801505199970369,-0.237172112420042,-0.209606933368291,-0.375674720442807,0.158648656959659,0.242686503333238,0.184029624853303,0.379111088402958,-0.216935061786265,-0.142699794264397,0.13459334564024,0.313914308085207,-0.0789652114823002,0.388987334823404,-0.0539696970452867,-0.19121858895542,0.24819407654403,0.50832056908259,0.189351777459098,0.0838637213837737,0.518912494160998,-0.0528372258286123,0.401878885889603,0.409318092825391,-0.0982501705233937
"GLYMA_19G211700","salmon",-0.554039305870569,-0.372825619206327,-0.0410100995512517,-0.500377605371535,-0.0937559773537843,-0.228710860583455,-0.169502239656107,-0.224595984293395,-0.506021602191796,-0.207309716421947,-0.174781782293956,0.28870863529241,-0.185226943200565,-0.0770288181710582,-0.0535954850352074,-0.127492797815751,0.467398655193675,0.384862304300109,0.682187131162755,0.577953559480053,0.113962854048633,0.184433071532979,0.19794419703488,0.39399371130096,0.857135475195278,0.594581870405794,0.45002893592133,0.0808024344912238,0.294826675757936,-0.00678474200920292,0.20077220068917,0.176453222928649,0.237581243815439,-0.182411945951809,0.0809754321347098,-0.0376528249958714,0.0567361446314199,0.0816480182738517,-0.383928027422066,-0.671045342756027,-0.351314764734384,0.227940994988933,0.40357292019625,0.409369395700947,0.254061459048333,0.0213362709609688,0.234970689196984,0.184427999308363,0.084628305274002,-0.194002408927997,-0.0732276879369236,-0.327207887077342,0.0873713009309365,0.0446865810802327,0.503914746635629,0.432855991396465,0.186223949838764,-0.0921768787924143,0.100718421852111,0.187801972915923,0.018337699302113,0.431507986584886,-0.237914476953014,-0.353849681191508,0.442763743505174
"GLYMA_16G181200","turquoise",-0.553767111461979,-0.573111428742189,-0.351308024047689,-0.72158882375209,-0.29572358356383,-0.291544854178385,-0.176848526808399,-0.1642499858589,-0.618481579523029,-0.267018515436208,-0.331894664622224,0.14914843631368,-0.39808418088095,-0.302975920937563,0.000727624027127958,-0.0159060931232545,0.548456166018072,0.181539555277626,0.67196292738187,0.520813375152676,0.114990191446713,0.284058331657773,0.21203057353231,0.512995508825359,0.724132887976568,0.811113461934953,0.681174912866396,0.373241602299314,0.404114955926663,0.149141879285016,0.378472782153737,0.269751713516342,0.238246259611036,-0.0855721877460059,0.359418765109059,0.216648958550858,0.175386215424221,0.106827302424504,-0.232083450372811,-0.626940045180809,-0.175884747677718,0.115882861015199,0.684917821545719,0.520172991502024,0.358457055141097,-0.111469830057607,0.237093378034468,0.297179003072232,0.183295345895011,-0.274970606014421,-0.0597064749620303,-0.342459031365991,0.0520735205624203,0.200927634573079,0.527411537529471,0.536505849380286,0.0659962066534829,-0.142392335640418,0.00695367286086375,0.263649514008677,0.183633352583288,0.565338898455586,-0.153646867346633,-0.371886049599508,0.331543213566203
"GLYMA_01G033900","pink",-0.553705326739148,-0.155528854641526,0.109622069065541,-0.0262292761319272,0.275551664465526,0.161957268782031,-0.566498968563501,-0.776182586672065,-0.772126209005068,-0.490509548996761,-0.277838664813183,-0.511053887939464,-0.635403407912039,-0.442679414401588,0.00093768168989612,-0.0248464822522472,0.253893778006458,-0.00362032744868751,0.341813183442071,-0.109576436962725,-0.2347409899462,-0.00564420057085376,-0.0468776949247978,-0.152109850727048,0.288437173908536,-0.0193413391066051,0.346984834002606,-0.133887774772618,-0.31652639640246,-0.398071197211132,-0.24434343093924,-0.320198715649445,-0.687736264476656,-0.588141193681515,-0.0668442865495212,-0.0920967959543723,0.084578522008297,0.0965699050755432,0.316384698108192,-0.459867884646365,-0.0333080511345866,0.142149043088211,0.504672593273336,0.363539385878146,0.151386046367358,0.224789621252193,-0.0560452452974374,-0.0109084761922708,0.539288576471974,0.222079074247358,0.515114330595029,0.601904385259786,0.706979513092594,0.609179798924779,0.621666562275178,0.835483587803793,0.427806600344269,0.2171681889371,0.609241990555484,0.328042016494722,0.422215078591119,0.519295551829646,0.314448663062084,0.24681973466662,0.163726366510972
"GLYMA_07G263300","pink",-0.553182962675574,-0.527681457095891,-0.177785698840477,-0.469182045980241,0.00391702352992858,-0.0477807205504284,-0.451132769178667,-0.546399370205172,-0.77605000868595,-0.387008403364463,-0.464738519510251,-0.217655348415107,-0.601509798877498,-0.486951093343404,-0.00624571487550331,0.0126607517548939,0.480142847188929,0.096893850629834,0.60446479740539,0.283369336590812,-0.00951660094278347,0.186309619053714,0.182785188030305,0.314159227118303,0.636213480896758,0.518950185945662,0.648347168992904,0.199806225342641,0.0602284362538338,-0.22765472276888,0.0868122365213699,0.0905964348096671,-0.211650040749523,-0.333899713990118,0.237756096089557,0.143802863656236,0.179504993374701,0.0263320252831946,0.0447387176165857,-0.64587448496715,-0.140353612642198,0.109645967685828,0.742983142802883,0.507899953069073,0.327975084370804,0.0301946767225202,0.0260764587953324,0.209873608261036,0.499361748025256,0.0781570185881166,0.134892312936222,0.0935328569841685,0.472916121536999,0.453119603037643,0.665190880311396,0.811743703886291,0.167179813369214,-0.00286518838480968,0.264611249391679,0.177464703224611,0.26373441466195,0.581973785406276,-0.0209361199633794,-0.200444357117837,0.18473936887285
"GLYMA_06G297400","midnightblue",0.552981499361815,0.255146278551986,-0.142986792813361,-0.0714052081425813,-0.431924959524311,-0.135363347225273,0.627790485347132,0.815422576920347,0.603342463164652,0.384015755480824,0.183632677159883,0.629034938607982,0.337874793305294,0.345083686662698,0.069123657541654,0.022466315056258,-0.330952447011874,-0.175005885543022,-0.366639266111971,-0.0553122162133131,-0.190343113870823,0.200998265245136,-0.0290400400441421,0.103288013383454,0.0563323702073167,0.0497560089598992,-0.0742226034626081,0.294408398006677,0.452653400678623,0.519931054935329,0.437266967778782,0.223844935648332,0.458192933592434,0.395917195617479,0.0837579994749933,-0.111898346862998,-0.0870239758920046,0.0148717293414704,-0.311451572308536,0.499701845308327,0.307558844619726,-0.0120050854030917,-0.353124316685929,-0.291152344694636,0.0473794305474272,0.114510239247203,0.410373175432517,0.396533887213371,-0.475726229090276,-0.172322776226459,-0.417338926961343,-0.407262826707953,-0.483823609737377,-0.281001227478817,-0.22109480339035,-0.622017341894673,-0.183842389845427,0.174854101158098,-0.295410281699365,-0.0822190757107039,-0.191202105135255,-0.355423923353706,-0.301890622521939,-0.182842705576419,0.091579942408031
"GLYMA_08G338800","turquoise",-0.552873211180184,-0.67071275641313,-0.417826419729726,-0.670683686317854,-0.232048419630623,-0.41589725207976,-0.206117587098327,-0.046151320883233,-0.373647810154258,-0.160695970338404,-0.194954056562474,0.108606475610249,-0.0697890513550682,-0.227912437330408,0.124640534460923,0.139927450521909,0.513650423040626,0.320334189165326,0.637663656185371,0.719424940842373,0.506270140737088,0.128800454473869,0.179120496279967,0.538980360349017,0.467723846190835,0.839536473882565,0.426271913849092,0.357068023110164,0.421631098173534,0.164011907583627,0.336730438551684,0.391366985704142,0.557064948322759,0.254104781990941,0.44577877894451,0.503874082900923,0.199397945409743,0.0118577917533797,-0.209042258425532,-0.55706618539277,-0.365605048074899,-0.050652360539978,0.41552069699351,0.377402165313267,0.149688050090463,-0.362632454422145,0.013777283456848,0.0123883584705035,0.0851392065665548,-0.296691701217757,-0.245727579509993,-0.6020316877603,-0.254108136441768,-0.161848873153073,0.0922015217874849,0.224601902571903,-0.250014603956628,-0.517965416894466,-0.391030751093905,0.139921803265776,-0.010490758347345,0.442681866210159,-0.281523936443624,-0.406517954862393,0.0529208622126065
"GLYMA_13G235900","pink",-0.552866102889079,-0.275114818013861,0.031019736994101,-0.231425455057543,0.0513441432427681,-0.161658944149644,-0.564049822497055,-0.726315239890443,-0.833209203658302,-0.639915751338538,-0.0650572640017466,-0.415358788094778,-0.577468026082473,-0.402842563032368,-0.0779194809143351,-0.0488444165935102,0.573791201405491,0.10654113960775,0.488936796343336,0.00187602809489533,-0.0473362632885897,-0.0605749977043554,-0.131247678221111,-0.152723520644245,0.403340431832212,0.142940693645578,0.386110537121148,-0.16257865965767,-0.186870905650569,-0.167050495593076,-0.177559024639708,-0.248205064139351,-0.499197879338345,-0.42813663032365,0.0564103575249473,-0.038647142779858,0.094678650920126,0.0713010783675094,0.191010259689948,-0.567111505061146,-0.121905866206379,0.0309041064956042,0.420246935027346,0.307669352225717,0.0704199921626191,-0.0468138573792639,-0.0986279220381081,-0.0732210761763748,0.436595432309417,-0.0142791390856061,0.379132685976514,0.396755421164169,0.489058885730203,0.524617612554252,0.547782348305415,0.852519731316488,0.627002945432737,0.0773145189420186,0.518460972638904,0.310289119542661,0.551061732768158,0.665315629687498,0.355775188908177,0.262145437308218,0.195352767220297
"GLYMA_16G203400","darkolivegreen",0.552714784170224,0.33454397016235,0.0888957771775466,0.420691196647135,0.0747635868730861,0.348612825439779,0.532329974923365,0.652481457214383,0.869878797031527,0.735321647854431,0.0975963236962191,0.356766940796942,0.551127781595988,0.389889333083932,0.0109723897033776,-0.0334483665384356,-0.664451819739406,-0.117980618542629,-0.507345967119507,-0.154704666493123,-0.0586884859354658,0.0742755785585388,0.00870147396457811,0.0290484142032708,-0.422223034425728,-0.289129920335196,-0.433158019192266,0.0628488416704692,0.0788173162112464,0.0411372692168356,0.0604390713310948,0.147402206452198,0.328949697578233,0.304914523440251,-0.139818948704755,-0.081410011909503,-0.0916801846456178,0.0801406734159283,-0.184143251014161,0.602969126607302,0.136942583865981,-0.0309268729269777,-0.478724896257838,-0.337501606646616,-0.0799660876910358,0.0412915643529853,0.0213958951335554,0.034923479837982,-0.374443177972325,0.0959887493644781,-0.332934091080094,-0.245791176520393,-0.357455800275239,-0.465417081606178,-0.509908611063044,-0.797740619225517,-0.573638057874327,0.0122626242885549,-0.414110363806549,-0.331392113122372,-0.544165454605434,-0.686798684284122,-0.300256747794078,-0.163862160557386,-0.201101318455238
"GLYMA_07G128200","darkolivegreen",0.552570788668641,0.447743966146606,0.263519650330613,0.564476381890428,0.0372640292907656,0.11855944915878,0.306482200021887,0.558947422817721,0.859622214570116,0.483086177589438,0.469911361697579,0.327867362299799,0.680905758165925,0.503936451289982,0.00304157227611045,-0.0207880901891297,-0.68226645810205,-0.0145018055703778,-0.532578071301491,-0.201281242028214,0.0254990831940339,-0.258356513490035,-0.322854705751394,-0.338202248266268,-0.457426412199821,-0.446940262009417,-0.621705424389619,-0.197813129333891,-0.0498650489291236,0.0842467661534745,-0.0434652826923127,0.0486902185121331,0.266696264530151,0.349446815079344,-0.251458425672064,-0.121157499102462,-0.0511692579418615,0.101663369537933,-0.121717455660418,0.642017152813935,0.0405287962196575,-0.0502391085962992,-0.695939393381988,-0.442227487577668,-0.245658634347458,0.00943119314650968,-0.059208250160729,-0.119555030719211,-0.44412278590766,0.0674507912438549,-0.334511507120119,-0.14663056093075,-0.391610559061792,-0.566994493707954,-0.675996204400728,-0.839432092333286,-0.368640323929076,-0.0629326006835438,-0.376171723075183,-0.274613654267234,-0.377069071923239,-0.581800688229126,-0.164435554963648,0.160394067092733,-0.230102976043007
"GLYMA_14G055200","pink",-0.552188232054829,-0.304211134661395,-0.0639626896960036,-0.319212443066783,0.0296777532020075,-0.198242599660198,-0.509809606084058,-0.719808726664234,-0.822448756602986,-0.609904088518565,-0.181540592881372,-0.419706910162645,-0.590957556133333,-0.410259294938614,-0.0387127768222107,-0.0446630006038632,0.716633169141663,0.0381176501461145,0.449239305259796,0.0710566696018097,0.0106453518756847,0.0274236847833093,-0.0576999052265028,-0.0507221053020452,0.360273678197866,0.220940034849919,0.442281777498226,-0.077063728900892,-0.128364346657419,-0.17726379043071,-0.12894535262653,-0.186544747362737,-0.422293076252451,-0.400561122245349,0.133520253001688,0.0584231753022043,0.0955276859200914,0.0139902300532355,0.24344140071212,-0.571620086511897,-0.108797744925866,0.0702011424372375,0.527822774267201,0.424006458058082,0.0973671669407021,-0.0304045834273772,-0.0495477152102334,-0.0215576133150624,0.442354256605706,-0.0289134160902268,0.36895135223879,0.327299217793366,0.35004433392597,0.541634233927243,0.542024680933993,0.836026816163699,0.579984346916617,0.066909050513845,0.475062966727311,0.334824763258125,0.508245121057154,0.586855110293262,0.251644491768352,0.146550691052338,0.19051649707296
"GLYMA_04G175300","cyan",-0.551779957109844,-0.555715374071277,-0.308911906466524,-0.635738842525997,-0.156553650592654,-0.504276664612271,-0.190432599074221,-0.126988905439875,-0.371063618044193,-0.276458151497573,-0.122569748000942,0.0794284695041558,0.00136916279746377,-0.137451815112372,0.255163068338771,0.0952998713887419,0.678905416298668,0.382864347664449,0.595132173982384,0.831377571764714,0.567674901318687,0.041805447976944,0.253970859498687,0.476448416081319,0.348922646988526,0.7180560631371,0.316181177145602,0.187802171950765,0.323346732850355,0.126509713137602,0.284485233997954,0.342798627461107,0.548160141867299,0.301582378133149,0.429735556570133,0.413785023685085,-0.0464455817180422,-0.0878660209561493,-0.254253300109643,-0.604452398677518,-0.435691200944826,-0.0361004174461093,0.356204007760514,0.296035242318941,0.145814094887352,-0.273579777395513,-0.0047221763489347,-0.103085840241713,0.180359014527382,-0.149969550088837,-0.230096186389104,-0.582706987259753,-0.289014813339017,-0.198873641122111,0.0485575344802337,0.217410568237986,-0.0711932917165846,-0.51176758314863,-0.324749365015249,0.0804208709396543,-0.0362790401784597,0.373545753565254,-0.259858347771897,-0.378769472521676,0.100729136258658
"GLYMA_08G009900","tan",-0.551728302426363,-0.189088175383687,0.0660389908860047,-0.245834724906954,0.116499274415198,0.0176441072172521,-0.300129672428825,-0.472316739652164,-0.56018570327274,-0.217582863234294,-0.271640729781063,-0.07963086825376,-0.34030888561794,-0.113885204427576,0.00873003178297725,0.0280418987718996,0.430784149238509,0.219619363968723,0.527916724029273,0.190983605381587,0.0391473968695303,0.0740697912247643,0.1836163506138,0.19535969967998,0.421782905362549,0.308356815487117,0.341912319210598,-0.0496007351458003,-0.064472227327411,-0.256374787306007,0.0214043448611466,-0.0568728686230902,-0.141637681358109,-0.314004015846995,0.0185530434156127,-0.0287015817465438,0.10212173981131,-0.0561925037821726,-0.0672908803931388,-0.574041359506944,-0.264457207022353,0.541034131080769,0.704891300348961,0.919448780171632,0.122595481665723,0.0651104108653868,0.152883504070754,0.0323033872737228,0.315285986495042,0.0157607668158754,0.142040943273127,0.0544811067036055,0.292725071415238,0.245066473656382,0.5238106975256,0.567289735247594,0.215676201085813,0.00478502768978021,0.318283284552548,0.147421636295935,0.0818653475130428,0.360911680106853,-0.0476202310084192,-0.169786734457249,0.281830203486161
"GLYMA_19G241200","midnightblue",0.550731240793764,0.110732470782679,-0.382794374395159,-0.219403312939614,-0.617735691886712,-0.198812308524185,0.667626310090268,0.914642782925972,0.583151325316502,0.334258044073,0.135742714964733,0.5082862213745,0.202540389407575,0.194572152463319,0.0906796633554506,0.0182893349158085,-0.275205287914249,-0.371212050256577,-0.460950938441276,-0.0422671760314337,-0.209275407105337,0.267196372868294,-0.128315291695165,0.119883705464525,-0.0219436597877012,0.140586514604973,0.0541267776962502,0.497053906479118,0.524562669125965,0.732788697751491,0.525606778302093,0.290142909194817,0.460279423562097,0.419241564334378,0.220309029553368,0.0106460075226368,-0.0528629931771822,0.0156905923455471,-0.167798846785271,0.611395201414339,0.508785677202903,-0.141288698140849,-0.241499463189004,-0.294390379406107,0.169810672217175,0.0661584157515067,0.334334103627617,0.426921532002249,-0.401473174228996,-0.213351530538335,-0.359202621324968,-0.407290847094352,-0.530488424505886,-0.164262012408191,-0.267752926114925,-0.602396490616981,-0.222841893165654,0.161195927516245,-0.355050428127578,-0.0821077417367898,-0.0229682535457012,-0.260685029710313,-0.180041206151679,-0.127858150311622,-0.0181039404272271
"GLYMA_14G119100","pink",-0.55043896463191,-0.310154602443374,-0.0209318751527838,-0.26271805623989,0.0535220539744304,-0.187551429866056,-0.592091012383132,-0.775012246918633,-0.879987649417799,-0.726559138931927,-0.132914480713634,-0.538575023124988,-0.627077906838643,-0.475273270596839,0.0547043379003775,0.0900079856827486,0.582627655861279,0.0791411435573856,0.459276932174069,0.0135510387417931,0.0046036635837989,-0.0860038271867936,-0.0501459316433764,-0.128634413874491,0.312168459534286,0.130804726591801,0.38581503017815,-0.140493387951063,-0.281722772390925,-0.189369933841117,-0.211869860956857,-0.182344125952916,-0.523515073264209,-0.419911035686312,0.0859229153498053,0.0805201406379083,0.030831189860057,-0.121447757764214,0.330273379481658,-0.552647129323515,-0.108109822187962,-0.000902231009095769,0.454494489546713,0.331807303879641,0.0207510267019117,-0.0465161834291853,-0.187344955908787,-0.137467344257054,0.484578217606628,0.0318285347387768,0.440501839855456,0.444987737993921,0.532406860302994,0.558961690575654,0.525509510943561,0.868676246188621,0.597980457713428,0.0440735302918951,0.507558201617296,0.231331964797938,0.574084142317884,0.679023991613414,0.420709848691267,0.263726411570769,0.0738341373641882
"GLYMA_03G215300","lightsteelblue1",0.550436992653678,0.466844957394135,0.202819626647412,0.493712816576811,0.235118398647277,0.627510594982982,0.5937468053478,0.480646139495245,0.756393647264944,0.898435142838227,-0.0964529572137189,0.379325202225466,0.406086761949985,0.421881384343659,-0.115025380079854,-0.198001579100694,-0.572284854899195,-0.192214537866441,-0.512861677490751,-0.269006915339476,-0.290737549299269,0.279801216025058,0.0947108037242204,0.096511991215274,-0.321527763314337,-0.333960097223011,-0.318766255869199,0.0021304283298476,0.0505809409711993,-0.15621902855139,0.0157209771752304,-0.0476069628450566,0.154347924538435,-0.021263643232437,-0.367019257450799,-0.297343808169341,-0.147827707855115,0.16132734327009,-0.201510450171496,0.489512359482896,0.14882158725866,0.156774951939693,-0.281487289948017,-0.204550080939773,-0.0577812797477246,0.218330231119904,0.232591700263448,0.206311384156854,-0.434304721456122,0.0125688935638515,-0.233651641288876,-0.113682329407593,-0.237985414214982,-0.267642092491985,-0.23178971125728,-0.638668753474154,-0.422765427963795,0.265846128616122,-0.112712332161589,-0.282220021126517,-0.594138267363179,-0.783695582157824,-0.297030837398217,-0.283715594098313,-0.0345095332308857
"GLYMA_03G131100","cyan",-0.549488614926075,-0.427853644862945,-0.0523979563308282,-0.470689945479661,0.101745846185283,-0.222489456597253,-0.0591628725600912,-0.124346211185725,-0.272129565613258,0.00293549668751866,-0.195816040068122,0.273615828567751,0.15395890125135,0.049977579341874,0.173531205912797,-0.00587066517414603,0.538546367746066,0.581056132141832,0.692864991480826,0.917689420213361,0.506729349532441,0.145582048201016,0.453851793967668,0.625539867905289,0.403427956062043,0.644754417469774,0.198833546285421,0.0550274606239237,0.298981271052522,-0.104173551807822,0.165003899477807,0.201613355461488,0.597239545569688,0.149206483615694,0.176110746310789,0.217855757420535,-0.105577153417918,-0.0734458928762,-0.516310921895143,-0.707833593165595,-0.611602094956681,0.130457908846112,0.287613851836393,0.321863337152727,0.0559591365092107,-0.23377319047053,0.0526880057173006,-0.127401395200068,0.068005073890179,-0.132514617078495,-0.241100793438448,-0.650290384968629,-0.20491266598786,-0.330701083919108,0.134119548197829,0.145438970064801,-0.147814198726021,-0.463904694407767,-0.279682859529435,0.0233058195704087,-0.354212494680774,0.186765107904677,-0.38082517921188,-0.566182531760039,0.251107099100619
"GLYMA_05G033700","tan",-0.54921568100752,-0.244022113304627,0.0420644584209569,-0.31531063834512,0.117396798038436,0.00244332085981782,-0.235942841273309,-0.410820763486151,-0.530098877234993,-0.17332897438601,-0.307862057762727,0.012168102596723,-0.291854665214022,-0.0788036981898,0.119395360037877,-0.0275991589706778,0.494224448483356,0.27087972609431,0.570677286541737,0.324671124699851,0.0951144226544465,0.120551929309399,0.271160272611547,0.311303657687885,0.429878013395681,0.392560290258961,0.363483505695192,-0.0156141406646364,0.113282010482502,-0.231025827416429,0.0861118654331759,-0.0111420627768461,-0.0247153183630968,-0.237726023288614,0.0860640681014508,-0.0343615156887173,0.013161820259823,-0.034554662006138,-0.192719142094439,-0.615670463606128,-0.298159284954128,0.515330275216045,0.730595339028318,0.86194446925417,0.12201469208485,0.00041934147157222,0.201329427473533,0.0767181809080759,0.383960566188701,0.064920127587565,0.095772237813745,-0.0577609420998471,0.267061996712841,0.185203649627009,0.519528831272189,0.534042761368139,0.161354974216483,-0.0365394597165121,0.246054691536955,0.188157761795992,0.00413481461599876,0.32495300314625,-0.167300478563331,-0.273905374433061,0.347808037527057
"GLYMA_17G237000","lavenderblush3",0.549038488863536,0.460537243858813,0.00776532557080869,-0.0157008747303651,-0.302292803499328,-0.0442725316362483,0.845888314288193,0.734513913976797,0.606940908554812,0.440602153156172,0.151597958498207,0.654720436141526,0.389118010944501,0.534706372185473,0.0886270542634729,-0.0809612438722904,-0.111039872470546,-0.144570642632506,-0.425593901604221,-0.117052737479478,-0.214525298665801,0.285830794078394,0.167685689477854,0.150977680195626,-0.101570071048045,-0.0858929952881623,-0.164666080720555,0.0915887274554265,0.380945079039654,0.451490970976102,0.283096050238849,0.103307409502481,0.426300831386247,0.191760588147933,-0.155652969327936,-0.289062569510132,-0.167740720882925,-0.0846247332666166,-0.360188763842111,0.432320114314711,0.249843383565534,0.142695465939455,-0.357496825476393,-0.230403671344708,-0.119945046696173,0.133467536407751,0.476232728465669,0.289285297861174,-0.635278209771152,-0.276977056729936,-0.214696989683135,-0.384853382263639,-0.616857417522716,-0.258797796057514,-0.169570808489095,-0.647905187737105,0.0790199580370322,0.294062573196719,-0.0826814617182765,-0.199686115074618,-0.297530249625802,-0.557665846945394,-0.223150224768635,-0.281516865425416,0.156442455094026
"GLYMA_20G206900","turquoise",-0.549038052476466,-0.805645329676337,-0.449208879208207,-0.720224997429419,-0.269832806801869,-0.42041733004371,-0.334548078212506,-0.152063630663961,-0.561266317623361,-0.326716548889476,-0.231870762158577,-0.0406166847211486,-0.261427963564532,-0.435460046424218,0.0880232621799601,0.26060863936084,0.502402716235272,0.311183857596378,0.736968905940737,0.648268288769944,0.444379803082692,0.146257217468876,0.176698382165656,0.520924260112923,0.558578266984355,0.844513524282733,0.532144207446604,0.407227077314326,0.25158761789522,0.156814831608575,0.333719759663731,0.334164003386432,0.38525901260531,0.22543976817671,0.55965618417049,0.544509601179862,0.179508628409803,-0.0665097344598829,-0.137846756071972,-0.615869943610275,-0.304460923055571,-0.18951080323865,0.502156079676132,0.330365333132859,0.268281729105125,-0.37197306620517,-0.172617960067023,-0.00104613859747286,0.229472320458399,-0.279001978085221,-0.245848119346368,-0.461317300259306,-0.00754690992575411,0.00846195954010715,0.218977652628446,0.446373273660887,-0.156227841378124,-0.497623888465064,-0.320556924419293,0.0890768194365066,0.154219618621444,0.65761189617871,-0.148285689225424,-0.325212115009619,-0.00959875750473997
"GLYMA_01G045200","turquoise",-0.549016561254043,-0.683236094891238,-0.460869681218608,-0.751871474771673,-0.203674643196048,-0.341982130630965,-0.249040157753625,-0.309902149667217,-0.661918204820045,-0.306644330076186,-0.387448202791082,-0.109775067985428,-0.412655492989571,-0.434499900566534,0.00434210305365788,0.0267259119480707,0.789449851936505,0.145644989499186,0.639619560448822,0.597845465318001,0.312192986323222,0.294784903849098,0.217142520759683,0.538723544658834,0.537089531641393,0.805294506877235,0.652200613376125,0.371559606554236,0.266369927693013,0.072630338856643,0.273529675257166,0.308731458716831,0.259814867367588,-0.0386248407945674,0.421936111719984,0.421092731559661,0.176255470176639,0.00711111313201934,-0.0381710388815976,-0.668849680938697,-0.228631676963538,-0.0837893417310057,0.620260922154202,0.403961265118207,0.247739405695822,-0.239110165266414,0.015982910160582,0.111730455183395,0.199641181321157,-0.324712972773552,-0.0172077858745821,-0.35074565884751,-0.0725732315242344,0.214561720653054,0.384581748800267,0.569293448300264,0.0519563643638374,-0.28397094572148,-0.0652528069855043,0.222745730525115,0.195560594443455,0.546396494928009,-0.0748879039943786,-0.376059690178199,0.138960159389127
"GLYMA_08G220000","pink",-0.548976191716141,-0.447016488778168,-0.276377810667731,-0.500951683951196,-0.0519156167472063,-0.203763798828499,-0.439275004660831,-0.627049235002786,-0.822158404345053,-0.535211087040966,-0.378824050238452,-0.409383442404208,-0.662792824487072,-0.515893584360994,0.00226623175307017,-0.00919570603633523,0.755439142209974,-0.0590711325250937,0.446027774061291,0.245400826605371,0.0370353598671128,0.173430194569273,0.0512022077795382,0.158997047609032,0.410251492709953,0.421341061530009,0.608732640224756,0.152892906810407,-0.00236073522247772,-0.123375496368702,0.00941999558510909,0.0204372053956469,-0.284294779795963,-0.318477178193324,0.29023020275732,0.21049075065468,0.15393904648861,0.0205558719760331,0.269383348695995,-0.568669021775845,-0.0393619023781312,0.0349237587421691,0.667714172588958,0.469015316237136,0.227447030075061,-0.00508895586798545,0.0205554500143279,0.118889098473485,0.467335917303639,-0.0325351556842848,0.330193022177167,0.199629839506012,0.289194998393935,0.566821047658867,0.566391609962198,0.826993982160224,0.386720272695718,0.0284456006969071,0.349833045121415,0.381090506011823,0.469386978497208,0.584287884150034,0.154162554196691,-0.016182562946659,0.162713147435806
"GLYMA_06G070400","pink",-0.547518702467004,-0.431954996304738,-0.122454901454692,-0.396093421451628,-0.0250738396761246,-0.205732090314562,-0.579954121489472,-0.703685345572744,-0.916072593057691,-0.694632803893845,-0.234404955861389,-0.442767472367015,-0.669744763730856,-0.537824208140784,0.00641248915852212,0.093721852881708,0.541463649205103,0.0768785090560934,0.544074619521018,0.070583126471109,-0.0104947345178629,-0.00703388339813161,0.0591632713240495,0.0278513218774454,0.480439011250468,0.299824521797009,0.513674823886833,0.0153429067983804,-0.135324620728451,-0.148154430732912,-0.0932143682126069,-0.129937171230861,-0.440732651445383,-0.37199641486819,0.182945530597971,0.144101428039062,0.147966884210622,-0.0426524224734741,0.250304223537636,-0.602235268531065,-0.0958261689916661,-0.030209823253071,0.534667755790742,0.361578338994212,0.137525020319199,-0.0707654211629293,-0.132512613376706,-0.00304135732828835,0.454285857140364,-0.0445974791256243,0.387752010105431,0.33977542846098,0.519382983074607,0.561188777467493,0.605604455866032,0.900543424959435,0.487942844832475,0.0194258672952739,0.427612821450502,0.275109383315228,0.545998068279694,0.739789103769174,0.306199955784121,0.135306098665108,0.116398858543381
"GLYMA_18G004900","pink",-0.547356122584579,-0.532197313722246,-0.233419102355953,-0.500608248106877,-0.060500422688012,-0.28515514020976,-0.506955537130604,-0.600921928253744,-0.823734553520148,-0.587323553448638,-0.26255339355617,-0.388556984806257,-0.568010881532311,-0.496778402770896,-0.028911950877027,0.0825649994042134,0.759222404813061,0.091681255515549,0.562510526884642,0.198293286222105,0.169214877463999,0.0502605952421313,0.0928992782549821,0.167884090671734,0.399978485322819,0.433861825154302,0.526581452045253,0.106332917369622,-0.0422594368696424,-0.0841662344777285,-0.00666154395039929,-0.0107062390926428,-0.229695829948297,-0.193312943336212,0.335760113180645,0.222333347810209,0.187473714028752,-0.0665702998414456,0.166222517173676,-0.620255215909308,-0.135894688156695,-0.0447098283155002,0.606575688819475,0.42176952517394,0.216795731336322,-0.147892567972601,-0.144855769348968,-0.0207284779999027,0.472793150831678,-0.0752864701983511,0.187686300880648,0.124133145558916,0.30070329606734,0.454006681890906,0.473808373092557,0.820634941646336,0.379728676775398,-0.128063779710945,0.230291584063198,0.25350935269383,0.445362420784561,0.644649545367526,0.112896516481147,-0.0193283331544114,0.0990834567272671
"GLYMA_01G007700","darkolivegreen",0.547306544485302,0.237281260457935,-0.0609256989655794,0.153260474231546,-0.104204720897009,0.11476569547806,0.658652270268115,0.78653564618279,0.86203219306815,0.701782774307227,0.110606122986505,0.51807307432464,0.615579875599566,0.433113879094153,0.0656123662492247,-0.0451692165816359,-0.433948084179693,-0.0530711312365582,-0.420931162882112,0.0540147895439722,0.0799442388840954,0.174895092497493,0.0675418445834353,0.206947415468264,-0.325435941278778,-0.0531870096223735,-0.340163881120731,0.179953082423502,0.311785924054331,0.239082060755888,0.213118569363965,0.313649698963313,0.613146948341716,0.488095873848932,0.0198152436956301,0.0213769330119339,-0.165062260073876,0.0211516914743998,-0.318324043260423,0.515273171204833,0.0929227707878315,-0.067183226518696,-0.450744726224283,-0.360645149173251,-0.0173850466856946,0.0323954480825272,0.141193222429852,0.107919872439522,-0.461353535239707,-0.0543343172893785,-0.443959559924425,-0.526418193796727,-0.571585605015113,-0.555471220942515,-0.534939089194373,-0.8546553371667,-0.556338280909525,-0.0832776408690498,-0.534146561636368,-0.238510351557685,-0.565483841735758,-0.646457970064824,-0.364564396314417,-0.308611486638689,-0.0956877743361109
"GLYMA_02G179200","pink",-0.546776708248177,-0.479791509318852,-0.018600760009913,-0.266587201628196,0.0551073322188043,-0.156125014562538,-0.694189295054993,-0.623040394400273,-0.788854436248142,-0.611514328576268,-0.110887564616102,-0.390178246451816,-0.516406855046252,-0.502278852684242,-0.0960609380306381,0.0748365331509902,0.31603588111072,0.23173767570019,0.63474465487862,0.102684823446956,0.0543556185094734,-0.141556572385427,-0.101403010135687,-0.0301233102143386,0.481254411783956,0.258632332033296,0.387504067867577,-0.0103607868928173,-0.163230978769176,-0.196507770283289,-0.175434367291983,-0.0521527326706475,-0.385474910213907,-0.32427147988278,0.109977852331093,0.0920248790284166,0.127247380390415,-0.00994805130721688,0.118409114188417,-0.564851129380605,-0.174610824658395,-0.0470771936777659,0.431128800287407,0.309592098576886,0.19864592320595,-0.0632338951992859,-0.25541206939312,-0.121208427471014,0.488708744077007,0.0637029367955836,0.173164801707517,0.282954645386037,0.665181079467829,0.389487196225804,0.478948940307025,0.822944360706225,0.262928503439485,-0.123122481952585,0.253835931319896,0.285942930008855,0.425030469742892,0.749483416072207,0.254767398013557,0.17685014642709,0.148175600677455
"GLYMA_12G193800","darkolivegreen",0.546764807865035,0.144040652865657,-0.088703087967263,0.115836009335014,-0.122789581809488,0.0193387486668694,0.582444854026376,0.786668911374896,0.849630579558512,0.639468031741057,0.132815906487795,0.493188645816164,0.652312653214733,0.401892392919594,0.100949539530673,0.0412159923030977,-0.423671718962566,0.00615271970815611,-0.369360932432809,0.100279503569226,0.192718191043015,0.0951719895543652,0.150772110431265,0.245038965120785,-0.322803423626889,-0.00258669710382448,-0.35745893813319,0.198154520803657,0.30819407392688,0.240097795497681,0.200738385724343,0.34692868749247,0.673563004369921,0.561584701490613,0.0463606197446794,0.122843568653886,-0.148974963505312,-0.0494037475166999,-0.31122225147209,0.485991009581674,0.029393947216905,-0.123237265279729,-0.474361184905654,-0.339584099118605,-0.0886496144430548,-0.10802739681908,0.0325982788363574,0.036237943812394,-0.490121959003393,-0.0970033141538602,-0.551114304158988,-0.588191357295557,-0.607878755251725,-0.626132852262782,-0.604729731875517,-0.864425888855486,-0.62125204153601,-0.207874741292388,-0.657689050543613,-0.377647892358028,-0.581255951794359,-0.614463022025394,-0.440439024557465,-0.357857676307849,-0.207404835918643
"GLYMA_16G077300","darkolivegreen",0.546540674851052,0.426472094178823,0.184869857012307,0.448621135124066,-0.045928328925071,0.191870592567295,0.448199698771655,0.620646006868948,0.834659418615275,0.598415838990126,0.313680862349546,0.44849071111711,0.573934886423326,0.502358185418665,-0.0174038061524307,-0.136752856337229,-0.614924653451279,-0.110905001798612,-0.524573328971937,-0.162209602408571,-0.0993633874606901,-0.060941812067901,-0.225453777408952,-0.179528644689455,-0.328802011277034,-0.304738977313207,-0.428547175408706,-0.0722483264466641,0.0758656334801192,0.120663984079035,0.0854488819815491,0.154928523428967,0.306949929143459,0.275848641287486,-0.199500849416202,-0.169362415861639,-0.0861138264689815,0.21331089499313,-0.212381166373934,0.606773104046831,0.114304530619231,0.0278327355341869,-0.540370353860395,-0.359831136891868,-0.0884128203195942,0.0257344724829331,0.109521694039987,0.0892893580617134,-0.450288753545347,0.0346400421040499,-0.295056405973925,-0.209698848901361,-0.426641709305824,-0.473998340029165,-0.522352824790352,-0.796033449989325,-0.374180495253617,0.06213311441903,-0.320185505727032,-0.25953407266209,-0.398960963106549,-0.610903659043976,-0.22137868789996,0.0091876152949191,-0.108645549531993
"GLYMA_19G089800","violet",-0.545892933972209,-0.403969955545231,0.208480004243117,-0.182356575683232,0.254329079039256,-0.228518062002464,-0.483131748454029,-0.491669181983206,-0.496544317652697,-0.339396954824328,0.0750736546264497,-0.0863867041131648,0.0193863665172053,-0.0867816937919803,-0.106603778048576,0.0399702435379246,0.518455862781727,0.668985906595225,0.813570610566811,0.373171451115797,0.494454625059215,-0.220694963157926,0.188645894230723,0.181521622574879,0.323027143284776,0.288550525942616,0.0287613950288573,-0.277182516117279,-0.131122856875169,-0.289585098690856,-0.243774428521078,-0.0719178622752463,0.0869263655654059,-0.045153943545998,0.0103765027583267,0.0638021777949454,0.107545587941567,-0.0873370813717785,-0.309409045797494,-0.749468458355186,-0.643490267139141,0.086631038700522,0.201286092093587,0.367510166332236,-0.0786142240910968,-0.35570922390609,-0.330253491145414,-0.436358425590843,0.224040090006542,-0.101957140314509,-0.127733658150915,-0.19070946612967,0.220592839453408,-0.149867192044458,0.165689294221532,0.47145681355199,0.168848170079934,-0.465348223257606,-0.0426771417088427,-0.042488074337247,-0.0663916395665526,0.421188713477013,-0.0648260672714434,-0.15100870699671,0.119999095165128
"GLYMA_18G009800","midnightblue",0.545687955806236,-0.0283369750630817,-0.378561265698252,-0.167917500531734,-0.446514393357286,-0.190669889762528,0.58745645766061,0.86249569266767,0.668932540738773,0.444236532581985,0.138756515282676,0.435088846801906,0.399748611882427,0.197898794129088,0.0137919177675641,-0.0213343564047819,-0.246607915881365,-0.189664636785633,-0.34983860687989,0.132916545883501,0.108521630952918,0.192821443436478,-0.0827714118824751,0.213910303354454,-0.140308029243917,0.201980419261559,-0.0686999887246134,0.434695020227228,0.402829942442352,0.565388213456054,0.437008357010204,0.579910029520356,0.665080816775294,0.538749240720269,0.203498784512095,0.207791369354921,-0.0267260063490099,0.0182731606764513,-0.187178373957529,0.529570481751063,0.270247581517305,-0.234764041561429,-0.317094407740473,-0.297361232529985,0.073250768939576,-0.0811822215423763,0.0820167897124279,0.198543181317115,-0.544182966309123,-0.320742576732148,-0.438180860898102,-0.579093158368445,-0.616875356212445,-0.402741141797484,-0.50156461775811,-0.709706519294949,-0.497786223671077,-0.140656366760563,-0.610927242964784,-0.124642512678324,-0.235297006613622,-0.34876063207928,-0.228772637313481,-0.232632605712621,-0.109074674374099
"GLYMA_06G033800","pink",-0.545392597107122,-0.557761998401458,-0.342774716139271,-0.416726193745362,0.0304545450525801,-0.000899643722276848,-0.536290456738814,-0.631419372593373,-0.811608656675632,-0.466087814293126,-0.498603095947273,-0.559803288796598,-0.736312144127427,-0.730327927259817,0.00179125227538827,0.0736766895634362,0.362180070720343,-0.0932339945245733,0.439034378006659,0.14216089891285,-0.053675148746121,0.187327846874167,0.0839335168839594,0.186514816479244,0.383977337688402,0.378784629457148,0.602503418187806,0.278265099441213,-0.0616321727793057,-0.229791615657833,-0.076240878480952,0.000615636297852527,-0.40075394257819,-0.404055443313655,0.204669929953693,0.328721410606134,0.088183454552606,0.00246626153546815,0.394596195902252,-0.467846464418052,0.0208070639179211,-0.1683293434477,0.562221556196143,0.294174696368378,0.195046281717599,-0.0187889562133254,-0.153017835274437,0.0665809761900607,0.436057731595725,-0.0394632450940272,0.36256419605054,0.309948795397994,0.579112948343551,0.59722141264187,0.560045420521483,0.846688642239689,0.10431929428971,-0.00180223296410384,0.264109792576734,0.248979138544516,0.439692150035038,0.64150345908952,0.173804943823275,-0.000306596449977745,-0.0152559128666973
"GLYMA_20G185900","pink",-0.545248135285116,-0.297322767457505,-0.0872930939175927,-0.402124231594391,-0.00388407418759503,-0.0464960532611572,-0.379168278127565,-0.601345615300038,-0.825717591596748,-0.445839656842436,-0.344141785623182,-0.239170918021706,-0.636899104843547,-0.371178399418945,-0.117368117563858,-0.058488966911555,0.581453032547806,0.0372042469689811,0.523348866851329,0.0794214987688576,-0.139470812149446,0.154470394490275,0.107759890810134,0.15122095930839,0.545822412734182,0.340201695958123,0.573580484119106,0.0440809573794041,-0.0414072204282436,-0.153408719620053,0.0421030362916361,-0.0920349347253334,-0.367367916608486,-0.507340962196961,0.0417015305766054,-0.0771592300146971,0.168077074980383,0.0125740067159947,0.0777672699717441,-0.605501490598978,-0.0632460298447934,0.234222373030859,0.702110854081295,0.573219455829095,0.212960366529063,0.0541767016921528,0.134307543995689,0.150849811175547,0.347488099659283,-0.113712592197734,0.366009770028384,0.244700844311483,0.443810727714577,0.558877748328653,0.711311349869129,0.836466018894644,0.450724635594638,0.160188605348653,0.505840405474714,0.326586067925962,0.387546021900862,0.556618010436203,0.130083847041832,-0.0571170008624559,0.333305660713237
"GLYMA_14G080800","cyan",-0.545215098635739,-0.454991449613705,-0.183528343392997,-0.454893511334311,-0.130417179721947,-0.497865839308872,-0.256699368683647,-0.056611066709159,-0.222265646101382,-0.243414526218386,0.0669176970218481,0.131162838506739,0.15872925810602,-0.0162632644800312,0.240709506070855,0.157799002481949,0.41896615164117,0.448059347740095,0.533386497564607,0.942522508012999,0.598207965772054,-0.136653736746944,0.0592339882079977,0.28855120723402,0.291402743790813,0.60281231145193,0.133590151908284,0.0776563357311875,0.216405600633468,0.12044718385228,0.291070042368388,0.329011447681713,0.581387525941569,0.423302569769082,0.416958316152644,0.415666399418698,-0.0389822004756036,-0.019179529170269,-0.271452085130058,-0.499510281323269,-0.484649423184041,0.00916576008727581,0.215666690701785,0.260148868032265,0.1598445680604,-0.240674684535164,-0.0451616334316493,-0.168709124078226,0.193038000805575,-0.0277667631350611,-0.220782173246454,-0.556096477637204,-0.299593753206269,-0.360522446462149,-0.108818962849642,0.0481063170922384,-0.193380728994605,-0.576680816404585,-0.404884722973197,0.181677980445617,-0.054680655508278,0.375518882996615,-0.14512695088865,-0.181048539488839,0.0703555789036897
"GLYMA_08G242100","pink",-0.544518319860438,-0.42773568406918,0.0137652614113041,-0.303048173785897,0.127786221620663,-0.0300296951640358,-0.525656832357075,-0.636359251057333,-0.804978171874981,-0.532158011598793,-0.265636467447092,-0.336747371595231,-0.546013457208744,-0.478083234665462,-0.0974979642320495,-0.060083673790617,0.337066911467271,0.257198131478504,0.648206384404873,0.12815799838106,-0.0219752194878691,0.00902771061014778,0.175798453156045,0.139207652032923,0.486203622402163,0.252507392114488,0.411736874446426,-0.0258694522999606,-0.156971892499795,-0.265730136066187,-0.175437433245438,-0.0838665168234175,-0.380810795681283,-0.403867290378187,0.0488325621376482,0.000916415642524131,-0.0401078071294272,-0.0713352705252632,0.0225182049069106,-0.627773300518362,-0.193184289494837,0.0225793698185296,0.471016800734026,0.332906749969983,0.163076869136477,0.0011966233746289,-0.181866590185294,-0.074516280239671,0.455398192256656,0.0356317616417756,0.228820119789975,0.256962099878592,0.765407444068587,0.420813951363559,0.599845906495338,0.842632972906907,0.302501168459084,-0.0271001898058263,0.336688386632207,0.106819758375272,0.305989718241718,0.63803386150118,0.142464493052173,-0.00519997518880907,0.223603891803691
"GLYMA_01G119500","pink",-0.544490657019005,-0.19309783990404,0.103564471574446,-0.11004061693939,0.29106271213462,0.0921744004202453,-0.500220715149284,-0.830871005361669,-0.767073401970328,-0.447799817170655,-0.329696259710754,-0.454780874467669,-0.552297172128945,-0.337339086938518,-0.0543226681988258,-0.0713515045660683,0.561474953427925,0.0647931672021754,0.389905398035665,0.0779397245904257,-0.0426237278829705,0.0159391353144216,0.155297222186653,-0.00122425942046373,0.244744027219882,0.0843024078285626,0.338792295553292,-0.208868720984385,-0.294096943270443,-0.460255796286493,-0.172941661885156,-0.294430197838517,-0.516245952699801,-0.454880431211547,0.0656294642910077,-0.0388816087010042,0.0361470016334032,-0.0129077629218015,0.211268022687405,-0.613748626199165,-0.20023500091859,0.181895962172711,0.579555943900725,0.431484613778316,0.167876310861741,0.0445444783214184,-0.0509753617151762,-0.0356236933432505,0.575803900978344,0.193081889690816,0.435911414893891,0.431184028656293,0.471357425567719,0.510449116080813,0.566641883207761,0.805694828625151,0.465598970734953,0.108448513040084,0.540791275391664,0.191492019319507,0.304149521813584,0.399480757457985,0.180784096999694,0.0706414338871621,0.150425499361139
"GLYMA_20G088200","salmon",-0.544043117806876,-0.32696165803601,0.0382923634298615,-0.494949710021031,-0.232295808211874,-0.31581982970876,-0.184294737842237,-0.161763244453876,-0.50745739140447,-0.277302977412245,-0.000632164144724237,0.403952312486322,-0.161095189316898,0.0267450239747897,-0.0485622656790109,-0.0754880276037481,0.469788226994528,0.420163696687385,0.718730741017859,0.431655592725352,0.082164993187495,0.0818251332148301,0.0944185912945061,0.293778822250543,0.875250117034623,0.588999982695693,0.444959927219163,0.0209754499842244,0.326940321851356,0.120072864210678,0.225868437093947,0.114552308471864,0.215658396559215,-0.141370327895138,0.129997090080205,-0.130502869581749,0.0872624458431733,0.0832773266495581,-0.502616625479373,-0.661646393732013,-0.338884529833768,0.276848304668713,0.423122425159478,0.414806359725345,0.201856355028652,-0.118310467479096,0.261662565581672,0.200451438798623,0.141882555813434,-0.169861560495993,-0.139338342291353,-0.332003632314585,0.0457924808301007,0.0264213137468242,0.500189514433007,0.433496771268654,0.320533710613356,-0.0764606374499761,0.137675165189239,0.189108758917673,0.105410306554245,0.50701864870727,-0.137499602405853,-0.255604603553246,0.494414680877233
"GLYMA_02G128400","pink",-0.543108291871341,-0.387679110099448,-0.0957726525438968,-0.446317065310586,0.0310558232052612,-0.144859852789329,-0.415828839651936,-0.663921852443978,-0.875757288229601,-0.551392947403056,-0.332325758095586,-0.319500206722625,-0.629118812301099,-0.440235682999275,-0.0262701437392859,0.0015679162282385,0.725768759150686,0.104020692796547,0.574678640055487,0.14209541325162,-0.0275641584291429,0.148477352448098,0.164143604693398,0.172413609751169,0.507843915615677,0.352602326549324,0.559533081839987,0.0214538695214075,-0.0588902361060692,-0.175893777670031,-0.0968713883772005,-0.0896986727920163,-0.349793373668245,-0.433082468524651,0.121140904569245,0.0274623288099964,0.143795755424669,-0.0439439413144954,0.103819750770284,-0.66615381791436,-0.123591302600806,0.0953315034628602,0.611867540009118,0.448393062408043,0.161163532051461,-0.0163935231932468,0.00993977180701234,0.0613397022550657,0.395713763232431,-0.0693006207996249,0.30409435001333,0.2192360598352,0.422222444335627,0.552047822811172,0.678265979740947,0.89354020622083,0.528416833066962,0.0782686437368343,0.45822385369777,0.259327622256445,0.405098281075056,0.593220246614103,0.160455392530242,-0.0642028125110231,0.23552260721056
"GLYMA_18G043800","tan",-0.542174250306041,-0.16522818294704,0.100341910390216,-0.194918744954554,0.0515929647591314,-0.18378211511475,-0.289617714952151,-0.282647182325138,-0.336902606663656,-0.19761964194457,0.00193943722188743,0.0646974397291979,-0.0357948188221261,0.0813132352351871,0.0459666479048965,0.0792956165752579,0.439848168498608,0.339410389776708,0.480918594664774,0.396950625569184,0.285231855665514,-0.115518207214241,0.0323606181892999,0.0969408008541919,0.285872436969356,0.313235807719663,0.135103245307787,-0.123568438711753,0.026304394913861,-0.095402714976014,0.091797406159625,-0.0115342254484468,0.124950247700218,-0.00425659705158406,0.1333055645908,0.0422640122558476,0.124796108796204,-0.0329240976400404,-0.188267280633343,-0.49223387521696,-0.371090122137331,0.487469472951301,0.51136381421834,0.81750156669625,0.0528317263273357,-0.0795465751443158,0.104214626767145,-0.0987964860493485,0.22933441442576,-0.0249389717003468,-0.0491153797080413,-0.156242376804111,-0.0311966954376217,-0.0597834834322032,0.195562702323545,0.287506111364049,0.125061595144628,-0.215744452638825,0.061810023771763,0.203719444683226,0.0198143247739885,0.307313032091844,-0.107754584122607,-0.09389110078355,0.253495173041455
"GLYMA_08G020500","lightsteelblue1",0.542062660674292,0.0598931730371495,-0.238736125727548,0.0617849792980915,0.0527985397855128,0.372525026518314,0.65712776506882,0.578925713988758,0.653580854744179,0.806783174964797,-0.290642415777986,0.220354284380984,0.342537245154565,0.129231205081492,0.0548925592344846,0.0238027719988487,-0.291999689915997,-0.189565527620314,-0.390542122595098,-0.0430554915688401,0.0146786316042457,0.44988281842491,0.321041537463538,0.467485716027338,-0.379499245648829,0.0215374374611027,-0.142869119738744,0.362076675853135,0.258427922004686,0.0455639080496701,0.0590611105750475,0.205489604363275,0.453899234540458,0.211483718948513,-0.0804614888224636,0.164992410060948,-0.0754194366996691,-0.116304044742883,-0.0828694122277643,0.416579506614181,0.159408838640886,-0.186063914626396,-0.255000771308871,-0.290789728193739,-0.110771499231786,-0.0516084572463948,0.044495215561201,0.111209262680597,-0.522015525569936,-0.232182023150064,-0.315025831834278,-0.4206806614287,-0.412769791380691,-0.290177822916012,-0.33732492330407,-0.607413389963923,-0.614001083037309,-0.0297971381136795,-0.436733311722515,-0.396496996278082,-0.576760320126472,-0.654869302852257,-0.354269710918459,-0.522111574522037,-0.306135261173373
"GLYMA_07G169500","pink",-0.541907207598597,-0.569683871723998,-0.226477681867041,-0.413369124575888,0.0834118445065308,0.0214141689196264,-0.547074705412443,-0.67928640469764,-0.854158369715355,-0.436347795858512,-0.51476045391052,-0.450465256797042,-0.692569033624799,-0.639675520742974,-0.0296347902592962,0.057587457684622,0.45825761310186,0.022565980200899,0.55500740048664,0.244263529240129,-0.020527870788418,0.178432162461301,0.16270564367126,0.265695743816515,0.494530877813583,0.436433476089927,0.624066995609928,0.191803589436028,-0.0764277200044061,-0.31154991710006,-0.110587588734424,-0.0175284853613394,-0.350814056870271,-0.419550094432794,0.196823548257552,0.243024621260931,0.155700970547667,-0.0119627433540111,0.242946100702067,-0.610713166194589,-0.107275401775157,-0.0609046327808507,0.652190349144215,0.383155388120703,0.235681867215108,-0.0732641884431399,-0.129118730534879,0.0969129409067573,0.468991025370832,-0.0126817805283205,0.266361885252251,0.240054928701216,0.557723826254599,0.547163159081832,0.625783563841833,0.88554325737551,0.155575540960305,-0.0263513396356791,0.293999421496533,0.160846546879713,0.347362815930327,0.619760984610443,0.125769427720588,-0.109945340765488,0.0342750152942126
"GLYMA_06G085300","midnightblue",0.541113609288983,0.118441942965133,-0.190674111389955,-0.107557235136136,-0.483660148063419,-0.323624937926034,0.590694238281997,0.896813334228862,0.699524248428486,0.344187979091764,0.371604689364701,0.592495209884594,0.532331960195383,0.381007339487409,0.00526526836966754,-0.0688031611314027,-0.243658406274338,-0.0462688488562535,-0.309567441939776,0.0824476212763374,0.115094813274135,0.0391499707777732,-0.098137411518799,0.0895453411318875,-0.0871749811409942,0.0954778550809944,-0.216257598263645,0.255652027122556,0.466145858759389,0.646803081882088,0.407311039429429,0.348746010355771,0.665611008490524,0.61173896271279,0.173547794193832,0.0304151262652974,-0.0369925890128888,0.0623275874621922,-0.359627352360593,0.496199966943849,0.186774955886946,-0.1588472175072,-0.485802466185646,-0.373831192124085,0.0148045013233185,-0.0606562051678781,0.16293675716323,0.1610043494439,-0.510792381010241,-0.242040427316211,-0.555546577863895,-0.600253808861599,-0.665538576883149,-0.506275437551389,-0.511777678944057,-0.76073866073404,-0.290500369225909,-0.121889709027224,-0.563297918796181,-0.158433183574193,-0.221151701022142,-0.33399575565134,-0.237413793861967,-0.145237997134179,-0.00610886440898559
"GLYMA_20G152100","violet",-0.541075774167695,-0.369591825066818,0.16922237588,-0.277173151147852,0.0719442466526926,-0.243522744351962,-0.35020113369996,-0.263783139845403,-0.45459890648365,-0.301759917239647,0.0788723498712764,0.185808153786115,-0.00960592696705588,-0.0593065853480528,-0.0709897846032263,-0.0550796776359145,0.286826200360622,0.631644743740269,0.819798398576187,0.387345212747825,0.257101539040748,-0.102745754238111,0.127806451694113,0.220702207719089,0.639690026044094,0.403201172885389,0.169956723633744,-0.118748477205183,0.128802150302737,-0.107699923758195,-0.0534948866697093,0.0263438037884835,0.153434076779441,-0.108850959207202,-0.03977566296991,-0.0436990018607043,0.0808359707635934,0.100849012842867,-0.450990866373609,-0.666327989239927,-0.513618574458311,0.124345206882417,0.163111290196246,0.277437363662992,0.00601033249313144,-0.168163498920951,-0.072435465231112,-0.164457009627629,0.058538718609756,-0.181268298937739,-0.164374391761299,-0.267719636844541,0.253232452444835,-0.130983247273138,0.320305635057655,0.414992152285,0.152408846287755,-0.295196584518194,-0.0136687668332697,0.0326121610851111,-0.0428363806926364,0.489636211597418,-0.141553666281124,-0.192988051305398,0.317684633916576
"GLYMA_16G029900","pink",-0.54047431441202,-0.319507584510733,-0.0989282397359434,-0.207841632185859,0.0327505444229079,-0.0594769535173762,-0.618322131818608,-0.715026966882018,-0.806694542401729,-0.602499186252836,-0.208840908715853,-0.563787658920884,-0.687848865164683,-0.509466131978474,-0.105370290194628,-0.00339809482943262,0.418967950225734,-0.105527629810818,0.341853314244556,-0.049042852123605,-0.0984556630125303,-0.0677785291599028,-0.177928375139634,-0.168011759114212,0.276577593348349,0.141279000932959,0.451453165605728,-0.018625070112002,-0.216638639774669,-0.198866204457045,-0.156734996918,-0.122588210720103,-0.582633549947205,-0.446532148071134,0.135594282175965,0.0881908251341115,0.276137610406207,0.142884692623597,0.400392057882406,-0.423405398587442,0.0306795639277984,0.0296726722019446,0.559767339262,0.377695419206913,0.179036154933851,-0.0138045301804067,-0.121179319388126,9.49121774738411e-05,0.568852543053226,0.134474312949957,0.531748337784478,0.515421667337647,0.533320161487752,0.614295910157728,0.498040026108534,0.834088373288571,0.390387252789771,0.0845797222000713,0.472012428882204,0.424868887923655,0.593266395577267,0.641300617212594,0.400086438324305,0.329533256993204,0.0824562970961322
"GLYMA_09G210200","lightcyan",0.540274458807196,-0.407215855348307,-0.775817360128574,-0.380404608479847,-0.589237672925891,-0.207630202926194,0.300322366714716,0.649263487628071,0.315258625595224,0.19090351249128,-0.156261087425309,-0.0560916177892147,-0.0980702370369984,-0.398007108526431,0.0197805000435142,0.185199351697265,-0.174110807884383,-0.542048610694239,-0.381216646965969,-0.0759553027847972,0.0127787566978043,0.32162532972003,-0.163112873187399,0.227894648431148,-0.107615252617176,0.328385144342073,0.282813148941799,0.800275697061035,0.384147859088617,0.591460279848616,0.348066038313308,0.487572869962001,0.334778709371866,0.439910422867149,0.474305044649247,0.558510041175379,0.191241663996062,0.0101633144952551,0.327643556689539,0.567405653789968,0.572990765885388,-0.623439323270303,-0.108218268139906,-0.387145217774403,0.211869729183324,-0.123850199816436,-0.13978607698646,0.324629701176602,-0.300818119551432,-0.336941429417735,-0.334491066365022,-0.291852955613256,-0.355356232601099,0.0566460101352193,-0.324297095833795,-0.307422775216998,-0.510887558362984,-0.103390457212419,-0.572244811145632,-0.123226766801001,0.179999955421784,-0.0132508430271269,-0.0363987617585144,-0.115269528693122,-0.456583010083135
"GLYMA_13G134200","pink",-0.540113463439829,-0.299926373165388,0.0770527922954949,-0.266405189583113,0.220626507779322,0.0489390970496428,-0.430493139343418,-0.673780648852429,-0.769835722688801,-0.418639726494202,-0.337597783162974,-0.289430300999385,-0.528671980546751,-0.358511544384474,-0.121466575240038,-0.123700364734273,0.475148904934104,0.214299872805967,0.595648272825219,0.180323423591241,-0.0369814786330228,0.078588407664877,0.235414831002832,0.17557954537702,0.46488327082464,0.229287876889929,0.413692219548598,-0.0820158878300412,-0.170470622260377,-0.361099329948311,-0.126184942192582,-0.113543978198093,-0.365837400317129,-0.490199131505361,-0.0545013563116515,-0.0668682690186902,0.0178452576664771,-0.0543318558781769,0.0154684184137173,-0.659679080771053,-0.221278936012843,0.178499114028163,0.553165829773205,0.444192836296364,0.0553596706753228,0.0503266639809434,-0.0201122373153935,-0.0225305874281977,0.424545038264685,0.092800501393851,0.289817642492288,0.252772412889865,0.636019283625516,0.437303075122914,0.652881320068988,0.822079395730638,0.347552988849783,0.0620534307564609,0.439280890583967,0.162008790533621,0.20955477559109,0.488370356136526,0.0830431466464706,-0.090623228745701,0.294813800961318
"GLYMA_02G095400","pink",-0.539686038903284,-0.452805660867558,-0.244988450555669,-0.506681401645865,-0.0663195267867226,-0.148839329979225,-0.402506672942056,-0.574755964675055,-0.818267115432389,-0.483580484384975,-0.397605291926662,-0.310241819239244,-0.659778266892926,-0.517086562648773,-0.0850153520189205,0.0248702094660123,0.616550788060911,-0.00984175542343378,0.501018697789657,0.14492187878311,-0.062462709850976,0.211746758770286,0.146899143628521,0.22149882037893,0.57661279306535,0.414887183411825,0.613650283921347,0.185606528522503,0.0240969019560594,-0.106466188550347,-0.00181828898473479,-0.0176165767624657,-0.300444735525915,-0.392602757442304,0.184748633758279,0.0980621867018456,0.13030120900266,-0.0567276722706906,0.167018850119501,-0.573323818795399,-0.0277605358672385,0.0136007231213904,0.580010727966415,0.38842260877375,0.281057396189136,0.0607220802328733,0.03997716828891,0.157950924772859,0.381098769105472,-0.0886584630034325,0.277126774412997,0.178433549213966,0.366052954672688,0.563676013535616,0.651049932489508,0.831443497195637,0.367718962147973,0.0799057031723115,0.363510234062438,0.243966365884436,0.419103380672714,0.588211180071928,0.0678527096701276,-0.0985808922692779,0.179036616149172
"GLYMA_01G017000","steelblue",-0.539309610362151,-0.181414643850603,0.404361869333884,-0.0953383277593467,0.191749474931173,-0.309856064331864,-0.392627311243858,-0.318367293758234,-0.324552706091253,-0.330677759436013,0.321545098821932,0.197150675621289,0.240566641517079,0.178896527934904,-0.245569097644089,-0.13018990846406,0.290384088196727,0.82136265324477,0.78817371780204,0.460500677929319,0.451913171084423,-0.356472308799975,0.0918448445528308,0.0542558064366695,0.397920925558025,0.193522549371406,-0.144783374477241,-0.421032664342732,-0.0714145404750906,-0.18059115543021,-0.166667081676281,-0.0259767924194762,0.215558863557723,0.0184238520508969,-0.129731269938246,-0.113084483231924,-0.0799762175084668,-0.0307135255487839,-0.535762597305562,-0.679778075417626,-0.708126048778912,0.216369111256713,0.0235989316737705,0.256746401504656,-0.130522499068083,-0.171006537493768,-0.146738305467919,-0.428755011784668,0.0859843062129706,-0.0583271252061405,-0.180865183697836,-0.283278034391862,0.219806714632247,-0.363757566994186,0.0902637156918621,0.257232793542071,0.178637773565832,-0.429843597252463,-0.0563550334689268,0.00507266980360362,-0.154722488629829,0.372912368698595,-0.0721849020979844,-0.0629167457476383,0.372842103451946
"GLYMA_02G262500","violet",-0.538543193270519,-0.521450518585266,-0.0651340033747497,-0.450030004800193,-0.0333567798727087,-0.307046803234342,-0.192010184326464,-0.0776527256371256,-0.328949637336969,-0.113255764747701,-0.00709434665180369,0.22050130982844,0.090877699869332,-0.0708989963520821,0.0306758374033124,0.0794755624025847,0.417153568703952,0.617959637017872,0.815268184292706,0.618511757331896,0.461235023053073,0.0633894454805541,0.211238301537064,0.465181545368171,0.500759149498133,0.622380208069284,0.203284754957178,0.096914013666376,0.243204888121777,0.0166884624358839,0.101157384316304,0.144556460573465,0.473540224415036,0.0940096747518545,0.11345147582539,0.223126930080431,0.0909822690717786,-0.0260832265973491,-0.473046746837655,-0.650018541409155,-0.5481077242018,0.0194021949710603,0.213462951319792,0.302665143157919,0.000748237885978911,-0.343453381499849,-0.10913910919631,-0.210562175825844,-0.075939645996618,-0.371449079206723,-0.366610040859261,-0.575968927132216,-0.0592054520308926,-0.278753985473122,0.138368938628233,0.246666070483411,-0.0910373283135077,-0.490778102879584,-0.305587228070061,-0.0632314775009321,-0.172422221773471,0.411179133452313,-0.299386708520404,-0.406271761003104,0.154459993900945
"GLYMA_17G047700","midnightblue",0.537946469038336,0.0959931105604344,-0.241138748830508,-0.18821768460183,-0.486211442869759,-0.0487222011607453,0.680379250878822,0.81588983624832,0.477612182119333,0.38172331295736,0.0711307852687521,0.555824692204066,0.172679073018369,0.190658033283705,-0.0195317069273225,-0.152309868313844,-0.304768425817666,-0.229537868320459,-0.296140278571444,-0.126770671906088,-0.282899599009392,0.319443959563634,0.0236161390582941,0.209868300111443,0.164833843991306,0.13034648376018,0.0957119486364136,0.410445815869705,0.503620978212645,0.604416494634632,0.401338274549639,0.334710003976555,0.385777418380649,0.197905389231808,0.0307200262573507,-0.155078805058186,-0.0582115967238257,0.100326587440687,-0.318119939676879,0.469392746828066,0.423676801817413,-0.114012245228299,-0.276353935294078,-0.321551098234476,0.155055586378726,0.110264319685264,0.304163354535712,0.428603074098544,-0.518290934874501,-0.29422428754651,-0.279631075416285,-0.385225065068644,-0.327203754417187,-0.130447769988632,-0.0912147029299263,-0.478884080635596,-0.167062730389409,0.215728988870927,-0.247541470390434,-0.116575631425757,-0.109676403303033,-0.260402284617427,-0.185958622961794,-0.235244925661521,0.132248332747156
"GLYMA_02G057900","darkolivegreen",0.537376477495826,0.398954335517437,0.0473425332302101,0.179596125302964,-0.185061602981771,0.0369997813547855,0.708798373214066,0.834096953732554,0.876036100767976,0.618875689603254,0.245065800103986,0.646719572305831,0.643104578336766,0.596057703600413,0.00664451888516788,-0.0984011013948059,-0.432022111001122,-0.0601302294628157,-0.478895872544526,0.0219972929516425,-0.0114505745547504,0.0661140719016877,0.0448958050521656,0.0849728999327411,-0.267961903720532,-0.125414641577808,-0.371663079415918,0.071574470169049,0.325482673122909,0.350052877926445,0.305673365416069,0.306657026422302,0.580471896762768,0.456918186242107,-0.04881841422415,-0.164456407575501,-0.131499732475109,0.0301938171024175,-0.404630111553731,0.543796131711428,0.131921827288068,0.0795040268518395,-0.464343108559275,-0.328297517077757,-0.0336024223004233,0.0794161094551242,0.289384833744499,0.154025157647956,-0.473983340405488,0.00218650683148827,-0.390223187133797,-0.485348765242172,-0.627890871070339,-0.560416382813694,-0.505145579053294,-0.895254534240465,-0.381180980844965,0.0242001060206945,-0.420093994061931,-0.214924131289545,-0.498013159781451,-0.651976389550964,-0.304073254184529,-0.210107988264625,0.0345189325546736
"GLYMA_15G007700","pink",-0.537184922420104,-0.0575870664040357,0.174860023050424,-0.085611363924294,0.243162977058006,0.172276695635349,-0.422749832971629,-0.781717361920771,-0.791073679453982,-0.432620859134331,-0.295667352784334,-0.344297516873954,-0.642795968177304,-0.306328593149002,-0.0804741182280271,-0.135690383991887,0.437762234227227,0.0104685329399033,0.373968643948868,-0.0941419971811189,-0.315872223344908,0.093677194293899,0.0429003397986253,-0.0866535808266715,0.40876773972327,0.0137181881227909,0.408340094326905,-0.206292872115646,-0.201992677410398,-0.389685349812284,-0.21658955958302,-0.343132362730006,-0.657409333467304,-0.694784523832044,-0.146356854692235,-0.266853430900223,0.0159938217659905,0.056634089602769,0.155089819626906,-0.540974268847419,-0.0585106693727543,0.278448195170831,0.537102275235472,0.437187358739516,0.121086380689541,0.180326559111618,0.129927320154736,0.0908700537341861,0.469794669655346,0.143615573022331,0.53290662169024,0.543637543992011,0.625826108122983,0.642603607157905,0.753582063403166,0.867669895476062,0.610296451934436,0.347865548486946,0.748491349216386,0.32942033542528,0.38247487298162,0.440092844310368,0.256951051219364,0.132886271468508,0.339835882296623
"GLYMA_06G324900","salmon4",-0.537116275681376,-0.401053335215999,-0.206713191812443,-0.666720259815913,-0.313046468071731,-0.542344856892595,-0.138951866933025,-0.198058072493616,-0.57129521538785,-0.458980953251122,-0.000161670805695243,0.152930443450724,-0.228472971432508,-0.120936929945066,0.0791999913056083,-0.0330658311742593,0.804004920906409,0.296284460096671,0.617463857958122,0.672584662531231,0.242386280501055,0.130828992736992,0.0394699198933227,0.280799900437014,0.590439353678178,0.626758251465541,0.451870933431969,0.0931352961987242,0.303968936808921,0.269871690163943,0.292530849667378,0.120789356079576,0.288675225572778,0.0143657212304293,0.29535933477968,0.11691354787404,-0.0088161265089743,-0.0409616018153223,-0.267391179891995,-0.626652978940251,-0.265442613443966,0.07305413674674,0.39032983754193,0.333260914300908,0.160650715290123,-0.175735452180646,0.171000257705817,0.0519713315603804,0.108237571964221,-0.308955813112507,-0.0274610860555574,-0.356395167687813,-0.148778521602326,0.0952292595983756,0.360487473290778,0.44430502226248,0.422841143336925,-0.165726830047548,0.0853415114589829,0.285264210632362,0.279231911366842,0.561413489231409,0.0461716286725861,-0.161589184435709,0.361245423280236
"GLYMA_12G129900","cyan",-0.536848914907949,-0.604438632171206,-0.300237525151247,-0.554369778884554,-0.0910738551611861,-0.427328749751861,-0.308300813146195,-0.208942272499311,-0.402192024158706,-0.26646225848073,-0.126659635443072,-0.0467639055409238,-0.0441559011944718,-0.230881000716613,0.185848256576452,0.0973008855359452,0.608287745516101,0.357832304024619,0.587955065367699,0.875484035625876,0.570188049003386,0.00952866834323855,0.117863940705431,0.396368842207975,0.336074922419734,0.674844521640081,0.314123616334482,0.181665782806897,0.185263119097331,0.0453162017811709,0.208425873463781,0.324016293965391,0.46308766821672,0.264920142559505,0.429729748140428,0.476386044085237,-0.0125878814855157,-0.065805418027424,-0.149590591083565,-0.585940153019818,-0.427901748134512,-0.0932116836113221,0.36034166113334,0.277636095361966,0.163565097855561,-0.270343065093486,-0.122574961191082,-0.124153285754262,0.212857124916757,-0.126611866202847,-0.162535963458705,-0.484530848099325,-0.181728550432813,-0.157820046955488,0.0303271195051161,0.269470084018545,-0.140205397489463,-0.534762284385719,-0.330839276372448,0.161560341738678,0.0176964001874658,0.432278495615327,-0.0922717240419823,-0.261876976443251,0.0452769205599295
"GLYMA_16G130900","pink",-0.536508278411009,-0.427710980806852,0.017403588143074,-0.193413421449346,0.117551613094271,-0.149594993673134,-0.70082207972445,-0.729522851766828,-0.806458283582693,-0.674629600080529,-0.0862949368716682,-0.525992325868661,-0.526035553015331,-0.534149395384934,-0.114509357863623,-0.0294595051355755,0.342638026766601,0.221985831712554,0.573505427723203,0.0732544107493234,0.0819829474257917,-0.157148118335745,-0.082923816792498,-0.108980336467672,0.335656844457493,0.137435132144036,0.297382312857556,-0.120482901245698,-0.317493472206963,-0.261868937949111,-0.26376252490053,-0.156375569731421,-0.464758775142537,-0.34603687302861,0.0693448566875218,0.138707213663204,-0.00436430394449655,-0.0137869113591516,0.239130616323066,-0.559975140396252,-0.208324411692693,-0.109653065807204,0.363304922201835,0.233787720549735,0.0853538102817804,-0.0600227478805135,-0.350121132006762,-0.212191404047711,0.460375898713562,0.0285931500960353,0.281268540286307,0.377743251490233,0.715891519011048,0.411750508952343,0.435866051976518,0.827723250996924,0.35572500991795,-0.112576605797417,0.314080670109722,0.146120231942174,0.466725193441647,0.72196685304269,0.355812928995108,0.263240278433522,0.0600277786665774
"GLYMA_17G211500","darkturquoise",0.536480736048706,0.190220979225608,-0.244435418484957,0.191241640971482,-0.340110283137825,0.0877982761261411,0.245683161911139,0.485996857479049,0.484711619331189,0.168526638065659,0.0760621347058722,-0.0458189772662331,-0.056760049170675,-0.0815146502574125,-0.0994166978447349,-0.0269806885602427,-0.59222378218618,-0.628637427117951,-0.705366923938051,-0.454214892087216,-0.389443442066832,0.0270105456017434,-0.382890410560738,-0.326791109446096,-0.289822262802579,-0.290859864597617,-0.034712214885445,0.310736290729189,0.0860051369637799,0.333993377225261,0.103278347644705,0.2415868677624,-0.157376968571657,0.142949171849093,0.118040778450132,0.0443958369061489,-0.114503566194906,0.140816885641932,0.349389513996255,0.80202318906972,0.668136184634535,-0.26076492248183,-0.282786756375359,-0.40801536188831,0.210517280090159,0.255986880522606,0.0184661729026773,0.312220744796001,-0.0230841690438446,0.233416483870185,0.00108475296738987,0.253334458048014,-0.0326412229892449,0.140774225205705,-0.26925743888499,-0.365919642560084,-0.256738774024655,0.301049287278004,-0.108979276036184,0.0326577246183889,0.209174994539078,-0.216005652112194,0.207193598775916,0.334676180891851,-0.203646213028549
"GLYMA_11G151700","turquoise",-0.535349163595799,-0.830333990307865,-0.426109943134761,-0.704627962498066,-0.255457893127194,-0.452762198630567,-0.382228060801433,-0.197962524483039,-0.583308571356718,-0.362872683339419,-0.217637845394211,-0.0577810176358142,-0.26431163298556,-0.459707266856845,0.135831567785327,0.212005456666386,0.530014559995471,0.305956937984841,0.730474703317484,0.652383020320772,0.45008351190238,0.151279547871604,0.134522224129236,0.491267362102699,0.585580230840535,0.835371293399458,0.542528487900361,0.390073675868128,0.295989159720696,0.119514266654346,0.260692326743584,0.313131426348463,0.359618147661339,0.195039922551118,0.554612159114346,0.562981947855883,0.188623118246237,-0.0184494585375851,-0.113358411420622,-0.635591464360778,-0.31528197416077,-0.260249067293127,0.426279797049741,0.24681925254768,0.26246378617182,-0.38842242836615,-0.203042518840906,0.012981468249923,0.232675253829436,-0.261648289046344,-0.252871010411104,-0.438649782205404,-0.0198305318516964,0.0257710171176508,0.225072210858677,0.471744973573183,-0.114080686282077,-0.491568786116643,-0.312842315825322,0.105217285752144,0.174150078359972,0.66523948274259,-0.134957753803935,-0.309268873951549,-0.0237471250911812
"GLYMA_18G185300","royalblue",0.535138615191209,0.152191796361157,-0.389723636860092,-0.150668555243116,-0.554146602092314,-0.0636854424574124,0.433964617388537,0.461271250266726,0.137955272166817,-0.0318013680381682,-0.00398370875948865,-0.00510487306997368,-0.347247337360671,-0.162922794439453,-0.0745799768778312,-0.0232368407581532,-0.110773432776475,-0.697844509832105,-0.563781412159398,-0.535301334089178,-0.545729778607717,0.295231107712348,-0.284882382671499,-0.184272550667774,-0.0431486015788227,-0.128822829174046,0.257244980803361,0.420016107625127,0.184315989607898,0.616353102698894,0.284730634105498,0.083756868657459,-0.235353462563675,-0.0275181566241935,0.17178676159269,-0.12913766329514,0.0429203816673262,0.0108586828591723,0.308602924783824,0.610078763143807,0.832715591673811,-0.200006978698663,-0.0264457592080003,-0.24299975623359,0.230640272847684,0.256752811034949,0.240034170785487,0.473408915810968,-0.157683623563383,-0.163803782895636,0.118162667427415,0.255286317002424,-0.0624759843241155,0.473542988516011,0.0992556293968963,-0.0687960538781115,0.257179260709916,0.529996887611403,0.198334094713753,0.164688523993918,0.492484331905367,-0.00836358922479293,0.314917065861909,0.249194291498848,0.00356209017968847
"GLYMA_10G006700","cyan",-0.534585811534159,-0.413359318377166,-0.180170216274797,-0.466693815929503,-0.042703356029788,-0.237285559632145,-0.12849296330093,-0.151757053195802,-0.326897930530774,-0.129980064835449,-0.206131181181213,0.118426331795381,-0.045535972649926,-0.060113869160977,0.233518173575897,0.135368787155885,0.517628779482585,0.310402748912984,0.503848313496449,0.817432539762039,0.377460268606173,0.113295860595065,0.212894229580388,0.420349588803373,0.34846680030283,0.601737407156058,0.303243901409881,0.123887038217177,0.217805500667071,-0.00112516415686257,0.336189386680501,0.227964668836542,0.407630359397252,0.148070755182793,0.357622087959565,0.262296593386539,0.0138107082976624,-0.129883411559954,-0.258256921974567,-0.552485678634858,-0.377012199621112,0.134187496804926,0.44941956170473,0.396963665853207,0.238852831817563,-0.153036739422872,0.084966884003025,0.00422577138351575,0.282294417769792,0.0150913914603713,-0.0190413664167166,-0.418501208874514,-0.173529502334475,-0.11648749478356,0.155762882403705,0.213998817014931,-0.0723834149947067,-0.328170828832316,-0.149749788001829,0.180003160961011,-0.0747505157502568,0.29199656098599,-0.250479695394509,-0.309392325374296,0.164579806953995
"GLYMA_05G183100","lavenderblush3",0.534490105832801,0.214315687652608,-0.198102924558863,-0.0643487210996512,-0.0948626303515028,0.348841263018547,0.801965972000572,0.561447361808683,0.46894892432171,0.607343074326671,-0.411090348913032,0.342772899383488,0.0707192224439923,0.161860127041279,0.299422133027992,0.134783355318231,-0.197741758318016,-0.364656645830624,-0.462440559401176,-0.174905301860607,-0.337915131554282,0.575984006216466,0.539134059395185,0.470139506388581,-0.186742859311168,-0.0156791875361501,0.0695741324456793,0.372488337617255,0.307656354129456,0.1514056689326,0.197146612082417,0.0787527139563493,0.214712226900684,0.0699321664060185,0.0023150702371567,-0.107925718803613,-0.236565822222018,-0.291410521074721,-0.138786500210343,0.403569880448552,0.392645177574399,0.0246492164562636,-0.0593742992661142,-0.155745307905349,0.0754176665618732,0.136189751465695,0.330341004987222,0.405169159589498,-0.257339869265924,-0.000142108688242036,-0.140041553232259,-0.210373986362898,-0.281880976474566,0.0272201778575815,0.0356076761031837,-0.408410167166088,-0.219020560741881,0.356972705178088,-0.0711573704576482,-0.306535240526426,-0.388521722653601,-0.603695970988773,-0.348536135603808,-0.525571976995122,-0.0794970124792877
"GLYMA_14G178000","tan",-0.534372853049464,-0.0819821221241267,0.0716928124552702,-0.227294945218854,0.0724331526200618,-0.0548054011651206,-0.18477312048335,-0.340325164651754,-0.417339319982109,-0.168573743916834,-0.177794375881221,0.0604361576504885,-0.220480533614012,0.0423091703485316,0.0627747891363184,-0.0804467381846912,0.474846193306765,0.184552284746125,0.413054568582767,0.30326719878329,0.052412016617526,0.0677302155772543,0.102827954203449,0.13969837799722,0.379638908666498,0.289695550809184,0.277249838290525,-0.0737265739772533,0.0769144224585083,-0.157499558272364,0.126598564355391,-0.016563650860714,-0.0291887595296809,-0.211604309195439,0.0787401302862943,-0.0883925756628147,0.0384440190441545,0.0676454897574518,-0.14519697296479,-0.48742968551828,-0.229190337703517,0.586756401318837,0.616150229395867,0.881101244266156,0.224230926318083,0.134506070245758,0.2954802171423,0.0935002717043145,0.313880090393947,0.0632876073094233,0.210496358644519,-0.0118250456575612,0.0993965777831942,0.162895909491328,0.427966517542712,0.411089970477489,0.224630136550078,0.0337166132512687,0.283533069214516,0.418886816500326,0.0635052638712435,0.251499695566471,-0.110216373106853,-0.118662516460313,0.441849586456635
"GLYMA_08G154900","darkolivegreen",0.533686536682963,0.324539946466885,0.0458477841937677,0.2939031839533,0.0426429757351406,0.233986216359832,0.612151736213323,0.701321988687281,0.904055699197942,0.768550974914633,0.0979093238752571,0.459457522859762,0.670556331775812,0.489330610214306,0.0850136439392528,-0.0257378099807841,-0.519852493468847,-0.0186979327902991,-0.461358109133694,0.0489429964418831,0.0947799602600277,0.0903344812434137,0.116840823069286,0.175525969115015,-0.4361478642568,-0.165322958586167,-0.451217773557405,0.0717190743630496,0.183609167084664,0.0940106762744711,0.135391986386812,0.226631613340793,0.559453442007158,0.436343861293149,-0.106307866232291,-0.00799044136346345,-0.157342826336639,0.00754199968360466,-0.278714762043001,0.519439840237682,0.0221049586056736,0.00282627840867324,-0.477920181204203,-0.329669951960819,-0.119009792259559,0.0256529167414816,0.109919774871941,0.0184901472033896,-0.439110195972075,0.0437207997686016,-0.424293554667691,-0.459921679228894,-0.527947979098895,-0.603273546834441,-0.577235214493737,-0.892498830001706,-0.61812089442951,-0.0969349579477735,-0.509064712948792,-0.330347032985909,-0.656379459898978,-0.734516782456214,-0.379065783598189,-0.301280691120495,-0.176789484066623
"GLYMA_09G033500","pink",-0.533666223651753,-0.270995898194025,-0.00400795849288539,-0.247841500165234,0.210506325438737,0.055831782411557,-0.450558508487835,-0.692903615393732,-0.773206964748854,-0.404634835168162,-0.370256521597818,-0.341233204690422,-0.577080714139424,-0.393653688871865,-0.10381343478567,-0.163737020444194,0.521131347745297,0.0672211876541064,0.488996307456038,0.118439446459889,-0.103163964707269,0.105701718961645,0.143626786922289,0.105916556240787,0.410591045664427,0.222611831304384,0.456536038941591,-0.0331344494408917,-0.121910879238029,-0.355405865641274,-0.10759724628459,-0.146194193160769,-0.43044866376421,-0.491536252561167,0.0137253119232594,-0.0537303068995678,0.108828723016773,0.16649488658893,0.102561533086426,-0.603928922090348,-0.133180630630377,0.164570346256856,0.593848241117658,0.453391955477984,0.214127436742707,0.139872860812104,0.0349698188962798,0.0527375622975634,0.41783429602768,0.0148482719357527,0.385603099559472,0.315737457864291,0.504739365231074,0.514535440858268,0.639549913313008,0.828492987626095,0.356945430276365,0.116298309823498,0.457768494833955,0.422947124574759,0.287541885120785,0.463978758775384,0.10533485606272,-0.0237361403230251,0.333616763644208
"GLYMA_03G049500","tan",-0.533596615059775,-0.112290054039135,0.151767886950617,-0.155079059573949,0.120025161533209,-0.071789779440636,-0.299988720175194,-0.387370784943349,-0.414522255884472,-0.207076007351225,-0.0860353020235158,0.0033938600254511,-0.152318367390742,0.0416367549423396,-0.0140836555060672,0.0238964458615135,0.392683966403027,0.312683393377739,0.50537760039851,0.254983950727318,0.161016846709308,-0.0704177126513642,0.0859835009480324,0.0901028262433327,0.325896105372707,0.250582646407244,0.172289885360465,-0.153602132968682,-0.0818116946860538,-0.216159086357559,0.0669389837031684,-0.0330809524764459,-0.0288526050492374,-0.154362268567583,0.0380522554638777,-0.0341222052788769,0.0914306223067625,-0.0292476289282754,-0.15238268863211,-0.523481958930931,-0.348640477351961,0.590042282388032,0.594507154735577,0.917600956795114,0.0669441414458011,-0.00824904891179474,0.139005472424314,-0.0667758458796309,0.298975859760783,0.0525479388137898,0.101686210694535,-0.0178948868970715,0.172052274309647,0.0619678799178838,0.339697043969336,0.406500195206784,0.165010423016933,-0.0978018281357475,0.210758300960999,0.205510689598211,0.0211205672683801,0.309285940273481,-0.0790618019665548,-0.0792883562945732,0.314969538445654
"GLYMA_05G243200","pink",-0.53321895654548,-0.417961078542107,-0.218907521056291,-0.486445569987278,-0.0206179491474637,-0.120850881953257,-0.398374489002205,-0.68599159240736,-0.913940057827096,-0.554567774067584,-0.39550723685506,-0.434196002991632,-0.736701138867883,-0.53678930544691,0.0194322760048769,-0.0258094564498841,0.74137232658096,-0.0336624925902483,0.488275278822266,0.0880746651761746,-0.0654208272495574,0.218432521389835,0.146559948587994,0.179519190582725,0.449137582873086,0.361616107598799,0.626189617245735,0.100280956759941,-0.076647681111487,-0.135842720808671,-0.0649718773214214,-0.0554339613277649,-0.398170333125243,-0.499094917863664,0.133485334420728,0.090225988903549,0.0899871727518255,-0.0403344824028299,0.255507362756589,-0.609556829781848,-0.0218098015413007,0.014042504862616,0.628360498139449,0.425467052690384,0.149253444315751,-0.0471585269417836,-0.0126904005946018,0.0870911500729945,0.399417168651724,-0.111137842621723,0.411744904719689,0.282542230038504,0.427480015366849,0.655703439259936,0.680910059698535,0.908633533834434,0.519142596033495,0.116589521460935,0.487067497991,0.291228993000011,0.496438486775417,0.604758014741778,0.218857777969223,-0.0342504491394104,0.181488079809532
"GLYMA_20G238000","cyan",-0.533137894787889,-0.411825298169778,-0.0887023085066623,-0.394466034653639,-0.0143563033998355,-0.403276449577227,-0.186339073756495,-0.034738468468335,-0.150474919287722,-0.115585745291556,0.0474988776096762,0.210842638310488,0.263439212467678,0.061253475663958,0.159667276013751,0.0627150540417904,0.398807442205397,0.547225227773795,0.578677657123262,0.972223670206937,0.613002788697421,-0.0981109606810426,0.142263341291045,0.36792921789186,0.271335218773087,0.566954412092613,0.054833015904345,0.0256911932140191,0.240575542902214,0.0352432923450785,0.189424629165622,0.262639159470516,0.635252032074688,0.362323140788068,0.2780943531766,0.326045384392242,-0.0837886756366646,-0.024513354590643,-0.4025122338935,-0.533882663464785,-0.573695988063946,0.0329776069397353,0.135041649098272,0.2156929756025,0.0658649313633717,-0.253214858070628,-0.0521450541821987,-0.227724728324638,0.0956805884633492,-0.0700041035363917,-0.281108411972282,-0.629349978543966,-0.300381129295028,-0.451239717656494,-0.12207531773492,-0.00313308821267376,-0.234732563012859,-0.591868509194713,-0.435328678513153,0.0755341826339796,-0.221801355204287,0.25979955148276,-0.259692506757117,-0.296910982823376,0.12569091369415
"GLYMA_11G215100","violet",-0.533132468874824,-0.457686209614639,0.101155013578078,-0.321108338311656,0.114996173940887,-0.318930621533543,-0.39856915264551,-0.319788010714445,-0.426466258144185,-0.296125446922286,0.057810088334009,0.0659701595758094,0.0950324859426979,-0.05605002993132,-0.102878715739529,0.0739072345266138,0.437223203052569,0.684892612264125,0.803418114055203,0.537263870416752,0.533011606882952,-0.17577475472901,0.206471415326971,0.301688546661697,0.409533002151595,0.435322561619785,0.0749222834338853,-0.144395018736107,0.0486967612278799,-0.143259585142841,-0.0746192156731833,0.0536923728582155,0.291929408670531,0.117571920163059,0.139119766628157,0.127758778707739,0.194965955475657,-0.160960452195929,-0.397734714570948,-0.728503824328466,-0.630997007892139,0.0534027561817261,0.209930520643594,0.293600268957017,-0.0545900427534373,-0.33234247991443,-0.205277511814018,-0.331757670546584,0.194127266200375,-0.0924939208448167,-0.277707849476675,-0.383511280969503,0.122923253184776,-0.25682606482132,0.118392635972469,0.342931285754574,0.0412633636294233,-0.523137132895577,-0.184872422496581,-0.0625649143830008,-0.120676571619882,0.420722819998918,-0.186803318200736,-0.248775410630203,0.123538706186668
"GLYMA_20G224600","pink",-0.532306237993092,-0.212628929575133,0.0832600691165431,-0.0887639489532104,0.134964370983141,-0.0620738989225284,-0.60366100383064,-0.795803600329752,-0.803013636498001,-0.625771159448202,-0.0868277695287837,-0.521255800728345,-0.58545397524493,-0.390592301055629,-0.138690743022008,-0.0187299153896911,0.478633810022776,0.0221345294653563,0.358650072947389,-0.0966202648799449,-0.0584692444350607,-0.106344961420832,-0.138084441625127,-0.246537108623141,0.264121905451496,0.00914881468723663,0.309086783060736,-0.230944146195496,-0.330759855666159,-0.267471064795397,-0.242390378028052,-0.283597852678721,-0.613973263205445,-0.46292910353419,0.0515190194730332,-0.0359937900950806,0.13291890758313,0.0441653214558354,0.325934439860422,-0.505331491911767,-0.0930693775745404,0.0488309482702025,0.455135676907361,0.319081254099392,0.109384460023962,-0.00998452226924126,-0.166309853225416,-0.0964189434042445,0.537134778687515,0.11786088479833,0.4822910423468,0.545027842458476,0.512715429632454,0.556783911681848,0.496198677999865,0.814515018128465,0.597457366032481,0.104459810881888,0.567711054618842,0.288444854131234,0.560594451109262,0.584517355218306,0.468912774444715,0.354946522723665,0.102903570721279
"GLYMA_19G064200","cyan",-0.532258705985129,-0.442808504324481,-0.159331209507469,-0.527936043767469,-0.188634086062195,-0.496075778533414,-0.13297095489535,0.0496236345630887,-0.201485067821007,-0.164371476495632,0.0724250622333555,0.324866017289513,0.187833390411487,0.0557945394440992,0.150292952000922,0.0511606078148003,0.451396379298163,0.51122051110449,0.622455772861414,0.951765508733415,0.531948553352585,-0.0391848217706466,0.102140238856979,0.393781835291832,0.442612195400459,0.681414893809796,0.19212344082896,0.114081851893546,0.383336833621928,0.197890661946985,0.320118694086183,0.33513785970746,0.668463181614688,0.357914971371263,0.339513620509683,0.292553770814633,-0.0284746237471404,0.00948601099280915,-0.4629326063906,-0.538570348528348,-0.493546954202678,0.0598713802963015,0.198181417272143,0.256359779913125,0.128074737112566,-0.256224508933029,0.068229031399989,-0.0901504740691331,0.0667489135042049,-0.146859198588598,-0.323225580647,-0.678874690349524,-0.325406268451614,-0.388820830701534,-0.0245801879522183,0.0388338469074194,-0.146164150127727,-0.520816247718369,-0.392284689387373,0.169426615227371,-0.121285923870182,0.360408448240847,-0.238521513457078,-0.302974434592677,0.233404612524827
"GLYMA_05G007800","magenta",0.53225473238031,0.802350013971328,0.317353409157617,0.454012516375489,0.0644820440925406,0.29241200598074,0.609977044655326,0.370051697024219,0.581906346928958,0.388533006390227,0.13869249837385,0.360921177935123,0.254462523942476,0.528224464383213,-0.0244479550933045,-0.185478459703721,-0.327528736379749,-0.321075885063901,-0.689060068980053,-0.441725398306866,-0.506819293902709,0.125506093313333,-0.0257013439565364,-0.287283964836252,-0.273103301009733,-0.602039227536851,-0.356796906539306,-0.228494873265875,0.0265630072463975,0.0582083371674721,-0.00186295576654997,-0.296489575695401,-0.146257606599107,-0.105109577608036,-0.364490412412566,-0.583945693814603,-0.244060635557779,-0.0463499303706155,-0.0707020571041906,0.547223857080029,0.353220591985853,0.31694076410309,-0.354175830448188,-0.218228393374835,-0.0359202374360261,0.526164103341859,0.49719482058903,0.274163782131296,-0.264294404828003,0.197226930894409,0.127732259251234,0.216788693248521,-0.240596382012058,-0.00235016543009136,-0.0444848183418627,-0.490526368370055,0.266877151205496,0.616297589626792,0.34537060816503,-0.0167344344950741,-0.186413552091674,-0.661110396970204,-0.0374044746478688,0.104209098072904,0.204278862104796
"GLYMA_09G187300","royalblue",0.531922554445593,0.0378203794961151,-0.456081753126171,-0.059788914336257,-0.342445492631345,0.332252071843959,0.349864380225001,0.32884024005983,0.100905622378835,0.181138452776759,-0.402340019126506,-0.174892695939774,-0.549396473833343,-0.414343307956554,0.0379517548117664,0.0444896011787077,-0.376979375694867,-0.854856685498899,-0.606739717743718,-0.568253615068146,-0.735021792561005,0.526762480436614,-0.193451450999889,-0.027216549435274,-0.0275974996263421,-0.102421529951421,0.420898671522749,0.608950215555858,0.130850444918443,0.273722614536668,0.185613163913254,0.0478085567750259,-0.415965795207328,-0.242498447256123,0.141062329839348,0.00287177177489929,0.105192470573566,0.0657902473737082,0.499485028457818,0.644081477935109,0.908648716064868,-0.237523835040554,0.113903712567124,-0.203256201888822,0.361633810131899,0.341802813793618,0.188350562010981,0.630710292852248,-0.0313068412129001,0.00421256061406763,0.205221676490168,0.42222073524328,0.222401661399456,0.654459792311731,0.267260318201833,0.061208895959744,-0.0672818719226521,0.636819681142227,0.231687189905041,0.136579782279011,0.364272866639222,-0.0806367589502201,0.169626796855369,0.104902959719156,-0.148573124009791
"GLYMA_02G297000","lavenderblush3",0.531243010567611,0.402582861673334,-0.024882756839893,-0.0219435498776749,-0.2369705105778,0.0949976844017235,0.834571642106155,0.662020386816221,0.564085770046117,0.499145571246763,-0.0120522365075813,0.589237202155837,0.294326166456698,0.458735544547888,-0.0567084100615532,-0.179892022573779,-0.0941372568380308,-0.216772076563211,-0.426033247322542,-0.172144605914861,-0.25701765767365,0.334093326005532,0.305554367281728,0.232859720398477,-0.0744648907299109,-0.0931443327204561,-0.0969638783649296,0.124210411025701,0.343796079843214,0.36677014396587,0.271481427417508,0.113206629191348,0.33501032031675,0.167295400644404,-0.0607222701897691,-0.351793258767229,-0.140425127865186,-0.0667217102522449,-0.36039075286758,0.393023914543375,0.293425545072381,0.160378583486081,-0.210446819034307,-0.189312105354436,0.060130976973382,0.217275931779813,0.452143104795432,0.35968799914886,-0.422418128582056,-0.121621529345613,-0.138353395135281,-0.316991999979738,-0.499387335429794,-0.162701937141846,-0.0825788713023451,-0.552505103237082,0.0315442593070445,0.338505310700789,-0.0381586856057468,-0.185154001300436,-0.31742527958209,-0.58637126330132,-0.238871815630804,-0.334029132924054,0.206387592039075
"GLYMA_15G017000","turquoise",-0.531034168384147,-0.673614330481295,-0.364813189767087,-0.756505910387436,-0.3731686719058,-0.457438593288076,-0.254758239872346,-0.15869392034164,-0.625143451596736,-0.37460082111418,-0.164605213283535,0.123122177293093,-0.352133934635294,-0.337466029327111,-0.060750822141844,-0.00538815906350606,0.62271886803254,0.253893701607165,0.739772613824232,0.530859159270166,0.233352725926034,0.194898473258865,0.0741267982674673,0.429184276283842,0.834332363780553,0.823597021304845,0.655220229489824,0.339366566390532,0.376005122849394,0.242898682973833,0.334424661448764,0.404089965874875,0.288337070390876,-0.0132475140616655,0.389911455222022,0.261409614929381,0.264632397627244,0.101139979344455,-0.230865521336441,-0.637545405033662,-0.213435012758197,-0.0283005619516604,0.509211288339101,0.38998556538616,0.305439390391903,-0.219668221406511,0.0594955464949296,0.187744871656505,0.137448321972049,-0.340048624475208,-0.183021194355695,-0.396550048309309,0.0153817058077919,0.145693115013135,0.430944413386315,0.541883559773722,0.133175506843753,-0.245074843969494,-0.0720032544650881,0.210494154943583,0.268006165020028,0.67670923276157,-0.0862629394127563,-0.29106045986879,0.254570000611944
"GLYMA_09G044100","darkolivegreen",0.53077001230321,0.538452638422743,0.252152184786681,0.464487010708319,-0.014183786471527,0.135017158058223,0.458990985881913,0.63211702923179,0.809182393665564,0.456634789210848,0.37250827435767,0.399930940584692,0.588299182892454,0.549283790806401,-0.0610579188773235,0.0321566316653808,-0.601451192041621,-0.0742601754256129,-0.553351576198003,-0.293403360685744,-0.112414161800155,-0.172391349190275,-0.0963972787570673,-0.24174332581472,-0.438987979670309,-0.48175352752024,-0.576423921122079,-0.142070322553563,0.0340642189224281,0.190961082978394,0.00563882829746512,-0.0995295727161895,0.194658909163198,0.310204422922953,-0.210272134724657,-0.320006310001368,-0.142908823821497,-0.0880175839395588,-0.225284812796674,0.625483131859065,0.168104608078086,0.0747314265615587,-0.559443148089586,-0.378256967020773,-0.15207590698884,0.125920398315792,0.121724931426409,-0.0347081184670572,-0.277205812097694,0.188310448038329,-0.236890886325705,-0.108524914341889,-0.344393929545205,-0.447918027155623,-0.514101768704183,-0.775167021798676,-0.233738555463831,0.0930316031888969,-0.242481125608112,-0.25803527731594,-0.359175710938583,-0.607690867509242,-0.162711344745325,0.090858866650894,-0.0743404677265428
"GLYMA_13G243100","navajowhite2",0.529900155326268,0.212281201153224,-0.126085904658508,0.279748567495608,0.194577514662817,0.811208351540735,0.45866778640503,0.186418608093967,0.325779222886032,0.727391249182561,-0.555002254129432,-0.0708147531500299,-0.197759401236476,-0.121595422563213,-0.0556445139724424,-0.138046595200286,-0.442399816587417,-0.554432986388076,-0.525467628859923,-0.470981629403864,-0.564890674321974,0.573594232139003,0.148333965132843,0.216008820966783,-0.234811428073958,-0.22508830962489,0.121980066025139,0.31052559465554,-0.0420047360116046,-0.247928904135411,-0.0388175984012315,-0.0748253877834326,-0.252486642977946,-0.373654286579758,-0.26142945460553,-0.128301221459841,-0.0350263916067065,0.106415832997271,0.250170883333621,0.456010733463599,0.470239180400354,-0.0272033932722863,0.0523981855437888,-0.127022975107736,0.133805048985722,0.313896452407659,0.161954860927304,0.414551571304675,-0.26579777933136,-0.0533723850249203,0.125906452059202,0.24826181708807,0.170362029823659,0.316633264495841,0.155451515593797,-0.148134682285995,-0.338429054803951,0.500194985744363,0.162350302655445,-0.178280551656663,-0.249742349944008,-0.538081466921151,-0.139628828144626,-0.267913253497796,-0.161887972753585
"GLYMA_01G191900","cyan",-0.529672052922744,-0.439120583462811,-0.222496949250707,-0.591962760111282,-0.171561498485266,-0.341820385776575,-0.09563305195412,-0.084727515030971,-0.359377225214466,-0.169028689651467,-0.198536922769043,0.252477112855971,-0.0735522355320583,-0.0660681789650862,0.143877607515139,0.0119615032512845,0.52359253974054,0.322687965768643,0.576351814500161,0.896890838556301,0.324154925849965,0.151307107403497,0.218472339175185,0.479039015517916,0.566953500881798,0.712005776068055,0.408087235475963,0.190198796390163,0.374385890538819,0.0911020614340483,0.353650065143016,0.329046224197502,0.48063094741322,0.130727018451593,0.348984395686701,0.224821759155807,0.0267591182419252,-0.0034001540876582,-0.351352973236815,-0.577297577566028,-0.358722109363991,0.147065260855935,0.441733644823608,0.374515827400586,0.297664652085429,-0.0718024045571536,0.206322931609776,0.13934921645728,0.197242769397627,-0.069175127034157,-0.0937568302921605,-0.503676907725144,-0.177938673551563,-0.111648697442213,0.252856983692185,0.238368837777395,-0.0482407787581953,-0.286865625748613,-0.149906335216363,0.2400503566241,-0.0452730190897299,0.356863472925792,-0.237452246951719,-0.36555073795878,0.306134635166278
"GLYMA_19G117800","turquoise",-0.528136163830006,-0.760648301009501,-0.309089388826365,-0.66234642992806,-0.199637732614094,-0.481721095226173,-0.274127999767874,-0.0879457200434057,-0.445475229919994,-0.250244267868174,-0.0552321049897769,0.080600008484167,-0.00303233562069722,-0.234779750389635,0.123858523072752,0.20985774683321,0.567959908562437,0.525881989374616,0.816571209676361,0.672001482957103,0.625639211393559,0.0402297232293751,0.236871823840405,0.549332182295379,0.458085217294234,0.811225409519322,0.347568413324234,0.250346149007068,0.296387957111548,0.170649638999582,0.198829481944893,0.344817304096995,0.559907402193494,0.285773833740471,0.413424155864971,0.476446202955709,0.149003803863503,-0.123892525094824,-0.340955473443637,-0.673815201742827,-0.48983585666873,-0.178744588955961,0.331159090460255,0.274100760049489,0.0616989025237125,-0.564111631503239,-0.244453824618095,-0.208046619478586,0.0558632577175577,-0.383516586979912,-0.376045257424521,-0.6495930908365,-0.172432686659704,-0.236669585773007,0.0477587339529027,0.288188976428285,-0.156808364073945,-0.659521277045645,-0.438663534534685,-0.00155428423766953,-0.0248992605323749,0.543405967110694,-0.149002829247875,-0.405240789769085,0.0155551568833987
"GLYMA_07G207300","turquoise",-0.527749746922739,-0.72878129138225,-0.403691619692257,-0.718691936187217,-0.268157356294414,-0.526708061090526,-0.235054869535474,-0.0427406715351434,-0.400219756846912,-0.251396479484932,-0.100235578637957,0.0960202443771487,-0.0087605335025796,-0.225652332629286,0.240316556204903,0.225371506621334,0.570461590919719,0.456597509326648,0.741079470217936,0.753203027380349,0.637189830013139,0.0357308092999537,0.236221716060457,0.564391365311225,0.441546808650302,0.860475597575848,0.371670589792314,0.310149702698828,0.380637908947674,0.215833310259416,0.346334719387323,0.419868796387043,0.624567652012649,0.387808228665799,0.53364718203664,0.547808627727176,0.111355987843733,-0.0997835138979968,-0.283088131934175,-0.621724862573167,-0.451562998918578,-0.112758761678741,0.385209653441766,0.344406036506736,0.120833696564877,-0.467831930253636,-0.114693715207815,-0.109289306887086,0.130659011740249,-0.286548162268008,-0.335195828487898,-0.679043964131446,-0.23676966368283,-0.245721663262215,0.0326472506409919,0.226740794748016,-0.216601289374968,-0.641976115139591,-0.463548935931709,0.0783249973719966,-0.0127271095887796,0.521760722667424,-0.202621569354046,-0.397112213234433,0.0168580677644332
"GLYMA_04G232500","darkolivegreen",0.527232536038983,0.384770244099255,0.0451070193685672,0.173433761006228,-0.112242809262197,0.195769759881041,0.738539716758513,0.741914775119486,0.827082603939086,0.741725542736302,0.0473317507004015,0.634035764818982,0.570097607904717,0.586478279360283,0.0848899226676213,-0.0918653948978478,-0.365858073194955,-0.106719513202321,-0.471491292291582,-0.0102785237805221,-0.0595847719074251,0.188785776391554,0.17718178408982,0.218446130153861,-0.247662821694796,-0.0782435000826185,-0.288748275957776,0.0991076220364816,0.354750308896348,0.213861253808695,0.277087668944964,0.191566373257025,0.539344600293421,0.334966146139575,-0.076687430169953,-0.160439903997749,-0.115949295629751,-0.00557295733542506,-0.383722179861192,0.476171267282377,0.112226591006676,0.203001654040864,-0.273004535151221,-0.150969777700258,-0.0189833942599829,0.0575150481885742,0.360091949815472,0.248900634630794,-0.425123867044434,0.0150929847430707,-0.325423620807977,-0.469801184863542,-0.63161607192247,-0.480192233821594,-0.38061747930259,-0.82537358520575,-0.398131476716544,0.0873443406100803,-0.334138594950884,-0.294366486426002,-0.576238608139009,-0.730940123176424,-0.373496998617997,-0.359436018291399,0.00436010525126988
"GLYMA_07G139300","pink",-0.527173070384933,-0.501259943558259,-0.179132433394809,-0.371900574586684,0.191307907764538,0.0905079062176381,-0.459637700977359,-0.703389062401677,-0.828169412442535,-0.381356782739659,-0.553704125343314,-0.479020425390854,-0.681927491074445,-0.606229361694988,-0.0502119331737692,-0.0269152654116928,0.530665263988578,0.0263285970733879,0.537645713506433,0.140514924046586,-0.0325253871712027,0.233818878907055,0.256339464634658,0.293175767092481,0.388650596462256,0.356363570518664,0.580238049847836,0.150311952726938,-0.10708706235139,-0.372436322287157,-0.173308141001176,0.00869746113314905,-0.391901248368035,-0.492993278793347,0.107702460855307,0.1701597392298,0.121463663023762,-0.00784997190263765,0.221675417387492,-0.608642813122504,-0.0989848549510133,-0.021423319933723,0.615801331237059,0.415195896779193,0.201011041846953,-0.0343351837043914,-0.13661458091055,0.0251787470118458,0.431012202546016,-0.0126435395034878,0.320587807172867,0.269131974626343,0.576081391983245,0.572573505737993,0.638707926209067,0.894874572194639,0.194293406404859,0.0208975910098852,0.339044945336554,0.232475166824162,0.27393216550376,0.513732887357611,0.0999327686500403,-0.159900985045641,0.117233263200461
"GLYMA_06G003800","pink",-0.527008818473027,-0.576034368654905,-0.327517586068856,-0.4418369692464,-0.101298429428247,-0.194080016490215,-0.606096323097675,-0.644103058793015,-0.850838354516724,-0.584424125507231,-0.321725351893443,-0.519523733424755,-0.706971050127636,-0.672297368490809,-0.0294875665634353,0.125320761703301,0.545055948083047,-0.0754593595869283,0.459420011211738,0.140952643130301,0.0343003546334636,0.0981491424003816,-0.0877730712182437,0.0626224955408975,0.434286893466317,0.421989015443046,0.605606533328485,0.205568326559783,-0.0507562292825393,-0.110738593480264,0.0239449674443195,-0.0848471655911436,-0.359592521854863,-0.293119815912079,0.315287461082252,0.34535108476374,0.216368271120084,0.00385028463235225,0.399942881771637,-0.516728966174362,-0.0201887538375627,-0.159473919517054,0.60725520940635,0.352158453440921,0.247273614553506,-0.111699267443237,-0.15207593688,0.0870085420601147,0.43651251770854,-0.117773944588594,0.254728619074942,0.275390004126993,0.39179567952699,0.577267606935166,0.511820733686078,0.850090416031447,0.296181287490457,-0.0433157384653517,0.284232353859747,0.271818558734586,0.577489761535266,0.728452788271963,0.270523487451341,0.10859203704749,-0.0385491696834147
"GLYMA_10G249900","tan",-0.526337249511819,-0.175320337065445,0.0655397942734347,-0.293388137109351,0.108066126059542,-0.0310764625291502,-0.186226467766759,-0.362752994356607,-0.464246601747508,-0.142099210352307,-0.248085088821041,0.0819590946644009,-0.205150409463998,0.00491719564325942,0.0703246185328518,-7.46616897589021e-05,0.492275735261975,0.313343196789957,0.553369420880491,0.325368894993229,0.117582347788068,0.0891402155984954,0.258574803350108,0.292419816205321,0.457351402496876,0.373761854739933,0.296416919647705,-0.049342560616454,0.0506266155861611,-0.205191213172174,0.144694105684452,-0.0245715243957057,0.0388439997428622,-0.187389450469595,0.0642362082638377,-0.0415969354591244,0.0393438069012097,-0.0660988831008224,-0.221452468271524,-0.590640569334949,-0.331192477739168,0.568992211606717,0.634482628207563,0.903133157377163,0.0790511130334046,0.0148572393139825,0.241574895663828,0.0534994435610526,0.244001293583944,-0.0343422451261512,0.0493907972168621,-0.115856736723484,0.16222652505265,0.112061583965396,0.472019505340032,0.45540819610275,0.187134465332091,-0.0488199084674323,0.227546902651584,0.161008931789972,-0.0279061196818601,0.277725094666266,-0.232885825303346,-0.290433517384396,0.344123155182744
"GLYMA_12G230900","darkolivegreen",0.525740799432761,0.203821895790104,-0.0983316279365678,0.106197062974482,-0.0801018167625267,0.217621670685491,0.695701148533924,0.774853498229359,0.803406285200423,0.769230821567519,-0.0240361010861522,0.524357393059796,0.531897577092103,0.387176299224817,0.088659144345112,-0.10589569840225,-0.43230411832332,-0.0884541592563964,-0.377421808273116,0.0761708928858234,-0.00386255242149479,0.239623738999832,0.175842779510238,0.318009089312937,-0.245523253711616,0.0246619216329609,-0.22107715156719,0.251200144018907,0.348779539648716,0.204459740435152,0.246868868921135,0.388015749354007,0.590502572905485,0.339562627498602,-0.0740731373006213,-0.00954035851593532,-0.074794884820546,0.0716483929362399,-0.335893374885751,0.490381781080292,0.117178513406593,-0.0176300549275385,-0.369149712231154,-0.290585744846052,-0.0250505653102447,0.0239526766791111,0.211276579899787,0.190606281800963,-0.52198051562786,-0.0803999526700783,-0.390880842530026,-0.527560065121517,-0.516810651540902,-0.491033184848039,-0.423030957002206,-0.789846661392021,-0.602184906472785,-0.0261348498237825,-0.497228801723309,-0.240299839491772,-0.593619712217348,-0.661643221125747,-0.411730296517812,-0.400098303362914,-0.0611137756276552
"GLYMA_08G338300","pink",-0.525322101943023,-0.402125594240634,-0.178371835088747,-0.553637643933171,-0.149712927135778,-0.160377488021209,-0.265774809989649,-0.505446690955977,-0.844671510377972,-0.48806688139585,-0.330273122150886,-0.134724188369076,-0.655029534576042,-0.418940974870299,-0.0406955781007025,-0.0364940256367393,0.622122720720735,0.0678038471630007,0.577568171901992,0.145752039287039,-0.13444965599838,0.28247597803312,0.193738490614978,0.268266254795053,0.659034810586406,0.462832881666928,0.65871532678783,0.127063022639593,0.0723986745768536,-0.0152179455746971,0.0853069804088273,-0.0212252408868297,-0.253029334214542,-0.44512373542727,0.150787005954264,-0.0149273473628325,0.0500837229736813,0.000849483740003982,0.00142905740199005,-0.639328865214152,-0.0556567495021199,0.0579658972798116,0.573473257131805,0.371938709783322,0.234310352469353,-0.00649024123939139,0.119095001944668,0.223105527428132,0.314821614027687,-0.175504685552113,0.272173005378605,0.123180046337352,0.390524866421184,0.550672738884958,0.751899601329232,0.819347305858713,0.538559051727282,0.155213565778215,0.465138755012906,0.219721092066447,0.431874242282366,0.627395536932406,0.178182536891317,-0.125099760517531,0.299696375533383
"GLYMA_04G246200","darkolivegreen",0.524957704595746,0.553223045746025,0.236181380237051,0.384540132321491,-0.0147020931893428,0.166541696672182,0.535842731632767,0.590366359839366,0.805091298881097,0.528085857994444,0.246274872070534,0.483677638526957,0.561947843455705,0.609842567185659,-0.0275470942656659,-0.145099466111534,-0.508070291994087,-0.114006072923322,-0.562258615769132,-0.167044468028675,-0.118361207559852,-0.105347791893823,-0.000384075812400581,-0.125396357612893,-0.353245689301497,-0.359434904458705,-0.439694841945231,-0.143033507751763,0.0993490698791269,0.130453327612418,0.0577894480802848,0.233080878619574,0.285536997277731,0.254865801740045,-0.205157412578014,-0.312040348836435,-0.107555537310803,0.0252706995841557,-0.272958234984404,0.56100633130607,0.130521487484539,0.191914402287772,-0.453538399298384,-0.29745559296412,-0.0941557771618431,0.157550888411371,0.255685211285288,0.103273058492591,-0.252619461726177,0.306742996204647,-0.219954497227954,-0.189942080521144,-0.408924060970671,-0.446937085326849,-0.450092103646724,-0.784080216519749,-0.285917810018821,0.134182949638689,-0.213137945294222,-0.227875408111604,-0.448468374298459,-0.697695638608251,-0.227333848534746,-0.0535924469070728,0.0123514591604706
"GLYMA_20G166600","pink",-0.524672465988866,-0.270433874104568,-0.0935903665941696,-0.309250557773682,-0.0519542826135245,-0.122088430857483,-0.508284616753498,-0.710690150840633,-0.879780857032903,-0.641718572519496,-0.225931786551489,-0.445254611233092,-0.741163556803242,-0.470044621925349,-0.129783304602784,-0.0694033526189325,0.581627918139091,-0.105747642221459,0.377656188507685,-0.0561754497060772,-0.179131760583161,0.0470120919491055,-0.0864622610249567,-0.105319004934723,0.42023607166409,0.191116535570319,0.537182184990092,-0.0275154407659996,-0.1614602653921,-0.129382722966658,-0.0869440500960142,-0.213457420019408,-0.572163092338611,-0.521971874427435,0.103374350555917,-0.00506363961593293,0.174299626881337,0.0819823514390592,0.328458253507356,-0.500028210578075,0.0388012975284535,0.0688697772489423,0.593258268163086,0.383294780895372,0.190494504716448,0.0297771262986021,0.0261325479161452,0.113380459671332,0.478631407474608,0.00204792453413589,0.505121003887287,0.478335869196863,0.473595107996494,0.688075269958885,0.651229917203873,0.894196723774697,0.616297609927356,0.211971393534262,0.606481034406531,0.388898322301818,0.636912713471355,0.64627271471383,0.401874473320914,0.244407683224537,0.20501670014808
"GLYMA_17G035400","turquoise",-0.524360462348157,-0.693783300635161,-0.374366313508584,-0.631752625674699,-0.149843251611156,-0.345016014875372,-0.22592784791354,-0.0630939330139627,-0.362873961065704,-0.113690363701968,-0.219535524180877,0.0994290573827549,-0.0464388008266367,-0.257954458163456,0.0739406217627666,0.115682722954703,0.454990750860768,0.385966943672248,0.695506718648009,0.720649736246785,0.507209963906955,0.113549682529788,0.237114494142588,0.581923815356486,0.463331533777183,0.828446128987381,0.408370940733662,0.350755175248964,0.417361672892688,0.0844306279332568,0.267945845901015,0.405177554384798,0.549535186860143,0.223408818664762,0.392448492957624,0.488634761109426,0.157026891328648,0.0112772069684304,-0.277812274521726,-0.580242397155222,-0.413249899516067,-0.0960387435796284,0.375210674387982,0.314662342327027,0.135344610196225,-0.333492366141069,-0.0421334302059958,-0.0368288916370364,0.0715003582769705,-0.280230321010779,-0.310071400519523,-0.615768953905086,-0.151313374448372,-0.195471559860023,0.0988388683160226,0.248403820256006,-0.317750123776057,-0.549456757195629,-0.430075833618785,0.125164099508577,-0.0955038616559251,0.425938729011809,-0.289433813468964,-0.450519412783356,0.0831024075467634
"GLYMA_13G358700","magenta",0.523860988093349,0.859605614375734,0.532209414777203,0.671926110848879,0.174341539082982,0.351097544804666,0.499171537443661,0.371678772707238,0.731414281106827,0.494898981859481,0.323594445371588,0.423108966566222,0.493401687019981,0.716537636560639,-0.104058256757243,-0.2430479302984,-0.508483530193567,-0.156958041807982,-0.661725262135729,-0.446275151168992,-0.3666708369971,-0.128614490259708,-0.0773764433712417,-0.382095285847765,-0.432639300359075,-0.693192728507229,-0.570850602699057,-0.424371345579634,-0.090468215830713,-0.0581747574997264,-0.0906111822216039,-0.30354172040558,-0.0765172810714835,-0.0505058536535256,-0.49451846838574,-0.59931164772604,-0.208376670332322,0.0810262515057628,-0.203156585573442,0.553210168353059,0.151103313038013,0.338618130769629,-0.500050251647466,-0.275577655164975,-0.25675702971279,0.259888891074019,0.336009127359296,0.0726647648294769,-0.307209661250547,0.249699166663292,0.0206550793065998,0.152562884268409,-0.295021635669448,-0.267403486819228,-0.287449136649024,-0.661246915817421,0.0947708566926425,0.41981426370906,0.179761054025781,-0.149981932196442,-0.36274016408703,-0.759012647148968,-0.0718091390645816,0.139972274790907,0.142609218430388
"GLYMA_11G032600","cyan",-0.523769566910536,-0.183304211020224,0.137920887287514,-0.245809109344394,0.152410741602747,-0.216307051374129,-0.0839620280959846,-0.0899037023313827,-0.145116238733672,-0.0246794552717377,0.00987907367074259,0.325372515366926,0.275729047282493,0.241224276526208,0.130327904438281,-0.00988900973550213,0.372609236936017,0.586059426972702,0.567307607302697,0.853491168130741,0.462765501361691,-0.0622867873134375,0.272868776831139,0.351098547589144,0.312423282717333,0.420290645138045,-0.00162148784058299,-0.136860980700618,0.183800145073945,-0.0998796184275646,0.164923074839408,0.14215662604811,0.513474947733996,0.195299250743306,0.104579295387002,0.0478029449786464,-0.0999488801342832,-0.0774568265522824,-0.53022352886846,-0.581744278463627,-0.593654379902805,0.317998134348292,0.232504390340082,0.383792205434902,0.0314620111485646,-0.0612493796185488,0.137545779934943,-0.159560049050947,0.117378477130997,0.0375627691274425,-0.132880031656393,-0.513183042334925,-0.177631537337422,-0.404161338537414,0.0382644273157494,0.0219310991424637,-0.0874526178492075,-0.396288500442338,-0.193244475331094,0.181706803817151,-0.329298964824575,0.129477618669085,-0.317495999381149,-0.323032438403475,0.367984739137926
"GLYMA_09G014700","cyan",-0.523435898556084,-0.41162448844827,-0.133151854582717,-0.505846255876176,-0.238559812516135,-0.537561480732687,-0.137050486988345,0.0735931924038803,-0.188081091138453,-0.192443573223253,0.145521775887686,0.369390146054728,0.196908414674156,0.0961493495705609,0.112619510116862,-0.00645213036627632,0.444638801611119,0.478097852778826,0.587039219583517,0.909267716272308,0.503216586844505,-0.0621223567719349,0.0226204408964851,0.315987551333239,0.464224974898751,0.665227733720397,0.196838212036951,0.0895534616314773,0.408304556143882,0.247241973221236,0.342019582198032,0.347952112103801,0.648709865722403,0.383069338915901,0.384525510950217,0.244384791930687,-0.0138778734708866,0.11856116051251,-0.4918165496828,-0.513385332898687,-0.461682490399272,0.0663892357659515,0.190655320362717,0.230552814661502,0.203585442061953,-0.243666773806967,0.0945783483632755,-0.0454011949633424,0.118581198808422,-0.105458248878449,-0.326172750090664,-0.658817290796606,-0.369661100463154,-0.382638701238467,-0.0359091105515987,0.0222073348087771,-0.0893656412923425,-0.489810329486856,-0.366542303979184,0.245492896007117,-0.0665262145325249,0.370014809352005,-0.186287552452299,-0.235999033584885,0.287888967256544
"GLYMA_12G002500","steelblue",-0.52307346312655,-0.0707587725472236,0.463470491237695,0.0268096819339118,0.206714112174212,-0.407210300573036,-0.332299439264335,-0.241287510657449,-0.142244192478477,-0.294147990321764,0.515339747591745,0.22390417754555,0.49324127323262,0.396515736581612,0.0373662770370804,0.0752786988226007,0.365229314358298,0.848650236209823,0.616505845456296,0.522887161562129,0.645391893434637,-0.509219058969673,0.0619188205581423,-0.0565556602337619,0.100687981306662,0.09278974949291,-0.384223217869825,-0.57731914866941,-0.122467943929324,-0.101097420708344,-0.101887229953883,-0.1536130829798,0.359817810189732,0.268191309201069,-0.0492125353145028,-0.0658286976987289,-0.105193897719486,-0.179241707217479,-0.537117572072058,-0.604398829540626,-0.798741441591265,0.171149641868715,-0.148005290330806,0.117426339482752,-0.281063961055643,-0.404324522785862,-0.225391447602254,-0.599924937085838,0.0990692347937181,0.0121775019890755,-0.195838203172422,-0.372171205234595,-0.167388369131046,-0.578223001439556,-0.223353285481423,-0.0154066127062341,0.226150182613736,-0.570670017498026,-0.169838595486771,-0.10587910989438,-0.208968858134236,0.216646846052468,-0.0501355933131533,0.0236632867662088,0.157019367800982
"GLYMA_08G241300","lightcyan",0.52276664544699,-0.252818993085633,-0.73406896358532,-0.453453200290695,-0.66979401689383,-0.0558705455618268,0.507829241900942,0.684722352494127,0.200277905003848,0.238089219650925,-0.276396071291285,0.126963524627024,-0.306491133679762,-0.341395867776807,0.0597010001988278,0.0897108244973237,-0.157288730561623,-0.649117936819967,-0.378773724268097,-0.175848054348724,-0.36909131600955,0.575292125720677,-0.132127753595003,0.283381229083897,0.139279132775228,0.354022491994767,0.493238781351185,0.845328250086992,0.484662003387082,0.658241456441675,0.519216783584494,0.379383777864794,0.189337406056245,0.153707341255158,0.364822002291875,0.251421756526881,0.13653554250603,0.0353458872798711,0.202646230954122,0.538754453096522,0.744466429284271,-0.380938083878813,0.0864840453491389,-0.21963262272955,0.351458871667863,0.0576029222338605,0.20358087641892,0.612483223646555,-0.314672682895396,-0.394800849470102,-0.184093500964191,-0.184905613256796,-0.216013705421955,0.306806833199873,0.0492246849773806,-0.162908794440708,-0.259732757554607,0.267989954261437,-0.223087142041763,0.024154549866616,0.26126031282237,0.00528837788086111,-0.0421427707624237,-0.173584731919715,-0.163663531124181
"GLYMA_09G088300","pink",-0.522482827127682,-0.187856757709013,-0.0172017792884698,-0.204359597660992,0.181104165246039,0.159241360801946,-0.409991461715986,-0.674936772347645,-0.76447851031128,-0.421215931484443,-0.400587476911712,-0.407064816332874,-0.686330091310824,-0.437838475869444,-0.0745938385046715,-0.207413988992225,0.365285465203077,-0.0642208774647528,0.356680483009876,0.0372511222910112,-0.281505589466812,0.101019592263491,0.109634386983785,0.0312567119201509,0.362197197554097,0.124759349463477,0.487624368240046,-0.0131233238138128,-0.148273903757675,-0.307470748585039,-0.124765740255047,-0.109910021390729,-0.560467962251796,-0.635132882117818,-0.0863155846031494,-0.117819110165996,-0.0142030735682728,0.130293769147899,0.213492971844511,-0.463874913397555,0.0244939988559463,0.141689954776738,0.545068258478768,0.3453036277344,0.1474478534163,0.201448928099347,0.0672916400506873,0.092308126907731,0.463400415811056,0.144997555565763,0.548689530180348,0.468181940415792,0.661871283281699,0.625763747967984,0.678633416435755,0.826505257961218,0.372809927959455,0.258025603334795,0.57724012596128,0.389541982386759,0.374675134959631,0.471009624060655,0.249968196982469,0.0887130195659746,0.327739012334481
"GLYMA_16G194600","pink",-0.52227173142481,-0.322868247366214,-0.0975434149072381,-0.375548166634543,-0.0131778179288819,-0.059243241908589,-0.417327530150364,-0.655244838482969,-0.839477848827617,-0.520533772115369,-0.36498797067524,-0.33489120226344,-0.716770026694965,-0.461475283899312,-0.0777282434510762,0.00799799190582861,0.575958502634615,-0.0340118710928188,0.466326372747544,0.0452007703623932,-0.172520377914507,0.185902310455601,0.0672609084546811,0.0905618331916836,0.509381976099645,0.289421226645571,0.591827133094237,0.0570693879644194,-0.0872062489190583,-0.201113593186352,-0.0723337654835973,-0.0912691172791477,-0.461501801964269,-0.505739335615331,0.123391899167118,0.0179860352508693,0.016520881160324,-0.0293109566977327,0.199508412539879,-0.554457006959067,-0.00781385409315504,0.129651967504656,0.650096545875633,0.473575307098146,0.218702530886228,0.0255761389013409,0.0520806791446941,0.154141695581304,0.452379807799743,0.00402753393315306,0.38981951005067,0.351444773675402,0.497972678587722,0.64590382140462,0.723326280827256,0.893330271540115,0.489522383457366,0.202368162587135,0.53982838647917,0.326843653732752,0.462669325086617,0.587537626049783,0.2818462514356,0.0242056182225898,0.263881559855694
"GLYMA_13G064100","steelblue",-0.522145499625021,-0.0836658602870235,0.459162904784884,-0.00106152327759397,0.20604777707285,-0.371675028187881,-0.354940196477033,-0.245902640665374,-0.186857106948395,-0.2827741824827,0.474686793332504,0.250763704369415,0.419228600981537,0.33316312420588,-0.0835246950016666,-0.0752808360924337,0.265295745695191,0.851966597798458,0.700982554550886,0.45257579157314,0.55248751064399,-0.442433228595679,0.0332763713445025,-0.0249085504049656,0.237033046730643,0.12865938602243,-0.296987398113239,-0.511847145987687,-0.0792570951244815,-0.140161095033982,-0.179312571577507,-0.0547425446386154,0.310930832514966,0.150942693789337,-0.146719382270792,-0.0874075114024245,-0.0354564908056992,0.0455252269354247,-0.546283147586167,-0.612234342391025,-0.769292832080865,0.21470628490972,-0.110242623460974,0.191980497593517,-0.286884876741202,-0.279569974063501,-0.173110226325206,-0.520955594152345,-0.0126123327152487,-0.0747107680540521,-0.263440026779564,-0.353129657689195,0.0027808783340959,-0.516743916423332,-0.0993540498466306,0.0667973745616133,0.173541536644924,-0.507795466338498,-0.145985234604358,-0.012880881749136,-0.209099640300026,0.271603747732704,-0.071815904319743,-0.0221954469818964,0.271620664406531
"GLYMA_13G215400","lavenderblush3",0.522116195576899,0.176227977949835,-0.29456128106648,-0.28101319011108,-0.415719159063184,0.127073555651319,0.888077769399024,0.723125928329017,0.38418454327543,0.489379970487415,-0.211400527000258,0.537619257326611,0.00675448771212129,0.174402086288299,0.0494643200625483,-0.156474152094483,-0.0781565982524585,-0.342146617870315,-0.333952113275217,-0.129106913177216,-0.429059217875017,0.644581498146387,0.233505521459052,0.419584057429599,0.127893809880022,0.161168221968935,0.238143501171506,0.461543944366102,0.482524596811961,0.506105176034519,0.442489028322314,0.233812673606011,0.328825028326062,0.0088158463348816,-0.0206454283721579,-0.214863823456457,-0.181045046954319,-0.056944039845223,-0.267358450964374,0.381564835922328,0.484192512733007,-9.13684754960398e-05,-0.0658240284031981,-0.19074800239266,0.141147799232661,0.179837629395369,0.493037186340223,0.537014730645257,-0.532477376897275,-0.384330545947192,-0.191382140487035,-0.342095646305259,-0.319240384236806,0.073189350549111,0.139796254705807,-0.362380850687078,-0.0176592474105591,0.431765426212912,-0.00850271353879458,-0.119863754610785,-0.161954367207468,-0.370858419567867,-0.206655438826619,-0.439867890800945,0.200583029997409
"GLYMA_20G009600","pink",-0.52159735277107,-0.387686342270645,-0.145888327333981,-0.356092047146008,-0.0590349079337808,-0.261005556810817,-0.570118516615892,-0.687284937596727,-0.868692826358906,-0.706973526391398,-0.148022265194331,-0.477379799376858,-0.633793355226822,-0.515604260237752,-0.0696663007123049,0.0637796325082687,0.595425127998885,0.00477664313213842,0.437098711491031,0.0568991712279582,0.0119532695945733,-0.0377897263364434,-0.103236905136293,-0.0926305631973812,0.394040685606494,0.236832886081752,0.455249812690485,-0.0164903671948699,-0.129014211567421,-0.0747855165825446,-0.0950997775866312,-0.199766232490141,-0.446236316473909,-0.338933017252536,0.18612234900598,0.136545553779651,0.200580863922617,-0.0394374500203122,0.339006074940514,-0.529530703366629,-0.0508998150374057,-0.0845564060764344,0.459185980440843,0.268984138939496,0.104504012257988,-0.0627785433998993,-0.119999028993567,-0.013956426701468,0.416931196794003,-0.0697917163063274,0.402807216079844,0.367159099396863,0.40661192836318,0.560461069357632,0.512785686148207,0.833709457613505,0.556466378877657,0.0316653563742572,0.439980037991639,0.274362145810459,0.626672139674265,0.702287158563378,0.403468397984039,0.249715597614334,0.0535317380128054
"GLYMA_11G179100","tan",-0.521586026922913,-0.115883117364664,0.128674768146885,-0.165545227095245,0.108898735799828,-0.0592218865428058,-0.262019267043317,-0.345575860918144,-0.371218979097207,-0.140459450641781,-0.110776458544693,0.0385752479191398,-0.11741844920594,0.0642598932595632,0.0263832157161957,0.042877131917705,0.378643966911071,0.29950493154617,0.475857721097153,0.253755985617284,0.171230351456854,-0.0451405684089875,0.124999603965506,0.135778374778523,0.333008600749158,0.270254022788633,0.167537311083487,-0.123712047974237,-0.00930838076661742,-0.201043596570289,0.0595865674928824,-0.0494429708729915,0.0199707120364526,-0.138301996838718,0.0254187907660261,-0.023591499873803,0.121368531089009,-0.0514101880747352,-0.157343668924578,-0.503073037483579,-0.347565176960753,0.601382997983566,0.579792316730293,0.938667639272351,0.04097751638181,-0.000979450919037784,0.159044131188865,-0.0472237430373042,0.254131741637828,0.0259775105693841,0.0432597886953797,-0.0728942315155059,0.101762970558435,0.0292314178767119,0.322201056896249,0.353176324190793,0.133949136558341,-0.108395366182734,0.171650402174318,0.105627551993413,-0.0194028157333795,0.258036110273797,-0.15302817987961,-0.149707596209105,0.253109256792177
"GLYMA_19G256000","cyan",-0.520542508078842,-0.375338484814178,-0.185943649397061,-0.459164729871008,0.000443416783267641,-0.234575275112565,-0.112587898350864,-0.181177806128969,-0.328652085052176,-0.138944203357713,-0.216582768459927,0.0599891451378482,-0.0613228191220447,-0.107565998784265,0.171486988051107,-0.00111055933301553,0.515515301415875,0.284950550579583,0.458818076071063,0.882347726742607,0.337817814777425,0.158881385741797,0.180928604832981,0.400884100651946,0.310286174381603,0.543328973897241,0.286964166773304,0.122099608857088,0.203804732952667,-0.0218045652266571,0.20835314521662,0.21940050380898,0.38418954376792,0.087520484238519,0.264492421404131,0.249011534402152,-0.102683971905525,-0.0622708234014569,-0.207994090145805,-0.523969268929977,-0.346923901359192,0.0713504563003763,0.355194677373188,0.273179182836298,0.203275362286946,-0.0413742865927074,0.102361362468529,-0.00955191802070709,0.21460929015714,-0.0154654870816576,-0.0120798108303368,-0.386303046487502,-0.11855484592831,-0.0839043259071584,0.163542932184009,0.220381260096236,-0.0624587717340523,-0.288228561082811,-0.123632157713238,0.229750566151468,-0.0650224397606994,0.267621277032124,-0.149613435122897,-0.288074046181298,0.209307782209584
"GLYMA_01G025300","pink",-0.520334825035306,-0.431699881549099,-0.172926428230453,-0.48493460045009,0.0372533130363796,-0.0318595763746283,-0.311643262466137,-0.618751543488199,-0.821427732026192,-0.377990475744626,-0.504215330540264,-0.257530352723623,-0.62818704206291,-0.424854614661911,0.0408562668955134,-0.0284417623166794,0.716903997354689,0.0374808545277171,0.51298297179261,0.213752494668377,-0.0226485922389024,0.290192955948835,0.316572235816993,0.352281046162814,0.492692594111495,0.46339414736735,0.634742536195954,0.125948924890974,0.0317747070956463,-0.206733411490998,0.093086515899436,-0.0589003214451941,-0.243070139894322,-0.356071069365111,0.267647162782708,0.0886911346507568,0.0854770448736837,-0.0730576329915885,0.0663335579148498,-0.688188860876245,-0.117212943192297,0.130628952157612,0.774588085509606,0.513262958631175,0.290830391046488,-0.0449959682923064,0.0843354664942205,0.206776273454039,0.482979441687419,-0.00791376771697161,0.266887248307569,0.123141058912269,0.323080279694749,0.534050850100286,0.685247505308732,0.815199358156104,0.379897245496564,0.0766774054725962,0.407671502969073,0.243450882033534,0.285841952915026,0.473490562431175,0.0595990179506925,-0.228889307445079,0.243678896843024
"GLYMA_19G207200","turquoise",-0.520085884660329,-0.64846822841881,-0.291279025404493,-0.676102544923396,-0.352906871313567,-0.601710118976538,-0.210588780726675,0.031363369664015,-0.372931480660334,-0.30661378363674,0.0613905493279347,0.25524054830532,0.0291909151927896,-0.118974403906754,0.21188909375693,0.197232585599352,0.546757699940402,0.482413244362694,0.733423096643744,0.674333264592936,0.53658891035774,-0.00510959033917863,0.111948046233427,0.44396656112653,0.568406898315279,0.808570571634975,0.3516783851007,0.245158841548421,0.421778875616571,0.320353234871362,0.404324905559761,0.314771699488865,0.591798519657832,0.347107370439861,0.472793826655374,0.386617710755943,0.121808074450341,-0.0465739114501687,-0.395999679929811,-0.585568012592889,-0.41437579074075,-0.0943428937195248,0.266211959493507,0.264318994678829,0.120846732119573,-0.447360488418581,-0.0607849904570351,-0.057091009586719,0.0636546562256771,-0.328338944792461,-0.375116356026882,-0.659705233111878,-0.270755149883288,-0.245235654411025,0.0669331074208339,0.213167779093553,-0.029012812641921,-0.551625168996677,-0.398559459512751,0.073014738952566,0.0521137437334229,0.55468855080254,-0.248321491380387,-0.325595802373665,0.119053303576515
"GLYMA_15G115000","tan",-0.519860539816139,-0.171885960269491,0.0851146120611437,-0.0990390994144414,0.171032839765208,0.0842125796913912,-0.36617715714156,-0.433466520750883,-0.426679234057729,-0.146494478056173,-0.236617900719416,-0.126138288189371,-0.269401238210145,-0.108353676772296,0.0436767655651012,0.125410119835416,0.231952572251189,0.181755605178558,0.416139802908357,0.181583662893887,0.0531829726397933,0.00223586647736511,0.0402376207863083,0.0909530601089795,0.316484139930502,0.235782597160667,0.243221414072729,-0.0443955707519297,-0.0915768315675357,-0.318443206053043,0.030079614156361,-0.051159024440371,-0.149634379182823,-0.244451494169221,0.0333585847577539,0.0643529416414497,0.0813978283161646,-0.0516113318831871,0.0167776361424594,-0.437404185650532,-0.24451973667733,0.499851526632009,0.637513016700447,0.863892865483522,0.154784705675057,0.078699650741863,0.0865882217695194,-0.00218218509557863,0.338748563885157,0.0895226735582579,0.135610648819415,0.106182677285223,0.298826633702451,0.175874230005973,0.378383584207965,0.45921428247517,0.0317497378786689,-0.045217651943632,0.224292923993498,0.173555828766262,0.0431553243836276,0.312166067111076,-0.0857276033976016,-0.0763353726517051,0.169959221527293
"GLYMA_03G104700","lightgreen",0.519816496302868,0.392638858151634,-0.114088433252171,-0.0285531904266542,-0.251482991907232,0.431590454652926,0.638161697056396,0.34358635706008,0.173254469873876,0.380339368979764,-0.390864936826794,0.320967446479359,-0.363384911574505,0.0442788176020526,-0.0431225577719409,-0.184367450086525,-0.234871869630884,-0.626635423857966,-0.497660617814304,-0.481605095796565,-0.865772463966625,0.617672204427228,0.110888415261788,0.127583744219152,0.229438347068152,-0.122908913671659,0.374892266607058,0.316496216596997,0.234023018611915,0.1667465731059,0.252812694491751,0.0388969002716759,-0.270002527395112,-0.426417350599799,-0.182529228899593,-0.480033915681768,-0.0945096413574611,0.0292273648710443,0.0275320768518817,0.423893852808561,0.680317100899994,0.223355492134431,0.175606891659334,-0.0279022200862223,0.295615418228263,0.503050266282265,0.627560996446238,0.789227169756549,-0.203558361769514,-0.0139691852236737,0.162308006549236,0.249385663188578,0.112754290501503,0.512608323712796,0.506491678465117,-0.0314016471939223,0.203764597676165,0.870037553451052,0.49120622587451,0.065024511477575,0.0580494639941075,-0.340696899660843,-0.0379439396662304,-0.185066481458933,0.292558009581433
"GLYMA_02G162500","pink",-0.519748403242195,-0.400731507778043,-0.117810437267952,-0.28474089928354,0.238642154444826,0.155266842198548,-0.482769373925425,-0.763256196196677,-0.852948011747875,-0.438425682451722,-0.526188171650627,-0.576122727657637,-0.697754669921284,-0.600148485858115,0.018251766814745,0.0316922126793948,0.449522179921736,0.0143359767920281,0.465594005252328,0.0494128419641347,-0.0919989167648797,0.158995479508893,0.24538194114134,0.196220193607852,0.281107943014878,0.202521596948865,0.48481271668966,0.0554737956964056,-0.265630619714645,-0.385658079770749,-0.229758157360333,-0.167684567242765,-0.517169556815786,-0.54334552632697,0.0207091988371427,0.0895131678256614,0.0414958806936195,-0.118999966651015,0.306804686200718,-0.564629671058383,-0.0645719291611875,0.00169910423628205,0.602411245764835,0.384203718851261,0.1373151733639,0.0560660022990488,-0.159810035090132,-0.0337335974026765,0.452707421051106,0.0204696935134314,0.429075318332463,0.404050035069072,0.687079444377721,0.617345898722783,0.640880937538283,0.898025278286933,0.279710911514421,0.0759818806487952,0.446433723809354,0.145345287683327,0.327123531827606,0.508040902704463,0.167407735737116,-0.0546379703698403,0.0572977100774442
"GLYMA_02G260300","pink",-0.519270881238511,-0.34103373615073,-0.0541323360239604,-0.480721777247326,-0.0908870751751497,-0.117111293433998,-0.286923076274707,-0.489838299410048,-0.821734331095,-0.475316872507261,-0.260777513610069,-0.0817578107765153,-0.601432747694113,-0.351776008068713,-0.0942425439497305,-0.07326308773777,0.531868642954254,0.182738548666605,0.663792640853185,0.111286844503499,-0.163459773391144,0.203804824355622,0.200952570128047,0.23810420729812,0.70276594944238,0.402427593802824,0.584337634208601,0.0588482498473894,0.0648072279382415,-0.0580983436601268,0.0312228182946074,-0.0589232707477931,-0.279835548358639,-0.471657379310821,0.0424596307992893,-0.122271488827062,0.0122868604268587,-0.0189927015278696,-0.117329046195978,-0.643318063584915,-0.106814530288163,0.150035986206219,0.544322917724651,0.418952648406021,0.174898778304212,-0.00177352490391526,0.135245060228548,0.161947574873678,0.268072599589214,-0.171365497532756,0.212387544872794,0.131518396513132,0.521336355542225,0.497483413619089,0.76869591301852,0.834921629403742,0.51052664108099,0.155462083573354,0.468095881103043,0.242674219552433,0.364896389952245,0.629729188692422,0.128490944606348,-0.116855525596726,0.413818070705739
"GLYMA_16G202500","pink",-0.518752343729603,-0.539075447442027,-0.271260180079218,-0.566920797422619,-0.192420148144705,-0.166873990876064,-0.395788050427325,-0.441022459217062,-0.815844547166972,-0.47757634159315,-0.366285167003349,-0.151237678835465,-0.67500423613243,-0.5398478317749,-0.0617254481165196,-0.00276538847530798,0.443689163576063,0.0264802598660201,0.588765823521359,0.22507228171129,-0.137770664054147,0.244494657843904,0.043486171499198,0.245279612426268,0.833217168497673,0.547731799720382,0.724300107170325,0.284334622624255,0.153503253198561,-0.00520355486233497,0.137953763418553,0.102334174849589,-0.229368930532191,-0.366874711404865,0.251236078810448,0.0935488039690865,0.165879843580402,0.0632776490019124,0.0571719187476316,-0.569724571911696,0.00123147013261065,0.00935448933138746,0.612086731488896,0.378252820944558,0.429952750185223,0.0866737661535268,0.0940751114467152,0.318119361241209,0.354422865128036,-0.11693710299609,0.190707272309036,0.109067109181579,0.454137197540561,0.539793515255919,0.728237813237938,0.82375081319541,0.297299886121663,0.102727880219254,0.32239103556055,0.318441070779859,0.450044187455256,0.712062954083882,0.0879591078862714,-0.092919866989845,0.27787917827293
"GLYMA_19G177300","cyan",-0.518467965373859,-0.584624895062704,-0.194856972370603,-0.506046780757727,-0.0918638902061504,-0.508880348410045,-0.245141386699705,-0.0163704640182506,-0.209074582218211,-0.165666339207419,0.0523152411762402,0.184405898594764,0.253497529722414,-0.0301418675231951,0.124139937615135,0.14579926231956,0.461483386236246,0.589687627114581,0.692490990023059,0.935805208633274,0.738498292153399,-0.112045311315761,0.181654346165094,0.450204902346302,0.333481495730549,0.699246918139728,0.114500231249669,0.112492775070173,0.26722517116618,0.0983300113201399,0.220569173226103,0.356271878390356,0.709961762364345,0.454790653329801,0.383424252454854,0.458368907718725,0.107658176708601,-0.0405467397888977,-0.396770899361949,-0.592215613185533,-0.609052491980899,-0.0806382416817771,0.155266601466382,0.211847151224264,0.0517626806158986,-0.417884048202492,-0.16577094282228,-0.262627890943502,0.0562934840616485,-0.197551532304219,-0.393029205946944,-0.72679384765438,-0.349225619406744,-0.479142590612189,-0.160874340908553,0.0329439107866212,-0.28985911770207,-0.728532398666643,-0.562416387216714,0.0120209432738357,-0.19286473951533,0.352889538112622,-0.315662878452002,-0.360427458697423,0.0263915306109041
"GLYMA_08G203300","pink",-0.5184501592371,-0.442235227585149,-0.131665535805602,-0.278970106584188,0.197068825323883,0.109684570061856,-0.476122769821125,-0.706078271449045,-0.803197011344769,-0.34537327171893,-0.462728013023553,-0.469424865293891,-0.654899204373778,-0.572125049715796,-0.0448771440567103,-0.0382628835046561,0.456235770439344,0.0147292285243095,0.478708818128954,0.0686239628037683,-0.0693519927479615,0.25316455833649,0.126479339529421,0.19600427456315,0.390221223155422,0.300471716689305,0.526627994163457,0.110768873858268,-0.157241037850261,-0.365733361712191,-0.15290146695679,-0.157899414849144,-0.418714779862596,-0.500495892681184,0.0751209477351949,0.159903528971804,0.0967892837440416,0.0822778292318358,0.266809492923091,-0.582383530634216,-0.104642892959868,-0.0285131021554248,0.568222839664409,0.385178018040915,0.149935404992224,-0.0497349450794814,-0.131419783668692,0.0391974334214262,0.383564000031545,-0.080182428793406,0.256168748967012,0.301180672776337,0.529955372725589,0.56350480400353,0.611497251260035,0.839802523473344,0.240951458646431,0.046788551503899,0.381448127304963,0.200536799798096,0.307410431304875,0.51101622514053,0.101363602110396,-0.0917687048262731,0.0721544670653048
"GLYMA_15G123100","cyan",-0.518393522385923,-0.586638612370242,-0.344729043637047,-0.719794919647381,-0.29665309516324,-0.458290103882254,-0.0712554060951308,0.0198997481108422,-0.371421168624483,-0.181227422362855,-0.143376383424945,0.262905276663463,-0.0588737257495153,-0.1242669223554,0.171702609379554,0.0546049168266585,0.61385711746095,0.342747165380214,0.638912882774512,0.879041590314437,0.413866267486033,0.18821807506595,0.211367781119914,0.552820682813769,0.551104454417716,0.83131777917139,0.460672657371076,0.307450193510489,0.4466705341601,0.259961280114757,0.424728875888709,0.386835471360815,0.593783827218606,0.238661352622046,0.445821938825072,0.321417192530094,0.0536610685011262,-0.0145187758956886,-0.397065068952589,-0.593439492568632,-0.339580085707418,-0.0203241198598354,0.398305540056501,0.291969141277223,0.262823681500639,-0.290217949331334,0.103408417715953,0.0803688907904018,0.114234893256013,-0.238511326034623,-0.258516266434947,-0.645507103931775,-0.290227554851608,-0.148952105551825,0.173793826516306,0.222033916729954,-0.0672173003927817,-0.403925064123801,-0.299924836895721,0.21133285036077,-0.000435563654539157,0.43754135208131,-0.211425898632494,-0.414313604093235,0.251028483508432
"GLYMA_19G194900","royalblue",0.518257347659396,-0.058365152951364,-0.607520366116454,-0.246073014379711,-0.594166804147273,-0.055259105656586,0.307172143780187,0.374087341129518,0.0403407133962281,-0.0812786211299677,-0.157806647604439,-0.226470317321611,-0.498585886621026,-0.427547655896239,0.133969850834519,0.139796744976694,-0.163392084727711,-0.813134090625344,-0.588261300335134,-0.442210076148164,-0.503832484939476,0.382267487423744,-0.336980817206718,-0.127353489483973,-0.0834367796752246,-0.00378548781696674,0.39404574461919,0.598364353320678,0.15881453991014,0.573028641148076,0.32332493664511,0.176345280806179,-0.25047354138663,0.0217636999589332,0.346461935113292,0.187046189692326,0.00750443085849982,-0.0611815768901016,0.559252555171243,0.629487937031454,0.886903152997738,-0.408546515691991,0.030983885661334,-0.309506846055488,0.311395211214902,0.175163300394241,0.0969275543599987,0.50372125167296,-0.0735201177436744,-0.152108361522307,0.208581826234024,0.297859788732644,-0.00130461113506478,0.572207649357678,0.080304922653381,0.00492225897689765,0.0701535549695216,0.454419668039213,0.119677813345901,0.178099727086864,0.58755202578354,0.107694352998828,0.420056702457978,0.275806700231679,-0.220837399508686
"GLYMA_19G138000","pink",-0.518012510647111,-0.487499469377178,-0.154334169215865,-0.360581523429855,-0.0649885013854809,-0.24050335894201,-0.670133568766231,-0.659196606430519,-0.847591055265693,-0.688377461967934,-0.161647607292476,-0.478456953511427,-0.627184238246711,-0.564843852747812,0.114107074849201,0.316513470649418,0.415940426515238,0.0795531870243507,0.518281617836059,0.102114815130499,0.0465956945440554,-0.0713474638008641,-0.0974734513369488,-0.0358000181585951,0.412398969292617,0.30460613453145,0.474649783065029,0.0458269032224288,-0.201906583915766,-0.132197824565281,-0.115700854877438,-0.0418889996814778,-0.403802462721877,-0.273438031601639,0.23706678833208,0.242406050959477,0.165423718762103,-0.181965926616519,0.307499631380674,-0.526496894665307,-0.0938763911157835,-0.103135232908554,0.470159253855927,0.307815822992183,0.156491464849945,-0.161405375797828,-0.220486453613488,-0.0549430128770563,0.528090316864576,0.0537164380447443,0.230786175827495,0.329463170116006,0.537910269780769,0.496551342458569,0.482074207591657,0.83348283026247,0.338578288921143,-0.0755688377920444,0.30403759377989,0.237455059283322,0.557409588642412,0.773971648451632,0.319434461454327,0.199534096033239,-0.0602325377799479
"GLYMA_11G141200","pink",-0.517814277936225,-0.331138126397031,-0.0270077604231414,-0.312374770701944,0.112863860814143,0.0916698053976808,-0.400602348072592,-0.605333783891637,-0.775711174672237,-0.342557914870375,-0.43560967489641,-0.243836445523007,-0.623433138628489,-0.424371528366651,-0.0920042141325291,-0.0421042047913883,0.395955782607368,0.082255003237254,0.556312226436573,0.101784903572418,-0.166985365047658,0.211929185329468,0.182602593123132,0.216745860784674,0.577061554627895,0.319456500518123,0.54718558798849,0.0752622787607158,-0.0841379304380237,-0.30554783256057,-0.0802877054862198,-0.121524458622929,-0.38546158364372,-0.532299511645612,0.0196939304209428,-0.0225727288513014,0.127127627906145,0.0585007255600256,0.0719981425263208,-0.588863510843854,-0.112314915614255,0.215723632379025,0.645864083883083,0.548118931088222,0.190762750850883,0.125918493151883,0.0745002043070921,0.170453413728346,0.372833174141573,-0.018392160792461,0.239940280470834,0.259150054587347,0.564012931062696,0.528285425472512,0.740471268602941,0.831478776552766,0.304298490753863,0.152169001357453,0.447821892838237,0.196412336101947,0.267364759115669,0.520921016613025,0.0458341500561565,-0.13507486122481,0.269718058100034
"GLYMA_03G148700","pink",-0.517755522870079,-0.156444670278796,0.136401315963411,0.0167762324752767,0.270530051456428,0.0687513654201479,-0.671167597150067,-0.836837886062493,-0.763705772219949,-0.604897450792914,-0.145481286758874,-0.6240589749309,-0.581823447779832,-0.45776001395842,-0.0960872729871838,0.00114016828476288,0.226057466597923,0.0629722656986955,0.363406338561702,-0.151424604225791,-0.116377588497038,-0.174598889768507,-0.113380708188854,-0.259898764964957,0.162674082950429,-0.113341450107442,0.207189398671772,-0.245991758804353,-0.444871498795205,-0.421649502913456,-0.411342478403775,-0.344166820126396,-0.710623622657166,-0.567298796947395,-0.14468733578869,-0.0283493094517194,0.0597912904899307,0.0145013089146179,0.400669085325447,-0.426736828494571,-0.107841694854953,0.0427759098912473,0.345267018912383,0.278820763614664,-0.0560252994712707,0.0636963707430493,-0.219913933154685,-0.203766579175725,0.496731913101725,0.167139416039667,0.513278161904871,0.64207446105703,0.769920905377461,0.538045215323603,0.492172882246048,0.819060888885306,0.429034028793667,0.104465322251869,0.558421624159397,0.181364995812302,0.460480104419918,0.557175387551255,0.390856118095921,0.359620045655364,0.028384035288801
"GLYMA_04G066800","violet",-0.517182612617333,-0.200578584900511,0.342202805912263,-0.17196703474812,0.29392542422672,0.0083246501326196,-0.219987903462727,-0.402148876374941,-0.458223568250685,-0.122840672809011,-0.077605125576963,0.191857913108623,-0.00425604392958035,0.0862916312216367,-0.156154528961002,-0.133583823544548,0.419508313382905,0.656701096114013,0.800472422795457,0.343671320626376,0.210605997294274,0.00673480238381826,0.397031653361156,0.343751134683376,0.487943408707095,0.281938282007344,0.110155156904243,-0.281650692434046,-0.0432418175671549,-0.337213412389777,-0.0900843469252485,-0.154069399638848,0.0814657181056338,-0.264257663436353,-0.202247612061558,-0.219784957192537,-0.0280829361118572,-0.0500334504800979,-0.536004486146663,-0.778015014555342,-0.60276715830397,0.324941125785735,0.325850954602943,0.429476913480094,-0.0873086101195977,-0.182660973591837,0.00235266588283151,-0.195458630492942,0.0858982878021613,-0.145555375261349,-0.0883360491006819,-0.214927157511181,0.303050036797219,-0.0978867440766748,0.414857043850903,0.44807729749427,0.242226000481191,-0.188658720696373,0.175096264490043,-0.0516055940019469,-0.233465516812921,0.271399107491853,-0.215315618926817,-0.358227179888445,0.411289856414629
"GLYMA_04G256600","cyan",-0.517116053384056,-0.464626021826327,-0.210900366487742,-0.525519099424069,-0.26233158496419,-0.636609183512074,-0.22412798198587,-0.0219794115252494,-0.262935617578193,-0.332808779851361,0.192717975726424,0.167431847959352,0.140277378156124,-0.0222127781577301,0.123673159462146,0.044491586333974,0.536267568317963,0.429991511635818,0.541599154066104,0.86816047320709,0.574156729249942,-0.102386632264538,-0.0936493719772137,0.219735459212694,0.346495071798475,0.615394579546533,0.165310065930889,0.0827321482908355,0.30128391843387,0.2811694185815,0.270905060226121,0.258963638389417,0.582368916830686,0.339526871655023,0.344585026287028,0.368763616400532,0.0593677793233918,0.0132265711875626,-0.281980626697007,-0.49099723175139,-0.43291955250826,-0.0963483797990805,0.115739329946342,0.126626823474344,0.0685375753382947,-0.294489493150613,-0.0355611046904501,-0.170964239808699,0.0402721565444316,-0.234969702937166,-0.262653294051429,-0.582149516405774,-0.384673222485944,-0.31844367341764,-0.106830169141703,0.0706504368662754,-0.00454724189279753,-0.53940125969593,-0.362083021743395,0.159400766514446,0.0736892844197912,0.443287967733903,-0.109552951571996,-0.123658724494565,0.109360450379264
"GLYMA_03G214900","darkolivegreen",0.517016312845933,0.487994688725951,0.386685526481291,0.689932501968371,0.261265442128903,0.278730140150127,0.292887118678203,0.483510442613966,0.887376268850573,0.587473676226346,0.392778632035611,0.286794208170886,0.753683921464097,0.555468906252898,-0.0143147509104242,-0.0531176089526287,-0.695223872335485,0.0837500133717283,-0.482617680251322,-0.221943258857284,0.0828111457914287,-0.303687317759145,-0.125268656213609,-0.261229691747914,-0.594473741800703,-0.53386397247203,-0.739564696952454,-0.288838493854358,-0.122660531738017,-0.103148262175212,-0.196854572611966,-0.0788343365784787,0.232587026971623,0.314825958059433,-0.33103539954918,-0.177661403703951,-0.133164841540491,0.0820679996765991,-0.196782033733335,0.563059483172179,-0.0743289453904164,0.0193298844790269,-0.663387043933268,-0.382569697654935,-0.307213379606023,-0.0307713256556439,-0.135176189726067,-0.253912118470692,-0.372613869933401,0.158114885228162,-0.324060410778085,-0.132723843435992,-0.334551944744635,-0.632826384845618,-0.694924606946105,-0.840355056456464,-0.458402792047978,-0.122119228361191,-0.395911467038395,-0.332695448340475,-0.562628222894175,-0.698816348815166,-0.216303109006688,0.0631822992868128,-0.213029633794287
"GLYMA_12G061900","violet",-0.516945570781302,-0.576771116521468,-0.0786116001175921,-0.502075616692592,-0.035763110950275,-0.393814985495919,-0.317455520492883,-0.20598835819156,-0.445846437931241,-0.266596506008771,-0.00512090331390926,0.117571226564034,0.0224430998886923,-0.13048326539738,-0.0860927928891626,0.00120802965501622,0.499075550409793,0.617454362340544,0.851948325458467,0.568478659016897,0.537170435991566,-0.0612925132961962,0.259520442744553,0.446401375239865,0.511988780827489,0.631907525977542,0.252588576452568,0.0413213379834963,0.118286017536631,-0.00167050664674842,0.0772269874161239,0.425778392474319,0.421145297522178,0.128919483633284,0.188927081497696,0.235409797582873,0.15100782266815,0.0216911719172345,-0.405951131562984,-0.712642956298518,-0.555628766439245,-0.0122332205425913,0.272780049881079,0.313735775184048,0.0239178299460776,-0.377960558413719,-0.204544891980404,-0.233779530813803,0.0334753082313241,-0.296509241990839,-0.338391510195059,-0.511499505429624,0.0321964775051749,-0.230647903360975,0.134865805703387,0.339154592576689,-0.0563138699828382,-0.547455373847646,-0.28245705813492,0.0352349678667063,-0.0882957232076743,0.476073555170568,-0.204834839380977,-0.36472614455782,0.197887448617604
"GLYMA_06G189900","midnightblue",0.516355469086517,0.120779181583882,-0.32435633850744,-0.20858758557985,-0.609435242043375,-0.293708775961949,0.66335769230049,0.901019089615543,0.597347014205842,0.2951937585338,0.272435672545428,0.529196204143918,0.323088173950985,0.287660294610763,0.082485967223339,-0.00904554893912273,-0.20022812513117,-0.251864500176472,-0.417644169496354,-0.0702174314124204,-0.0634845557977887,0.172774513932384,-0.0982526773263025,0.0914713926476362,-0.0762262844615703,0.121319444998444,-0.0434625555232918,0.3800346901214,0.511773826740879,0.774673500559836,0.44460061343107,0.363375002724237,0.542296941879532,0.469363755496971,0.184444120388776,0.014372534355879,-0.0413100943870025,0.0352169855135122,-0.223225347888114,0.555330372566699,0.399637502028831,-0.171329124543355,-0.356733675061598,-0.353756955278842,0.0468735397275268,-0.04513755851747,0.249964579795981,0.28005543725606,-0.497943923224019,-0.293385935452124,-0.396099243445313,-0.486507199243002,-0.644766870015673,-0.284031908088529,-0.385043402942969,-0.674205058384389,-0.161876321496414,0.0460255588737095,-0.406861560044711,-0.0976138047410058,-0.0479833056953167,-0.270387394864033,-0.109420315049296,-0.110724990497702,-0.0175787586651172
"GLYMA_03G214700","turquoise",-0.516114904356608,-0.668420120609074,-0.465597325066883,-0.700847282430718,-0.330508268005835,-0.332958738103292,-0.246948233285188,-0.158909491476972,-0.576647561845619,-0.288668114165636,-0.304743582213769,-0.0181406300239793,-0.394900785799934,-0.408094145642373,0.226000960006075,0.153457574111668,0.51396250863655,0.0887513172832257,0.565047441283625,0.503986285908569,0.215138923881407,0.259595528371315,0.0676427220904252,0.444133808415059,0.604743568677611,0.816152744838232,0.674112516304791,0.437213793295735,0.386840177962227,0.177746240544413,0.383286192793837,0.383962735932856,0.250091591081411,0.0574488331593308,0.533086352004014,0.428142320755623,0.277141801878756,0.14031169126268,-0.0424687493099641,-0.514938984321482,-0.120574115648708,-0.0579573832020463,0.584965887797699,0.397240629325269,0.2937442924978,-0.255821570017265,0.07258317423235,0.247714980347728,0.238825084617255,-0.214646248312683,-0.0808503951183633,-0.319869574728549,-0.043835786912008,0.193775498556583,0.35998069298369,0.477112055106618,-0.0402990807546421,-0.243411493893727,-0.114119200973758,0.282408869534589,0.260572292896413,0.593696031675246,-0.0592563550453126,-0.267753321967518,0.0877133878474061
"GLYMA_18G182800","mediumpurple3",-0.51557248398356,-0.628914915965831,-0.418759257139424,-0.714193595579497,-0.460577734632489,-0.501448363325898,-0.41642520120837,-0.278473011527703,-0.775198213033697,-0.674813578499063,-0.150663571250373,-0.143717275081556,-0.605952428108814,-0.542546640315757,0.0789127482672261,0.224909765306661,0.506116097820577,0.0391052782925278,0.568560866887697,0.334949745001731,0.0496973707104238,0.109977688617884,-0.0923946759603513,0.169547271731528,0.705857932875655,0.646027871754497,0.687336341322972,0.358768381452965,0.225164299087774,0.292269477131272,0.307058772687885,0.181043394272183,-0.0579608573158665,-0.0300942773791837,0.541291773950003,0.309266368924742,0.103973605814941,-0.058062084996847,0.0795097665387584,-0.48502223164427,0.0333069846298603,-0.126824199345378,0.547810793702716,0.318385577877834,0.413436660098929,-0.0838687717944133,0.00872453949411566,0.233978473778985,0.432765223773312,-0.112385236715591,0.115198510010432,-0.0170244128507741,0.268226583099094,0.428447947451503,0.514926883133589,0.7154245059595,0.318001252317089,-0.0795963634217109,0.127000822937943,0.33610703719107,0.615467963747378,0.871356007013436,0.191977199077665,0.0643923167000948,0.162523422572647
"GLYMA_17G049200","pink",-0.515434270139738,-0.448716952538608,-0.239918877502712,-0.532042640156511,-0.0707249994677949,-0.200034794358846,-0.368753987228024,-0.614638405008968,-0.842527074393539,-0.496354749020406,-0.361170382045137,-0.333924931304775,-0.630804623939337,-0.475027085076058,-0.0771828627745909,-0.0160054658261025,0.765375865047298,0.0363106212137506,0.55217706881035,0.182264445190843,0.0482679528820702,0.21867621232,0.158590644320965,0.247074232037342,0.467029821172281,0.455003356656525,0.59444468727366,0.116409119998994,0.0056090724640217,-0.125325112154242,-0.0201832614024495,-0.0470792980273849,-0.241185895125736,-0.356414935654098,0.195542255264479,0.180003721095625,0.180485482827613,0.000802653494219072,0.169842077075153,-0.639887581722992,-0.124447751288405,0.0374717889936645,0.633638756323362,0.466711985977526,0.118953619097082,-0.124616302769057,0.0178683646694014,0.083989177877005,0.304391457637611,-0.223572448137446,0.251116628144938,0.12170282418157,0.284119116602227,0.521876159541822,0.610737409555819,0.832722776843793,0.433918806116444,0.0132078799523279,0.364376872069117,0.185428258862899,0.408161497775531,0.581523110057781,0.121280837815618,-0.122236186902391,0.132905822003371
"GLYMA_18G133100","lightgreen",0.515360121863544,0.432188625505147,-0.0932975574987594,0.0980481906693001,-0.181478967107541,0.405281784226543,0.477936715738613,0.261976425870043,0.197632176572804,0.308690342507265,-0.343755219080215,0.184102587049713,-0.343950291175793,0.0306539412852713,-0.131517211479957,-0.156893818250729,-0.289133957346965,-0.700811303670542,-0.612517365661997,-0.49616603504778,-0.792358436439381,0.439607905340316,-0.00577052854123322,-0.0488015703639129,0.0780956805846554,-0.219157027982305,0.277917242268566,0.257463021562538,0.180677389340304,0.0885019791343617,0.253287195040942,-0.0698061398301906,-0.353154107557351,-0.303911188933449,-0.0741429455261656,-0.366360618616073,0.0163566479214579,0.0992202681363472,0.191798690133152,0.495291786885956,0.679337492772205,0.226273186935168,0.184740968457097,-0.0184653169297878,0.291714135200836,0.514223653380673,0.597997724094696,0.74983407968411,-0.0552719440010563,0.13365041323027,0.273032157085429,0.377019676097622,0.0777398984099768,0.49510824261488,0.376708846327825,-0.0571875328771674,0.138102476278396,0.809057950621051,0.467399352947417,0.164818801500766,0.116147989356163,-0.349785002247002,0.00348042167661337,-0.00858650339078723,0.211720447931771
"GLYMA_04G057100","midnightblue",0.51523583849585,0.166105817173036,-0.224742585360852,-0.177248275740041,-0.635470297382387,-0.332528692764259,0.579022280932605,0.809780371090157,0.475659380727275,0.141207289427205,0.333973971249386,0.529057477267143,0.217770502027361,0.271031785643364,0.146792552797529,0.0453755630761109,-0.157545730587295,-0.267142041827222,-0.381262463596302,-0.171251955271469,-0.189210133390663,0.15183581572349,-0.22260125745473,-0.0569404475810833,0.0638972318874303,0.0580594637966888,0.00275720231802994,0.307896290530981,0.500462153430221,0.759945819111432,0.440807913002264,0.177940760985829,0.355755131294636,0.379313536945308,0.181571574326163,-0.090984939793533,0.063510029617898,0.0498500293046821,-0.20118585985802,0.524680724170246,0.446748337356653,-0.130758807651147,-0.327609414909768,-0.323269748449667,0.0463889084811084,-0.0292715134980027,0.291307483863392,0.349838214156914,-0.412812797300741,-0.247613761998024,-0.335117244425375,-0.318869912060854,-0.546965655947034,-0.134771939013951,-0.223618351519084,-0.505479344696534,0.0846045366296238,0.193717359262534,-0.216269225998579,-0.0209149569868207,0.1100157034281,-0.140857248101287,-0.0310794943919772,0.0231735910432103,0.0336122028908669
"GLYMA_15G026400","salmon",-0.514797622442305,-0.297300869064867,-0.0399738203616528,-0.527137979352642,-0.202087215481733,-0.282641839309538,-0.0981624305242298,-0.195803549788723,-0.498768681261135,-0.223894582789783,-0.123073248462089,0.340980640672514,-0.211861262537434,-0.00141875305088854,-0.0648685619591289,-0.121922568238662,0.584220037388981,0.28294066424036,0.610495381740392,0.382678483564001,0.0492213993565905,0.168489434062539,0.206769869015006,0.343976605827555,0.818657225485882,0.576967093092396,0.497042968281777,0.0571936625278672,0.394626843604547,0.0927118814064372,0.180519376614431,0.174361904178747,0.184285974383392,-0.199852903449323,0.114673596427896,-0.128697098434654,0.240492429308288,0.0957695923504297,-0.426983668199328,-0.626651639616079,-0.266891659079298,0.269462112647993,0.421827443521063,0.401461074704856,0.21070569393855,-0.0600241983852435,0.334073856365408,0.263465836581018,0.142393852274692,-0.144130826083364,-0.0602652666844752,-0.306982985657699,-0.053968699233831,0.105216392623932,0.515464514783001,0.440322613994359,0.34266221030644,-0.00892794515179085,0.181699639866809,0.220418841930582,0.0899140623518484,0.388064184319292,-0.232939946937472,-0.328000576184345,0.462685179146796
"GLYMA_06G059000","pink",-0.514499169822405,-0.533343506776987,-0.295685006856161,-0.471564342684013,-0.0776839939680123,-0.0692347262341182,-0.520231304668699,-0.619689394816233,-0.888392092335107,-0.527940996689993,-0.416681209448388,-0.439281183228021,-0.775858692786584,-0.644399439032611,-0.0520686908833885,0.0282506318153265,0.492368280842171,-0.08309032037129,0.497610036284211,0.0948527007525069,-0.113344895802568,0.150070062066756,0.0518357591959218,0.160262165290121,0.528120155170395,0.434138125133636,0.692790888176109,0.222360262865082,-0.0378040199683408,-0.121696678564549,0.0555088844666554,0.045916646712184,-0.410968918033886,-0.416824878128825,0.260807934933923,0.165170703848501,0.209301534069986,0.0291616886150124,0.266884763578916,-0.540409053833678,0.0351763072980609,-0.0655319408664368,0.655328888829959,0.374845506133542,0.314013045153,-0.0395598429616472,-0.0466846759349859,0.171439235713105,0.499401885558762,-0.0269804762862284,0.323860191263153,0.300989733644512,0.539141462734529,0.641384873594365,0.653810069868196,0.907662745125302,0.289208675593742,0.0666979135983673,0.367611456833549,0.325075511238418,0.529729694230316,0.701481702704434,0.243651344408934,0.0237237904785128,0.127450155155336
"GLYMA_02G179100","pink",-0.514386232902674,-0.498306602494108,-0.0728620466875673,-0.409594250170881,0.142144136487254,0.0478228832453525,-0.413349001476256,-0.572998831914424,-0.788832157552268,-0.351756709623242,-0.464235230133758,-0.224989239224038,-0.549209561330954,-0.47334060544986,-0.0190694913072039,0.0167200313609449,0.424001957722185,0.234635729146432,0.695615866558816,0.214722247325984,-0.019431938171084,0.188946279108124,0.361828396157467,0.393360253841977,0.575096517481222,0.424303655280221,0.542227305459617,0.122268513128337,-0.0319685087930706,-0.30690975548241,-0.117096162636184,-0.011838024145084,-0.248184673684739,-0.426551547228623,0.0680515820517581,0.0525539911312273,0.0526720602959733,-0.0719569846892232,-0.0545048871513524,-0.693396476794709,-0.214714286294862,0.0505152017592472,0.581058146373542,0.384231662557045,0.238098192534585,-0.0180773141438958,-0.0687808375160681,0.0569960461025499,0.393403420854626,-0.00544878750646917,0.145217199720835,0.103309105329242,0.602487238897541,0.414046481101848,0.680844761958643,0.825891906411623,0.183374549760293,-0.0239348977460287,0.279952174954752,0.159816084485341,0.15233033283053,0.54187334921155,0.0154973632621632,-0.260501729951308,0.23935168958284
"GLYMA_06G182800","turquoise",-0.514122950528675,-0.733541593819599,-0.491183126179748,-0.810076627774925,-0.43705384820055,-0.478476378873856,-0.286034354959362,-0.121422495547639,-0.632920398092485,-0.414978646226534,-0.22994459604239,0.0501843890968284,-0.413969979473897,-0.437879557025654,0.100236695549466,0.133338094535882,0.536501458877238,0.157895910124219,0.667765590225097,0.557993839143621,0.224394544916666,0.213621757348484,0.0523322254636786,0.450675124697389,0.749405506859537,0.868456385084668,0.705375647363761,0.46287796776075,0.404713307088548,0.286826186791381,0.368757834172764,0.439721894253894,0.291841111089798,0.0487943247902501,0.485558948318435,0.395359942331197,0.211663130550177,0.0244710288495058,-0.10869312419073,-0.559677935036957,-0.124622557966247,-0.120380656304047,0.539844475010639,0.342272172188606,0.330410373244493,-0.245513843645676,0.0477820326411965,0.224788402174863,0.192450535641439,-0.300078949913717,-0.161971591240926,-0.371369264085723,0.0426224353372759,0.185903833704008,0.392904907458159,0.523486087195432,0.0153652698731994,-0.268086166358567,-0.137447075127526,0.278092404719454,0.318178806124522,0.718231288526332,-0.0666694308947708,-0.26843812229012,0.171141293636355
"GLYMA_17G068900","tan",-0.514008800483407,-0.0527196586820509,0.111584450099484,-0.158966475045973,0.0845497670351689,-0.020471992913695,-0.222738735247835,-0.344226565695394,-0.372991322208184,-0.137607418654867,-0.141686818678863,0.0518889161002483,-0.176833848565687,0.0754192164871251,0.0682595900950558,0.00789776414159929,0.390091245324472,0.209359617083924,0.396912514405072,0.268776415603539,0.0736655733758557,0.00177867841100091,0.0625989031746681,0.09508277621756,0.330843509212596,0.259788240966429,0.224403996647376,-0.11047029744719,0.000198103588765512,-0.192983996166589,0.14385714240724,-0.0310615398081523,-0.0274624960643666,-0.18186005118192,0.0476123393999501,-0.0653560128304114,0.0484446432693072,0.00936364385712389,-0.12258893196406,-0.46198598972515,-0.265815393211477,0.641353076056386,0.653014622122073,0.944943157461918,0.150200246182566,0.0849682193444784,0.274479071955908,0.0623687716093111,0.301371303238636,0.0803454101347488,0.120924977953587,-0.00570542416282884,0.111983426154956,0.110074251970886,0.378635555029709,0.367010595823978,0.173732265566784,0.000748623732169141,0.256061999128627,0.277339517985299,0.0332673782696154,0.241088298054395,-0.10360233494917,-0.0978465563026409,0.345501748544933
"GLYMA_13G235400","salmon",-0.513694530805251,-0.470910617420879,-0.137762822175584,-0.600864840778056,-0.212499789199405,-0.328839610838188,-0.189360503215258,-0.229790556003979,-0.606654407236074,-0.308772819341872,-0.144773383868743,0.216812339904015,-0.288033227561275,-0.179528018511751,0.00183559849365393,-0.0581385095979346,0.606066504113568,0.334732504693887,0.726609294208133,0.415458037416419,0.119159734052303,0.209163745590757,0.176339650766678,0.395408543766627,0.865678295228404,0.646076463207455,0.537894646682395,0.150337020379687,0.319705719539643,0.105904196839299,0.200530196041752,0.128869540626027,0.183257380881088,-0.165841170672039,0.158086485870362,0.0105909072875916,0.129288962658975,0.0693184073294008,-0.328389206909004,-0.686939743126727,-0.282487246102583,0.134011653545563,0.450342495620211,0.404996455632317,0.223813929340406,-0.090577743572352,0.164721766306889,0.191731133926049,0.0957943300717674,-0.291488125721896,-0.13337892467686,-0.312677546999749,0.0666456543351206,0.15020723121021,0.546034073800045,0.541308112184945,0.322827406884444,-0.0931916089183131,0.11615475277258,0.104796379242096,0.163973295222788,0.543635152045683,-0.154365209119751,-0.333077329780084,0.345817320736852
"GLYMA_09G059100","cyan",-0.51349619068104,-0.448092945579601,-0.117432657590476,-0.563908408638055,-0.0888490454846933,-0.363136117939917,-0.00985251952786504,0.0199711555514066,-0.241545775472675,-0.0381684973811028,-0.0842755246980482,0.397778532476971,0.168387759608102,0.0757897933811058,0.116163351629103,-0.0577605507301971,0.557180680756421,0.562821267029307,0.697362469538316,0.896991123537217,0.485947055672164,0.144982342917719,0.337495451245174,0.591435004278067,0.512302468868098,0.713269201834062,0.244968500773449,0.125337134467029,0.409653906195157,0.101530249194078,0.30540277024547,0.273660534376013,0.679106394769403,0.218620269741518,0.226841638693293,0.19319772100928,-0.117379313746833,-0.0565325094918985,-0.586045875501156,-0.656743053183713,-0.540145977288831,0.103878254728284,0.268014450630111,0.294233855473206,0.0991706105089687,-0.227414127989865,0.116192227237581,-0.05343546215624,-0.015155682268584,-0.25052439811463,-0.317734874346719,-0.737468508664727,-0.275868374212693,-0.350157455237249,0.117225415550731,0.100780596928071,-0.0991702869757873,-0.451713374559112,-0.327497697754071,0.0651754362153828,-0.265832379929684,0.259578917435257,-0.403830322370352,-0.533880981468866,0.338091846275824
"GLYMA_14G166100","darkolivegreen",0.512975327341122,0.475612761347168,0.272714884647213,0.516836662439757,0.187557236258995,0.201723541296281,0.440210270686625,0.563156018267579,0.81877070727254,0.513419845113623,0.337931644088052,0.279402068337507,0.695436045932676,0.50858129875205,0.106454132172942,0.0965380656887423,-0.575876184615285,0.0726880424057968,-0.468400893759796,-0.18462460086477,0.0664723837512575,-0.210553400784817,0.0209161289911719,-0.150875652825889,-0.601451847749764,-0.482935989611953,-0.688972066243009,-0.192068336698192,0.00148898822755396,0.0594429994721778,-0.0951246877206815,-0.12772909083598,0.273651309919978,0.355790905877497,-0.282350336130425,-0.159052237886207,-0.146308528475442,-0.165893575967867,-0.197658839868934,0.552786557874226,0.00695015709405308,-0.0330146416466297,-0.685638182554738,-0.454210553016377,-0.365112634072601,-0.0208755839572022,-0.038829153528906,-0.256397851489421,-0.422053902016413,0.0931365492774071,-0.232693640154253,-0.179679848610498,-0.358237088950129,-0.56976487504422,-0.627609403598159,-0.809080238565762,-0.352027023201571,-0.0775989240197631,-0.350877947507268,-0.277279649714331,-0.508772698625031,-0.64339324621684,-0.127975334165722,0.0322242422372329,-0.194299130158491
"GLYMA_09G213700","turquoise",-0.512649305927098,-0.615261661248078,-0.449564096013044,-0.760140123725118,-0.298455522780984,-0.307076493417587,-0.112122388370866,-0.085361858344146,-0.494500886933328,-0.192516320791733,-0.394174261561381,0.138893095516682,-0.31362521571144,-0.304826647430821,0.163390336191038,0.0821230318354766,0.550905303730629,0.149698094872353,0.573108457799703,0.752289897943724,0.216104457495021,0.308119675042118,0.246673474142619,0.597100941822132,0.637364243288591,0.852139940733468,0.652283338649878,0.443073363817123,0.420572530964926,0.166255302183414,0.473293745313519,0.405195038054406,0.397024713458235,0.0775041286658112,0.485024507661188,0.335209294197854,0.0394129656898467,-0.0277618616389861,-0.21105392480005,-0.563962780143608,-0.174228687459597,0.0219859568210941,0.628713435980171,0.387148476479231,0.430718717767522,-0.0782197482415495,0.20304648760613,0.296837973817979,0.260493614502102,-0.12753070939381,-0.115358149127676,-0.456728215150452,-0.0624713340469232,0.104336657955966,0.391052950531598,0.397615022018538,-0.0939548921682881,-0.223607289406772,-0.140654461026839,0.238625035996272,0.0904856478570863,0.478224565606344,-0.201847517546491,-0.430122262098268,0.231032869632094
"GLYMA_02G146100","pink",-0.512559389568937,-0.242227360308778,0.041360117322874,-0.281738451908353,0.0320339523226993,-0.0501528779963282,-0.438578457630557,-0.64642291295493,-0.793985388566773,-0.488451583339958,-0.224127100207855,-0.220948553486062,-0.579939101997316,-0.333145226008801,-0.163110179967827,-0.0799864501786984,0.498278638577108,0.101725874228627,0.526874016029144,0.0498227335093191,-0.152965794839984,0.0801297213241679,0.0450156153553404,0.029080298081958,0.566462978407997,0.231511228590318,0.468481911956931,-0.0852214031609563,-0.0953879878846689,-0.22262289036275,-0.0721484674213001,-0.260111904725739,-0.424372525810351,-0.49006922476418,-0.00557463081183886,-0.116828664832327,0.142790326589358,0.0751845580007722,0.0601226310943815,-0.600132706198316,-0.134003526575072,0.200262619449849,0.574342446572478,0.465164821027678,0.148321222832176,0.0161593494555934,0.0816999285107543,0.115589489306126,0.34631136679492,-0.0839539818066623,0.241431073496406,0.299694379469706,0.48926808896553,0.508844946490525,0.686894033884489,0.821647345036051,0.531121953626303,0.16872401447234,0.538736924793524,0.202261010615777,0.394475169268779,0.568773495710348,0.160246309991124,0.0300062669661747,0.286353102856193
"GLYMA_06G193600","turquoise",-0.51249455758706,-0.656628538529351,-0.359376700578121,-0.725271806970553,-0.295207612367678,-0.428466094360565,-0.186211081531907,-0.0425956161754409,-0.461319827633505,-0.229127059287968,-0.183953976941548,0.209763850945903,-0.164207759780939,-0.233275156827261,0.0515770179061439,-0.0053339063744615,0.553294532169322,0.335111048160645,0.726316624854108,0.656291473071312,0.359783843756233,0.160489443779273,0.211747771119787,0.54858794282496,0.630435373590934,0.856640282766694,0.535635871026772,0.354542943345095,0.503582506191625,0.2058554515055,0.386190534075805,0.370281607544762,0.470543199813696,0.159932907119754,0.427557515675456,0.323297983268661,0.172181756444719,0.096044845506863,-0.3552754817858,-0.617528045776007,-0.308950159017578,-0.014876791069454,0.487773969553187,0.370376254632745,0.268103898841558,-0.277315735081694,0.10337711284544,0.130594212830446,0.139882321157107,-0.273707316875431,-0.284161417014684,-0.563563377590503,-0.0920716902464168,-0.057854210647838,0.278323108150075,0.362878060795715,-0.0881005302437822,-0.386269801623447,-0.26870552338934,0.234748103582225,0.0491596591204649,0.521190547391969,-0.246794035569148,-0.41546121205454,0.269415398744431
"GLYMA_10G151200","lightsteelblue1",0.512298153930221,0.353846996977574,0.0450481550028602,0.360883609495073,0.247424917752775,0.767214236399965,0.574679416272346,0.314309765149757,0.522573697363206,0.858055258989925,-0.393916994459621,0.182131883551932,0.0877750676607346,0.169798544677169,-0.117536138876298,-0.160391170972873,-0.443909505394809,-0.372089374336238,-0.493023386959076,-0.33121289831886,-0.451539473226724,0.491938047864891,0.165193211101441,0.218682089766849,-0.243249585266323,-0.248373816104257,-0.0538068675605207,0.15841541377049,0.0188189482988238,-0.235155278273618,0.0121111722027744,-0.0220406024553009,-0.0393119435449321,-0.234303000860823,-0.314569852462634,-0.270748853409032,-0.00558790858847283,0.11662685539942,-0.0172742812711034,0.424689309124101,0.304935527880148,0.120335461975545,-0.0341151941487724,-0.133316744079135,0.0791330277119119,0.311989048491402,0.275047913783674,0.356279796787823,-0.340948762672424,-0.00384918959789472,-0.0532520270536174,0.0508309768966742,-0.0468005247591509,0.053115181339386,0.0267906115136247,-0.362139677356206,-0.362587131133396,0.423664227328747,0.0814218159688226,-0.175365917730993,-0.461988919964647,-0.693526648927965,-0.234844761680081,-0.340086610200963,-0.0422017970217991
"GLYMA_07G261000","turquoise",-0.512015934108054,-0.749836965229818,-0.414148779411314,-0.711512242089213,-0.173084691272177,-0.434612662004397,-0.225167666085385,-0.14136092619203,-0.484805075243828,-0.220117119526958,-0.202481284762123,-0.00636494126489673,-0.0947568272560111,-0.326923037442702,0.191114601086197,0.18380872320841,0.638708520442656,0.412430719465291,0.751739241931033,0.676510086215823,0.57470847264814,0.166915105678724,0.273313324467553,0.605398572108138,0.431489843310783,0.824766791101569,0.411760326689684,0.330772461563185,0.29737155001632,0.119389009239521,0.226345219390741,0.298830675100412,0.525350657880428,0.204059800427567,0.359207847117435,0.54157240875379,0.135753318209112,-0.0937384206598403,-0.20171692896516,-0.653262552246294,-0.432598084737464,-0.209026155386167,0.35107436146624,0.268171090056505,-0.00414825356388802,-0.468545716150702,-0.173155969140126,-0.139825627120914,-0.0360324988306522,-0.476205743413435,-0.27048231422593,-0.612015578037513,-0.181367266379733,-0.132335610896192,0.114316362658296,0.330879436397946,-0.151855193392959,-0.577417133084596,-0.393855075994825,-0.0405263769045597,-0.0118930329187526,0.496311379259137,-0.265021266223201,-0.472739711940575,-0.0413424369477757
"GLYMA_14G134800","midnightblue",0.511498456115532,0.403103770475005,0.0669452919356991,0.114758146255328,-0.430482392546989,-0.252244816040473,0.573328571491037,0.801184644562824,0.683496315691776,0.245237788215554,0.513879219042545,0.634412103430265,0.482534408815703,0.537155846742926,-0.0592453586033696,-0.100350216155253,-0.333577906012633,-0.119968418378173,-0.452921336388965,-0.156997749830695,-0.141402602423096,-0.0397111963948009,-0.220570959315759,-0.209081499658203,-0.0944189563692678,-0.182165933567018,-0.308906545500598,0.0226027593278398,0.362966522055281,0.595278534552482,0.287417283793901,0.0559339456073598,0.371411711240954,0.406729254800144,-0.00474437511679947,-0.277253308656953,-0.098693916718472,0.0815360414391852,-0.347441767450913,0.556203872545132,0.270501059479623,0.0305242842602541,-0.494256040628883,-0.339443341542752,-0.00635993189621406,0.0488341767273189,0.282006856701845,0.192055717484999,-0.399087036596755,-0.0774569987643399,-0.384050640612295,-0.307018460918819,-0.563390176187238,-0.37188699696202,-0.392230885828848,-0.712852076566233,0.039048791390061,0.14824063559357,-0.22882855578292,-0.117361878698028,-0.0976900045719854,-0.364201261412799,-0.0934145094878693,0.0836184192562181,0.107951575101172
"GLYMA_01G040400","turquoise",-0.5114319007981,-0.80508307754474,-0.519408144765478,-0.779436010271363,-0.202750213236477,-0.299510921626064,-0.331413513075866,-0.350038205809455,-0.744379291949165,-0.363634664195461,-0.467617369456639,-0.220576879865886,-0.530917591247082,-0.601613200330395,0.0801554233555365,0.0687674416391304,0.719325085072254,0.117080077740247,0.68567207694692,0.506361001822515,0.272536556348742,0.302791382855979,0.251553170238736,0.570648723974144,0.5739997685145,0.824865296974613,0.737265634151373,0.45490006549489,0.231544908097315,0.037044549216811,0.223417560744346,0.36535764037382,0.156553870936274,-0.091567664962836,0.424923495984007,0.481450740871535,0.175313714360414,-0.00362292114018418,0.0413370475655406,-0.655064130012771,-0.164845838294986,-0.188602358289661,0.656748268883583,0.380902658697254,0.260600800221577,-0.260154669865245,-0.105557974857264,0.117138622601438,0.236577638444495,-0.313054606273315,-0.0457613225459199,-0.267691738165821,0.147383182663311,0.313547563536355,0.453794138748855,0.695035601242828,0.00277747047128899,-0.285551998965368,-0.0829362405254179,0.15949719070201,0.254323983927386,0.640573173830269,-0.0660044077038572,-0.379465000376086,0.0541806057302572
"GLYMA_16G110100","turquoise",-0.511416671154541,-0.74925560014769,-0.402247793308077,-0.672858283326888,-0.189906834559793,-0.474287432923288,-0.299585042431981,-0.0847604348192257,-0.436548619173408,-0.274195320196073,-0.126550211419297,0.0150141739489088,-0.0613549153070018,-0.343204207505205,0.169486801645759,0.226209759445092,0.469174994745672,0.452662685347192,0.763730693592033,0.724652432213402,0.569778316870846,0.0653472502057069,0.161052621609813,0.519980348632163,0.474973991410683,0.807818064485013,0.373088157690285,0.335806849979784,0.31258196291914,0.139736494251354,0.221207916825723,0.390843418953827,0.529664552734348,0.27245208028176,0.398645468698422,0.552186596558186,0.137229876547451,-0.0704076711931129,-0.203323488509968,-0.595178404848561,-0.422597974245421,-0.209394058626575,0.289189538104503,0.238802213792474,0.099894622794827,-0.349653124667327,-0.163521041716823,-0.137653391259713,0.00484826286918184,-0.38960555053106,-0.293239787741408,-0.588010792864819,-0.0810504514551423,-0.183760370304508,0.0808395204440042,0.298654080891015,-0.245775988648222,-0.601433304293733,-0.445368490429252,0.0943004832723452,0.0100272058272044,0.56249478227345,-0.193519029453643,-0.362208192565406,-0.00556041264009962
"GLYMA_17G157700","brown",0.511328994579083,0.410027605111741,0.0323241794335259,0.471555949069625,0.000345083878942532,0.409878223142133,0.0383357146750281,-0.0162257164703956,0.144684782878993,0.00876918044175948,-0.0535660934316561,-0.377658460191614,-0.365815460287997,-0.200598355428024,-0.171148684152618,-0.0566320243324763,-0.582398287537762,-0.701640155169903,-0.716465022360328,-0.833471674364729,-0.691529756540426,0.0325518387650413,-0.374461352238082,-0.556524413984923,-0.330031761569509,-0.649314649069195,-0.0553834440157124,0.0188975632693875,-0.356446585624732,-0.0680600587731218,-0.207466332037129,-0.319229475955788,-0.77146208998453,-0.34593357184403,-0.198448627051932,-0.219445694720088,0.0432954380562924,0.126853008463015,0.636032119826718,0.664682835629271,0.688732711860599,-0.0971749554670246,-0.131427425247331,-0.265876508969582,0.0901941615982468,0.415364784959797,0.00341218497666521,0.275799942470209,0.0640591956911144,0.252937977178739,0.395295533216687,0.823756997887332,0.422316404223585,0.544792647870857,0.0933597192583019,0.0282965229660475,0.149266130664858,0.63663249126713,0.453149645809269,0.0212340256299078,0.384254473216344,-0.168528593664545,0.415957218562034,0.537065246058443,-0.226254529789484
"GLYMA_02G052300","turquoise",-0.510846939996274,-0.740551206685672,-0.429527167353297,-0.699002257661256,-0.21511140443492,-0.353672034294648,-0.194211740450692,-0.0857357398153837,-0.444645443434468,-0.153340840809091,-0.257849061348356,0.0501027869596412,-0.144722337370059,-0.318575175449941,0.14345138127191,0.0714678475179038,0.543436266124636,0.321881578208268,0.689987574468155,0.611443598407261,0.46603153502674,0.209548850246065,0.271248911401351,0.615528679840225,0.491652103971002,0.852590119029239,0.496134093357897,0.389092794368601,0.374406050103561,0.133173352543119,0.297821766107555,0.439712434828733,0.49697941732803,0.151968527442725,0.399509587545766,0.491076534820882,0.199588917000666,0.0270400898087562,-0.217618244028419,-0.596891186068324,-0.349590321160455,-0.169822380172101,0.418166898273289,0.28385709016472,0.139014702545669,-0.437660881401604,-0.0938491731854942,-0.00694014482712625,0.0428546645576746,-0.360284539434476,-0.265499490189653,-0.580364913061493,-0.139786780613733,-0.0865224165944196,0.155339485704046,0.316993152730285,-0.215788096010602,-0.495688648938433,-0.367808813971201,0.0643258904655991,-0.0103780980147735,0.465781307069675,-0.22743912166455,-0.467510156616957,0.0427893604246644
"GLYMA_13G218300","tan",-0.510723113775335,0.0862328182047431,0.300725608694557,-0.00690121973732592,0.228033093619043,-0.00597687120328543,-0.288908407072197,-0.422658895840728,-0.371227813050237,-0.204741446442134,-0.026056871773792,0.00649376750251977,-0.098641002056241,0.15223216393396,-0.042854592256832,-0.0335726734521925,0.309675962036433,0.317255086591432,0.416624336609144,0.147810574176643,0.0791321760049875,-0.160300579166055,0.0746057741623866,-0.0360837345528687,0.267045621237795,0.0647386947198411,0.0459978192082326,-0.294590535478251,-0.128117465605453,-0.278739218061938,-0.0175223173660561,-0.16556516612642,-0.13781789698224,-0.239510543727089,-0.13727664620983,-0.184067006479949,0.0655305732238467,0.0139506529314966,-0.137873163759296,-0.467539797225787,-0.338143550389722,0.693726075936226,0.497774407557458,0.886172930355825,0.0133020504608603,0.164258560174423,0.208487635020548,-0.101105372056728,0.239812534873766,0.105666861737222,0.205628493673353,0.0977598019587599,0.212322607780226,0.0582051937627965,0.343292930824168,0.36586034876044,0.253021321837793,-0.00268338094809955,0.326869517212975,0.22419562656324,-0.00297333784187271,0.218504433921558,-0.0733064820660291,0.000894169846525783,0.374062747503797
"GLYMA_02G260800","pink",-0.51063277627186,-0.308791944310987,-0.0872767507926817,-0.355252648323064,-0.0119000013267911,-0.154027652673739,-0.433129164835765,-0.642305105390869,-0.771092441559009,-0.500960436953483,-0.237545458004706,-0.311953761147409,-0.585855349714523,-0.360385618838291,-0.14162466683183,-0.139355947573799,0.730703988851152,-0.00428453198151131,0.435283229067068,0.114370503332728,-0.0253436947069766,0.0804156486900586,-0.0153366970191532,0.0290695962969899,0.435688036858424,0.291700007432651,0.510326897708143,-0.02222222401243,-0.0417771042498519,-0.149954796079243,-0.025863967562446,-0.100307148791932,-0.356428325625038,-0.38920404918371,0.163236930263727,0.00322843898222685,0.160298720910713,0.0832047622889714,0.151306380581799,-0.571849790004431,-0.0836468882053175,0.135145415301379,0.623978191630753,0.469930460773607,0.206789771950539,-0.0196117398211872,0.0466787652452874,0.0983610823956186,0.453946153325497,-0.00106772902416824,0.308872783110738,0.251571041176072,0.297352799105866,0.527622181785491,0.571258072366745,0.802196695134331,0.519177848970022,0.0987054793066418,0.454494509947026,0.329457351923671,0.45084598476095,0.527578303275361,0.207959305567368,0.0537884811275662,0.252154278716489
"GLYMA_09G079900","cyan",-0.510587043670381,-0.557921768046122,-0.238215824668745,-0.672974207043307,-0.253622435928127,-0.524953426338777,-0.103616792639724,0.0457029038623712,-0.317180910769957,-0.189350520916491,-0.0372832490166521,0.365215254980688,0.0836912387729133,-0.0339433398490013,0.159419791068823,0.0794279658097184,0.559232997845997,0.511638921546461,0.726795587048191,0.871865973682699,0.497006791339516,0.0925301525393766,0.239636966888628,0.53969839025063,0.644644194140517,0.805351453208903,0.343891306357938,0.22301866435373,0.459732691746441,0.226318219312445,0.368291340324544,0.360708954048967,0.668040342030235,0.305921660256795,0.373972148779295,0.293703064455637,0.0220883852411558,-0.0346735228891082,-0.499466018795847,-0.632454232349877,-0.469222956926485,0.0311139203611982,0.281250538633907,0.301153813864225,0.171459622743083,-0.273214884917392,0.0850718801532783,0.015174895504086,0.0108563971161152,-0.279884415610398,-0.348071987979569,-0.725484118558027,-0.300005530328911,-0.291187493777815,0.134020525828833,0.164580324721089,-0.0684215463772558,-0.476064335243931,-0.363851551978324,0.0830300536964809,-0.0948496283367573,0.424772672708663,-0.329879719016738,-0.451447109011434,0.2446573450925
"GLYMA_14G017900","pink",-0.51036397647582,-0.647297870010123,-0.258170571915081,-0.467459230505285,0.0149895973241692,-0.0958379898766109,-0.498075172589214,-0.568221400207792,-0.808238453825842,-0.455654095578221,-0.432567034082023,-0.373236808703621,-0.595473314259199,-0.629034986757935,0.0307943697288586,0.119454773434986,0.443168916893564,0.101457826289693,0.601822336514053,0.178555282843489,0.0709451281101288,0.177954432371318,0.201205093623372,0.305293637647334,0.565874837295484,0.480102038299147,0.585369397945831,0.233011936206326,-0.00433487882143336,-0.198431423958604,-0.0870199198035795,0.0216829778849427,-0.244620296635403,-0.306859330678038,0.256850116387706,0.283289599544379,0.264525798623283,-0.0217399799186083,0.182570998567106,-0.604766433515662,-0.131586910323019,-0.163386846920915,0.513794436711523,0.275494427534541,0.240232881327662,-0.123164808164125,-0.207673275744991,0.0752244814462164,0.392689615976969,-0.0639680537224894,0.178497371575032,0.123249415917134,0.447014833962896,0.457301335247016,0.562115797393288,0.805470141735635,0.16596388160207,-0.105067275585923,0.18183897891487,0.0957566329477724,0.331053886194919,0.629105739671163,0.0484113195367608,-0.140992844999623,-0.0289475897852939
"GLYMA_16G117200","floralwhite",0.510264190705223,-0.0180725705066237,-0.46828463721217,-0.204464649070662,-0.750554160154274,-0.423500725532923,0.27952851532341,0.623964000534446,0.307651990353026,-0.0934408815179953,0.326761940936496,0.111339002313974,-0.0588531618527588,-0.0884781651869934,-0.00662258028811675,0.0486225773869402,-0.149771659491088,-0.527267456247873,-0.493401286782994,-0.235602880302733,-0.184135155691653,0.055721756317425,-0.548117724661393,-0.275317375899425,-0.00674440974778859,0.0438426564017517,0.135868286028333,0.419865514718148,0.267000565737586,0.802261564712409,0.392233316847257,0.338445058570907,0.138446924497878,0.324999805502716,0.307956253015721,0.144778848547391,0.157430870592077,0.113578284689903,0.253334892859204,0.631705675871082,0.629454885655152,-0.383785658941517,-0.258212533461689,-0.380439821631141,0.180549131054509,-0.000674206957515499,0.0433574151987149,0.331803382043529,-0.291402149169566,-0.26350312792858,-0.172482957971003,-0.0606767503736863,-0.400127483387146,0.0990085784350724,-0.2850123113364,-0.338992454723693,0.0438185169843366,0.154386974648143,-0.216778521507373,0.085559703988183,0.48009619729531,0.0884532698205388,0.218931340121738,0.328352769353549,-0.182091045840785
"GLYMA_12G159300","lightgreen",0.509264469174495,0.279609396909351,-0.222797839396664,0.0289352615857074,-0.102405427646226,0.593922695433978,0.544974176951767,0.214337109942691,0.0929942960851923,0.376453457123829,-0.553201998165734,-0.0234200749977497,-0.512443008691252,-0.218223877378824,-0.0436981672761984,-0.151758896968871,-0.323136760451072,-0.734217997875917,-0.548072430371787,-0.544361910282623,-0.872876818083794,0.674708311402831,0.113566206073604,0.126686882661817,0.0264728297386832,-0.206793598763342,0.37124037100317,0.413979670742308,0.0503466718306794,0.0337651414635254,0.110540819931375,-0.0683152893049945,-0.451762888420584,-0.497464935454113,-0.173642285484039,-0.302077814443522,-0.104272672725117,0.0338535790602977,0.298141174553266,0.487783548094125,0.769176891080531,0.0420872378831645,0.163798036134769,-0.0928955005068068,0.293141930606538,0.547358903800794,0.421100585291363,0.67688944624444,-0.150422296654964,-0.0117270352233938,0.293942919673903,0.430956347758395,0.340735906479762,0.66003704113815,0.491743831553168,0.0879945351956306,0.0641910188614592,0.837216371345945,0.479326879003625,0.0624252721644264,0.118922643019298,-0.304900489295784,0.0542339448802546,-0.11757827382064,0.0982521211765862
"GLYMA_04G247900","darkolivegreen",0.509198876847655,0.498857225134971,0.359177104218467,0.643032329776617,0.272979721201908,0.310723364290673,0.330465105510515,0.451988060830284,0.858616347027948,0.619682323509274,0.30887230101466,0.296920578700364,0.709351935276648,0.530697502667031,-0.01265968264738,-0.0490651450701327,-0.670866470340094,0.0591518806838021,-0.476006522125392,-0.183955597301733,0.0298430286058799,-0.212985749535526,-0.123019401045688,-0.213971559712417,-0.519673336407897,-0.492527152061202,-0.669605601563206,-0.257316780429406,-0.0664002465315849,-0.147999424141814,-0.190942527765915,-0.0384912049858357,0.233371156666388,0.235127508743458,-0.382468645922518,-0.165461818080224,-0.0624163132198353,0.0836748598679303,-0.17764924781742,0.555532325353486,-0.0678298322684486,0.0484114030298473,-0.677851932178665,-0.374103801519062,-0.320031476795634,0.0317112505745386,-0.0251509971561719,-0.176573630000533,-0.454312831435213,0.119048777291848,-0.253966793319366,-0.136807785114908,-0.325354630468463,-0.58580967133848,-0.611713376369199,-0.798834228929518,-0.451516806432472,-0.0556630355028151,-0.339785442986817,-0.302881567178602,-0.575654938346752,-0.713991210101007,-0.278139361877279,0.0132380564829643,-0.196683119409439
"GLYMA_18G110700","turquoise",-0.509125154886732,-0.697063134236883,-0.405463646044596,-0.706917020495637,-0.245627873374712,-0.320745770074453,-0.155701073817074,-0.0762514960988406,-0.466499696900769,-0.179065855065903,-0.29187291503187,0.106960132493637,-0.234685016849241,-0.342484466340206,0.0796435381659446,-0.0289791834567891,0.502173238550542,0.270494444947617,0.69081041071239,0.597902604737605,0.314109469391816,0.261205673723904,0.267936205678299,0.598265724348864,0.577924651669469,0.833101500157081,0.572243156934058,0.412649348614434,0.406336372741513,0.13737560792862,0.343555139635673,0.414617844610284,0.412937634816941,0.0679131648695011,0.38069084013397,0.408943541958808,0.0989791061083869,0.146763439352975,-0.250313336169145,-0.572484934477235,-0.262539449051547,-0.122638022295702,0.415871184688703,0.29729768873198,0.182755931966654,-0.330335426176985,-0.021546369729701,0.0966091376352199,0.0692478345429564,-0.337559403101452,-0.214517777247204,-0.505521820122285,-0.0344079720695504,0.0101698503391196,0.283374675551284,0.387742074243766,-0.139993739349086,-0.359112333773995,-0.263720820152892,0.153898913810181,0.0359131092756309,0.505000003127403,-0.247627910334612,-0.445641142318497,0.186834369073359
"GLYMA_07G052500","tan",-0.508572419173333,-0.135045084892306,0.102245610622633,-0.242163680733249,0.074255510209638,-0.0982811725298854,-0.160715486144585,-0.236602542700497,-0.311103290342437,-0.0656818403715615,-0.109692137624127,0.172432188688722,-0.0305212316377186,0.132343909718709,-0.0197740330906673,-0.0304259021634781,0.425654182740175,0.363868664335787,0.522546883605436,0.352636260708262,0.230134710058942,0.00330942944760776,0.186957579434991,0.250045649306644,0.363337633164021,0.369306005953192,0.179643075619996,-0.0833212752994897,0.0842102268900713,-0.128450130995273,0.18782507178392,0.070416929005616,0.185426199041488,-0.058993523046578,0.062442319765352,-0.0247220800013848,0.0804650899264343,0.00622727463540795,-0.300079999677935,-0.532954336388986,-0.390583230700998,0.596918581367178,0.565461760604868,0.897680414775176,0.109456283298829,-0.0130757898916206,0.218245177413067,-0.0194485488362541,0.181084327095424,-0.0413180362431811,-0.0169428415758,-0.239541931255031,-0.0044615814479499,-0.0703508019374113,0.282094716654825,0.273054414483237,0.0747620663707143,-0.16312797357036,0.0839694088613373,0.143437657359058,-0.114770523424488,0.215098749840525,-0.228720657602076,-0.261884591446533,0.355407973521833
"GLYMA_19G052400","lightsteelblue1",0.508488470878034,0.457122139353487,0.196542589455123,0.427672941574953,0.345229255311188,0.787058979915496,0.65558980926628,0.342965154785354,0.617028149921463,0.922349093711542,-0.347086459905813,0.298830458727049,0.252927691982863,0.36111907672735,-0.0519954933467943,-0.220396953750054,-0.437632729966556,-0.235012468894717,-0.48014369501049,-0.329514542263047,-0.377116452154116,0.400740241160077,0.381875350849234,0.277554193738813,-0.322003366747263,-0.319405702290459,-0.199575647609516,0.019872596664344,0.0450472245693233,-0.287539208268596,-0.0558075884003627,-0.0805100654175074,0.0368642150390007,-0.203974248862251,-0.394501384783467,-0.36459227761168,-0.143197467895012,0.0466023107410755,-0.194624661974931,0.377980232469077,0.173017976657928,0.231682519492986,-0.122753188152119,-0.11226422518616,-0.0526027316287644,0.222704919868531,0.283620121102272,0.248586373538526,-0.30411114771129,0.115743023884604,-0.0636811970952771,-0.0357208362900397,-0.122090458099785,-0.106422181642361,-0.0353929432715614,-0.473865188986815,-0.357958456883964,0.370896620480681,0.0427227416708372,-0.290071039534435,-0.646109537232949,-0.839383551320385,-0.315121216949797,-0.432484736913013,0.0176813465399282
"GLYMA_11G228000","salmon",-0.507915052631097,-0.516608135579001,-0.147408995640795,-0.573295341340173,-0.0854467483374936,-0.117485531519168,-0.20959958592596,-0.314872560018631,-0.678195800850435,-0.263486759313565,-0.35553304481561,0.0862927658551085,-0.420879171341982,-0.316535760471611,-0.0929309949844905,-0.0520077001377454,0.495843908152681,0.285401707234409,0.745116411158483,0.379089281875192,0.0174104898645866,0.292680114334052,0.308612129391349,0.491679529416308,0.803607986991632,0.608026061189697,0.589760344187976,0.21334914491073,0.201648190665815,-0.0518753492211488,0.0958862090266501,0.111728766809485,0.0418003087787645,-0.30409843884158,0.112201842440711,0.0175062870451769,0.0480845158958179,-0.0215206944995473,-0.267723622180467,-0.688123678544247,-0.225259789635691,0.103863346662208,0.532159635443289,0.425640308077048,0.265072789599025,-0.0616374300112234,0.0731485892557021,0.168588714709697,0.162655026650484,-0.251667803936323,-0.0122707123213126,-0.184831810375469,0.328453059580333,0.272942795344896,0.645584730641386,0.663587778731983,0.195613132314695,-0.0462757481564871,0.171112913321722,0.114453756458019,0.114451014747451,0.536469736036763,-0.0774294344909436,-0.388058655108342,0.352885238195885
"GLYMA_20G166800","pink",-0.507891397465991,-0.690051818819244,-0.490265051448774,-0.685878657711475,-0.310209732615934,-0.303723594269794,-0.450484351731271,-0.464598674933985,-0.896803743981519,-0.623449309752203,-0.344696898263959,-0.418083002576953,-0.766357485728189,-0.721805842220288,0.048185981666322,0.0641188216282267,0.588624529790613,-0.0694823998882183,0.553419168113301,0.205237752083124,0.0124103936149439,0.202121711044919,-0.0179275142614016,0.226859758625119,0.551599802279955,0.603231169067792,0.755432899528708,0.380506333538857,0.120742571095865,0.133612402135601,0.123084870647545,0.142727040688513,-0.224994178293439,-0.269796081586578,0.382471091027188,0.355045445871456,0.175285571779954,0.0351229425187013,0.281169163936474,-0.516185566957111,0.0732961506280728,-0.209254971482257,0.64619518138097,0.330536647159629,0.291122816877038,-0.152928170459608,-0.10542848084978,0.160923965601594,0.353851605737241,-0.24765585060166,0.268696065478416,0.119323513388149,0.410131040195583,0.594952895860895,0.578257982301376,0.859870898017024,0.289138078594854,-0.0511861669482533,0.217256421845824,0.287853751337652,0.630593477959233,0.835103097687732,0.288269405486791,0.0200317050507538,0.0607353289442092
"GLYMA_14G133700","cyan",-0.507879002560595,-0.564524701513834,-0.265508646399345,-0.640445904256367,-0.152695464971882,-0.485065182636818,-0.143986310216912,-0.0652339231847317,-0.345272136942909,-0.200859454627741,-0.111288025560182,0.195032708746884,0.0700491415857848,-0.079353810403243,0.257765199544489,0.162882493869895,0.634450453589173,0.47364055620974,0.673775306959234,0.877341479117624,0.586508999862195,0.0659777365462301,0.286943291863566,0.550607945907669,0.425607177730886,0.766430089478427,0.305586657061768,0.189012725627295,0.364106411715658,0.126823847243494,0.277873145577587,0.370084746710558,0.633385507429251,0.303635403306359,0.388858898365003,0.402733975263052,0.0382369297527689,-0.106096814266027,-0.356750588383926,-0.628934072315968,-0.49245413380551,-0.0192183806915274,0.292777530310432,0.292111783812119,0.108983359043592,-0.314529803100695,-0.00105093409795588,-0.0909532485450761,0.0575501353042241,-0.23233668110261,-0.242553557035312,-0.667810814619408,-0.326507203212656,-0.271897183371249,0.0572590039757141,0.170245851881613,-0.108252792067503,-0.542385050327147,-0.373197125554382,0.117638117345524,-0.111560329981989,0.365158118286747,-0.291293086121662,-0.44225666600075,0.132728667425039
"GLYMA_15G257600","pink",-0.507235925406055,-0.472342637470039,-0.215027513341734,-0.519288313052289,-0.0930194798814169,-0.240799714522112,-0.426482859665606,-0.612314599242638,-0.866894183283695,-0.573561466937128,-0.297548577338083,-0.333941946265667,-0.636608769054024,-0.479774865199553,-0.0289854097549772,0.0161021092562871,0.788980558235971,0.0481737969991782,0.552850795312574,0.167574475428936,0.0491939209302231,0.145202705256047,0.111652191612104,0.180673738716226,0.495241185608742,0.431152907165426,0.597771670714329,0.0939058135020071,-0.0163834386363298,-0.0762554121565782,0.0202974356175331,-0.0397245472236576,-0.276096826441173,-0.307227175555445,0.279948408819785,0.126928242085617,0.158629201398669,-0.0463501985845141,0.141440311913309,-0.648048542896696,-0.098875603936178,-0.00384178970303247,0.63865731177234,0.414566299917645,0.206964447082605,-0.107287346081894,-0.0398223314834288,0.0793258804909479,0.431018820466568,-0.112981900960018,0.256970324273704,0.161697740172969,0.316892591445894,0.536355987370629,0.60275426157131,0.860898491899629,0.500748917373967,0.0137180993444985,0.361772162218403,0.253683662632743,0.477410715123698,0.640989476892802,0.198074020697953,-0.0352236242612287,0.179779618406989
"GLYMA_06G056600","cyan",-0.507147586776515,-0.470073851374269,-0.16715999888571,-0.548714335424545,-0.195558942254405,-0.525939156921481,-0.130014989896866,0.0313510699095617,-0.225199633337847,-0.171087868886841,0.0624819012628722,0.335056503403727,0.174407799855208,0.0577281683595398,0.136341941976044,0.0190743733950812,0.565613161338056,0.495539441834834,0.627853004410044,0.92609350252821,0.557744669411588,-0.0116977194338806,0.109167913981916,0.404284972331331,0.47165246882706,0.705627394558952,0.226939475519414,0.11278042003721,0.404834956570156,0.19820389417647,0.339760454868518,0.337543579246759,0.667346248675988,0.375134059997259,0.401987939712391,0.273996462444916,-0.00237913177785891,0.0371353871651098,-0.47855982765078,-0.581486415597301,-0.490680451702281,0.0680850493256094,0.260847772237436,0.30107427694044,0.214559489664609,-0.249399790967358,0.0709339673618993,-0.0515800533932862,0.105349724794648,-0.150525121925603,-0.32856760846415,-0.687489458300472,-0.374913283032495,-0.358696046122242,0.00439684780251996,0.0737761309698453,-0.0787569404371975,-0.511427070399129,-0.378750701319559,0.213543295193148,-0.101841239912251,0.353461234122733,-0.234512212230968,-0.324103985065694,0.266329132020585
"GLYMA_20G230800","pink",-0.507121745522465,-0.627954446948831,-0.292026414659506,-0.475003610802986,0.0533140767843833,-0.079502730870804,-0.515206014907534,-0.647619078347503,-0.864584776299099,-0.503087572359242,-0.479752210655857,-0.535522552599371,-0.670460546455458,-0.691484262540971,0.103809124305922,0.195811389244351,0.538187762646785,0.0557859285046127,0.564939944668242,0.202771567949044,0.092377603676467,0.175043079891528,0.209766729519621,0.288592275536761,0.362327653352555,0.433137494133044,0.578775034806859,0.226000464498112,-0.107403063750688,-0.220327501803894,-0.119598398344965,-0.0132408015466353,-0.30937773971944,-0.306878284654588,0.269132982708981,0.356440883539719,0.0558866706672054,-0.170117614540956,0.278796202134319,-0.598304027901841,-0.0971414762227151,-0.164408611835477,0.60329073094548,0.348481873735802,0.207323756150458,-0.104649704775926,-0.25941234368614,-0.0173213263572849,0.451629635204463,-0.063103913214218,0.278849940411173,0.198873335800141,0.512578450559576,0.529652279750756,0.547048641277085,0.872504716113186,0.190469744986315,-0.114153285547108,0.216116828430575,0.153107714231495,0.378285611401142,0.652871645164088,0.187359050767449,-0.0943388829731215,-0.038264950432831
"GLYMA_04G132400","royalblue",0.50681125358793,-0.0941505130194391,-0.596430941043892,-0.258938808381242,-0.411666148047277,0.181204687636635,0.472016562473129,0.410326189038854,0.105113689365818,0.22721965631855,-0.436202008469324,-0.107369074305808,-0.49096156504875,-0.404646714328458,0.026800894225104,-0.0274997922731902,-0.109411020773764,-0.806882650842221,-0.527093052903887,-0.370868649675762,-0.554133571689081,0.663910071433168,-0.0811414316360965,0.178416892323389,-0.00364680415287118,0.0913896436980476,0.484040847186271,0.717836853432054,0.251572485256105,0.382878976383459,0.238111307194425,0.215922680915021,-0.165005019621419,-0.163289463487842,0.193260172072608,0.110557076133589,0.101360487370558,0.0944656041964098,0.425491867543734,0.546921359787272,0.840295457193418,-0.305762283264494,0.139529512894525,-0.18617454017337,0.336075787796461,0.242563009129307,0.172160024958958,0.595677330625413,-0.142284150341257,-0.174073751107903,0.0604114391417146,0.169256406408235,-0.0083091983400906,0.573270181726167,0.212840905058623,0.0100565522171059,-0.0846628985751638,0.505952542475988,0.0813744564758202,0.0842459378974772,0.298068047182931,-0.104229491414722,0.0611642574809268,-0.0950755025301769,-0.142488091677767
"GLYMA_01G029800","darkolivegreen",0.506446397253876,0.240161098522362,-0.0551449738683887,0.294639486912658,-0.0849886065079888,0.079935749296367,0.428558289727339,0.67807798446229,0.874613599248213,0.613290351725942,0.222085310474198,0.322211417581557,0.622733786175325,0.393744512458406,0.10106695111275,-0.0262299798339051,-0.490654568470998,-0.124322426807564,-0.521232416911197,0.00476636859272161,0.166697202428161,-0.0577933390910519,-0.168211105123866,-0.0317411409660601,-0.466509650980865,-0.154658867644377,-0.434250405611847,0.105747477051816,0.182629653923768,0.194117655953145,0.178516319505478,0.243975918799056,0.505700212773167,0.567149472465276,0.0770881171051292,0.118581583337641,-0.022603106090959,0.149331257583838,-0.103812324963823,0.602562969210907,0.0927200741977493,-0.0568138397283241,-0.433542494526498,-0.259465581527216,-0.0845822761003774,-0.0453161624198931,0.0165286373017977,0.0160560687705135,-0.329407823702138,0.0702244104292754,-0.450199973240202,-0.385613233095536,-0.579261102895012,-0.566582378306163,-0.690792629899059,-0.866595629789672,-0.611167310160811,-0.169750154662412,-0.582302912854197,-0.261893551150498,-0.439272864524629,-0.596276238170395,-0.290720831575173,-0.0831298957845182,-0.281452040033588
"GLYMA_08G108900","midnightblue",0.50641582157372,-0.146782723978882,-0.468726621461158,-0.327052816638528,-0.456988617415473,-0.0564693397366575,0.672575979145255,0.849554149489526,0.526926358846001,0.505129498631775,-0.122221189339658,0.449378625433773,0.208481527200446,0.0600591994683079,0.0605336006825463,-0.0282006421566863,-0.209764801113187,-0.240248814833641,-0.255537978204855,0.0318986342833393,-0.0423989548052144,0.423608376148521,0.164970946000504,0.473025026355548,-0.0125885095442835,0.335382906221821,0.151654770407271,0.619412678266567,0.626390004649645,0.552010264018563,0.347374063494809,0.515715569005343,0.594882839458191,0.368599281892825,0.21319356310252,0.178227990435945,0.0171292538612494,0.0521640830363735,-0.248200585647548,0.442385152863054,0.36537149971693,-0.258473456341094,-0.186816223507952,-0.278448153052542,0.116622258957504,-0.126186602917186,0.159291839604413,0.337709092313197,-0.481829660112892,-0.339503414908459,-0.455713263402213,-0.587800963369703,-0.466900344507666,-0.22318303354614,-0.249794797938641,-0.52738187760859,-0.49187791963438,-0.0354713841992551,-0.535469101242835,-0.167632555872945,-0.261470752098125,-0.308234004589238,-0.308333084105672,-0.457213209561153,-0.0719900351875171
"GLYMA_07G116700","salmon",-0.506073249205511,-0.396310610141751,-0.103027311958675,-0.594046882934549,-0.355134392398223,-0.456720728274918,-0.227383027288622,-0.183704391066572,-0.628076676628543,-0.489654330195533,0.0433622383930993,0.231102025805244,-0.32212292477815,-0.140193995514753,-0.156429399579768,-0.119252974655799,0.564682946184729,0.293259827345376,0.684898725841325,0.321325560195993,0.0489635707579211,0.0510896495602116,-0.00618496106688438,0.19006105121674,0.851218394399535,0.564101800060143,0.515155362545774,0.0922296086924639,0.271107506500176,0.283203019316074,0.25000820138513,0.149581408617166,0.0906096069343151,-0.141894487555307,0.196575589202926,-0.105788018391216,0.150624537610632,0.0992182265432916,-0.340617851985209,-0.598801253885176,-0.166311049645271,0.165392530880126,0.440693863382916,0.416766637731365,0.277654925636629,-0.0699192483036577,0.167479808136412,0.180248929997981,0.163970200880476,-0.256222732434656,-0.0712118976017434,-0.209698819205927,0.132693430028183,0.195071542259895,0.521780256298543,0.556555878684038,0.460624829508207,-0.0399726635054719,0.185486749047744,0.242562031670938,0.359287979398525,0.658880835211369,0.0136629874847579,-0.104982361965443,0.475877907904531
"GLYMA_13G179600","cyan",-0.505968200250281,-0.399900345403632,-0.0551378826166377,-0.469667138278964,-0.0027039859489826,-0.373670379417974,-0.0906842511377788,-0.0580162842502488,-0.227787617794404,-0.0792040832983655,-0.0186566123216722,0.30971186973249,0.236781624491344,0.108507539976745,0.10720986725837,0.057030626878769,0.537279384109043,0.617086491931341,0.689077979497161,0.884142430643083,0.580522295714398,-0.0031001130786478,0.341993888574022,0.507050823507452,0.410134098632336,0.620202743429812,0.112188523279219,0.00925806269903671,0.237606428776083,0.0182469038104789,0.258807462757918,0.180631368913527,0.649921282375169,0.26277545163758,0.170189871637065,0.227053244774247,-0.0748564081931576,-0.138987919855426,-0.516766387380377,-0.656966763785526,-0.627655697148678,0.135535937285612,0.225455387032014,0.33578661519123,-0.00359268868775392,-0.267537122188498,0.0304984842195623,-0.188556877814266,-0.0338346641583045,-0.249363284541808,-0.315677521049409,-0.692574294691222,-0.305632482679704,-0.418088981911605,0.0254601449228493,0.0694980722004462,-0.104462696379104,-0.529828258750364,-0.337833223006653,-0.043538624694488,-0.284839949182193,0.23194566387394,-0.38873213249591,-0.473018566258163,0.205008320995427
"GLYMA_03G089000","cyan",-0.505915753956897,-0.486100321534765,-0.273665047555061,-0.571598676611711,-0.116755572688185,-0.386583929356008,-0.14960319152138,-0.126799333750961,-0.372161275098099,-0.229878159788749,-0.167853117407621,0.0603351850842519,-0.0698253279527117,-0.18420525813822,0.0930482185271279,-0.0125120540539227,0.577831030607212,0.327263108515721,0.556962032967289,0.825722465992492,0.407970084029045,0.108359637661059,0.210890822823591,0.431432804098431,0.383383327581658,0.615818455429888,0.30934580477732,0.203959196015659,0.285971468382984,0.105480588446832,0.221145983889415,0.182365048221309,0.429386500230965,0.170270423522971,0.304264044980366,0.324886871829363,-0.0854072908947411,-0.0511548287682811,-0.22144624423651,-0.552381935919851,-0.341008339155516,-0.0093948002978031,0.333482040792823,0.297463151989814,0.1688302500879,-0.116665962866683,0.0340987778497917,-0.0447525555453068,0.102100149224026,-0.200808816789811,-0.117718792098328,-0.469483949157228,-0.157796971892947,-0.101004603856587,0.15781270104423,0.265046651343112,-0.0363010351290783,-0.371097268520692,-0.218907066700842,0.117090988655653,0.00895846325820081,0.384074187834949,-0.158913002230726,-0.320124591750516,0.165482825216768
"GLYMA_05G062400","turquoise",-0.505834804257631,-0.811620536915253,-0.546308047229304,-0.796704958181325,-0.343786461672099,-0.317644184357234,-0.338138257962475,-0.287989941950534,-0.77091555804581,-0.402675371463919,-0.41290697502747,-0.175781158551879,-0.59820630171806,-0.627765641206316,0.0815515893638695,0.161001359077058,0.614066123848758,0.0463575294082878,0.650047881380099,0.39621479838158,0.148409846121531,0.322573225716021,0.136287926557918,0.497700949941172,0.696564978643163,0.824359168947243,0.794942931180751,0.509817988189314,0.27132592358405,0.167742121248665,0.260856803542731,0.289421801775815,0.092252895100061,-0.118219533981049,0.464171537413571,0.43680346347291,0.222477304073587,-0.0430579156618053,0.066681694363509,-0.587464216484241,-0.0492960118370087,-0.218828640311431,0.63347104538533,0.339158543051441,0.335405958986844,-0.256217001321344,-0.0829090841819996,0.215772528904937,0.236928199530596,-0.339686753662907,-0.0332176217261281,-0.210508404916553,0.16500787328203,0.3912105257621,0.504367525195226,0.705236765797958,0.0731117504919006,-0.200192774070466,-0.0244893767137416,0.168100654535283,0.388635712565082,0.732884783582853,0.0125754145733811,-0.288016230955916,0.0409220765933017
"GLYMA_20G247400","tan",-0.505763356722896,-0.107002833679897,0.162240488803163,-0.0903520646561286,0.207634884591932,0.0643458724862317,-0.295422339349321,-0.438855465148596,-0.40561590155167,-0.119098697662781,-0.186925402747633,-0.0645709700357807,-0.174489252870679,0.00730796396009793,-0.00493581093668738,0.0156042844745547,0.339364873120485,0.266860634901677,0.45164124500301,0.173516380156232,0.125370739169318,-0.0294046157239234,0.155128564716489,0.122599787210697,0.281824110228889,0.193423191079996,0.158740281959221,-0.154883017433481,-0.127608312219675,-0.316982112999052,-0.0182589595449417,-0.115029391454012,-0.0978326912871837,-0.215956082531148,-0.0161633164846414,-0.0471975999483738,0.117470293934186,-0.0314972758238367,-0.0835416441579246,-0.509631448423741,-0.333561219130992,0.589117660868601,0.611675189051183,0.930431711442534,0.0558399883346742,0.019216314531981,0.100194333261567,-0.0646846107789465,0.29549730617207,0.0638281573762597,0.0866708944909157,0.0352438517263397,0.21283888097286,0.100216207711098,0.362840080807871,0.413429103256741,0.127172562318026,-0.0676215030585112,0.236194009384315,0.0306558309487668,-0.0285062579652939,0.228759804421931,-0.119930806329499,-0.1480284465093,0.192361469895862
"GLYMA_03G247100","salmon4",-0.50574342732296,-0.31240707765949,-0.161896832943003,-0.490655116878934,-0.0869728420680762,-0.432600586070568,-0.210990553130627,-0.355372323413106,-0.516707622189824,-0.391332368349469,-0.0682459525112326,-0.0754201613922001,-0.185408474133751,-0.101771076861434,0.0253662305502139,-0.0638176227187855,0.898437772963914,0.228099815988372,0.495950834308197,0.451217676538791,0.374855631284306,0.0370207873274874,0.137437921462846,0.221497186571417,0.275585191825734,0.450968250491145,0.303045178041444,-0.0227246476636814,0.109192771162775,0.0467965885502683,0.141224862064427,0.0931761094962699,0.174182827388723,0.0282959479422764,0.263471777649095,0.159641182079566,0.121214385842248,0.00629421299517862,-0.080120581260401,-0.594926410951633,-0.31094377665934,0.139406070034549,0.460937773958239,0.460677144927583,0.0434766385877627,-0.173632504953218,0.0652217855032361,-0.0918121058620252,0.191034070500715,-0.200862639618805,0.0634340160781049,-0.227190714453169,-0.194859105585557,0.0934927733764767,0.225466839403366,0.424748546584582,0.347572775041867,-0.227371294099885,0.0718262836347023,0.251421546857663,0.186653201423125,0.360427612222617,-0.057126701279849,-0.158121115114765,0.225206145697734
"GLYMA_09G076000","tan",-0.505559042579626,-0.110966945767198,0.145789419912433,-0.16692460205342,0.104436547641049,-0.0624163290043817,-0.248987913434312,-0.344440421347366,-0.394386583316012,-0.166543267915882,-0.0929253165240626,0.0438708225629163,-0.135646425453681,0.047549911475272,0.0420888895218959,0.0513245722236385,0.347285112856514,0.320135394357886,0.502816147501268,0.226449065686071,0.13480552240821,-0.0223812234317375,0.113413408236561,0.124455824129184,0.367619158616427,0.259570813809593,0.173268436361859,-0.132028982700413,-0.0386568884655434,-0.188497478779365,0.0520749297522235,-0.0647188247829791,-0.00563601907396039,-0.157191873630156,0.00533796484229113,-0.0457336103844758,0.0920991285844249,-0.0541866339983578,-0.172315003903,-0.512580620461451,-0.342277451295746,0.583768475042874,0.549229136430673,0.896397330770213,0.028851921010264,0.0114633122854942,0.157934964332567,-0.0396762820665125,0.225760712046173,0.00334744850046739,-0.00780676477481725,-0.057904758683193,0.156285154614227,0.0486609913829969,0.359808416154912,0.376945516713384,0.176455330680912,-0.0823842937708816,0.204750986394191,0.0657781467610142,-0.00352768365719019,0.289671987081882,-0.113181136983742,-0.148468046890808,0.249448383327934
"GLYMA_06G096500","tan",-0.505185000543003,-0.141208256954441,0.0771339988085559,-0.207249987774173,0.0839824509033849,-0.0511786351049656,-0.219032695925066,-0.33050966833925,-0.36201588304722,-0.0950696267653145,-0.158456669924575,0.0667751465669253,-0.134081015436523,0.0691896146817072,0.0888077663397267,0.0126480901623402,0.482415870187956,0.258560875406393,0.451407343553407,0.296752699825688,0.180162119020545,0.0161589114922628,0.119173504820533,0.184427985663843,0.342448464282472,0.330008462161869,0.230534554832441,-0.0841679132987284,0.0212554637399222,-0.183775873991531,0.164728592720241,-0.00566549110762985,0.0623952367006315,-0.0984320022232666,0.121478353577965,-0.0114931243287662,0.0709826200326264,-0.0220188871726185,-0.176950873204633,-0.516177336670896,-0.325728204954658,0.589660277866051,0.640707748780699,0.935030772724356,0.135159696365289,-0.026093441112138,0.205702891767881,0.0315544084422032,0.318857855702924,0.0624147256976407,0.00411177486745657,-0.113508736067815,0.033238026037329,0.0503060850968606,0.331346862864308,0.352492918319017,0.137128218898696,-0.0931336241178155,0.16190177425258,0.164409412454494,-0.020604419339797,0.228210583256436,-0.19173095257899,-0.198338979580251,0.277777662456042
"GLYMA_19G253900","royalblue",0.504661838295668,0.0810839841495008,-0.492246325383865,-0.14082986093872,-0.317388131459091,0.246056284484765,0.415039480520612,0.211070462823692,0.0228624106079553,0.109488444274885,-0.421168027637011,-0.261609175868004,-0.549295746531173,-0.399518907132173,-0.0416130786589428,-0.100910355217638,-0.0816314686429534,-0.850376087443767,-0.617460725987034,-0.565535813745958,-0.637298760164815,0.52238928729934,-0.0181579613402689,0.0138910681174821,-0.132140476827886,-0.1361448767626,0.384460840280224,0.510508439749639,0.0721871501316646,0.288340437945107,0.143474991059459,0.00926005281019672,-0.400107212509388,-0.275794971069034,0.0544759046194488,-0.0214495639950418,-0.00308468591433074,0.00674540794530635,0.537623296307251,0.553605742742032,0.852331819544822,-0.257037975081544,0.104264692503854,-0.208638240507636,0.232107211230235,0.358580623598267,0.188867645864703,0.534690566794505,-0.160767475004343,-0.170917652641389,0.320037264342986,0.397100123930884,0.111673536629521,0.676080875220562,0.257669769654571,0.0944081812268197,0.125879564623519,0.625971633273323,0.296532794929077,0.036214966293222,0.388175242925348,-0.14453666702671,0.203237538629796,0.0482126534153345,-0.130061458706956
"GLYMA_05G197100","midnightblue",0.504290756318354,0.0541269849442976,-0.225589516008898,-0.122881846169893,-0.618675836901015,-0.362764576056243,0.462009135686508,0.876765814530356,0.55900069122978,0.147795735602804,0.429128297521291,0.499238585412475,0.346935677678768,0.244205340773921,0.0335774053031746,0.0692879216879701,-0.34296314242601,-0.150949413711366,-0.321642860701873,-0.0944755112366515,-0.0395883735756225,-0.0313971381140976,-0.259376523499277,-0.0727097427314903,-0.000748012134083823,0.0638054046509213,-0.114078980726185,0.312420480963319,0.446268784456683,0.76780928876795,0.385189211906211,0.276108702629685,0.45005604162016,0.502600426740336,0.207969134780693,0.00836190828459308,0.00226833211027171,-0.0329277409708033,-0.247075631158787,0.565284811810729,0.358505410869974,-0.231886454124164,-0.441868323588851,-0.400096555778955,0.0579003114752198,-0.116586224393383,0.0919255434991794,0.196013558957229,-0.387727251722019,-0.200654916384447,-0.394700540402287,-0.397128649359639,-0.486665362215639,-0.322881716567772,-0.418575946030212,-0.609746440952476,-0.159676839077151,-0.0337265561669468,-0.447734071045134,-0.108070399278128,0.0441599353194624,-0.111514029657156,-0.0266185212222457,0.080779625316556,-0.0454331264133295
"GLYMA_15G105500","pink",-0.503576795186678,-0.368021140215556,-0.231314679349237,-0.49734245304674,-0.00940602627484509,-0.0343554762670144,-0.305074102317928,-0.613490202708963,-0.832477669320013,-0.407969341848139,-0.501728946552844,-0.307245062552425,-0.713665508308768,-0.473335250999089,-0.0746128671593976,-0.128233420483768,0.714806093287333,-0.0778840011785737,0.453120670976105,0.20601674016071,-0.126874506269763,0.299803496029001,0.169592159711193,0.268965142595874,0.522272361190966,0.422130717859808,0.682665133378084,0.158544076109428,-0.000701043169140423,-0.163842528295337,0.0422082657244413,0.0182911878010229,-0.31707915755205,-0.515380226351081,0.133500278745658,0.0398941579213309,0.115101756442067,0.0307442794154113,0.179148252641695,-0.59481706436127,-0.00888202187156191,0.125156002644851,0.722791877065036,0.479890899106829,0.270533833850699,0.111689207405609,0.158234009851007,0.239580133645376,0.369251704137913,-0.0801299197370821,0.411688215251324,0.209732210738534,0.352171196899082,0.631418055413469,0.730055126251033,0.8486316529703,0.41862934540704,0.184651157946955,0.486782246686211,0.347527834859333,0.387661936506096,0.50139172235515,0.170432127639016,-0.139939668018079,0.29604426220607
"GLYMA_17G242000","blue",0.503485464286984,0.321549467883609,0.216606039562462,0.395627079615168,0.0430501133000206,0.00130795609284854,0.380290682256597,0.649375701853024,0.887172250191629,0.543771309792639,0.403128721836131,0.470934497979107,0.817084639913214,0.585911107625601,-0.0355473575155177,0.0270148106879387,-0.503152244262852,0.163886755739324,-0.353118535394856,0.0168078221161409,0.280045008557947,-0.245967358411517,-0.0342755505838572,-0.0610356616242431,-0.426022550257731,-0.242943798291786,-0.626058352156191,-0.132517309929563,0.112631123571347,0.113724374701877,0.0344914723257209,0.138835058617851,0.548815771013192,0.588399350626942,-0.0649190606993906,-0.0228936077165136,-0.0099153534094239,-0.00349180726906162,-0.342428155505275,0.464097469924798,-0.138111801777776,0.0248395051345149,-0.575434189204288,-0.307605923227123,-0.210779522555444,-0.0903754946572132,-0.0324909060938632,-0.160552511391462,-0.35766812406826,0.115174418552719,-0.539853236726268,-0.446531769795133,-0.566216405265562,-0.757999675689024,-0.724976630275557,-0.898650181467958,-0.509376295328023,-0.274866279004048,-0.589662123732854,-0.363337275300538,-0.582768151622177,-0.621382559894432,-0.350607330893902,-0.107227258641312,-0.194052385720985
"GLYMA_07G076700","cyan",-0.503445121548016,-0.466048493271623,-0.15140665331279,-0.502704277158879,0.00518006042338995,-0.418220987668003,-0.11713554753544,-0.0700093383343485,-0.238442812230418,-0.134924940378708,-0.0277214352922473,0.16178908003696,0.209813576049039,0.00391992764626653,0.168315963510462,0.0418720209692826,0.563658387267848,0.579091196172652,0.672229249299833,0.856106502096077,0.647069832412443,-0.0210766255248772,0.328520946271576,0.507462791664327,0.257673056748968,0.616594120005571,0.115833898399876,0.0559713214587433,0.221770127843295,0.0345689264169519,0.139611683304033,0.401621405418468,0.644333035044349,0.277767950191125,0.189822472541953,0.3184236647182,-0.0663398325616966,-0.0586705997718953,-0.415144103666954,-0.601263410145173,-0.582314563252342,-0.0236182897902575,0.135169207582746,0.207118831253049,-0.0604962560349988,-0.310890273069427,-0.0994544921045549,-0.292460845186599,-0.0541013331493986,-0.256998453866352,-0.271792590028212,-0.675011558832535,-0.271479698895575,-0.399691321252864,-0.0695049985626111,0.0791087818524461,-0.172224674817756,-0.607404971110586,-0.423655249086922,0.0403709019209473,-0.247910170300918,0.246943152820042,-0.349963721167747,-0.435764137998043,0.145747810030442
"GLYMA_11G134200","pink",-0.503173927495872,-0.335138950518397,-0.116307249586797,-0.372128003364232,0.0810086333641051,0.0664113952874588,-0.409236809345302,-0.738574007094756,-0.924977456725162,-0.493499810676806,-0.465900285939947,-0.439058418434829,-0.793504220900686,-0.552750744543126,-0.0816677384791501,-0.0853824508765396,0.570164247589509,-0.0518328355270451,0.47402707541191,-0.0110400506016821,-0.231343823369435,0.256434959908186,0.150959488785644,0.148403223878808,0.478232594423804,0.253584386047782,0.616910785691095,0.062006063483543,-0.151080238376121,-0.26228639199137,-0.128148529954301,-0.182489382372623,-0.54974534238928,-0.637870825043097,0.0134610449850922,-0.0381483242992499,0.0867669632508261,-0.00493971637760066,0.252636461071751,-0.592411611142763,0.0116629252936902,0.0748580896764099,0.656863369512738,0.415255543990809,0.192353113627017,0.103630372464601,0.028560717790805,0.146748440363562,0.406827150556026,-0.065039137018227,0.456275575573957,0.418611220040574,0.638736588037905,0.732727166152261,0.798853020446076,0.967915590791077,0.513403838860427,0.251032083898638,0.612024225128081,0.265579907648695,0.464694532448009,0.575419198316812,0.231314551104777,-0.0172569994398146,0.234760226840156
"GLYMA_14G059000","turquoise",-0.502977096964899,-0.722684573467565,-0.485599680582643,-0.813182074585547,-0.263192445845781,-0.364702971655749,-0.155708042626288,-0.19687479732502,-0.622979286026326,-0.300823763391223,-0.354439085580823,-0.0621342069308601,-0.359996358069685,-0.43047757471015,0.179252389625925,0.0342142735714039,0.71166010814765,0.219043169292906,0.673514821113938,0.582349925519041,0.333469102379484,0.288455681049412,0.319274087284142,0.622797348880007,0.509634323394518,0.828026500961682,0.637255212494329,0.402339043192939,0.304180143306596,0.186045273841567,0.266970518089524,0.44494494743691,0.342639679387549,-0.017750598009786,0.360645335166881,0.416587271068401,0.0659685996919987,-0.0655392598719204,-0.120869141424518,-0.625121572213101,-0.21301393803128,-0.168026577130166,0.51145052320623,0.293470404510298,0.148152425504181,-0.319423507052717,-0.0513663846631432,0.0521384018727655,0.0851017080949003,-0.383615365786554,-0.0794192534214416,-0.442134999059924,0.0100779514921356,0.147699461415742,0.336879170197093,0.502354421175556,0.0141400826563965,-0.334481894205271,-0.156996241704336,0.0932592875838857,0.156810529887179,0.549735901238556,-0.124528885757682,-0.445739295463198,0.110900094398836
"GLYMA_10G255000","cyan",-0.502753224822627,-0.532750916230693,-0.361222819511943,-0.790475340310304,-0.303386833865034,-0.453157107138984,0.0110361660891667,0.0105968820590052,-0.428065569748732,-0.207403863046756,-0.217817303107293,0.283843843357349,-0.120367202206035,-0.128404475504817,0.256555267508292,0.139482050975473,0.647312237694768,0.346108155852649,0.662651478836655,0.815515131998875,0.342827000253334,0.26781453947194,0.321336353264919,0.628360083133934,0.602158560377348,0.844748905235489,0.506410424874294,0.331210232682361,0.494216194871929,0.266735029109496,0.414548030623549,0.374140375546309,0.570759901240874,0.179992248262884,0.402724303611476,0.300101910655871,-0.0213405597231508,-0.143272264645355,-0.388864653628026,-0.605118247979596,-0.306530011431066,0.0589744456815966,0.429749021937585,0.360261681157333,0.201365377744731,-0.201259579830797,0.22775340019479,0.135417231991856,0.051488599544156,-0.292288415443612,-0.181796870242442,-0.629648364573284,-0.227557121863662,-0.0752071024776947,0.296205125260379,0.275411935366067,0.0106142414444033,-0.312900384533073,-0.19191529578761,0.230237068387061,-0.00377105042663017,0.435248972967742,-0.248474220915565,-0.484813725062491,0.299838682071961
"GLYMA_11G214100","pink",-0.502435163941075,-0.224398076400175,-0.0119898210786491,-0.189309189600759,0.235985845125256,0.11734824701348,-0.480434916231805,-0.812485029119397,-0.84518765420418,-0.494499996787061,-0.415892511191536,-0.535586913377728,-0.7215524095147,-0.509795416662947,-0.0753995566244343,-0.0464386697954605,0.496217856044299,-0.0538436720259906,0.373326192219615,-0.0650621637808239,-0.203619525288838,0.133784343519141,0.122709485159654,0.0107567678251775,0.304170863707982,0.0782984670298468,0.452433773027527,-0.0582696825595571,-0.266558303004482,-0.394042385422547,-0.233125254540562,-0.305171899641647,-0.639564054459756,-0.611884643987125,-0.0319293928563942,-0.030581954454711,0.0359115694949033,-0.0306012090036718,0.339170985279242,-0.525978258401503,-0.0215161287470595,0.10059532723899,0.566285888619847,0.395359903900986,0.101814372446664,0.153630538808416,-0.0239438158333897,0.0348903655665928,0.479153995469074,0.0783087363119917,0.509601041845777,0.536171896539938,0.641987092568267,0.690661602497513,0.696690895411844,0.9161010711729,0.498005728963126,0.233327866759547,0.625555472678271,0.264699137329053,0.420518253882776,0.487738695384408,0.249122192269529,0.0881313909496729,0.167680811097512
"GLYMA_13G245300","navajowhite2",0.502279570577602,0.361717234306906,0.0894249913706554,0.484499721201903,0.381149250450298,0.879157308836214,0.427455978516963,0.142954715371436,0.439499695228143,0.787362809193502,-0.431565989674695,-0.0444927739720643,-0.0031500543823144,0.0540787196460811,-0.0997198078950777,-0.166531131209652,-0.527776105201638,-0.410850354237728,-0.536534243973391,-0.466965536744651,-0.489733903573907,0.413113323316533,0.15198605071519,0.114139433556752,-0.368057394446008,-0.398079410860058,-0.107860277334259,0.0899019606942975,-0.159529127157744,-0.38199809056782,-0.184919318885923,-0.147139602001755,-0.251311474500405,-0.375045078644823,-0.417438598863184,-0.247157501470593,-0.0818680146055953,0.0800411334067341,0.159383969451792,0.450280705214401,0.322347523801517,0.0670518122089593,-0.0743694248562654,-0.147605335880586,0.00844956476482808,0.323824898562386,0.117465127731803,0.241262533696045,-0.273880342919397,0.0557380236373463,0.132415150446102,0.262865415272551,0.162394165405278,0.151378106449222,0.0312387266499579,-0.26295471731569,-0.361562955966255,0.435833438378791,0.152986193452794,-0.200683107711423,-0.401369625210822,-0.669303232817182,-0.145664996405073,-0.218366643028185,-0.131597979251658
"GLYMA_07G085800","midnightblue",0.501963858919569,0.158723638932761,-0.190647530375342,-0.136881034552508,-0.549493424606056,-0.341605615917645,0.638851459660161,0.92751669842393,0.696695574798941,0.320216694839275,0.38599912282697,0.640139574890449,0.510779601565314,0.427062401848299,0.0929484150230172,0.0142525443886422,-0.234820237749422,-0.0721992041264995,-0.335235561336911,0.0743549185492582,0.0595924754995488,0.0420977042082613,-0.102504508073065,0.0759899221566295,-0.0730838448825383,0.0999299218530072,-0.189819255303896,0.249495073437924,0.494250399896774,0.714938006758303,0.431414446090242,0.36204633372922,0.660075841391999,0.578976392690079,0.164550110524696,-0.0145180340614828,-0.0789683593357474,-0.0480643658915094,-0.378827084930457,0.51761575946946,0.22948419984459,-0.106208963339025,-0.456993823956102,-0.347308387354953,0.0123488440907719,-0.0980242001149919,0.224407640335315,0.183647801197614,-0.484695035247846,-0.212076339579044,-0.472219672161624,-0.58896894419062,-0.696266377388821,-0.480597792642059,-0.481281111662764,-0.77146750547835,-0.220162436120591,-0.0657150579385874,-0.500094305607243,-0.161747474947266,-0.182900703667363,-0.320002303913227,-0.208199025987065,-0.121766883790235,0.000442813295396522
"GLYMA_01G008400","turquoise",-0.501758287318706,-0.654389908193108,-0.451889042898503,-0.825778138361885,-0.467090717540484,-0.595609668776652,-0.146472724341224,-0.00854540267542275,-0.517055166360893,-0.414196236998173,-0.0945136551431874,0.134343221235418,-0.225982057535729,-0.275877450628279,0.168328616272158,0.0913142376471186,0.638256621359652,0.268250356737743,0.665312089846924,0.595372149608625,0.36290840980487,0.121168900662633,0.145547551676212,0.458908448253241,0.624850101861992,0.819380143959428,0.542268353083631,0.364071334232241,0.436737392125616,0.416872921853945,0.37793748268281,0.411558264350968,0.439772015570546,0.186403070342201,0.477875128117615,0.340138679601947,0.192343450733408,-0.0335866319555981,-0.230204917654387,-0.54215703651738,-0.192091344328135,-0.0726806562401624,0.421218105596895,0.3294464614845,0.24687580642263,-0.263865725419198,0.0485160473196067,0.0954458755200683,0.130637954727031,-0.306432978245807,-0.18091981610349,-0.515291718350801,-0.158125989072842,0.019591375404561,0.255889118210843,0.365406155590831,0.0880339272509882,-0.355457248556376,-0.210672197709147,0.183612142115195,0.246855174048956,0.621940857322459,-0.0980187372227505,-0.28264440618639,0.183137098664036
"GLYMA_13G240800","pink",-0.501216175258217,-0.574840430055267,-0.269795177104498,-0.448898933429352,-0.0903467527108812,-0.114977743393337,-0.56883459126432,-0.628139622862116,-0.900719617629756,-0.587472026511718,-0.380091345427503,-0.463453554903787,-0.775550161323395,-0.683142647748802,-0.0629655159654207,0.0566656050176749,0.455247715774529,-0.0614762329454841,0.508987880290217,0.0733146405147164,-0.0896673615860163,0.145687560761287,-0.0193513017289733,0.112446710384267,0.540318770417944,0.414924066458332,0.669728933604547,0.230620931166623,-0.103612532810404,-0.129751134315389,0.00563884604476454,-0.0155102864807131,-0.436857116062184,-0.384539714643141,0.294764455760966,0.229995194534123,0.19971924946469,0.0473193327192167,0.3060438166015,-0.535840264582992,0.0312416043212053,-0.11020191871336,0.653574165120151,0.371023875280348,0.334867619063379,-0.0551743556425191,-0.152535789316636,0.148834501568502,0.496891729953653,-0.045982633958893,0.27454654628117,0.323630134942071,0.572897658811741,0.646272941247941,0.643205705644322,0.927007659710064,0.303564161573114,0.0417355435792004,0.3462556802231,0.259622563393167,0.562416782567734,0.753023489965955,0.260396508253503,0.0652572669833907,0.0620585855811545
"GLYMA_04G026100","pink",-0.501186081282505,-0.254198997487536,-0.02638888715963,-0.13529196642789,0.145014085465535,0.0551676571707514,-0.608058169978172,-0.803664575870794,-0.839345000416559,-0.596536958557643,-0.281342761958429,-0.62646969069013,-0.725289917494148,-0.545446415580667,-0.0817993763463341,0.00493361173270443,0.349216366222708,-0.09727314019766,0.313163848241428,-0.0899874267302456,-0.181370553848604,-0.0370412455175335,-0.0544242075344148,-0.158001134898136,0.236493427251275,0.0308572819596284,0.40921371408986,-0.0858144988854801,-0.35761964443078,-0.310723882620109,-0.215963657678075,-0.261574735549132,-0.693988167032867,-0.524945056345375,0.0441644913681167,0.0229539585349835,0.143373865627284,0.0111677456808669,0.423646720654692,-0.442672671527243,0.0224854366102432,0.0165020729700128,0.52827704448501,0.321322694504943,0.14308195250243,0.0719547139397763,-0.147020615412223,-0.0240099067645744,0.571627767878235,0.154358181817646,0.517864680808286,0.61286097370885,0.685407128124224,0.666784449259456,0.570992114301285,0.879991802901912,0.439680886070519,0.159532144962249,0.564226317634291,0.262391413598967,0.553215084438645,0.59416046662604,0.386625288204444,0.287741650468521,0.0407319222811021
"GLYMA_12G141000","tan",-0.501135087192019,-0.078389690799811,0.0479490567540638,-0.255307964470787,0.039667215565024,-0.0466945453353805,-0.16466521756305,-0.328235516303446,-0.434843275807382,-0.173970582626221,-0.200855016239933,0.0639290133765666,-0.247095021664652,0.0342632683377593,0.165188944259509,0.0514422294081291,0.46649116054681,0.176585528182412,0.408028871893071,0.268354916874016,0.0293138658276202,0.0902622574006778,0.130152322699743,0.172313805689159,0.348845494131882,0.315512721309747,0.300612138417049,-0.0387780252062449,0.119957855547038,-0.139923745051469,0.196053605661105,-0.0779180227777993,-0.0277426498815712,-0.160140815502378,0.129758967676694,-0.0347105242661142,-0.0260731081070614,-0.0244562172837555,-0.13911591926285,-0.478811503680407,-0.207679077878501,0.583547090323784,0.658163245406714,0.863237718182958,0.154711396775692,0.0790375665235438,0.340530741535628,0.120140562381724,0.315477272481011,0.0452605695479425,0.165967512814751,-0.0149527671548544,0.115475374104251,0.183490149269654,0.446971725819388,0.42388920524903,0.220363264453631,0.0454033081899863,0.295305479907545,0.420324897965361,0.0690390174077863,0.275011778461695,-0.0995709512282378,-0.131478093996448,0.411816439995643
